time_bjd,raw_flux,clean_flux
1325.2969604950604,0.99975544,1.777258
1325.2983493645327,0.9998463,0.94893014
1325.299738234005,0.999765,1.171892
1325.301127103477,0.99978906,1.1970606
1325.3025159730657,0.9997477,0.9809737
1325.303904842538,0.99999195,0.95135945
1325.3052937121265,0.9997951,1.273969
1325.3066825815986,0.9998353,1.0372123
1325.3080714511873,0.99992955,1.1208454
1325.309460320776,0.99993896,1.0082966
1325.310849190248,0.9996012,1.2040933
1325.3122380598365,0.99959904,1.3467801
1325.3136269294255,0.999636,0.9498416
1325.3150157990146,0.9997866,1.0305341
1325.3164046686034,0.99997866,1.1820115
1325.3177935381912,0.99965626,1.1494491
1325.3191824077803,0.9998061,1.0792007
1325.320571277369,1.0001476,1.0367806
1325.3219601469568,0.99977636,1.1531913
1325.3233490165462,0.999938,1.185277
1325.324737886135,0.999819,0.91034144
1325.3261267557227,0.9997167,1.277798
1325.3275156254285,0.9999726,1.0934845
1325.328904495017,0.99978304,0.96785516
1325.3302933647215,0.99992436,1.284823
1325.3316822343108,1.0000017,0.909589
1325.3330711040164,0.99953115,1.236752
1325.3344599736051,0.99974924,1.1297426
1325.33584884331,0.9999039,0.9643052
1325.3372377130152,0.99995285,1.0821958
1325.3386265826039,0.9997817,1.0167266
1325.3400154523088,0.9999842,1.2538091
1325.3414043220137,0.9997775,1.1537426
1325.3427931917188,1.0000184,1.0966041
1325.344182061424,0.99997807,1.1977003
1325.3455709311288,0.9998392,1.0443369
1325.3469598008346,0.99955356,1.174728
1325.3483486705395,0.9998092,1.0409697
1325.349737540244,0.9996492,1.1833985
1325.3511264099498,1.0000646,0.9723909
1325.3525152796547,0.9998502,1.1375356
1325.3539041494755,1.0000405,1.099796
1325.355293019181,1.0000032,1.050915
1325.3566818888862,0.99988896,1.097723
1325.3580707587068,1.0000074,0.9903995
1325.3594596284124,0.99977374,1.2330313
1325.3608484982342,0.99994713,1.0081023
1325.3622373679384,0.9998998,1.1747969
1325.3636262377604,1.000029,0.8734343
1325.3650151075826,0.99994105,1.0287672
1325.366403977287,0.99988425,0.95774543
1325.3677928471084,0.99977934,1.030871
1325.3691817169306,0.9999834,1.1429664
1325.3705705867512,0.99990046,1.1656978
1325.3719594565728,0.99979424,0.8927339
1325.373348326395,0.9998814,1.1938788
1325.3747371962163,0.99994963,1.165313
1325.3761260660376,0.9998675,0.9534302
1325.3775149358592,1.0000268,1.1894966
1325.3789038056807,0.9999285,1.3378814
1325.380292675502,0.99991953,0.905007
1325.3816815454397,0.9999104,0.99981713
1325.383070415262,1.000045,1.0824441
1325.3844592850835,0.99983925,0.97707844
1325.3858481550205,0.999893,0.91270673
1325.3872370248428,0.9998484,1.1332532
1325.3886258947805,0.999965,0.98173714
1325.3900147646013,0.9998909,0.94951445
1325.39140363454,0.99992436,1.0475383
1325.3927925043613,0.99983054,1.1594466
1325.3941813742986,0.9998809,0.9614378
1325.3955702442372,0.999945,1.0139393
1325.396959114175,0.9998349,0.8915865
1325.3983479841122,0.99992174,0.9621469
1325.3997368539342,1.0001204,1.0155352
1325.4011257238726,0.99981284,1.1756467
1325.4025145938099,0.9999898,0.97412145
1325.4039034637476,1.0000362,0.92787915
1325.4052923336862,0.9999565,0.9005536
1325.40668120374,0.9999438,1.1950186
1325.4080700736777,0.9999405,0.9709147
1325.4094589436163,1.0000756,1.2464366
1325.410847813554,0.9999771,0.8863439
1325.4122366836084,0.9998483,0.8269809
1325.4136255535464,0.99967647,1.0353816
1325.415014423484,0.99973154,1.1054343
1325.4164032935382,0.99971396,0.9687881
1325.4177921634764,0.9998839,1.1522032
1325.4191810335312,0.99980044,1.1518345
1325.4205699034692,0.99985164,0.79412234
1325.4219587735226,0.99995047,0.91033626
1325.4233476435775,1.0000027,0.9139813
1325.4247365135154,0.9999475,0.84251344
1325.426125383569,0.9999834,1.0321432
1325.427514253624,0.9998557,1.0715884
1325.4289031236783,0.9999309,0.9245653
1325.4302919937318,0.99989945,1.0479826
1325.4316808637868,0.9999819,0.9477332
1325.433069733841,0.99999315,1.1263597
1325.4344586038947,0.9998351,0.9512938
1325.4358474739497,0.9999185,0.870874
1325.4372363440045,0.99984735,1.0236794
1325.438625214058,0.99971545,1.2089988
1325.440014084229,0.9999618,0.95843035
1325.4414029542838,1.0000061,1.0258507
1325.4427918243373,0.9999741,1.0418011
1325.444180694508,0.9997963,1.154185
1325.445569564563,0.99980426,1.1530482
1325.446958434733,0.99985963,1.2145464
1325.4483473047871,0.99961746,0.9822756
1325.4497361749586,0.99966997,1.0351117
1325.4511250450128,0.9996243,0.9079716
1325.4525139151838,0.9995868,1.2972671
1325.4539027853543,0.9995619,1.1027169
1325.4552916554094,0.9996248,1.0742462
1325.45668052558,0.999637,0.9450409
1325.45806939575,0.9996828,0.8796298
1325.4594582659213,0.99957645,1.038899
1325.460847136092,0.99978715,1.1488692
1325.462236006262,0.99962497,1.070229
1325.4636248764332,0.9995632,0.98631287
1325.4650137466042,0.99963903,0.97845185
1325.466402616774,0.99956745,1.062725
1325.4677914869453,0.99979097,0.9338852
1325.469180357116,0.99969304,0.76911795
1325.470569227286,0.9996121,1.28288
1325.4719580975739,0.9994642,0.93910366
1325.4733469677453,0.99947894,1.0491793
1325.4747358379152,0.9995614,0.8916669
1325.4761247082024,0.9996229,1.42129
1325.4775135783739,0.99979156,0.7582778
1325.4789024486602,0.9996074,0.94584644
1325.480291318831,0.9996538,0.9309826
1325.4816801891186,0.99954,1.084514
1325.483069059405,0.9996846,0.8457341
1325.4844579295757,0.9995078,1.1774175
1325.4858467998633,0.99976647,0.8695406
1325.4872356701499,0.99987763,0.8796058
1325.4886245404368,0.9995785,0.98814034
1325.4900134106083,0.9996862,1.1419383
1325.4914022808962,0.999634,1.1082451
1325.4927911511832,0.9996009,1.1013349
1325.4941800214697,0.9996909,0.9864565
1325.4955688917576,0.9996141,1.2158967
1325.4969577620445,0.99955523,0.9296242
1325.498346632331,0.9996824,0.92059755
1325.4997355027353,0.9994353,0.94766057
1325.5011243730223,0.9994928,1.2472988
1325.5025132433088,0.99971515,1.1379112
1325.5039021135965,0.9996924,0.8397923
1325.505290984,0.9998623,1.0710739
1325.5066798542864,0.9994822,1.2076725
1325.508068724574,0.9997225,0.7969434
1325.5094575949784,0.9995987,1.1348133
1325.5108464652649,0.999688,1.0870986
1325.5122353356683,0.999733,1.0191687
1325.5136242059561,0.9996003,1.0155455
1325.515013076359,0.9996884,0.979004
1325.5164019467625,0.9997618,0.8779007
1325.5177908170504,0.9999237,0.9735522
1325.519179687453,0.99954534,1.197069
1325.5205685578567,0.9998633,0.78132236
1325.521957428261,0.99962544,1.0421289
1325.5233462986637,0.9996434,1.1887095
1325.5247351689509,0.9997585,1.031911
1325.526124039355,0.99957764,1.1597279
1325.5275129097586,0.9996967,0.81753683
1325.528901780162,0.99966913,0.97318316
1325.5302906505653,0.9996268,0.95030063
1325.531679521086,0.99955505,1.1107577
1325.5330683914895,0.99979275,0.9653863
1325.5344572618924,0.9996325,1.0303099
1325.5358461322967,0.9995122,0.955523
1325.5372350027,0.9996663,0.98492026
1325.5386238732194,0.9995995,1.0758824
1325.5400127436237,0.999666,1.1420989
1325.5414016141435,0.9997638,0.7730082
1325.5427904845465,0.9996627,1.0104741
1325.5441793549508,0.99981624,1.0880893
1325.5455682254712,0.99945784,0.94148004
1325.5469570959904,0.99987286,1.0251546
1325.548345966394,0.9999737,0.98801315
1325.5497348369145,0.9998868,0.93401396
1325.5511237074338,0.9998548,0.80037695
1325.5525125778372,0.999654,0.9036509
1325.553901448358,0.99984276,1.0785631
1325.5552903188773,0.9996159,1.0770977
1325.556679189397,0.99987686,0.7751267
1325.5580680599178,0.9995584,0.86202735
1325.5594569303212,0.9995037,0.98845875
1325.5608458008412,0.99977064,1.1133839
1325.5622346713612,0.99993694,0.9358554
1325.5636235419975,1.000077,0.95315975
1325.5650124125173,0.99989504,1.0415708
1325.5664012830373,0.9996496,1.2051163
1325.5677901535573,1.0001036,0.79859835
1325.5691790240771,1.0000179,1.0235003
1325.5705678945972,0.9999923,0.9806222
1325.571956765234,0.9999796,1.2144476
1325.573345635754,1.0000557,0.8031057
1325.5747345062732,0.99989676,1.1492687
1325.5761233769103,1.0000856,1.0648084
1325.577512247431,0.99995166,1.0504204
1325.5789011180666,0.9999624,1.0405205
1325.5802899885866,1.0000626,0.8687115
1325.5816788592238,1.0000917,0.9849118
1325.5830677297429,0.9999339,1.0406537
1325.5844566003793,1.000032,0.973088
1325.5858454710162,0.9999987,1.0648092
1325.5872343415353,1.000005,1.0255867
1325.5886232121718,0.99995375,0.8123234
1325.5900120828087,0.9999726,0.966172
1325.5914009534445,1.0000551,0.8977903
1325.5927898240807,1.0001116,0.9947132
1325.5941786946014,1.0001162,0.9635655
1325.5955675652378,0.99998045,0.95374286
1325.5969564358743,1.000191,0.96816456
1325.5983453065105,1.000001,0.9652642
1325.5997341771467,1.0000447,0.94810283
1325.6011230478996,1.000049,1.0293671
1325.602511918536,1.0001322,0.93843687
1325.6039007891723,1.0001494,1.059089
1325.6052896598087,1.0002549,0.93618596
1325.6066785304452,0.99994624,0.87318134
1325.6080674011985,1.000187,0.93705964
1325.609456271835,1.0000519,0.9552914
1325.6108451424705,0.99981296,1.0575125
1325.6122340132238,0.9999483,0.8542244
1325.613622883861,1.00007,0.9610582
1325.615011754613,1.0001298,0.89860666
1325.6164006252493,0.999921,0.7945327
1325.6177894960028,1.0001615,1.0542965
1325.6191783666386,0.99993813,0.9141235
1325.6205672373912,1.000293,1.1069868
1325.6219561080284,1.0001268,0.9424399
1325.6233449787803,1.0001434,0.96515286
1325.6247338495332,1.000036,0.91364366
1325.6261227202867,1.0000433,1.0249274
1325.6275115909223,0.99982154,1.2390848
1325.6289004616751,1.0000293,0.9590586
1325.6302893324284,0.9999335,1.0662444
1325.6316782031813,0.9997573,1.0147744
1325.633067073934,0.99983287,0.8775017
1325.6344559446866,0.9999408,1.12277
1325.6358448154394,1.000254,0.98439825
1325.6372336861923,1.0002427,0.915076
1325.638622556945,0.99995285,0.9305182
1325.6400114276978,0.999952,0.90599763
1325.641400298567,0.9999733,0.966925
1325.6427891693197,1.0000074,1.0616453
1325.6441780400723,0.9998476,1.0241461
1325.6455669108252,0.9999028,1.0035144
1325.6469557816945,0.99983925,0.8492307
1325.6483446524478,0.99990225,0.97225535
1325.6497335232011,1.0000738,0.9384884
1325.6511223940697,1.0000625,0.906946
1325.6525112648226,1.0000709,1.0240926
1325.6539001356923,1.0001123,1.007723
1325.6552890064445,0.99995273,0.90228486
1325.6566778773135,1.000043,0.8282219
1325.658066748067,0.9999391,0.9694184
1325.6594556189357,1.0000787,0.8997315
1325.6608444898047,1.0002232,1.0194373
1325.6622333605583,0.9999896,0.94892794
1325.6636222314269,1.0001949,0.9690354
1325.665011102296,0.9999369,0.9566702
1325.6663999731659,0.9999419,0.955707
1325.6677888439185,0.9999894,1.1357201
1325.6691777147876,0.99987143,1.0164884
1325.6705665856568,0.99997526,1.0293759
1325.6719554565261,0.9999309,1.0348479
1325.6733443273952,0.99993783,1.08
1325.6747331982644,0.9998731,0.9042462
1325.6761220691337,0.99996823,0.8184977
1325.6775109400028,1.000039,1.0300503
1325.6788998108718,1.0000783,0.8660183
1325.6802886818575,1.0000473,0.92400205
1325.6816775527273,1.0000486,0.86569375
1325.6830664235965,0.9998104,1.0902934
1325.684455294465,0.9995777,0.9852661
1325.6858441653349,0.9999918,1.1630988
1325.6872330363205,1.0000987,0.9543982
1325.6886219071898,0.99986565,1.0994037
1325.690010778176,1.0001436,0.9180276
1325.6913996490443,0.99994045,1.0072483
1325.6927885199136,1.0001824,0.94405687
1325.6941773908998,1.0000559,1.048246
1325.6955662617684,0.999915,0.8929362
1325.6969551327538,0.9998899,1.1336601
1325.6983440037402,0.999945,0.9136318
1325.6997328746095,1.00011,1.0499979
1325.7011217455952,1.0000665,0.8318708
1325.7025106165806,1.0000638,1.0326849
1325.7038994874497,1.0000768,0.94960487
1325.7052883584354,0.9999622,0.94463205
1325.706677229421,1.000233,1.0272605
1325.7080661004065,1.0001403,0.9481516
1325.7094549712758,0.99991053,0.99186075
1325.7108438422615,0.99991685,0.9890183
1325.712232713247,0.99989027,0.91246516
1325.7136215842324,0.9998849,0.99907434
1325.7150104552181,0.9998961,1.029789
1325.7163993262038,0.9999564,1.2610992
1325.71778819719,0.99997014,0.9016636
1325.7191770681757,1.0000783,1.0712367
1325.7205659391607,1.0000572,0.8733296
1325.7219548102632,0.9999796,1.0123951
1325.723343681249,1.0000008,0.94419235
1325.7247325522337,1.0001574,0.97682214
1325.7261214232199,0.9999933,1.0590051
1325.727510294322,0.9998703,0.9359348
1325.7288991653077,1.0000758,0.95380783
1325.7302880362938,1.0002005,0.87333244
1325.731676907395,0.9999911,0.9399191
1325.733065778381,1.0000437,0.8183576
1325.734454649367,0.9999533,1.0163707
1325.7358435204692,0.99989295,1.0294127
1325.7372323914547,1.0000231,0.8295968
1325.7386212625565,0.99992037,0.86289954
1325.7400101335422,1.0000234,0.91554576
1325.7413990046443,0.9998828,0.8598926
1325.7427878757462,1.0000517,1.0985992
1325.744176746732,0.99974173,1.2119293
1325.745565617834,1.0002061,0.9984938
1325.746954488936,0.99999195,1.0040495
1325.7483433599214,0.9999851,1.1189998
1325.7497322310235,0.99989665,0.91798127
1325.7511211021256,0.9998427,0.96411616
1325.7525099732275,1.0000522,1.298426
1325.7538988443303,0.99998987,0.8416583
1325.7552877154321,1.0000634,0.8486625
1325.7566765865336,0.9998975,0.98537254
1325.7580654576363,1.0000763,1.0200369
1325.7594543287382,0.99989146,0.8818637
1325.7608431998397,0.9999875,1.0038109
1325.7622320709422,0.9999446,1.0292491
1325.7636209420443,0.99999684,1.0276488
1325.7650098131455,0.9999321,1.1818777
1325.766398684248,0.9997948,1.0162929
1325.7677875553504,0.9999317,1.0875722
1325.7691764264523,0.9999386,1.1184012
1325.7705652976715,1.0004884,0.9239682
1325.7719541687734,1.0000474,1.0159639
1325.7733430398753,0.9999907,0.89114594
1325.7747319110938,1.0000634,0.9978272
1325.776120782196,1.000051,1.1829119
1325.7775096532978,1.0000691,0.97253454
1325.7788985245163,1.0000416,1.0622884
1325.7802873956184,1.000158,1.0170591
1325.7816762668367,1.0001161,1.0729117
1325.7830651379386,0.99996203,1.1133153
1325.7844540091571,0.9998928,0.8240614
1325.7858428802597,0.9999482,0.99586785
1325.7872317514782,1.0000602,0.93047595
1325.7886206226958,1.0001013,1.0033574
1325.7900094937986,1.0003049,0.95429504
1325.7913983650171,1.0000337,0.995288
1325.7927872362347,1.0000037,0.9800383
1325.7941761073375,1.0000001,0.9081827
1325.7955649785558,1.0001781,0.9776578
1325.7969538497737,1.000038,1.1519625
1325.7983427209929,0.9997675,1.0207902
1325.7997315922112,0.9999514,0.9223119
1325.801120463429,0.9999254,1.0977457
1325.8025093345318,1.000019,1.0397153
1325.8038982057508,1.000032,1.1138204
1325.8052870769693,1.000041,1.1417426
1325.8066759481876,1.0001854,0.9376023
1325.808064819406,0.99992776,1.1942238
1325.8094536907408,1.0001329,0.9938147
1325.8108425619594,0.9999838,0.85740745
1325.8122314331777,1.0001156,1.0659554
1325.813620304396,1.0000254,0.90494347
1325.8150091756147,1.0001011,1.037598
1325.816398046833,1.0000772,1.0803689
1325.8177869181677,1.0000854,1.0448459
1325.8191757893862,0.99970317,0.8068847
1325.8205646606048,0.99993134,1.3913673
1325.8219535318237,1.0001298,1.042034
1325.8233424031587,1.0000626,1.0215174
1325.8247312743765,0.9998484,1.0976948
1325.826120145712,1.0000736,0.92835164
1325.8275090169304,1.0000476,1.0384814
1325.828897888148,1.0001538,0.8736754
1325.8302867594834,0.99987805,1.1482545
1325.831675630702,1.0001047,1.0220817
1325.833064502036,0.9999597,1.0472014
1325.8344533733716,0.99988157,0.9446167
1325.83584224459,1.0000618,1.0817022
1325.8372311159242,1.0001117,1.1649224
1325.8386199871434,0.9999816,0.9496586
1325.840008858479,1.0000055,0.9440681
1325.841397729813,1.0001812,1.189181
1325.842786601148,1.0000771,0.9700477
1325.844175472367,1.0000325,1.0203502
1325.8455643437019,1.0000981,1.0913898
1325.8469532150366,1.0000277,0.8166045
1325.8483420863713,1.0001781,0.99484646
1325.8497309577065,0.99990416,1.0358396
1325.8511198290412,0.99999,0.9445084
1325.852508700376,1.0000237,1.0011109
1325.8538975717108,0.99992555,0.9798434
1325.8552864429294,0.9998859,0.907332
1325.8566753143805,1.0001117,0.9602737
1325.858064185716,1.000039,0.91670364
1325.8594530570508,1.000136,1.1882595
1325.860841928385,1.0000863,1.0159457
1325.8622307997207,0.9999589,1.0715255
1325.8636196710554,1.0002037,1.0371175
1325.8650085423897,1.0000232,1.1660134
1325.866397413725,1.0001,1.0827445
1325.8677862851764,1.0001829,0.9753331
1325.8691751565104,0.99980545,0.94593596
1325.8705640278458,1.0000341,1.0104396
1325.8719528991815,0.9999614,0.95383143
1325.8733417706321,0.9997889,1.0931041
1325.8747306419668,0.999887,1.0601064
1325.8761195133025,0.99998194,1.0098943
1325.8775083847531,0.99986935,0.8999075
1325.8788972560878,0.9999699,1.1001829
1325.8802861275399,1.0000856,0.99096036
1325.881674998874,0.99992055,1.1178042
1325.8830638703253,0.99992186,1.0827593
1325.8844527416609,1.0000398,0.97426045
1325.885841613112,0.9998363,0.9284664
1325.8872304844467,1.0001365,1.208481
1325.888619355898,1.0000654,1.0149819
1325.8900082273499,1.0000657,1.026182
1325.8913970986848,1.000083,1.002938
1325.8927859701353,1.000032,1.0503787
1325.8941748415873,1.0000063,1.0152882
1325.8955637130387,1.0000887,1.0787196
1325.8969525843727,1.0001104,1.0308361
1325.8983414558247,0.9998448,1.107021
1325.8997303272758,0.99997884,0.9380849
1325.9011191987265,1.0000254,1.2740484
1325.9025080701786,1.0002352,0.85384494
1325.9038969416297,1.0000936,1.077967
1325.905285812964,1.0001141,0.9489645
1325.906674684416,1.0001986,1.0111178
1325.9080635558678,1.0001887,1.1500639
1325.9094524273182,1.0001128,1.0749817
1325.9108412987696,1.0000618,1.091102
1325.9122301702214,1.0001754,0.93838215
1325.913619041672,1.0002651,0.93845546
1325.9150079132396,1.0000799,1.0261176
1325.9163967846916,0.99995595,1.1530027
1325.9177856561423,1.0000215,0.9786174
1325.9191745275934,0.9998115,1.0775385
1325.9205633990455,1.0001694,1.0922464
1325.9219522704961,0.9999201,1.0808597
1325.9233411420637,1.000096,1.0164288
1325.9247300135157,1.0001426,1.0338786
1325.9261188849675,0.9999436,1.0261945
1325.9275077565353,0.999825,1.0586971
1325.9288966279858,0.9997223,0.96084696
1325.9302854994376,1.0001153,1.1915029
1325.9316743710056,1.0001708,0.9417496
1325.933063242456,1.0001749,0.98150253
1325.9344521139078,1.0000511,0.98623455
1325.9358409854756,0.99986273,1.195648
1325.937229856926,1.0000652,1.0512513
1325.9386187284945,0.9999274,1.2045549
1325.9400075999456,0.999995,0.9544358
1325.9413964715127,0.9998503,0.8741065
1325.9427853430811,1.0001718,1.2693578
1325.9441742145332,1.0001316,0.92419785
1325.9455630861,1.0003533,0.9760512
1325.9469519575514,1.0000536,1.1557438
1325.9483408291196,1.000224,1.013109
1325.9497297006865,1.0000257,0.9038141
1325.9511185722542,1.0002332,1.0565591
1325.952507443706,1.0000795,1.0780193
1325.9538963152731,1.0001988,1.1057436
1325.955285186841,0.99990296,0.9955175
1325.9566740584091,1.0001415,1.0788158
1325.958062929977,1.0000334,0.9091276
1325.9594518014283,1.0000589,1.1590841
1325.9608406729958,1.0001138,1.1877452
1325.9622295445633,0.9998784,0.92390436
1325.9650072876989,1.0000144,1.4550377
1325.9663961592673,1.0001103,1.2402719
1325.9677850308349,0.9996919,1.2931625
1325.969173902402,1.000098,0.93902045
1325.9705627739702,1.0001576,1.0838914
1325.971951645538,1.0001693,0.9881574
1325.9733405171048,0.99978983,0.8145331
1325.974729388673,1.0000302,1.2910979
1325.9761182602415,0.9998104,1.0447206
1325.977507131925,1.0000414,1.0269953
1325.9788960034925,1.0000665,1.130176
1325.980284875061,1.0000618,1.0462422
1325.981673746628,0.9998948,0.9610709
1325.983062618312,1.0000646,0.98733866
1325.9844514898805,0.9999257,1.3193201
1325.9858403614473,1.0001748,0.8731408
1325.9872292330151,1.000046,0.9819913
1325.9886181047,1.000025,1.2051543
1325.9900069762668,1.0000403,1.0627292
1325.9913958478346,1.0000167,1.0307271
1325.9927847195192,1.0001572,0.96488774
1325.994173591087,1.0000422,1.0224028
1325.995562462771,1.0000513,1.0684296
1325.9969513343385,1.0001068,1.1886889
1325.9983402060227,0.99998116,0.91434723
1325.9997290775905,0.99989796,1.0919913
1326.0011179492744,1.000057,0.9936174
1326.0025068208429,0.99979526,1.0503514
1326.0038956925268,0.9999417,1.0997494
1326.0052845642103,1.0000681,1.0573293
1326.0066734357788,0.99999213,1.0422494
1326.0080623074628,0.99985,1.1748705
1326.0094511790298,0.9999849,1.0116117
1326.0108400507147,0.9998992,1.1315919
1326.0122289223993,0.999989,1.1068988
1326.0136177940826,0.99989396,1.0790249
1326.0150066656504,0.99994916,1.153696
1326.016395537335,1.000086,1.0902851
1326.0177844090185,1.0000343,1.0103381
1326.0191732807025,0.99993545,1.0589378
1326.0205621523874,1.0000132,1.0999869
1326.0219510239544,1.0001131,0.94300985
1326.0233398956384,1.0000961,1.1358815
1326.0247287673233,1.000283,1.0272262
1326.0261176390072,1.0000244,1.0855491
1326.0275065106914,1.0000498,0.977494
1326.0288953823756,1.0001647,1.0037082
1326.0302842540596,0.99998695,1.0946704
1326.0316731257435,1.000041,1.1802031
1326.0330619974277,1.0000899,1.1187917
1326.0344508691119,1.0001994,0.94416535
1326.0358397407958,1.000072,1.0335689
1326.03722861248,1.0001464,1.2215525
1326.0386174841642,0.99996936,1.1587313
1326.0400063558482,0.99990606,1.1458831
1326.0413952276485,0.9998521,1.0490383
1326.0427840993334,1.0000517,1.0515746
1326.0441729710183,1.000105,0.998742
1326.0455618427015,1.0000567,1.0191073
1326.0469507143857,0.99984664,1.1267234
1326.048339586187,0.9998548,1.0053986
1326.0497284578703,0.99997014,0.8958137
1326.0511173295545,1.0001838,1.0423578
1326.0525062013555,0.99993575,1.1145974
1326.0538950730388,1.000032,1.0386202
1326.055283944723,1.0001928,1.0442234
1326.056672816524,1.0001136,1.0678941
1326.0580616882075,1.0000147,1.0664296
1326.0594505598915,1.0001814,1.0594445
1326.0608394316928,1.0000868,1.1311533
1326.062228303377,1.0000665,1.1178476
1326.0636171751776,1.0001854,1.0290897
1326.0650060468615,1.0001808,1.1215502
1326.066394918662,1.0001478,1.0247964
1326.067783790346,1.000093,1.0801721
1326.0691726621467,1.0002899,1.0275693
1326.0705615338306,1.0001556,0.9976388
1326.0719504056312,1.0001585,1.3664962
1326.0733392774318,0.99999464,0.96089685
1326.0747281491158,1.0000271,0.8726626
1326.0761170209162,1.0000895,1.0108699
1326.0775058927168,1.0001427,0.8948561
1326.078894764401,1.0001103,1.1058468
1326.0802836362022,1.0002414,1.0545626
1326.0816725080026,0.99986637,1.0279886
1326.083061379803,1.0001959,0.96618474
1326.0844502514879,1.0000975,0.9876064
1326.0858391232878,1.0002437,1.228044
1326.0872279950881,1.0001769,1.1977683
1326.0886168668894,1.0000354,1.0847768
1326.0900057386891,1.0000066,0.99739444
1326.0913946103733,0.99991,0.9400394
1326.0927834821746,1.0000103,1.0997663
1326.094172353975,0.9999475,1.0512685
1326.0955612257753,1.0000756,1.027673
1326.096950097576,0.999939,0.8706734
1326.0983389693765,0.99998325,1.0703084
1326.099727841177,0.999818,1.1987749
1326.1011167129773,0.9999774,1.0865964
1326.1025055847779,1.000046,0.9775865
1326.1038944565785,1.0002412,1.2612044
1326.1052833283788,0.9999311,1.0024022
1326.1066722001794,1.0001949,0.9403132
1326.10806107198,1.0000998,1.2792598
1326.1094499437804,1.0000051,1.0557055
1326.1108388156972,1.000041,1.1346377
1326.1122276874985,1.0000478,1.0637426
1326.1136165592989,1.0003054,0.9987496
1326.1150054310988,1.0001881,1.1768954
1326.1163943029,1.0000321,1.1064966
1326.1177831747004,0.9999761,1.1217438
1326.1191720466168,1.0000383,1.1374515
1326.120560918418,1.0000136,1.0764087
1326.1219497902184,1.0000697,1.0690352
1326.1233386621352,1.0000452,0.92427146
1326.1247275339365,0.9999014,1.2097375
1326.1261164057364,1.0003021,0.9370805
1326.1275052775368,0.9999744,1.3985587
1326.1288941494545,1.0000567,0.77452487
1326.1302830212549,1.0003229,1.0873717
1326.1316718931719,0.9998497,1.0096264
1326.1330607649725,1.000048,0.97840476
1326.1344496368893,1.0001184,1.0998713
1326.1358385086896,1.0000395,1.0694305
1326.1372273804902,1.0000849,1.1601776
1326.1386162524072,1.0000935,0.91077137
1326.1400051242076,1.0002382,1.1086825
1326.1413939961246,0.99978566,1.077608
1326.1427828680416,0.99999547,0.94828755
1326.1441717398427,1.0000769,1.2274528
1326.1455606117597,1.0001932,1.0794415
1326.1469494835594,1.0003679,1.1955951
1326.1483383554769,1.0001576,0.87304807
1326.149727227394,1.0001028,1.0593917
1326.1511160991936,1.0001723,0.95411146
1326.1525049711113,1.0001174,1.2243313
1326.1538938430283,1.0001003,1.034575
1326.155282714828,1.0001961,1.0714473
1326.1566715867457,0.99970293,1.1068562
1326.1580604586625,1.0000019,1.0146433
1326.1594493304624,0.9999617,0.9363037
1326.16083820238,1.0001626,1.0893167
1326.1622270742978,1.0000507,1.041371
1326.1636159462146,0.99988055,1.0658631
1326.1650048181314,0.9999761,1.1919729
1326.166393689932,1.000233,1.0064998
1326.167782561849,0.999931,1.135233
1326.1691714337658,0.9999715,1.1046585
1326.1705603056826,1.0002171,1.1428236
1326.1719491775996,0.9999928,0.9197539
1326.1733380495166,1.0000215,1.2773172
1326.1747269214334,1.0001855,1.097624
1326.1761157933504,0.9999548,1.0383562
1326.1775046652674,0.9999512,1.093707
1326.1788935371842,0.99993277,1.1108521
1326.180282409102,1.0000693,1.2277896
1326.1816712810187,0.999805,1.1429553
1326.183060152935,1.0000236,1.1522722
1326.1844490248527,0.99996406,0.9660777
1326.1858378967695,1.000108,1.2674707
1326.1872267686858,0.99991935,1.0721204
1326.1886156406033,1.0001241,0.93144786
1326.1900045125203,1.0001842,1.1804653
1326.1913933845528,1.0000905,1.0349404
1326.1927822564703,1.0000035,0.98442125
1326.1941711283873,0.99997455,1.2211956
1326.1955600003034,1.0000254,0.7824888
1326.1969488722211,1.0000062,1.0806776
1326.1983377442552,1.000026,1.1639686
1326.199726616172,1.0001196,1.1063758
1326.201115488089,1.0001216,1.2421116
1326.202504360006,0.9998371,0.93264496
1326.2038932320393,1.000253,1.1143396
1326.205282103956,0.9999867,1.1650419
1326.206670975873,1.0000074,1.1403681
1326.2080598479065,1.0001174,1.1960531
1326.2094487198233,1.0002663,1.0525538
1326.2108375917403,1.0001851,1.1767576
1326.2122264637742,1.0000573,1.217409
1326.2136153356912,0.9999125,1.1787765
1326.2150042076073,1.0001733,1.1113251
1326.2163930796414,1.0001625,1.144584
1326.2177819515582,0.99987423,0.79069495
1326.219170823591,1.0001336,1.2662759
1326.2205596955087,0.9999719,1.0681521
1326.2219485675419,1.0001328,1.0898958
1326.2233374394582,0.99988616,1.1214701
1326.2247263114923,0.99994403,1.1313616
1326.226115183409,1.0000291,1.2209097
1326.2275040554418,1.00008,1.1472899
1326.2288929274757,1.0000353,1.1319456
1326.2302817993932,1.0002255,0.9781616
1326.231670671426,1.0001478,1.2068058
1326.2330595433427,1.0000564,1.1538976
1326.2344484153768,0.99986166,1.1120268
1326.2358372874096,1.0001978,1.1071603
1326.2372261593264,0.99985474,1.1940707
1326.2386150313605,1.0000926,0.9495002
1326.2400039033937,0.9999446,1.0196216
1326.2413927753107,1.000048,1.1303164
1326.2427816473441,0.9999346,0.9868084
1326.2441705193773,1.0000452,0.9674725
1326.2455593914108,1.0002862,1.1929752
1326.2469482633278,1.0002588,1.0987849
1326.2483371353617,0.9998687,0.980741
1326.249726007395,1.0001937,1.0666685
1326.2511148794276,1.0003241,1.145104
1326.2525037514615,1.0001141,1.2242229
1326.253892623495,1.000117,1.1437011
1326.255281495411,0.9999702,1.0271084
1326.2566703674452,0.999955,0.9756104
1326.2580592394786,0.9998031,1.2312113
1326.2594481115111,0.99990416,0.8982228
1326.2608369835452,0.9998583,1.046462
1326.2622258555793,1.0001162,1.0273831
1326.2636147276119,1.0000639,1.1362034
1326.2650035996453,1.0002468,1.0423607
1326.2663924716794,1.0000769,1.046733
1326.267781343712,0.99999315,1.062682
1326.2691702157454,0.9998627,1.320539
1326.2705590877792,0.99993795,0.96830726
1326.2719479598118,1.0000588,1.1666561
1326.2733368318452,0.9998911,1.0944332
1326.274725703879,1.0001829,0.99597466
1326.2761145759118,1.0001681,1.1942586
1326.277503447945,0.9999261,0.9710443
1326.2788923199791,1.0000871,1.3172554
1326.2802811921297,1.0000296,0.936909
1326.2816700641629,0.9999652,1.142393
1326.2830589361956,0.9999064,1.1184345
1326.2844478082297,0.9999767,0.8854424
1326.285836680263,1.0000067,0.96276265
1326.2872255522957,1.0000458,1.0513023
1326.2886144244462,1.0000361,1.1116198
1326.2900032964794,0.9998434,1.0217181
1326.2913921685122,1.0000154,1.1769528
1326.292781040546,0.99992245,1.0010055
1326.294169912696,1.0002253,1.1773092
1326.2955587847284,1.0000921,0.9037952
1326.2969476567623,1.0000136,1.1267142
1326.2983365287964,0.999953,1.2248951
1326.2997254009456,1.0000794,1.2031856
1326.3011142729788,1.0000868,1.177933
1326.3025031451293,1.0001106,1.1232513
1326.303892017162,1.0000323,0.8810238
1326.3052808891953,1.0000677,1.0601989
1326.3066697613458,0.9999426,1.2641637
1326.3080586333783,1.0000644,1.0621182
1326.3094475055282,0.99994934,1.0894789
1326.310836377562,0.99991184,1.0676697
1326.3122252495955,1.0000043,0.9071698
1326.313614121745,1.0002062,1.1144079
1326.3150029937785,1.000175,1.1253446
1326.3163918659284,1.0000627,0.9710957
1326.3177807379616,1.0000336,1.1072192
1326.3191696101112,1.0000324,1.1639233
1326.3205584821453,1.0000683,0.90478843
1326.321947354295,1.0000432,1.1225476
1326.3233362263277,1.0003871,1.1231955
1326.3247250984782,1.0000628,0.9537368
1326.3261139706278,1.0000557,1.1148555
1326.3275028426606,1.0003684,1.3935924
1326.328891714811,1.000089,1.1414723
1326.3302805869614,0.9999684,0.9389013
1326.331669458994,0.999865,1.0633196
1326.3330583311438,1.0000548,1.24003
1326.3344472031777,1.000158,1.0997292
1326.3358360753268,0.9999259,1.0983709
1326.3372249474764,0.9998538,1.174515
1326.338613819627,1.0000377,0.9852345
1326.3400026916597,0.9999685,1.0445218
1326.3413915638093,1.000272,0.966884
1326.3427804359599,1.0000688,1.3001652
1326.344169308109,1.0001941,0.9981159
1326.3455581801422,1.0001445,1.3056747
1326.3469470522928,1.0000776,0.9996104
1326.3483359244424,1.000209,0.8910393
1326.3511136686257,1.000233,0.7287775
1326.3525025407753,1.0001522,0.94361913
1326.353891412925,1.0001187,0.8497268
1326.3552802850747,1.0001372,0.9354688
1326.3566691572246,1.000019,1.0028868
1326.3580580293742,1.0001503,0.998294
1326.3594469015238,0.99997807,1.0227598
1326.3608357736744,0.99998325,1.0742253
1326.3622246458249,1.0000134,1.0847431
1326.3636135178576,1.0000248,1.0491157
1326.3650023900072,1.0001633,1.117204
1326.3663912621578,0.99999917,1.2549297
1326.3677801343067,0.9998847,1.1060153
1326.3691690064566,1.0000063,0.94894683
1326.370557878607,1.0001123,1.0913255
1326.371946750756,1.0000921,1.1451037
1326.3733356229059,0.99998194,1.0005556
1326.3747244950562,1.0002009,0.9957243
1326.3761133673215,0.9997611,1.1838049
1326.3775022394714,1.0002315,1.1500791
1326.3788911116217,1.0002277,1.0907582
1326.3802799837715,0.9999816,1.0710193
1326.3816688559214,1.0000652,1.0447891
1326.383057728071,1.0000126,1.030852
1326.3844466002208,0.99999815,1.2030947
1326.3858354723707,1.0000063,1.053702
1326.3872243445203,1.0001394,0.94595814
1326.3886132167863,1.000087,1.0492296
1326.3900020889362,1.000075,1.2196184
1326.391390961086,1.0000038,1.1243271
1326.3927798332356,1.0001568,0.96431875
1326.3941687053853,1.0000291,1.0992001
1326.3955575776517,1.0001103,1.1329108
1326.396946449802,1.0002127,1.1775624
1326.3983353219523,1.0000141,1.0359433
1326.3997241941015,1.0000452,1.3394698
1326.4011130663675,1.0000561,0.9650616
1326.402501938518,1.0000026,1.4463286
1326.4038908106672,1.0002434,0.8581268
1326.4052796828169,1.0000781,0.9168595
1326.4066685550838,0.99998647,1.2077992
1326.408057427233,1.0002506,0.82792723
1326.4094462993826,1.0001636,1.1725973
1326.4108351716495,1.000092,1.0934747
1326.4122240437991,0.9999975,1.1725003
1326.4136129159488,1.0000058,1.2794558
1326.415001788215,1.0001032,1.0856352
1326.4163906603649,1.0001234,1.1757015
1326.417779532631,1.0000648,1.1283625
1326.4191684047807,1.0000685,1.1866001
1326.420557277047,1.000083,1.118491
1326.4219461491966,1.0002538,1.2442527
1326.4233350213462,1.0001681,1.0569907
1326.4247238936125,1.0001948,1.0299565
1326.4261127657624,1.0001318,1.1728926
1326.4275016380284,1.0001502,1.1170837
1326.428890510178,1.0000613,1.0412465
1326.430279382445,0.9998287,1.1449345
1326.4316682545948,1.0001415,0.97833633
1326.4330571268601,1.0001386,1.1527497
1326.4344459990107,1.0000335,1.1720397
1326.4358348712767,1.0000565,1.1610205
1326.437223743543,1.0002013,1.133084
1326.4386126156933,1.0000312,1.1862822
1326.4400014879589,0.9999276,1.0228032
1326.4413903601085,0.9998876,1.2219522
1326.4427792323754,1.000005,0.9623898
1326.4441681046417,0.99990714,1.1485841
1326.4455569767915,1.0002646,1.1448358
1326.4469458490576,0.9999011,1.2018718
1326.4483347213236,0.9997787,1.0543754
1326.4497235934734,0.99995977,1.1301497
1326.4511124657397,1.0003057,1.0688535
1326.4525013380057,1.0000694,1.2518332
1326.4538902101556,1.0001473,1.0866985
1326.4552790824218,1.0000414,1.0451245
1326.4566679546879,1.0002254,1.3420504
1326.458056826954,1.0002455,0.90650135
1326.4594456991038,1.0001876,1.2757031
1326.46083457137,1.0000868,1.103982
1326.4622234436367,1.0002229,1.01631
1326.463612315903,1.0000705,1.0393693
1326.4650011880522,1.0000709,1.0192821
1326.4663900603189,1.0001805,0.86613536
1326.4677789325851,1.0000948,1.405949
1326.4691678048505,1.0001681,0.8659401
1326.4705566771172,1.0000174,1.2375621
1326.471945549267,1.0000706,1.1027361
1326.4733344215324,0.9997472,1.1923105
1326.4747232937993,0.9998882,1.2147299
1326.4761121660654,1.00002,0.94693357
1326.4775010383319,1.0001158,1.0225338
1326.4788899105986,0.9999732,1.1330494
1326.4802787828648,0.99998325,1.1442364
1326.4816676551309,1.0002086,1.0406224
1326.483056527397,1.000058,1.1164478
1326.4844453996632,1.0000356,1.1067659
1326.485834271813,1.000001,1.1568166
1326.487223144079,1.0001286,1.0915414
1326.4886120163453,1.0002009,1.2539519
1326.4900008886116,1.0000242,1.1421227
1326.4913897608776,0.9999676,1.1357899
1326.4927786331436,1.0002179,1.146606
1326.4941675054106,0.9999676,1.0019621
1326.4955563776766,0.99995595,1.0874676
1326.4969452499422,0.9999741,1.1809806
1326.4983341222091,1.0000858,1.1934209
1326.4997229945916,1.0002385,1.0811237
1326.5011118668572,0.99993753,1.1348646
1326.5025007391241,1.0002096,1.1237992
1326.5038896113902,1.0002395,1.293487
1326.5052784836557,0.99992186,1.2335904
1326.5066673559224,0.9999426,1.1543547
1326.5080562281887,1.0002725,1.0500215
1326.509445100454,1.0001343,1.1450597
1326.5108339727208,1.0001874,1.2245414
1326.5122228449877,1.0002735,1.2642127
1326.5136117173697,1.0000664,1.0304543
1326.5150005896357,1.0001671,1.0852569
1326.5163894619027,1.0001706,0.92943114
1326.5177783341687,1.0001119,1.0793377
1326.519167206435,0.99991906,1.1992582
1326.5205560787012,0.99995667,0.9734516
1326.5219449510837,1.0001585,1.090384
1326.52333382335,0.99994665,1.178587
1326.5247226956162,1.0002851,0.9880718
1326.526111567883,1.0000161,1.1184325
1326.5275004402656,1.0001228,1.2503147
1326.528889312531,1.0001365,0.9668069
1326.5302781847977,0.99986005,1.2306908
1326.531667057064,1.000136,1.1145192
1326.5330559294457,1.0001029,1.227022
1326.5344448017127,1.0002327,1.2011306
1326.535833673979,1.0001013,1.1587831
1326.5372225463607,1.0003401,1.1033324
1326.5386114186276,1.000207,1.253212
1326.5400002908937,1.0001144,1.1949753
1326.5413891632757,0.99991786,1.2804385
1326.5427780355426,1.0001733,1.2851006
1326.5441669078093,1.0002587,1.0030698
1326.545555780191,1.0002145,1.014993
1326.5469446524576,1.0001667,1.3411306
1326.5483335247243,1.0002003,1.0210704
1326.549722397106,1.0001427,1.2491544
1326.5511112693723,0.99989676,1.1741769
1326.5525001417554,1.000249,1.2197574
1326.553889014021,1.000233,1.0476744
1326.5552778864035,1.0001893,1.1642927
1326.5566667586704,1.0003419,1.1971861
1326.5580556309365,1.0001405,1.0363435
1326.5594445033194,0.9999529,0.9856967
1326.5608333755854,1.000038,1.0518019
1326.5622222479687,0.99985415,1.1593034
1326.5636111202348,1.0001452,1.2482604
1326.5649999926168,1.0001096,1.0177519
1326.5663888648835,1.0000339,1.388012
1326.5677777372662,0.99997497,1.0486871
1326.5691666095317,1.0001019,1.1147935
1326.5705554819149,1.0001489,1.0164812
1326.5719443542976,1.0000771,1.1071393
1326.573333226563,1.0000217,1.2408968
1326.574722098946,0.99996907,0.8075994
1326.576110971213,1.0000912,1.2127253
1326.577499843595,1.0002234,1.0780882
1326.578888715861,1.0000725,0.91044676
1326.5802775882444,1.0004103,1.2399534
1326.5816664606264,1.0001817,0.9488398
1326.5830553328924,1.0002005,1.0288612
1326.5844442052758,0.9999821,1.137267
1326.5858330776575,1.0002075,1.3777201
1326.5872219499238,1.0000716,1.0440212
1326.588610822307,1.0002364,1.187111
1326.5899996945723,1.0001866,1.0785114
1326.591388566955,1.0000273,1.1957742
1326.592777439338,1.0000966,0.9653795
1326.5941663117214,1.0001594,1.257531
1326.5955551839877,1.0002216,0.99351156
1326.5969440563695,0.9999227,1.2278857
1326.5983329287528,1.0000352,1.1811467
1326.5997218010189,0.9998685,1.160726
1326.6011106734009,1.0000887,0.9303111
1326.6024995457842,1.0000547,1.2870177
1326.6038884181667,0.9999411,1.0115999
1326.6052772904322,1.0002,1.1129826
1326.6066661628156,1.0001178,1.1325141
1326.6080550351987,1.0002502,0.9849142
1326.6094439075805,1.0001507,1.2627535
1326.6108327798468,0.99992734,1.0775198
1326.61222165223,0.9999598,1.0111662
1326.6136105246119,1.0000626,1.2263259
1326.6149993969943,0.99998915,1.2296591
1326.6163882693777,1.0000808,1.0405226
1326.6177771417597,0.99987787,1.0270236
1326.6191660140257,1.0000058,1.1051701
1326.620554886409,1.0001918,1.1920533
1326.621943758791,1.0001981,1.2643512
1326.6233326311735,1.0000677,0.97355926
1326.6247215035569,1.0000058,1.0829531
1326.6261103759393,1.0000428,0.9675281
1326.6274992483218,0.9999646,1.1078568
1326.6288881205883,1.0001054,1.2438949
1326.6302769929707,1.0001477,1.0597187
1326.6316658653532,1.0002857,1.1928123
1326.6330547377358,1.0003834,1.1355944
1326.634443610119,0.99994934,1.0606477
1326.6358324825017,1.0001556,1.3819004
1326.6372213548834,1.0000277,1.1417097
1326.6386102272668,1.0001361,1.1951166
1326.6399990996495,1.0001957,1.0293397
1326.6413879720312,1.0002514,1.3887049
1326.6427768444146,0.99998945,1.0799115
1326.644165716798,1.0002011,1.3414608
1326.6455545891797,1.0000743,1.122836
1326.6469434615624,1.0000484,1.3065308
1326.6483323339455,1.0000155,1.1348562
1326.6497212063273,1.0002056,1.1203699
1326.6511100787102,1.0000648,1.3077477
1326.6524989510933,1.0002103,1.0271903
1326.653887823475,0.9998714,1.1010258
1326.6552766958578,1.0001427,1.1268655
1326.656665568241,0.99985516,1.129263
1326.6580544406236,0.99995184,1.3022977
1326.6594433130062,1.0001103,1.245756
1326.6608321853887,1.0000796,1.1348293
1326.6622210577711,1.0000905,1.2531586
1326.6636099302705,1.0002005,1.1823992
1326.664998802653,1.0002457,1.0652803
1326.6663876750354,1.0002367,1.226991
1326.667776547418,1.0000926,1.0828986
1326.6691654198007,1.0000893,1.2756873
1326.6705542921832,1.0000883,1.0114434
1326.6719431645656,0.9999434,1.122741
1326.6733320369483,1.0000783,1.1660045
1326.6747209094478,1.0001369,1.35119
1326.6761097818312,1.0001605,1.2732979
1326.6774986542132,1.000045,1.2498957
1326.6788875265956,0.99998564,0.72744
1326.680276398979,0.9999649,1.2371181
1326.681665271361,1.0000787,0.7714679
1326.6830541438599,1.0001285,1.1876106
1326.6844430162432,1.000092,1.109258
1326.6858318886252,1.0001202,1.254887
1326.6872207610077,1.0002148,0.971346
1326.68999850589,1.000089,1.1862825
1326.6913873782723,1.0000926,1.1281849
1326.692776250655,0.9999261,0.94939053
1326.6941651230377,0.9999871,1.2827848
1326.6955539955366,0.9999512,0.92292476
1326.696942867919,1.0000234,1.2514311
1326.698331740302,0.9999237,1.0996336
1326.6997206128008,1.0002028,1.0869442
1326.7011094851832,1.0000552,1.1953989
1326.702498357566,0.9999525,1.2212821
1326.703887230065,1.0001137,1.1662078
1326.7052761024474,1.0001032,1.2854404
1326.70666497483,0.9998131,0.7113596
1326.7080538472133,1.0001217,1.1212217
1326.7094427197123,1.0000651,1.2943038
1326.710831592094,1.0002624,1.0841833
1326.7122204645939,0.9998702,1.1836888
1326.714998209359,0.99993086,1.1143215
1326.7163870818586,1.0000727,1.2300531
1326.7177759542406,0.999998,1.1009384
1326.719164826623,0.9999276,1.1577657
1326.7205536991228,0.9999376,1.177
1326.7219425715055,1.0002679,1.0391017
1326.7233314440045,1.0003386,1.274089
1326.724720316387,0.9999876,0.9684653
1326.7261091887694,1.0001189,1.3196337
1326.7274980612685,0.99990505,1.1716759
1326.7288869336512,1.000283,1.1361843
1326.73027580615,1.0001673,1.2405633
1326.7316646785325,1.0002258,1.1296953
1326.7330535510318,1.0001166,1.0482519
1326.7344424234143,1.0001445,1.1448846
1326.7358312959132,1.0000648,1.0206052
1326.7372201682958,1.0000702,1.1394907
1326.738609040795,1.0000967,1.1999601
1326.739997913178,1.0001801,1.2260774
1326.7413867855607,1.0001621,1.0511264
1326.742775658059,1.0002942,1.0254338
1326.7441645305585,1.0000895,1.0870875
1326.7455534029414,1.0001913,1.2037295
1326.7469422754396,1.0002314,1.2914654
1326.7483311478227,1.0000532,1.1249121
1326.7497200203218,0.99992216,1.0116256
1326.7511088927035,1.000058,1.0064232
1326.7524977652033,0.99994797,1.1045864
1326.7538866375858,0.9998513,1.1646854
1326.755275510085,1.0001892,1.1276554
1326.7566643824682,1.0001181,1.3541466
1326.7580532549673,1.0001756,1.0900828
1326.7594421274662,1.0000561,1.0661283
1326.7608309998486,1.0001742,1.3143369
1326.7622198723477,1.0001196,1.1644216
1326.7636087447304,0.9999873,1.024813
1326.7649976172293,1.0001601,1.1355554
1326.7663864897281,0.9999878,1.255837
1326.767775362111,1.0002592,1.2779533
1326.76916423461,1.0000691,1.0171188
1326.7705531069923,1.0002992,1.1520813
1326.771941979492,1.0001739,0.8879421
1326.773330851991,1.0001167,1.3148917
1326.774719724373,0.99994946,1.0653869
1326.7761085968727,1.0002006,1.2751447
1326.7774974693716,1.000145,0.9167334
1326.7788863417536,1.0001427,0.99124706
1326.7802752142534,1.000119,1.173159
1326.7816640867522,1.0000744,1.1590637
1326.7830529591342,1.0001373,1.1219589
1326.7844418316338,1.0005286,1.0370407
1326.7858307041329,1.0000707,1.2088329
1326.7872195765146,0.999966,1.164615
1326.7886084490142,0.9999313,1.2411398
1326.789997321514,1.0002445,1.230644
1326.791386194013,1.0000702,1.075954
1326.7927750663957,1.00022,1.0660201
1326.7941639388946,0.9998934,0.9590826
1326.7955528113935,1.0001818,1.1996359
1326.7969416838926,1.0001599,1.0464641
1326.7983305562752,0.9999361,1.1512038
1326.799719428774,1.0002625,1.0219494
1326.801108301273,1.0000509,1.1103178
1326.8024971737723,1.0000051,1.1040939
1326.8038860461554,1.0000283,1.0599785
1326.8052749186545,1.0000159,1.0810728
1326.8066637911527,1.0001203,1.0497468
1326.8080526636522,1.0003612,1.2838718
1326.8094415361513,1.0003393,1.0553774
1326.810830408533,0.9998078,1.1040354
1326.8122192810329,1.0000589,1.063342
1326.813608153532,1.0001796,1.0875927
1326.8149970260301,1.0001792,1.1996474
1326.81638589853,0.9999577,1.2925758
1326.8177747709124,1.0001853,1.1919835
1326.8191636434108,1.0001495,1.2653621
1326.8205525159105,1.0002706,1.2438756
1326.82194138841,0.99988425,1.0450417
1326.8233302609083,0.9999789,0.9526829
1326.8247191334076,0.99988556,1.1843078
1326.8261080059071,1.0000135,1.0612849
1326.827496878289,1.0000162,1.1868736
1326.828885750788,1.0000907,1.193355
1326.8302746232876,1.0001236,1.0033208
1326.8316634957866,0.9999461,1.0928291
1326.8330523682857,0.999955,1.05841
1326.8344412407846,1.0000979,1.2155334
1326.8358301132844,1.0001711,0.74872005
1326.8372189857832,1.0000727,1.2461191
1326.8386078582816,1.0001875,0.9826312
1326.8399967307814,1.0001726,1.1554067
1326.8413856032803,1.0000829,0.88750046
1326.8427744756623,1.0000099,1.0573512
1326.8441633481618,1.0002071,1.2985481
1326.845552220661,1.0000777,1.0468867
1326.846941093159,1.0001258,0.901498
1326.8483299656586,1.0000769,1.2610031
1326.849718838158,1.0003445,0.9195866
1326.8511077106562,1.0000602,1.1404914
1326.8524965831557,0.99996823,1.2765554
1326.8538854556555,0.99996084,1.0385109
1326.8552743281539,1.000105,1.1037734
1326.8566632006527,1.0000612,1.1341614
1326.8580520731525,1.0000561,0.99492586
1326.8594409456507,1.0002369,1.0647775
1326.8608298181498,1.0001411,1.3010975
1326.8622186906496,0.9999938,1.1234403
1326.8636075631478,1.0000051,0.9532764
1326.8649964356468,0.9999003,1.0268075
1326.8663853081464,1.000132,1.2296139
1326.8677741806455,1.0001503,1.1062102
1326.8691630531443,1.0002959,1.136859
1326.8705519256432,1.0002218,1.1980437
1326.871940798143,1.0002117,0.9534459
1326.873329670642,1.0001581,0.9530804
1326.8747185431403,1.0002468,1.3217697
1326.87610741564,1.000281,1.0096068
1326.8774962882553,1.0001874,1.2770278
1326.8788851607537,1.0000231,1.0320016
1326.8802740332535,1.0002081,0.9834039
1326.8816629057524,1.0000995,1.4702007
1326.8830517782508,1.0000328,0.9037585
1326.8844406507505,1.0000863,1.1381085
1326.88582952325,1.0000739,1.2152685
1326.8872183957483,1.0001069,1.0559565
1326.8886072682474,1.0002447,1.067284
1326.889996140747,1.0000232,0.9675584
1326.8913850133617,1.0003552,1.1509238
1326.8927738858606,1.00014,1.2336484
1326.8941627583604,1.000147,0.79866976
1326.8955516308588,1.0001206,1.3724169
1326.8969405033577,1.0003036,1.1569799
1326.8983293758574,0.99996096,1.176915
1326.8997182483563,1.0001639,0.9416168
1326.9011071208554,0.99991626,1.2449417
1326.902495993471,1.000037,1.2676075
1326.9038848659698,1.0001565,1.1612581
1326.9052737384686,1.0000478,0.9370096
1326.906662610968,0.9999828,1.17014
1326.9080514834668,1.000095,1.0129031
1326.9094403559657,0.99991804,1.5024625
1326.9108292285812,1.0001978,0.9744221
1326.9122181010807,1.0000436,0.9973999
1326.9136069735798,0.99996185,1.164498
1326.914995846078,1.0000008,1.0079886
1326.9163847185778,1.0000172,1.2393327
1326.917773591194,1.0004923,1.1486441
1326.9191624636924,0.9997921,1.2179726
1326.9205513361912,1.0000834,1.0974077
1326.921940208691,1.0000716,1.0303175
1326.9233290813056,1.0000619,1.274434
1326.9247179538047,1.0001316,0.8051306
1326.9261068263042,1.0001061,1.0457193
1326.9274956988024,1.0002402,1.0778247
1326.9288845713018,1.0001144,1.3922268
1326.9302734439177,1.0001221,1.064671
1326.9316623164168,1.000184,1.2268614
1326.9330511889157,0.99990994,0.99481785
1326.9344400614145,1.0001775,1.1617315
1326.93582893403,1.0000764,1.2207258
1326.9372178065291,1.0000938,1.0409361
1326.938606679028,1.0000457,1.2679218
1326.9399955516433,1.0001493,1.0036384
1326.9413844241426,1.0001489,1.238123
1326.9427732966415,1.0003082,1.0454613
1326.9441621691403,1.0000079,0.8863874
1326.9455510417558,0.99999446,1.1846548
1326.946939914255,1.0000066,1.0538834
1326.9483287867538,1.0000212,0.9026741
1326.94971765937,1.0000622,1.1821216
1326.9511065318688,1.0002308,0.98709726
1326.9524954043677,1.0002713,1.1726056
1326.953884276984,1.0000898,1.2751218
1326.9552731494823,0.99990296,1.1313094
1326.9566620219812,1.000134,1.0202814
1326.9580508945974,1.0000248,1.1240994
1326.9594397670958,0.99994105,1.0441973
1326.9608286395946,1.0000535,1.1378773
1326.9622175122108,1.0001855,0.9833766
1326.9636063847097,0.99989146,1.3722991
1326.9649952572088,1.000036,1.0867418
1326.9663841298243,1.0002011,1.0774323
1326.9677730023232,0.99983495,1.1598521
1326.969161874822,1.0000309,1.0306131
1326.9705507474375,0.99988556,0.9887217
1326.9719396199366,0.9998811,1.1976383
1326.973328492552,1.0002011,0.7889601
1326.9747173650508,0.9999948,1.2686886
1326.97610623755,1.0000719,1.1019975
1326.9774951101654,1.0001218,1.0143572
1326.9788839826642,1.0002236,0.8643943
1326.9802728552797,0.99992186,1.299939
1326.9816617277793,1.0000123,1.0787479
1326.9830506002784,1.0001442,1.1447505
1326.984439472893,1.0001758,1.2062489
1326.9858283453927,1.0002731,1.1586742
1326.9872172180083,1.0001314,1.0335301
1326.9886060905073,1.0001862,1.0661308
1326.9899949631233,1.0000181,1.0351013
1326.9913838356215,1.000232,1.2110192
1326.9927727081206,1.000102,1.1389493
1326.9941615807365,1.0001743,1.0674433
1326.9955504532356,0.9999562,1.1795425
1326.9969393258511,1.0001451,0.998441
1326.99832819835,1.0000669,1.4558929
1326.9997170709655,1.0001557,0.7484066
1327.0011059434646,1.0000616,1.1837404
1327.00249481608,1.0002081,0.9952074
1327.0038836885788,0.99994695,1.2632004
1327.0052725611943,1.0001166,1.0245935
1327.0066614336934,1.0000386,0.96476376
1327.0080503063086,0.99976397,1.059253
1327.0094391788075,1.00011,1.0120782
1327.0108280513068,1.0001683,1.1606563
1327.012216923922,0.99990463,1.1237003
1327.0136057964219,1.0000899,1.229289
1327.0149946690372,1.0001807,1.0704736
1327.0163835415356,1.0002193,1.3048543
1327.0177724141515,0.99969804,1.1715201
1327.0191612866506,1.0002327,0.9927461
1327.0205501592652,1.0002378,1.0958372
1327.0219390318812,1.0001974,1.2903436
1327.0233279043805,1.0000108,0.9910412
1327.024716776995,1.0002084,1.1234013
1327.0261056494946,1.0002804,1.005715
1327.0274945221108,1.000126,1.23587
1327.0288833946097,1.0002398,1.1394706
1327.0302722672252,1.0001235,1.1499518
1327.0316611397243,1.0002563,0.9759252
1327.0330500123396,0.99988323,1.1440442
1327.0344388848387,1.0001383,1.291134
1327.0358277574542,0.9999878,1.024694
1327.037216629953,1.0002491,1.1261846
1327.0386055025683,1.000224,1.0227512
1327.0399943751838,0.99985296,1.3266454
1327.041383247683,1.0000018,1.1157144
1327.0427721202982,1.0000402,1.1412543
1327.044160992797,1.000342,0.8780031
1327.0455498654132,1.0000325,0.8147795
1327.0469387379123,1.0000018,1.1507956
1327.048327610527,0.9999751,1.12559
1327.0497164831431,0.9998824,1.1343197
1327.051105355642,1.0000775,0.8523649
1327.0524942282568,1.0000845,1.080378
1327.0538831007566,1.0001756,1.2560114
1327.0552719733719,1.0001402,0.91909623
1327.0566608459867,1.0001806,1.1484848
1327.0580497184865,1.0000868,0.9880495
1327.0594385911024,1.0001936,1.0738972
1327.060827463717,1.0000716,1.2801348
1327.0622163362161,1.0000466,1.0085431
1327.063605208832,0.9998911,1.4273194
1327.0649940813305,1.0002817,1.0065297
1327.0663829539458,1.0002575,1.0264049
1327.067771826562,0.9998574,1.0981847
1327.069160699061,0.9999391,1.1139494
1327.0705495716766,1.0001184,1.2087786
1327.0719384442918,1.0002296,0.9796996
1327.0733273167916,1.0002406,1.126067
1327.074716189407,1.0002297,1.2342153
1327.0761050619053,1.0001502,1.2477129
1327.0774939345213,1.0002257,1.0500678
1327.0788828071368,1.000177,1.0090663
1327.0802716796352,1.0000887,1.2936198
1327.0816605522512,1.0002955,1.1147938
1327.0830494248667,1.0001316,1.0579332
1327.0844382973648,1.0000327,1.2533022
1327.0858271699808,1.0001378,1.0068126
1327.0872160425963,0.9999094,0.8535463
1327.088604915211,0.9997631,1.4037777
1327.0899937877107,0.9999853,1.0441052
1327.0913826603269,1.0000414,1.0160908
1327.0927715329417,1.0001277,0.8745191
1327.0941604054406,1.0001594,1.328452
1327.0955492780568,0.9999164,0.90428
1327.0969381506713,1.0000312,1.2247177
1327.0983270231704,1.0001117,1.0016694
1327.0997158957864,1.000045,1.0096508
1327.101104768401,0.99993026,1.1753491
1327.1024936409003,1.0000377,1.1077298
1327.1038825135163,1.0000871,0.8602402
1327.1052713861318,0.9999229,1.0626732
1327.108049131246,1.0001366,1.1899039
1327.1094380038621,1.0000428,0.8841055
1327.1108268764774,1.0001101,1.2877624
1327.1122157490922,1.0001082,1.1548125
1327.113604621592,1.000114,1.3625576
1327.1149934942073,1.0004162,0.9211814
1327.116382366822,1.0002738,1.0914294
1327.1177712393219,1.0000366,1.0005242
1327.1191601119372,1.0001994,1.2971971
1327.120548984552,1.000295,0.9822353
1327.121937857168,1.0001187,0.9185433
1327.1247156022823,1.0000722,0.89069986
1327.1261044748976,1.0004274,1.1116421
1327.1274933475138,1.0001816,1.1668015
1327.1288822201286,1.0002445,1.017587
1327.1302710926275,1.0002077,1.1249703
1327.1316599652437,1.000042,1.0416867
1327.1330488378585,0.9998836,0.95421445
1327.1344377104738,1.0001478,1.1991409
1327.1372154555888,1.0001605,1.1601337
1327.138604328204,1.000175,1.1155672
1327.1399932008198,1.0000736,1.0332031
1327.1413820734351,1.0001497,1.037929
1327.142770945934,1.0002241,1.0668945
1327.1441598185495,1.0002053,1.218001
1327.1455486911655,1.0001997,1.224599
1327.146937563781,1.0001311,1.2271488
1327.1483264363956,0.9998911,0.87389636
1327.1497153088953,0.99989426,1.3889877
1327.1511041815108,1.0001299,1.0124632
1327.1524930541254,0.9997924,1.0554057
1327.1538819267416,0.99997777,1.0916933
1327.1552707993578,0.99999607,0.98816097
1327.1580485444715,0.9999617,0.8867403
1327.1594374170875,1.0001421,1.0803893
1327.160826289702,1.000049,0.7592799
1327.1622151623178,1.0001353,1.0135754
1327.1636040349338,1.0000576,0.9700922
1327.1663817800475,0.9999147,1.3573322
1327.1677706526634,1.0001078,1.1689458
1327.169159525279,1.000165,0.8922738
1327.1705483978944,1.0001798,1.0778134
1327.1719372705097,1.0000979,0.9562429
1327.1733261430086,0.99996066,1.1246215
1327.1747150156243,1.0002122,1.2102069
1327.1761038882396,1.0001211,1.144416
1327.1774927608549,1.0000881,1.163323
1327.1788816334704,1.0000856,1.0716361
1327.180270506086,1.0002445,1.0635661
1327.1816593787012,1.0001594,0.9742075
1327.1830482512,1.0000801,0.933072
1327.1844371238158,1.0002068,1.2192347
1327.1858259964317,0.9999801,1.01848
1327.1872148690477,1.0000664,1.2826642
1327.1886037416625,1.0001936,0.89179516
1327.1899926142778,1.0001671,1.1088277
1327.191381486894,1.0001515,1.0409828
1327.1927703595088,1.0001076,0.94531345
1327.1941592320077,1.0001181,1.4522399
1327.1955481046239,1.0001047,1.1081522
1327.1969369772387,1.0000628,0.89545083
1327.198325849854,1.0000273,1.3842926
1327.1997147224702,1.0000389,0.88417625
1327.2011035950854,1.0001953,1.1498383
1327.2024924677007,0.9999525,1.1289968
1327.2038813403162,1.0000721,1.1398506
1327.2052702129317,1.0000618,1.2682383
1327.2066590854306,1.0000732,1.0783985
1327.2080479580459,1.0001173,1.0550728
1327.2094368306616,1.0000393,0.99795425
1327.210825703277,1.0002471,0.9902792
1327.2122145758922,0.9999139,1.2942779
1327.2136034485077,1.0000427,0.9655272
1327.2149923211236,0.9997869,1.045823
1327.2163811937392,1.000225,1.089264
1327.2177700663538,1.0001246,1.1004671
1327.21915893897,1.0001813,1.1888267
1327.2205478115854,1.0002244,1.0065986
1327.2219366842,0.9999646,1.5702914
1327.2233255566998,1.0000536,0.7744894
1327.224714429315,1.0000522,0.9758111
1327.2261033019306,1.0000746,1.1786963
1327.2274921745466,1.0002115,1.1735752
1327.2288810471614,0.99984056,1.0624169
1327.2302699197767,1.0001885,1.1617655
1327.2316587923929,1.0001377,1.051736
1327.2330476650084,1.0002527,0.96252525
1327.2344365376239,0.99992186,1.0193487
1327.2358254102392,1.0000015,1.5109473
1327.2372142828544,1.0000129,0.67455447
1327.23860315547,0.99995524,1.4952909
1327.2399920280855,0.9999589,1.0267788
1327.2413809007007,1.0002855,1.1505946
1327.242769773316,0.9998486,1.0026588
1327.2441586459317,1.0000144,1.1098957
1327.245547518547,1.0001296,1.0354941
1327.2469363910468,1.0001882,1.0357037
1327.248325263662,0.999861,0.8602808
1327.249714136277,0.99984026,1.5735689
1327.2511030088929,0.9999765,0.99286985
1327.2524918815084,0.9999627,1.068381
1327.253880754123,1.0000565,1.2446698
1327.255269626739,0.99996144,1.3628062
1327.2566584993547,1.0000525,0.8216558
1327.2580473719693,0.99993694,1.1132606
1327.2594362445852,1.0000812,1.0310761
1327.2608251172007,1.0000968,1.2807981
1327.2622139898153,1.0000182,0.9633191
1327.2636028624315,1.0002966,1.2653085
1327.2649917350477,1.0000066,0.9604637
1327.266380607663,0.9998787,1.2178336
1327.2677694802785,0.9999278,0.9921652
1327.269158352894,1.0000169,1.0315804
1327.2705472255093,1.0001453,1.169493
1327.2719360981246,0.9999264,1.0791637
1327.27332497074,0.99996674,1.1290772
1327.2747138433556,0.9999014,1.0744355
1327.2761027159709,1.0000318,1.2204052
1327.2774915885861,1.0001558,0.94589454
1327.2788804612023,0.99999154,1.0722581
1327.2802693338178,1.0000232,1.0023007
1327.2816582064324,0.9999714,1.0524932
1327.2830470790486,1.0001386,1.179545
1327.284435951664,0.99998635,0.9406909
1327.2858248242787,1.0000722,1.1869174
1327.287213696895,1.0002569,1.0600085
1327.2886025695102,1.000021,1.1694771
1327.289991442125,0.9999538,0.911891
1327.2913803147412,0.9998859,1.022235
1327.2927691873565,1.0000181,0.9704429
1327.2941580599713,1.0001323,1.2359947
1327.2955469325873,1.0000167,0.90445846
1327.2969358052032,0.9998884,1.5131935
1327.298324677818,1.0000668,0.97608554
1327.2997135504334,1.000159,1.2128516
1327.3011024230495,1.0001066,1.0263685
1327.3024912956644,0.9998089,1.2414263
1327.3038801682796,1.000142,0.99228084
1327.3052690408958,0.99998707,1.0127875
1327.3066579135111,0.9999828,1.1153365
1327.3080467861266,1.000175,0.8922988
1327.3094356587421,1.0002209,1.2157059
1327.3108245313583,0.99987555,1.0629421
1327.31221340409,1.0003346,1.0045017
1327.3136022767048,0.9999475,1.3131828
1327.3149911493208,0.9999264,0.96400976
1327.3163800219363,1.0001336,1.1852531
1327.317768894551,1.0000958,0.9649618
1327.3191577671669,1.0001762,1.2295762
1327.3205466397824,1.0002549,0.80200815
1327.321935512397,0.99999833,1.066943
1327.3233243850132,1.0000527,1.3226395
1327.3247132576294,1.000054,0.932923
1327.3261021302442,1.0001622,1.3752264
1327.3274910028595,1.0002196,1.1833562
1327.3288798754756,1.000001,1.107692
1327.3302687480902,1.0000652,1.2697331
1327.3316576207058,1.0002071,0.47731468
1327.3330464933217,0.99989176,1.249247
1327.3344353659363,1.0000842,1.5288603
1327.335824238552,1.0000613,0.9804863
1327.337213111168,1.0000079,1.0742223
1327.3386019837826,1.0000358,1.2250955
1327.3399908565145,1.0001022,1.1862457
1327.3413797291305,0.99995464,0.88758916
1327.3427686017467,0.9999867,1.1655555
1327.344157474362,1.000274,1.3268863
1327.3455463469768,1.0001425,0.79166615
1327.346935219593,1.0000342,1.2071526
1327.3483240922083,0.9999704,1.1185505
1327.349712964823,0.9997649,1.2253299
1327.3511018374393,0.9999592,0.8067671
1327.3524907100546,1.0000571,1.474487
1327.3538795826694,0.999968,1.0500253
1327.3552684552853,1.0001717,1.0364989
1327.3566573279013,0.99981993,1.1063393
1327.3580462005161,0.9998811,1.2229882
1327.3594350732478,1.0000952,1.4981074
1327.360823945864,1.0001223,0.95863485
1327.3622128184788,1.0000072,1.109606
1327.3636016910941,1.0001485,1.1151901
1327.3649905637103,0.9997768,1.3526789
1327.3663794363251,1.0000731,0.8855177
1327.3677683089404,1.0001895,1.0816752
1327.3691571815566,1.000097,1.140155
1327.3705460541719,1.0002401,1.0826062
1327.3719349267874,1.0000095,1.3204536
1327.373323799403,1.0001171,0.8005799
1327.3747126720182,1.0000646,1.1446675
1327.3761015447499,1.000054,1.4363853
1327.3774904173654,1.000304,1.0483156
1327.378879289981,1.0001621,1.1319121
1327.3802681625962,1.0000836,1.0555845
1327.3816570352114,1.000057,1.0650908
1327.3830459078276,0.9999861,1.004528
1327.3844347804431,1.000005,1.0623946
1327.3858236530577,0.99987423,1.2892419
1327.387212525674,0.9999685,1.0063277
1327.3886013982901,0.99998426,1.1885846
1327.3899902710211,0.9997807,1.0642563
1327.3913791436366,1.0000259,1.0143656
1327.3927680162528,0.99999976,1.2169849
1327.3941568888674,0.99996287,1.0641791
1327.395545761483,0.9999033,1.0998929
1327.396934634099,0.99987686,1.2281898
1327.3983235067135,1.0000416,1.0817581
1327.399712379329,1.0000633,1.0901777
1327.401101251945,0.99997276,1.065022
1327.402490124677,1.0001824,1.1017448
1327.4038789972924,0.99995464,1.1777058
1327.4052678699077,1.0000815,1.0437028
1327.4066567425232,1.0001162,0.9919256
1327.4080456151387,0.99991053,0.8644793
1327.409434487754,1.000195,1.1856188
1327.4108233603692,0.9999125,1.1246489
1327.4122122329848,0.99988025,1.0100518
1327.4136011056003,1.0001522,1.0721692
1327.414989978332,1.0004753,0.8599353
1327.4163788509472,1.0000751,1.1903585
1327.417767723563,1.000205,1.0545901
1327.4191565961783,0.9998633,1.279175
1327.4205454687944,1.0001165,1.0692104
1327.4219343414097,1.000071,1.0543809
1327.423323214025,1.0002348,1.0303519
1327.4247120866412,1.0000049,1.2329385
1327.426100959256,1.0002072,0.94446546
1327.4274898319877,0.9999592,1.4234798
1327.428878704604,1.0000762,1.1461858
1327.4302675772187,0.99989897,0.66003996
1327.4330453224502,1.0002894,0.8128819
1327.4344341950655,0.9999313,1.151729
1327.4358230676808,1.0000924,1.047534
1327.4372119402963,1.0001184,1.1326102
1327.4386008130282,1.0003635,0.9051366
1327.4399896856435,1.0000366,1.2556278
1327.441378558259,1.0001827,1.2233194
1327.4427674308745,1.0003829,1.1596217
1327.4441563034898,1.0000204,1.1638725
1327.445545176105,0.99997133,1.2150707
1327.4469340487205,1.0001785,1.0600879
1327.448322921453,1.0000405,1.0799977
1327.4497117940684,1.0000145,1.1534069
1327.451100666683,0.9999632,1.1233603
1327.4524895392992,0.9998859,1.1401248
1327.4538784119147,0.99991083,1.1230391
1327.4552672845293,1.000367,1.0680209
1327.4566561571455,1.0001241,1.1112579
1327.4580450297608,1.0001812,1.190809
1327.459433902492,1.0002137,0.9670465
1327.4608227751082,0.99981296,1.2471159
1327.4622116477235,1.0000335,1.02766
1327.4636005203388,0.9998599,1.0779219
1327.464989392955,1.0000392,1.0391765
1327.4663782655705,0.9999863,1.1991745
1327.467767138186,1.0000346,0.76157427
1327.4691560109177,1.0001229,1.3252578
1327.470544883533,0.9999464,1.1026219
1327.4719337561485,1.000123,1.0229241
1327.473322628764,1.0002072,0.9394387
1327.4747115013793,1.0003477,1.2309946
1327.4761003739948,1.0000383,1.3206795
1327.4774892466103,1.0000261,0.94039786
1327.478878119342,1.0002882,1.168026
1327.4802669919582,1.0002425,1.1564724
1327.4816558645734,1.0001556,1.1340139
1327.4830447371883,1.0001667,0.9937099
1327.4844336098045,1.0000627,1.0375563
1327.4858224824197,0.99989295,0.8656969
1327.4872113550346,1.0001099,1.0102533
1327.488600227767,1.0000063,1.1368438
1327.4899891003824,1.0002056,1.0232731
1327.491377972997,1.000038,1.1505924
1327.492766845613,1.0000691,1.1377263
1327.4941557182292,0.9999311,1.1914508
1327.495544590844,1.0000124,0.9679194
1327.4969334634593,1.0000505,1.1862113
1327.498322336192,1.0000949,1.1441648
1327.4997112088067,1.000064,1.1234924
1327.501100081422,1.0000091,1.1153654
1327.5024889540382,1.0000994,0.96473074
1327.5038778266535,1.0001053,1.0974914
1327.5052666992688,1.0002273,1.2429217
1327.5066555720007,1.0001453,0.97606945
1327.5080444446162,0.9999608,1.2196435
1327.5094333172315,1.0000912,1.0092487
1327.510822189847,1.000054,1.0425134
1327.512211062463,1.0000385,0.9117479
1327.5135999350784,1.0000958,1.3423527
1327.514988807693,1.0004442,0.9480041
1327.5163776804256,1.0000187,1.2846407
1327.517766553041,0.99993294,1.1456877
1327.5191554256558,1.0001434,1.1889488
1327.520544298272,1.0000932,1.0373781
1327.5219331708872,1.0000733,0.96149075
1327.523322043502,1.0001745,1.4514145
1327.5247109161182,1.00021,0.8892747
1327.5260997888506,1.0002605,1.0681376
1327.5274886614652,1.000305,0.97123003
1327.5288775340807,0.99986374,1.2044809
1327.5302664066967,0.99996936,1.1518661
1327.5316552793115,0.9998826,0.8934907
1327.5330441519268,0.99991137,1.1993998
1327.5344330246594,1.0001204,1.0350163
1327.5358218972742,0.9999635,1.1735479
1327.5372107698895,0.99992657,1.044456
1327.5385996425057,1.0001752,1.3590175
1327.5399885151219,1.0001423,1.0569025
1327.5413773877372,1.0002546,1.120174
1327.542766260352,1.0000696,1.0425628
1327.5441551330846,1.000013,1.0435972
1327.5455440056999,1.0000873,1.0830768
1327.5469328783147,0.9999332,1.1492891
1327.5483217509307,1.0002053,1.0167246
1327.5497106235462,1.0002372,1.5325114
1327.5510994961608,1.0001677,0.80755246
1327.5524883688931,1.0002534,1.1329058
1327.5538772415086,1.0001404,0.970567
1327.5552661141232,1.0003138,1.2663633
1327.5566549867394,0.9999774,0.9593332
1327.5580438593556,0.9999637,1.3005716
1327.5594327319704,1.000258,0.9688035
1327.5608216045857,1.0002388,0.97493494
1327.5622104773183,1.0003489,1.0963668
1327.563599349933,1.0001308,1.0666832
1327.5649882225484,1.0000256,1.0299479
1327.5663770951646,0.99999195,1.1708537
1327.5677659677792,1.0003439,1.0986294
1327.5691548403947,1.0002434,0.88641304
1327.570543713127,1.0002108,1.1510004
1327.5719325857426,0.9998983,1.0035878
1327.573321458358,1.0003136,1.1792003
1327.5747103309732,1.000179,1.055516
1327.5760992035887,1.000079,0.8649462
1327.5774880762042,0.99993885,1.276727
1327.5788769488195,1.000125,1.1134956
1327.580265821552,1.0001439,1.0700327
1327.5816546941674,1.0002208,0.8301923
1327.5830435667822,1.0000671,1.1579599
1327.5844324393984,1.0001439,1.020749
1327.5858213120143,1.0000447,1.1369864
1327.587210184629,1.0001162,0.9588783
1327.5885990572444,1.0002983,1.0092636
1327.5899879299768,1.0002128,1.0805215
1327.5913768025916,1.0001186,1.1869625
1327.5927656752071,1.0001069,1.1677502
1327.594154547823,1.0000151,1.1219307
1327.595543420438,1.0002027,1.1685413
1327.5969322930532,1.0001028,0.9608625
1327.5983211657858,1.0001041,1.1523308
1327.5997100384006,1.0000896,1.1089809
1327.601098911016,1.0000206,0.98568666
1327.6024877836321,1.0001549,1.0828223
1327.6038766562474,0.9998599,1.2035973
1327.605265528863,1.0001037,1.2117478
1327.6066544014784,1.0001729,0.89843166
1327.60804327421,1.0003916,1.043314
1327.6094321468254,0.9999647,1.0658251
1327.610821019441,1.000228,1.0905107
1327.6122098920564,1.0001986,1.1020936
1327.6135987646717,1.0002493,1.0842646
1327.6149876372872,1.0002934,0.92724097
1327.6163765099027,0.9998819,1.2162582
1327.617765382635,1.0000142,0.75982046
1327.6191542552506,1.0001335,1.4524819
1327.6205431278659,0.99979526,0.86392343
1327.621932000482,1.0001123,0.9451957
1327.6233208730966,1.0000273,1.1606281
1327.6247097457122,1.000063,0.93800545
1327.6260986183283,1.000073,0.9679762
1327.6274874910594,1.0000787,1.1707231
1327.6288763636749,1.000197,1.0976642
1327.6302652362908,1.0001273,1.2426696
1327.6316541089063,1.0001199,1.1467799
1327.6330429815216,0.9999799,1.1507589
1327.634431854137,1.0002218,1.0579216
1327.6358207267524,1.0001596,1.2461094
1327.6372095994843,1.0001571,0.91256833
1327.6385984720996,0.9999235,1.1329015
1327.639987344715,0.9999347,1.0299939
1327.6413762173306,1.0000885,0.9365197
1327.642765089946,1.000249,1.1610562
1327.6441539625612,1.0000539,1.0884815
1327.6455428351767,1.0001426,1.1929957
1327.6469317079086,1.0001451,1.1204833
1327.648320580524,1.0001742,1.1471502
1327.64970945314,1.0002061,1.1257068
1327.6510983257554,1.0000838,1.3297242
1327.6524871983702,1.00024,1.0501889
1327.6538760709864,1.0000265,1.144798
1327.6552649436017,1.0003377,1.2376783
1327.6566538162165,1.0000228,0.8832054
1327.6580426889489,0.99989074,1.125639
1327.6594315615644,0.99994045,1.4398767
1327.6608204341796,1.0002984,0.93597925
1327.6622093067958,1.0001453,0.9698931
1327.663598179411,0.99988467,1.246471
1327.6649870520266,1.0000254,1.0324879
1327.6663759246421,0.9998606,0.93319786
1327.6677647972574,1.000034,1.0272293
1327.669153669989,0.99971867,1.1963121
1327.6705425426046,1.0001041,1.0542934
1327.6719314152201,0.9999289,1.0869259
1327.6733202878354,1.0000758,0.9847212
1327.674709160451,1.0000525,0.9739653
1327.6760980330664,1.0001199,1.069937
1327.6774869056824,0.9999998,1.1365551
1327.6788757782979,1.000193,0.9566541
1327.680264651029,1.0000536,1.1392035
1327.6816535236449,0.99981296,1.1418229
1327.6830423962606,1.0000436,1.0006493
1327.6844312688752,1.0001571,1.0079514
1327.6858201414911,1.0001086,1.1876184
1327.6872090141067,1.0001893,1.2125119
1327.6885978867213,1.0001928,0.8680614
1327.6899867593374,1.0000492,1.270033
1327.692764504684,0.9999823,0.6696054
1327.6941533773002,0.9999341,1.0025144
1327.6955422499163,0.9999342,0.9479731
1327.696931122531,1.0000297,1.3534423
1327.6983199951464,1.0000902,1.0116073
1327.6997088677624,1.0000546,1.0414721
1327.701097740378,0.9999936,0.8928096
1327.7024866129932,1.0000597,1.4060313
1327.703875485725,1.0000932,0.9953383
1327.7052643583404,1.0002058,0.8380609
1327.706653230956,1.0003484,1.3647898
1327.7080421035712,1.0000551,1.0829384
1327.7094309761874,1.0000725,0.99691784
1327.7108198488027,1.0000159,1.0881245
1327.7122087214175,1.0001746,1.0030031
1327.7135975940337,1.0001782,1.0205107
1327.714986466649,1.0000465,1.3869342
1327.7163753393802,1.000172,0.7633436
1327.7177642119964,0.999771,1.1166408
1327.7191530846117,1.0002275,1.075702
1327.7205419572265,1.000078,1.1411299
1327.7219308298424,0.99981683,0.9631759
1327.7233197024584,1.0003271,1.0980569
1327.7247085750732,1.0000439,1.0037442
1327.7260974476885,1.0000734,1.0986801
1327.7274863203047,0.99994904,0.85501885
1327.7288751929195,1.0001355,1.0674607
1327.7302640656512,1.0001868,1.0959969
1327.7316529382674,0.9999457,1.1642643
1327.7330418108822,0.99983364,1.0783089
1327.7344306834975,0.9998824,0.9948541
1327.7358195561137,1.0000657,0.78514063
1327.737208428729,0.9999177,1.3834064
1327.7385973013443,1.000105,0.73395896
1327.7399861739598,1.0000287,1.1378516
1327.7413750465757,1.0001291,1.1521459
1327.7427639191915,1.0002059,1.1751325
1327.744152791806,1.0001912,0.90198773
1327.7455416645385,1.000118,1.2727493
1327.746930537154,1.0003446,1.0886348
1327.7483194097686,1.0003177,1.0593327
1327.7497082823847,1.0001383,1.184533
1327.751097155,0.99997985,1.0275239
1327.7524860276149,1.0001855,1.1933726
1327.753874900231,1.0002096,1.0962771
1327.7552637728472,1.0002241,0.86530626
1327.7566526454618,1.0001518,1.230888
1327.7580415180773,1.0000806,1.1326739
1327.7594303906933,1.0001531,1.1902177
1327.760819263308,1.0000654,1.0594816
1327.7622081359234,0.99994546,0.9703671
1327.7635970086558,1.0000498,1.0552642
1327.7649858812706,1.0003194,1.2066019
1327.766374753886,1.0000539,1.1596266
1327.767763626502,1.0001467,1.0806394
1327.7691524991176,0.9999534,0.98349833
1327.770541371733,1.0000432,1.0591515
1327.7719302443484,1.0000303,0.9913292
1327.7733191169636,1.0003011,1.1593689
1327.7747079895792,1.0001305,0.9984344
1327.7760968621947,0.9998797,1.1213259
1327.7774857348109,1.0001022,1.0831087
1327.780263480041,1.0002779,1.2539226
1327.781652352657,1.0000304,1.1884323
1327.7830412252729,1.0001022,0.9192096
1327.7844300980041,1.0000808,1.2713319
1327.7858189706194,1.0001464,0.8482939
1327.7872078432356,0.9999784,1.2376556
1327.7885967158504,1.0000814,1.1399751
1327.7899855884657,0.9999768,1.1495024
1327.791374461082,1.0000898,0.9480002
1327.7927633336967,1.0001471,1.0555843
1327.794152206312,1.0002664,1.0187333
1327.7955410789282,1.0001085,1.1324147
1327.7969299515428,0.99998313,0.97367895
1327.7983188241583,1.000178,0.97673786
1327.7997076967745,0.9997853,1.0588225
1327.8010965693898,1.0001243,0.948457
1327.802485442005,0.9999879,1.0912997
1327.8038743146205,1.0000974,1.0987463
1327.805263187236,1.0001045,1.2978809
1327.8066520598513,1.0001471,1.043417
1327.8080409324666,0.9999137,1.1483421
1327.8094298050821,1.0000302,1.0292348
1327.8108186776976,1.0001221,1.0672297
1327.812207550313,1.0001843,0.9243685
1327.8135964229284,1.000083,1.1641008
1327.8149852955444,1.0000381,0.9348943
1327.8163741681599,1.0001049,1.076042
1327.8177630408918,1.0001295,1.2164607
1327.8191519135078,1.0001106,1.0771312
1327.8205407861224,1.0002998,0.8606969
1327.821929658738,1.000162,1.1687053
1327.823318531354,1.000171,1.0756232
1327.8247074039687,1.0002733,1.3929597
1327.8260962765842,0.9999373,0.85518754
1327.8274851492001,1.0001535,1.2555425
1327.8288740218156,1.00011,1.0947409
1327.8302628944311,1.0000987,0.8407907
1327.8316517670464,1.0001452,1.0676178
1327.8330406396617,1.0000229,1.1304275
1327.8344295122774,0.999789,1.2232119
1327.8358183848927,0.9999687,1.1057905
1327.837207257508,1.0000088,1.1602712
1327.848318238432,0.9998871,1.743006
1327.8497071110469,1.000087,1.3007715
1327.8510959836628,1.0001779,1.3873947
1327.8524848562784,1.0000765,1.0269356
1327.853873728893,1.0003198,1.2661256
1327.855262601509,1.0001633,1.1440134
1327.8566514741244,1.0000032,1.0772203
1327.85804034674,1.0000346,1.1144353
1327.8594292193561,1.0001683,1.0647396
1327.8608180919714,1.000183,1.062991
1327.8622069645867,1.0000198,1.1162909
1327.8635958372022,1.000097,0.9898677
1327.8649847098177,1.0000895,0.92835736
1327.866373582433,1.0000316,1.090219
1327.8677624550483,1.0000528,1.4500413
1327.869151327664,1.0001049,0.8975421
1327.8705402002793,1.0001142,1.0511465
1327.8719290728945,1.0004339,0.96096385
1327.87331794551,1.000089,0.97449076
1327.874706818126,1.0000846,0.9447163
1327.8760956907415,1.0001277,0.9609566
1327.8774845632397,1.0000746,1.035292
1327.878873435856,1.0000726,1.2314824
1327.8802623084714,1.0000473,0.8268517
1327.881651181086,1.0001204,1.2237178
1327.8830400537022,1.0000024,1.1357254
1327.8844289263175,1.0001992,0.88438696
1327.8858177989323,1.000131,1.0487683
1327.8872066715485,0.99982035,1.0991207
1327.8885955441644,1.0001731,1.1018486
1327.889984416779,1.0000787,1.0565764
1327.8913732893948,1.0001341,1.0750502
1327.8927621620107,1.0000191,0.8845861
1327.8941510346253,1.0000125,1.1261286
1327.8955399072408,1.000015,1.1286315
1327.8969287798568,1.0001696,1.0690135
1327.8983176524723,1.0002037,1.239609
1327.8997065250878,1.0002759,1.000734
1327.901095397703,1.0002196,1.0170649
1327.9024842703184,1.0004297,1.0961971
1327.9038731429341,1.0001719,1.1661872
1327.9052620155494,1.0001024,1.1898415
1327.9066508880492,1.0002929,0.9501065
1327.9080397606645,1.0002092,1.1051804
1327.9094286332793,1.0000472,1.0043014
1327.9108175058952,1.0001439,1.1570055
1327.9122063785107,1.0001692,0.9415629
1327.9135952511253,1.0001918,1.1005884
1327.9149841237413,0.9999321,1.0912701
1327.916372996357,1.00008,0.99717736
1327.9177618689716,1.0000348,1.0105399
1327.9191507415876,1.0001241,1.101156
1327.9205396142038,0.99997413,1.12382
1327.9219284868186,0.99990016,0.97404873
1327.923317359434,0.9998888,1.1264708
1327.92470623205,1.0002573,0.9110451
1327.9260951045483,1.0001103,1.0858604
1327.9274839771638,1.0003,1.0386051
1327.92887284978,1.0002168,1.0917498
1327.9302617223946,1.0002546,1.0603065
1327.93165059501,1.0001941,1.0670581
1327.933039467626,1.0002521,1.0734162
1327.934428340242,1.0002543,0.9849316
1327.9358172128575,1.0001103,1.0766522
1327.937206085472,1.0001156,1.0467623
1327.9385949580883,0.9999413,1.2310476
1327.9399838305874,1.0002695,1.1036726
1327.941372703202,1.0003529,1.1229067
1327.9427615758182,1.0001793,1.1549594
1327.9441504484334,0.99996924,1.1322666
1327.9455393210483,1.0001526,1.0363874
1327.9469281936645,0.9999251,1.0588553
1327.9483170662807,1.0000291,1.1928573
1327.9497059388952,1.0000688,1.2049398
1327.9510948115108,1.0002135,1.0735697
1327.9524836840103,1.0001318,1.0124308
1327.953872556625,1.0000573,1.1577188
1327.9552614292404,1.0001775,1.1255552
1327.9566503018564,1.0002315,1.0694104
1327.9580391744712,1.0001824,0.980103
1327.9594280470865,1.000092,1.0646445
1327.9608169197027,1.0000203,1.1038432
1327.9622057923182,1.000082,0.98254514
1327.9635946648173,0.99998707,1.0991068
1327.9649835374325,1.0001473,1.0451043
1327.9663724100478,1.0000811,1.0690407
1327.9677612826633,0.99999094,1.0590388
1327.9691501552788,1.000075,1.1229815
1327.9705390278941,1.0000883,1.2049909
1327.9719279005094,1.0000716,1.0271822
1327.9733167731251,1.0000159,1.2351103
1327.9747056456247,1.0002135,0.9226457
1327.9760945182402,1.0001733,1.3209445
1327.9774833908548,1.0000079,1.0541036
1327.9788722634707,1.0001012,1.1978894
1327.980261136087,1.0001215,0.9878813
1327.9816500087018,1.0000517,1.0391964
1327.9830388812006,0.9999359,1.1113334
1327.9844277538168,1.0000862,1.0005
1327.9858166264316,1.0002303,1.1309803
1327.987205499047,1.000202,0.9364048
1327.988594371663,1.0001005,0.94005316
1327.9899832442777,1.0000924,1.0216352
1327.9913721167768,1.0000805,0.90895057
1327.9927609893928,0.99999356,1.1198533
1327.9941498620083,1.000076,1.1201667
1327.9955387346236,1.0002503,0.93023384
1327.996927607239,1.0000257,1.1421933
1327.9983164798546,1.0002702,1.1079762
1327.9997053523534,1.0001482,1.1474438
1328.0010942249687,1.0001439,1.0679123
1328.0024830975842,1.0001994,1.1488495
1328.0038719701997,1.000356,0.9965719
1328.005260842815,1.0002247,1.1537727
1328.0066497153139,1.0002751,1.0657076
1328.00803858793,1.0001398,1.1878269
1328.0094274605456,1.0002056,1.1512643
1328.0108163331602,1.0002115,1.2306575
1328.0122052057764,1.0001241,1.0336789
1328.0135940782752,1.0000103,1.0537473
1328.0149829508907,1.0001258,0.9882132
1328.0163718235067,1.000172,1.0254053
1328.0177606961215,1.0001456,0.84886414
1328.0191495687368,0.9999401,1.2345448
1328.0205384412366,1.0001484,1.140207
1328.021927313852,0.9998415,1.1132252
1328.0233161864676,1.0000851,1.0533316
1328.0247050590829,1.0000077,1.1346947
1328.0260939316981,1.0002042,1.1459538
1328.0274828041972,1.0000497,1.0627632
1328.0288716768127,1.000115,1.0647494
1328.030260549428,1.0001296,1.0443323
1328.0316494220435,1.000181,1.1253701
1328.0330382945426,1.000053,1.0218791
1328.034427167158,0.9999335,1.0556799
1328.0358160397732,0.9999915,0.9804517
1328.0372049123887,1.0002024,1.1365247
1328.0385937848878,1.0001,1.1068342
1328.0399826575037,1.0001711,0.9049356
1328.0413715301192,1.000127,1.191041
1328.042760402734,1.0002675,1.1330781
1328.04414927535,1.0002177,1.0935193
1328.0455381478491,1.0000769,1.0773662
1328.0469270204637,1.000193,1.1575752
1328.0483158930797,1.0003519,1.0862936
1328.0497047656952,1.000271,1.1158434
1328.0510936381934,1.0002087,1.2291417
1328.0524825108096,0.99996305,1.0577259
1328.0538713834258,1.000209,0.99854136
1328.0552602559246,1.0000114,1.154307
1328.0566491285401,0.99999684,1.0650876
1328.0580380011556,1.0002285,1.1344552
1328.059426873771,1.0001702,1.1567345
1328.0608157462698,1.0001729,1.0813981
1328.0622046188853,1.0001084,1.0241363
1328.0635934915008,0.9999751,1.0462973
1328.064982364116,1.0001285,0.9845885
1328.0663712366152,0.99999106,1.0877706
1328.0677601092311,1.0001618,1.1177863
1328.0691489818466,1.0001385,1.1922231
1328.0705378543448,1.0002697,1.1630796
1328.071926726961,1.0000451,0.96098316
1328.0733155995763,0.9999961,1.0676244
1328.0747044721911,1.0000643,1.1624688
1328.076093344691,1.0000943,1.115411
1328.0774822173062,1.0001252,1.0954505
1328.078871089921,1.000079,1.1164603
1328.0802599624208,1.0000179,0.91115373
1328.0816488350367,1.0001609,0.9217913
1328.0830377076513,1.0001843,1.0432711
1328.0844265801504,1.0000383,1.2864136
1328.0858154527664,0.9999191,0.9471994
1328.0872043253812,1.0001082,0.9929882
1328.0885931979965,1.0001589,1.0383284
1328.0899820704963,1.0002426,1.1242412
1328.091370943111,1.000073,0.97029173
1328.0927598157264,0.9999647,0.9616946
1328.0941486882261,1.0000901,1.0703112
1328.0955375608423,1.000187,1.0644679
1328.0969264334576,1.0001183,1.3195955
1328.098315305956,1.0000646,1.1077591
1328.0997041785722,1.0003295,1.0675511
1328.1010930511875,0.9998319,1.3512763
1328.102481923686,1.0000315,0.8966627
1328.1038707963019,1.0000541,1.1672053
1328.1052596689174,1.0001915,1.0310904
1328.1066485414156,1.0002156,1.1672549
1328.1080374140315,0.99989545,1.0251998
1328.109426286647,1.0001589,0.98782635
1328.1108151591452,0.99993193,1.1804757
1328.1122040317614,1.0001642,1.1228471
1328.1135929042612,1.0000192,1.0764834
1328.114981776876,1.0000463,1.0914207
1328.1163706494913,1.0000992,1.0381157
1328.117759521991,1.0002605,1.05371
1328.1191483946056,1.0000858,0.88700306
1328.1205372672212,1.0001445,1.075799
1328.1219261397207,1.0001054,1.1336145
1328.1233150123353,0.99991184,1.3767439
1328.124703884951,1.000126,1.0096278
1328.1260927574506,1.0000008,0.99617755
1328.127481630066,0.9999799,1.3806108
1328.128870502565,1.0002191,1.0036491
1328.1302593751802,1.0001527,1.1804351
1328.1316482477964,1.000105,1.1272286
1328.1330371202953,1.0003722,1.0909214
1328.13442599291,1.0000577,1.139726
1328.1358148654099,0.99997824,0.95028484
1328.1372037380252,1.0002047,1.0499821
1328.13859261064,1.0001011,1.0726342
1328.1399814831398,1.0001609,1.2368222
1328.1413703557557,1.0000257,0.9664762
1328.142759228254,1.0003849,1.0646583
1328.1441481008694,1.0002208,1.2012509
1328.1455369734854,1.0002812,1.065897
1328.1469258459838,1.000067,1.042991
1328.1483147185993,1.0002469,1.1644593
1328.1497035910988,1.0001328,1.0466654
1328.1510924637137,1.0001798,0.9419726
1328.152481336329,1.0000285,1.2180495
1328.1538702088287,1.0001589,1.1031276
1328.155259081444,0.99998176,0.9397474
1328.156647953943,0.99997467,1.1724914
1328.1580368265586,1.0002106,0.99520385
1328.1594256990575,1.0000567,1.0504766
1328.160814571673,1.0000943,1.229527
1328.162203444172,1.000042,1.0542284
1328.1635923167873,1.0002339,1.1339978
1328.1649811894026,1.0003837,1.0012152
1328.1663700619017,1.0002606,1.0381714
1328.1677589345172,1.0000896,0.9964014
1328.169147807017,1.0001693,1.1774232
1328.1705366796323,1.0001534,1.0571915
1328.1719255521311,1.0001534,1.1043388
1328.1733144247473,1.0001159,1.0273757
1328.1747032972457,1.0000927,1.0038809
1328.176092169861,1.0000908,1.2553917
1328.1774810423608,1.0001336,1.1151652
1328.1788699149754,1.0001673,1.3196127
1328.180258787591,1.0002056,0.8837639
1328.1816476600907,1.0001851,1.0197781
1328.1830365327053,0.99993294,1.0789939
1328.1844254052044,1.0001094,0.9599313
1328.1858142778203,1.0000261,1.0616369
1328.1872031503194,1.0002937,1.1787758
1328.1885920229347,1.0002437,1.1265689
1328.1899808954336,1.0001462,1.2333808
1328.191369768049,1.0002236,0.93960536
1328.1927586405482,1.0002257,0.8918175
1328.1941475131634,0.9998876,1.2177814
1328.1955363856625,1.000065,1.0927703
1328.196925258278,1.0001012,1.1556394
1328.198314130777,0.9999988,1.0032376
1328.1997030033922,1.000141,1.0100539
1328.201091875892,1.0003003,1.1128758
1328.2024807485072,1.0002012,1.0344608
1328.2038696210057,1.0001482,1.1563354
1328.2052584936218,1.000184,1.0487573
1328.2066473661207,1.000265,1.1407374
1328.2080362387355,1.0002998,1.0529133
1328.2094251112353,1.000093,1.1626569
1328.2108139837342,1.0000302,1.0677792
1328.2122028563494,1.0000899,1.0435992
1328.2135917288492,1.0001078,1.075734
1328.2149806014645,1.0002141,0.94020814
1328.2163694739638,1.0000386,1.0659117
1328.217758346579,0.9999135,1.0050588
1328.219147219078,0.9999025,1.0373973
1328.2205360916935,1.0001003,1.2385198
1328.2219249641926,1.0000149,1.1247016
1328.2233138368078,1.0000069,1.0762821
1328.2247027093067,1.0001495,1.1999516
1328.2260915818058,1.0000726,0.93256307
1328.2274804544213,1.0001308,1.1250321
1328.228869326921,0.99990815,1.221871
1328.2302581995364,1.0002177,0.9757345
1328.2316470720348,1.0000099,1.0584906
1328.2330359446507,1.000201,1.0312754
1328.2344248171498,1.0002062,0.8610501
1328.235813689648,1.000161,0.9750552
1328.237202562264,1.0001407,1.0632508
1328.238591434763,1.0000826,1.0176604
1328.2399803073777,1.0002322,0.9985572
1328.2413691798774,1.0001042,0.97990024
1328.2427580524936,1.0001751,1.0512395
1328.244146924992,1.0001653,1.120211
1328.245535797491,1.000217,1.1399764
1328.246924670107,1.0000364,1.0629231
1328.2483135426053,1.0001303,1.1793252
1328.2497024152208,1.0001167,1.122922
1328.2510912877206,1.0000253,1.126054
1328.2524801602194,1.0001574,1.1152903
1328.2538690328347,1.0001636,1.043754
1328.2552579053338,0.9999456,1.1066281
1328.2566467778329,1.0000839,1.0429372
1328.2580356504482,1.0002021,1.051292
1328.259424522947,1.0002712,1.1631559
1328.2608133955632,1.0002297,1.0045596
1328.2622022680623,1.0000622,1.0912793
1328.2635911405605,0.99990773,1.1684862
1328.2649800131767,1.000184,0.9967079
1328.2663688856755,1.0001771,0.9606459
1328.267757758174,1.0001577,1.2175223
1328.2691466307901,1.0002371,1.036098
1328.270535503289,1.0000063,1.0090202
1328.2719243759038,1.0003071,0.97777605
1328.2733132484036,1.0000206,1.2058907
1328.2747021209032,1.0001903,1.0149161
1328.2760909935178,1.0000597,1.197805
1328.2774798660168,1.0000358,1.1016514
1328.2788687385164,1.0002986,0.9090655
1328.2802576111312,1.0000954,1.165801
1328.28164648363,1.000103,1.1613159
1328.2830353561299,1.0002451,1.0228705
1328.2844242287447,0.9999594,1.291744
1328.2858131012435,0.9999077,0.80390203
1328.2872019737433,1.0000187,1.224953
1328.2885908462422,1.000092,0.9572259
1328.2899797188577,1.0001804,0.95798075
1328.2913685913568,0.99994653,1.2221946
1328.2927574638563,1.0000985,0.84879035
1328.2941463364718,1.0001733,1.0522518
1328.29553520897,1.0001723,1.1126221
1328.2969240814696,1.0001547,1.1929759
1328.2983129540853,1.000176,0.9037605
1328.2997018265835,1.0000412,1.0189879
1328.301090699083,1.0001708,1.2395431
1328.3024795716992,1.0001103,1.0026252
1328.3038684441976,1.0000814,1.1699984
1328.3052573166965,1.0001092,0.991981
1328.3066461891963,1.0003669,0.9691371
1328.3080350618109,1.0002044,1.1906
1328.30942393431,1.0000159,1.0935575
1328.3108128068097,0.9999811,1.2399577
1328.312201679308,1.0000547,1.0582467
1328.3135905519234,1.0001739,1.2038747
1328.314979424423,1.0000951,1.0204687
1328.316368296922,1.0000464,1.0569856
1328.317757169421,1.000208,1.0168953
1328.3191460420362,1.0002315,1.0371132
1328.3205349145355,1.0001909,1.0788496
1328.3219237870344,1.0002352,1.09948
1328.3233126595333,1.0000998,1.0735155
1328.3247015321488,1.000001,0.96102095
1328.3260904046479,1.0002126,1.2215503
1328.3274792771467,1.0003175,0.97422326
1328.3288681496465,1.0001094,1.363351
1328.3302570222627,1.0002228,1.0340745
1328.3316458947609,1.0001897,1.0306091
1328.33303476726,1.0002486,0.9939035
1328.3344236397595,1.0001341,1.1173251
1328.335812512374,1.000231,1.0047797
1328.3372013848732,1.0003617,1.0045936
1328.3385902573727,1.0002822,1.0748459
1328.3399791298712,0.9999886,1.1039609
1328.34136800237,1.0000846,1.0015421
1328.3427568749862,1.0001451,0.94299304
1328.3441457474853,1.0002979,1.1981041
1328.3455346199844,1.0001199,1.1092201
1328.3469234924833,1.0000077,1.1024013
1328.3483123649821,0.99983764,1.1910385
1328.3497012375976,1.0002493,1.0203748
1328.3510901100967,0.999951,0.91077197
1328.3524789825956,1.0001271,1.3746033
1328.3538678550944,1.0001693,1.0664773
1328.3552567275938,1.0000132,1.113162
1328.3566456000926,1.0001655,1.2336197
1328.358034472708,1.000037,0.91509867
1328.359423345207,0.9999514,1.0543412
1328.360812217706,1.0001538,1.0319953
1328.3622010902056,1.0002518,0.8326049
1328.3635899627047,0.99996,1.2993426
1328.364978835203,1.0000571,0.7138971
1328.3663677078189,1.000114,1.0050468
1328.3677565803182,1.0000234,1.0582873
1328.369145452817,1.000094,1.0649918
1328.3705343253168,1.0000889,0.99819386
1328.371923197815,1.0002385,1.0932008
1328.3733120703141,0.9999698,1.0755626
1328.3747009428137,1.0003144,1.0203339
1328.3760898154292,1.0002872,1.0978477
1328.377478687928,1.0000579,1.3847281
1328.3788675604271,1.0000329,1.1290537
1328.3802564329262,1.0002449,0.91743046
1328.381645305425,1.0001041,0.9090887
1328.383034177924,1.0001059,1.0017848
1328.384423050423,1.0001248,1.1704506
1328.3858119229221,1.0002204,1.1257977
1328.387200795421,1.0002176,0.9479053
1328.3885896680363,1.0002848,0.9803463
1328.389978540536,1.0000653,1.0940648
1328.3913674130351,0.9999803,1.1490813
1328.3927562855333,1.000133,0.8161131
1328.394145158033,1.0001689,1.0454069
1328.395534030532,1.0002376,1.2594866
1328.3969229030304,0.9999952,1.0684484
1328.3983117755301,0.99991536,1.0445445
1328.399700648029,1.0000029,1.1076173
1328.4010895205274,1.0001099,1.127406
1328.4024783930272,1.0001104,1.1380885
1328.4038672655267,0.9999135,1.0287544
1328.4052561381413,1.0001134,1.0613277
1328.4066450106404,1.0000361,0.90542495
1328.40803388314,0.9999535,1.1660305
1328.409422755639,1.0002215,1.1406312
1328.4108116281382,1.0000607,1.102636
1328.412200500637,0.99999964,1.1339489
1328.4135893731361,1.0001775,1.1556245
1328.4149782456352,0.9999112,1.1326525
1328.416367118134,0.9998811,1.0762825
1328.4177559906339,1.0000691,1.0568088
1328.4191448631327,1.0000484,1.1557062
1328.4205337356311,0.9999533,1.0896811
1328.4219226081307,1.0002078,1.1300912
1328.4233114806298,1.0000142,1.0606052
1328.4247003531282,0.9999254,1.2641114
1328.4260892256277,1.0001749,1.0867461
1328.4274780981268,1.0001613,1.1630434
1328.428866970625,1.000054,0.9011465
1328.4302558431245,1.0001179,1.0443598
1328.4316447156243,1.0000525,1.0724723
1328.4330335881227,1.0000739,1.1011732
1328.4344224606216,1.0001907,0.96752095
1328.4358113331214,1.0000644,1.137118
1328.4372002056198,1.0002689,1.2189728
1328.4385890781186,1.0000407,1.1284504
1328.4399779506184,0.9999436,1.0741626
1328.4413668231166,1.0002377,1.061583
1328.4427556956157,1.0002179,1.0364016
1328.4441445681152,1.0003198,0.78698933
1328.4455334406143,0.9999827,1.1130772
1328.4469223131132,1.0002462,1.1689855
1328.4483111856123,1.0000535,1.2387999
1328.4497000581118,1.000198,1.1265955
1328.451088930611,1.0001588,1.1548043
1328.452477803109,1.0000414,1.0045398
1328.4538666756089,1.0000237,1.2015793
1328.4552555481077,1.0003284,0.9821354
1328.4566444206062,1.0001738,1.1097697
1328.458033293106,1.0000287,1.0460062
1328.4594221656048,1.0001278,1.1807216
1328.4608110379868,1.0002509,1.1175482
1328.4621999104866,1.0001543,0.94836664
1328.463588782986,1.0001847,1.0658468
1328.4649776554843,1.0001931,1.0751598
1328.4663665279834,1.0002385,1.1475171
1328.467755400483,1.0001684,1.0862793
1328.4691442729813,1.0001018,1.0528846
1328.4705331454802,1.0003282,1.1114186
1328.47192201798,1.0000736,1.120638
1328.4733108904784,1.0000694,0.9668106
1328.4746997629773,1.0000365,1.1770947
1328.476088635477,1.0001318,1.0938784
1328.4774775078595,1.0002084,1.0535711
1328.4788663803586,1.0000437,0.9700309
1328.4802552528577,1.0002904,1.245103
1328.4816441253565,1.0003003,1.3150065
1328.4830329978556,1.0001476,0.88379097
1328.4844218703547,1.0001364,1.1327577
1328.4858107428536,1.0001813,1.0137713
1328.4885884877351,1.0000083,1.5840764
1328.4899773602347,0.99998057,1.3272102
1328.4913662327344,1.0000393,1.1436666
1328.4927551052328,1.0000639,0.95199996
1328.4941439777317,1.0003995,1.0171515
1328.4955328502315,1.0000521,1.0339699
1328.49692172273,1.0001465,1.1334078
1328.4983105951123,1.0002221,0.9907198
1328.4996994676121,1.0001333,0.9704641
1328.5010883401103,1.0002738,1.0894314
1328.5024772126094,1.0001994,1.0685992
1328.503866085109,1.0000777,1.0598108
1328.505254957608,1.0002049,1.1019579
1328.5066438299905,1.0000937,1.1024655
1328.5080327024896,1.0000477,1.2796663
1328.5094215749887,1.0001473,1.0712067
1328.5108104474875,1.0002079,1.2001053
1328.5121993199864,1.0002983,1.1922902
1328.513588192369,1.0000192,1.0848944
1328.5149770648682,1.0001111,0.98821414
1328.516365937367,0.99998176,0.98092365
1328.517754809866,1.0000099,1.0867182
1328.5191436823657,1.0000229,1.0249984
1328.5205325547483,1.0000755,1.1561502
1328.5219214272465,0.99999833,1.0250577
1328.5233102997463,1.0000856,1.2097896
1328.5246991722452,1.0001966,1.1445827
1328.5260880447443,0.9998927,1.0882956
1328.5274769171274,1.0000236,1.3034543
1328.5288657896258,1.0000544,1.0347499
1328.530254662125,0.99998176,1.1098764
1328.5316435346244,1.0002605,0.9158623
1328.533032407007,1.0001911,1.0321634
1328.5344212795062,0.9999602,1.0682477
1328.535810152005,1.0000038,1.0685741
1328.537199024504,1.0000407,1.0758709
1328.5385878968866,1.0002577,1.2226697
1328.5399767693857,1.000373,1.0272367
1328.5413656418846,1.0002495,0.86516666
1328.5427545143837,0.99990046,1.1552324
1328.5441433867663,0.99992436,1.1299074
1328.5455322592652,1.0001063,1.1112045
1328.546921131765,1.00001,0.9904307
1328.5483100041474,1.0000095,1.0410773
1328.5496988766458,1.0001708,1.0361696
1328.5510877491456,1.0000254,0.9816452
1328.5524766216445,1.000185,0.9495973
1328.5538654940265,1.000277,0.90089405
1328.555254366526,0.9999653,1.1062244
1328.556643239025,1.0001569,0.97313225
1328.5580321114069,1.0000229,1.1297674
1328.5594209839064,1.0000982,1.014469
1328.5608098564062,0.99994296,1.0798295
1328.5621987287882,1.000136,1.0666662
1328.563587601287,1.0000899,1.1402489
1328.5649764737868,1.000042,1.0076163
1328.5663653462857,1.0002124,1.0971464
1328.5677542186684,1.0001758,1.1193491
1328.5691430911675,1.0002179,1.151839
1328.5705319636663,1.000278,0.9929606
1328.5719208360488,1.0000714,1.0385953
1328.5733097085479,1.0001243,1.2164093
1328.574698580931,1.0000169,1.115746
1328.5760874534303,1.0003153,0.9212868
1328.5774763259285,1.000156,1.2484108
1328.5788651983116,1.0001315,0.91926414
1328.5802540708107,1.000222,0.91796696
1328.581642943309,1.0000427,0.9123198
1328.5830318156923,1.000139,1.0360984
1328.5844206881911,0.99992925,1.0130339
1328.5858095606895,1.0000584,1.0840133
1328.587198433073,0.99999976,0.9643636
1328.5885873055718,1.0002216,1.1351796
1328.5899761779538,1.0000559,0.9803469
1328.5913650504535,1.0003752,0.86271083
1328.592753922953,1.000187,1.1259232
1328.5941427953348,1.000195,1.1162966
1328.595531667834,1.0000877,1.2190331
1328.596920540217,1.0000461,1.03768
1328.5983094127155,0.9998797,0.79578704
1328.5996982852143,0.99998945,1.0940214
1328.6010871575977,1.0000614,0.984077
1328.602476030096,1.0000254,1.1326023
1328.6038649024786,1.0002697,1.0574836
1328.6052537749783,1.0002424,1.066065
1328.6066426473617,1.0001497,0.9217224
1328.6080315198606,1.0002347,1.1384963
1328.609420392359,1.0002129,1.0992656
1328.6108092647423,1.0000933,0.927582
1328.6121981372412,1.0001884,1.0119458
1328.6135870096232,1.0000627,0.9867796
1328.6149758821227,1.0001761,1.0590265
1328.6163647545054,1.0002053,1.2324731
1328.6177536270036,1.0000346,1.0126854
1328.6191424993867,1.0001713,0.9360044
1328.6205313718865,1.0001016,1.1274531
1328.6219202442685,1.0001614,0.89972126
1328.6233091167674,1.0000374,1.0705976
1328.6246979892671,1.0000333,1.032086
1328.6260868616491,1.0000951,1.0936879
1328.627475734148,1.000288,1.2815772
1328.6288646065314,1.0003102,0.9151162
1328.6302534790295,1.0002614,1.023378
1328.6316423514122,1.0002698,1.04967
1328.633031223912,1.0001273,0.98907363
1328.6344200962944,1.0001273,0.91578376
1328.6358089687933,1.0002136,0.97147405
1328.637197841176,1.0001091,1.1074058
1328.638586713675,1.000178,0.9459568
1328.6399755860575,1.0001453,0.89328265
1328.6413644585564,1.0001034,1.0819861
1328.642753330939,1.0001754,0.96317524
1328.6441422033217,1.000085,1.019478
1328.6455310758206,1.0002786,1.2333844
1328.646919948204,1.0001787,1.0426489
1328.6483088207037,1.0001378,1.0892756
1328.6496976930855,1.0000772,1.1509155
1328.6510865655846,1.0001549,1.0755221
1328.6524754379677,0.99992675,1.073445
1328.653864310466,1.0000929,0.9950434
1328.6552531828488,1.0001202,1.2747486
1328.656642055232,1.0000634,1.0045637
1328.6580309277301,1.0000424,1.1215162
1328.6594198001128,1.0003613,1.1146119
1328.6608086726123,1.0001137,1.1341702
1328.662197544995,1.0001798,0.9552914
1328.6635864174941,1.0001147,1.1331099
1328.6649752898766,1.0002443,1.1057342
1328.666364162259,1.0003294,0.9253212
1328.6677530347583,1.0004382,1.127991
1328.6691419071408,1.0002406,1.0724269
1328.6705307796396,1.0003262,1.0499464
1328.6719196520223,1.0002162,1.0120593
1328.673308524405,1.0001341,1.0612153
1328.6746973969039,0.9999371,1.150724
1328.6760862692872,0.99985623,1.1657399
1328.677475141786,1.000089,0.9136733
1328.678864014168,1.0001577,1.1617862
1328.6802528865514,1.0002904,1.0967788
1328.6816417590503,1.0001144,1.0472646
1328.6830306314323,1.0003899,1.0328941
1328.6844195038154,1.00008,0.874261
1328.6858083763145,1.0000565,1.0397112
1328.687197248697,1.0001966,0.861585
1328.6885861210803,1.0000651,0.95166326
1328.6899749935792,1.0004065,0.95100987
1328.6913638659619,1.0001323,1.1141595
1328.692752738461,1.0001312,0.9529174
1328.6941416108434,1.0001487,1.209613
1328.6955304832259,1.000142,1.133057
1328.6969193556085,1.0000075,0.8508079
1328.6983082281076,1.000046,0.97847056
1328.69969710049,1.000205,0.9046111
1328.7010859728725,1.0002224,1.0192465
1328.7024748453719,1.0001054,1.2308549
1328.703863717755,1.0001401,1.0626097
1328.7052525901377,1.0000725,1.0476242
1328.7066414626358,1.0000871,0.99647343
1328.708030335019,1.0001934,0.9806496
1328.7094192074017,1.0000929,1.1445917
1328.7108080798998,1.0000589,1.0165755
1328.7121969522832,1.0002059,1.040463
1328.7135858246659,1.0000321,1.1154761
1328.7149746970476,1.000025,0.9975294
1328.7163635695474,1.0002154,0.9708251
1328.7177524419308,1.000205,1.0923151
1328.7191413143125,1.0002065,1.0557985
1328.7205301866952,1.000346,0.89443177
1328.7219190591948,1.0000246,1.0571383
1328.7233079315774,1.0000026,1.1792712
1328.72469680396,1.0002025,1.1365329
1328.7260856763426,0.99991554,0.9095221
1328.7274745488417,1.0002911,0.98119926
1328.728863421224,1.0001956,1.0779859
1328.7302522936066,0.999949,1.0409473
1328.73164116599,1.0000707,1.064067
1328.7330300384888,1.0002376,0.8405895
1328.7344189108708,1.0001382,0.9655686
1328.7358077832541,1.0002283,1.2445604
1328.7371966556366,1.0001885,0.76919913
1328.7385855280186,1.0000123,1.0555551
1328.7399744005183,0.9999378,1.0468907
1328.7413632729008,1.0000775,0.9807353
1328.7427521452828,1.0000756,0.91755074
1328.744141017666,1.0003293,1.091033
1328.745529890049,1.0000719,0.96950865
1328.7469187625475,1.0001391,1.0309443
1328.74830763493,1.0003381,1.1779051
1328.7496965073133,1.0003129,1.1086991
1328.7510853796953,1.0003399,1.096708
1328.7524742520777,1.0001813,0.9647821
1328.753863124461,1.0003726,1.2072933
1328.7552519969595,0.9998847,1.1057342
1328.756640869342,1.0002573,0.8548154
1328.7580297417253,1.0001358,0.92717934
1328.7594186141077,1.0000399,1.2550243
1328.7608074864904,1.0000796,1.0139614
1328.762196358873,1.0002316,0.89259195
1328.7635852313726,1.0000846,1.4388412
1328.7649741037553,1.0002842,1.1311682
1328.766362976137,1.0000727,0.81588113
1328.7677518485202,1.0000287,1.0490454
1328.769140720903,1.000246,1.0768936
1328.7705295932847,0.99996805,1.0758113
1328.771918465668,1.0002115,0.884763
1328.7733073380514,1.0001503,1.0411036
1328.7746962104334,0.9999212,1.1171367
1328.7760850829322,1.0002302,1.1717862
1328.7774739553156,1.0000834,0.9872012
1328.7788628276974,0.9999722,1.1665074
1328.78025170008,1.0003417,0.98051536
1328.7816405724634,1.0000864,1.0577137
1328.7830294448452,1.0000926,1.105809
1328.7844183172278,1.0003586,0.9108954
1328.785807189611,1.0003254,1.0115622
1328.7871960619937,1.0000857,1.1759952
1328.788584934376,1.0000256,0.92599463
1328.7913626791412,1.0001673,0.95791596
1328.792751551524,1.0000534,0.72675306
1328.7941404239064,1.0003182,1.1475035
1328.7955292964054,0.99976856,1.1236625
1328.7969181687881,1.0001651,1.0796132
1328.7983070411706,1.0002124,1.1838754
1328.799695913553,0.9998608,1.003824
1328.8010847859357,1.0001459,1.2094334
1328.8024736583184,1.0001994,0.8729891
1328.8038625307015,1.0000638,1.0983115
1328.8052514030846,1.0001843,0.89755607
1328.8066402754666,1.0002704,0.8914963
1328.8080291478493,1.0000339,1.1853663
1328.8094180202324,1.0002049,1.0751778
1328.8108068926144,1.0002338,1.009973
1328.8121957649969,1.0001879,1.0631511
1328.8135846373802,0.99999744,1.0602639
1328.8149735097622,1.0000159,0.9992329
1328.8163623821447,1.0002824,1.0696465
1328.817751254528,1.0001926,1.2194753
1328.8191401269105,1.0001551,1.0278823
1328.8205289992932,1.0001737,0.79127747
1328.8219178716759,1.0001245,1.030483
1328.8233067440583,1.0001955,1.0458846
1328.8246956164407,1.0001944,1.1396148
1328.826084488707,1.0001261,0.8647031
1328.8274733610897,1.0000153,1.0004673
1328.8288622334721,1.0002598,1.1754785
1328.8302511058548,1.000176,0.9482928
1328.8316399782375,1.0001454,1.2187527
1328.8330288506206,1.0000178,0.8852194
1328.8344177230033,1.0000609,1.0512291
1328.835806595385,1.0001678,1.2483932
1328.8371954677682,1.0002692,0.8404853
1328.8385843401509,1.0002068,0.98502254
1328.8399732125326,1.0000803,0.87797785
1328.841362084916,1.000045,0.9442526
1328.8427509572987,1.0001528,1.4744431
1328.8441398296814,1.0002768,0.9351036
1328.845528701948,1.0004355,0.96939707
1328.8469175743307,1.0000044,0.95178455
1328.8483064467132,1.0000478,1.0076734
1328.8496953190956,0.9999963,1.2722336
1328.8510841914783,1.000135,1.118778
1328.852473063861,1.0001997,1.1684705
1328.8538619362434,1.0000821,1.112424
1328.8552508086261,1.0001491,0.92907834
1328.8566396808924,1.0002389,1.1439828
1328.8580285532748,1.0002714,1.001798
1328.8594174256573,1.0002207,0.8717958
1328.8608062980406,1.0000323,1.1750959
1328.862195170423,1.0003021,1.0682715
1328.863584042805,1.0001352,1.2584196
1328.8649729151884,1.0000632,0.8153801
1328.8663617874545,1.0002334,1.1271452
1328.8677506598365,0.99994296,1.0543
1328.8691395322198,1.0002422,0.99350333
1328.8705284046023,1.0001366,0.9959136
1328.8719172769843,1.0001992,1.2632016
1328.873306149251,1.0001109,1.0651687
1328.8746950216341,0.99998355,1.0574293
1328.8760838940161,1.0002098,0.971532
1328.8774727663988,1.0002568,0.9082434
1328.878861638782,0.99999714,1.1067818
1328.8802505110475,1.0001348,1.1359533
1328.88163938343,1.0001718,0.6571578
1328.8830282558133,0.99987787,1.2571434
1328.8844171281958,1.0000727,1.052005
1328.8858060005784,1.0001203,1.3429918
1328.8871948728447,1.0001334,0.8017963
1328.888583745228,1.0001763,1.3398391
1328.8899726176105,1.0002278,0.9355998
1328.8913614899925,1.0000119,1.0107162
1328.8927503622592,1.0001489,1.0293869
1328.894139234642,1.0003477,1.0389491
1328.8955281070237,0.9999992,1.0367249
1328.8969169794068,0.99999684,1.0817184
1328.8983058516733,1.0001507,0.88283426
1328.899694724055,1.0000689,1.1489316
1328.9010835964382,1.000334,1.189901
1328.9024724688215,1.0000548,1.0605525
1328.9038613410871,0.9999027,0.9776572
1328.9052502134696,1.0000435,1.0640081
1328.906639085853,1.0001192,1.1018316
1328.9080279581183,1.0003816,0.9324824
1328.909416830501,1.0000403,0.9095801
1328.9108057028843,1.0002141,1.2994148
1328.912194575266,1.0001945,1.0038341
1328.9135834475323,1.0000489,0.9971428
1328.9149723199155,1.0001866,1.1262017
1328.9163611922982,1.0000958,0.9182918
1328.9177500645642,1.0001463,1.125291
1328.9191389369466,1.0001385,1.0293357
1328.92052780933,1.0001162,0.880868
1328.9219166815963,1.0001178,1.1359843
1328.923305553978,1.0002149,1.095771
1328.9246944263614,1.0002414,1.0693727
1328.9260832986274,0.9999453,1.0666821
1328.9274721710094,1.0002444,1.1978165
1328.9288610433928,1.0001421,0.93650955
1328.9302499156595,1.0001826,1.07425
1328.9316387880413,1.0000106,1.0700732
1328.9330276603077,1.0002767,1.1411725
1328.9344165326909,1.000175,1.0807105
1328.9358054050726,0.99999064,1.2374729
1328.937194277339,1.0000701,0.9878409
1328.938583149722,1.0002804,0.92939377
1328.939972022104,1.000093,0.9856447
1328.94136089437,1.0001271,1.0538622
1328.9427497667534,1.000266,0.9946126
1328.9441386390195,1.0002439,1.0592238
1328.9455275114024,1.0000983,0.72875714
1328.9469163836684,1.0003194,1.0638126
1328.9483052560508,1.0001785,0.97248185
1328.9496941284335,1.0002687,0.9845439
1328.9510830006998,1.00009,1.0444745
1328.9524718730822,0.9997389,1.199106
1328.9538607453483,0.9999987,0.9336857
1328.955249617731,1.0001926,1.1024799
1328.9566384899972,1.0001445,1.1933596
1328.9580273623806,1.0001693,1.0094681
1328.959416234763,1.0000697,1.2200857
1328.960805107029,1.0001874,0.92214906
1328.9621939794124,1.000173,1.175779
1328.963582851678,1.0001167,1.1030264
1328.9649717240604,1.0001581,1.0748079
1328.9663605963274,0.9999587,1.139645
1328.9677494687091,1.0001442,1.1834923
1328.9691383409754,1.0000659,0.78631896
1328.9705272133588,0.9998459,1.1600474
1328.9719160856248,1.0001596,0.9879664
1328.9733049580072,0.9999908,1.0853568
1328.9746938302735,0.9999259,1.1665001
1328.9760827026562,1.0001646,0.93869513
1328.9774715749222,1.0002208,1.2108105
1328.9788604473047,0.99989355,1.2001995
1328.9802493195712,1.0003121,1.2746989
1328.9816381919536,1.0000452,0.9274579
1328.9830270642196,1.0000505,1.078178
1328.9844159366023,1.0002992,1.114408
1328.985804808869,1.0002648,1.106322
1328.9871936812517,1.0000405,0.8815012
1328.988582553517,0.9999871,1.0462841
1328.9899714259004,1.000385,0.8706974
1328.9913602981667,1.000147,1.0190817
1328.992749170432,1.0001873,1.0908687
1328.9941380428154,1.0002903,1.0128835
1328.9955269150814,1.0000092,1.3671349
1328.9969157874634,1.0001305,0.8908257
1328.9983046597304,1.0001837,1.073326
1328.9996935321135,1.0001167,0.99018323
1329.0010824043798,1.0000725,0.9698564
1329.0024712766458,1.0000447,1.0500237
1329.0038601490285,1.0002078,1.0943383
1329.0052490212947,1.0001407,0.91831785
1329.0066378936772,1.0000784,1.4380311
1329.0080267659432,1.0001596,1.0452085
1329.0094156382095,1.0000731,0.9687774
1329.0108045105922,1.0001743,0.9876528
1329.0121933828582,1.0000683,1.1626114
1329.0135822552415,1.0001941,0.9312645
1329.0149711275076,0.99999154,1.0699998
1329.0163599997732,1.0002012,1.0012368
1329.0177488721565,1.0003606,0.9918971
1329.0191377444226,1.0001668,1.1420211
1329.0205266166881,1.0002339,1.2112948
1329.0219154890713,1.0001746,1.117275
1329.0233043613375,1.0002602,0.97293806
1329.0246932336029,1.0001131,1.0271646
1329.026082105986,1.0001616,1.0631241
1329.027470978253,1.0000186,1.0897522
1329.0288598505185,0.99987406,1.1383846
1329.030248722901,1.0000013,0.86358404
1329.031637595168,1.0000346,1.1416225
1329.0330264674335,1.0001688,1.2190126
1329.034415339816,1.0000705,0.8567078
1329.035804212083,1.0001106,0.9515586
1329.0371930843482,1.0003011,0.89987594
1329.038581956731,1.0001363,1.1435488
1329.0399708289979,1.0001469,1.1032265
1329.0413597012646,1.0001503,0.96962357
1329.0427485735308,0.9999785,1.2604513
1329.0441374459126,1.0000747,0.89800364
1329.0455263181793,1.0000187,1.209291
1329.0469151904456,1.0000728,1.020755
1329.048304062711,1.000117,0.8669098
1329.0496929350943,1.0001324,0.9613245
1329.0510818073606,0.9999649,1.1253844
1329.052470679626,1.000049,0.9398644
1329.0538595518929,0.99977136,1.1709222
1329.0552484242762,1.0001125,0.96184415
1329.0566372965416,1.0001664,0.9584013
1329.0580261688078,1.0001187,0.9889858
1329.0594150410748,0.9998976,1.1517221
1329.0608039134565,0.9999152,0.9921373
1329.0621927857228,1.0000924,0.92524815
1329.0635816579895,1.0000237,1.3478092
1329.0649705302549,0.99998385,1.2169409
1329.0663594025211,0.99999684,0.9668871
1329.0677482749043,1.0002459,0.8782685
1329.0691371471705,1.0001352,1.2828003
1329.0705260194368,1.000122,1.0269893
1329.0719148917028,1.0002735,1.0276573
1329.073303763969,1.0002353,0.99501336
1329.0746926363518,1.0001738,1.1026134
1329.0760815086178,1.0003244,1.0357574
1329.0774703808847,1.000141,1.2246984
1329.0788592531508,1.0001767,1.0247304
1329.0802481254163,1.0000366,1.0802627
1329.0816369976833,1.0000315,1.1162324
1329.0830258700664,1.0000345,0.71536213
1329.0844147423318,1.0001137,1.3439996
1329.085803614598,1.0001302,0.85802525
1329.0871924868648,0.9999848,1.0036434
1329.0885813591303,1.0001271,0.9715402
1329.0899702313964,1.000268,1.0606952
1329.0913591036633,0.9999935,1.1729275
1329.0927479760453,1.0002791,0.9311017
1329.0941368483113,1.0001123,0.99928486
1329.0955257205783,1.0000862,1.142187
1329.0969145928443,1.0000107,1.0738473
1329.0983034651106,1.000196,0.8354702
1329.0996923373768,1.0001154,1.280975
1329.1010812096429,1.0000862,0.8393568
1329.102470081909,1.0000318,1.4322635
1329.1038589541752,1.0000606,0.91732264
1329.1052478264414,1.0000236,1.1097294
1329.1066366987075,1.0000758,0.92496955
1329.1080255710901,1.0001923,1.3230824
1329.1094144433564,0.99995166,0.9516698
1329.1108033156231,1.000312,1.0823402
1329.1121921878894,1.0001353,1.1043679
1329.1135810601547,1.0001453,1.1173064
1329.1149699324214,1.0001706,0.90864974
1329.1163588046877,1.0000561,1.1214675
1329.117747676954,1.0000542,1.117639
1329.119136549221,1.0000887,0.841314
1329.1205254214863,0.999998,0.9830003
1329.1219142937525,1.0001414,1.0420207
1329.1233031660192,1.0000823,1.1278601
1329.1246920382855,1.000103,1.0541408
1329.1260809105515,1.00008,1.0927529
1329.1274697828176,1.0001942,1.040124
1329.128858655084,1.000326,1.1306261
1329.13024752735,1.0001985,0.99400854
1329.1316363996161,1.0000658,1.1891203
1329.1330252718824,1.0001693,0.8533874
1329.1344141441486,1.0000248,1.1036061
1329.1358030164147,1.000139,0.97688043
1329.1371918886807,0.99999446,1.0667953
1329.1385807609477,1.0002788,0.9839381
1329.1399696332137,1.0000539,0.94870806
1329.1413585054793,1.0001336,1.2750208
1329.1427473777462,1.0000926,0.8286319
1329.1441362500123,1.0002205,0.9929168
1329.1455251222778,1.0002605,0.92334276
1329.1483028666944,1.0003214,0.46866888
1329.14969173896,1.0001118,0.9937345
1329.1510806112267,1.000283,1.2187027
1329.1524694834934,1.0001605,1.0223783
1329.153858355759,1.0000473,1.05583
1329.1552472280252,0.9999697,1.0499297
1329.156636100292,1.0001153,0.95621
1329.1580249725582,1.000184,1.0889412
1329.1594138448245,1.0001434,1.0823187
1329.1608027170905,1.0004851,0.91261023
1329.1621915893566,0.9999555,0.9644444
1329.1635804615066,0.99985397,1.2497739
1329.1649693337727,1.0000095,1.1476332
1329.1663582060396,1.0001926,0.83947766
1329.1677470783056,1.0000505,1.4508
1329.1691359505712,0.9998531,0.97351205
1329.170524822838,1.000485,0.9881648
1329.1719136951042,1.0002047,1.0136836
1329.1733025672531,0.9999851,1.1838254
1329.1746914395198,1.0000695,1.0411203
1329.1760803117863,1.0002005,1.3662027
1329.1774691840517,1.0000668,0.8992664
1329.1788580563184,0.99998856,1.5458357
1329.1802469285853,1.0000851,0.87849206
1329.1816358007345,1.000156,1.08026
1329.1830246730005,1.0001335,0.8349505
1329.1844135452675,1.0002874,1.0807976
1329.1858024175328,1.0001829,1.2957716
1329.187191289799,1.000105,0.8534435
1329.1885801619496,1.0000719,1.0843098
1329.1913579064812,1.000172,1.040317
1329.192746778748,0.9999957,1.1031053
1329.1941356510142,1.000037,1.1921846
1329.1955245231638,1.0001742,0.9075711
1329.1969133954299,1.0002084,1.0253705
1329.1983022676968,1.0000938,1.1962343
1329.199691139963,1.0001405,1.0581878
1329.201080012112,1.00002,1.0697078
1329.203857756645,1.0002716,0.5102576
1329.2052466289106,1.0000119,0.94565386
1329.206635501061,1.000262,1.1850078
1329.2080243733278,1.0001487,0.7765838
1329.2094132455932,1.0002468,1.0655866
1329.2108021178597,1.0000201,0.93821836
1329.21219099001,0.99980646,1.0045053
1329.2135798622753,1.000042,1.1053306
1329.2149687345416,1.0001603,0.9404577
1329.2163576066919,1.0000794,1.0294026
1329.2177464789581,1.0001302,0.9948847
1329.2191353512244,1.0002759,0.8545898
1329.220524223374,1.0000472,1.0379994
1329.22191309564,1.0001221,0.88689697
1329.2233019679065,0.99994147,1.3258108
1329.2246908400562,1.0001099,0.9920938
1329.2260797123222,1.0002143,1.1548089
1329.2274685845885,1.0001621,0.90299493
1329.2288574567383,1.0001398,1.0683217
1329.2302463290043,1.0000515,1.100541
1329.2316352012713,1.0000206,1.2829397
1329.233024073421,0.9999973,0.91044074
1329.2344129456865,1.0003046,1.0009252
1329.237190690103,1.0002578,0.7886228
1329.238579562369,1.0002218,1.046474
1329.239968434636,1.000224,0.9884287
1329.2413573067852,1.0001982,0.77857625
1329.2427461790512,1.0001745,1.0509177
1329.2441350512017,1.0000306,1.1197193
1329.2455239234678,1.0000657,0.9664584
1329.246912795734,0.99979895,1.1417801
1329.2483016678839,1.0000912,0.9355328
1329.24969054015,1.0000204,1.1601152
1329.2510794122995,1.000076,1.0914654
1329.2524682845658,1.0001246,1.0355426
1329.2538571567156,1.000138,1.0717771
1329.2552460289817,1.0002325,1.09549
1329.2566349012477,1.0003102,0.99229395
1329.2580237733978,1.0001152,0.67761046
1329.2594126456645,1.0002348,1.322518
1329.2608015178143,1.0002102,0.93351465
1329.2621903900797,1.0002412,1.0546995
1329.26357926223,1.0000055,1.120956
1329.2649681344963,1.0000569,0.99703765
1329.2663570066452,1.0001566,1.2621028
1329.2677458789121,1.0003903,0.7605648
1329.269134751062,0.99993235,1.0280045
1329.2705236233273,0.99981934,1.1635982
1329.2719124954779,1.0002213,0.9775766
1329.2733013677448,1.0001673,1.1057676
1329.2746902398944,1.0003695,1.0605333
1329.2760791121605,1.0001495,1.0105703
1329.2774679843103,1.000484,0.88399017
1329.2788568565766,1.0001218,1.0026045
1329.2802457287262,1.0002471,0.7498312
1329.2816346009924,1.0002662,1.1519493
1329.2830234731423,1.000066,0.936878
1329.2844123454083,1.0001658,0.9153008
1329.285801217558,1.0000316,1.2033271
1329.287190089825,1.0000935,1.2803192
1329.2885789619745,1.0000051,0.8373728
1329.28996783424,1.000294,1.1302825
1329.2913567063906,1.0000018,1.0414344
1329.2927455785402,1.0002096,0.9906498
1329.2941344508058,1.0001717,1.2660555
1329.2955233229563,1.0001584,1.0890876
1329.2969121952224,1.0002959,0.97045267
1329.2983010673715,0.9999888,1.3148354
1329.2996899396383,1.0001936,0.70082223
1329.3010788117886,1.0002062,1.0822707
1329.3024676839377,0.9999399,1.212706
1329.3038565562038,1.0001136,1.0249549
1329.3052454283543,1.0000885,1.0730247
1329.3066343006199,1.0001005,1.1849477
1329.3080231727695,1.0000515,1.0453398
1329.30941204492,0.99993813,1.0333523
1329.3108009171856,1.0002781,0.8254624
1329.3121897893352,1.0000553,1.0132462
1329.3135786614857,1.0000223,0.9409747
1329.3149675337527,1.0004435,1.0986714
1329.3163564059023,1.0001183,0.97958434
1329.3177452780515,1.0000917,1.1471353
1329.3191341503182,1.0001045,0.9799259
1329.320523022468,1.0002389,1.0678236
1329.321911894617,1.0003798,1.0699214
1329.3233007668837,1.0001745,1.1949344
1329.3246896390335,1.0000865,1.004767
1329.3260785111825,1.0002455,0.9148183
1329.3274673834494,1.0002191,0.8785511
1329.3288562556,1.000103,1.0984223
1329.330245127749,1.0002186,1.1330326
1329.3316340000151,0.9999801,1.1277806
1329.3330228721657,1.0002575,1.113624
1329.3344117443146,1.0001632,0.9170466
1329.3358006164644,1.0003225,0.96372503
1329.3371894887314,1.0004413,1.0258536
1329.3385783608803,0.9999514,0.92312396
1329.3399672330302,1.0002267,0.96577203
1329.3413561052969,1.000025,1.1319102
1329.3427449774467,1.000154,1.1229575
1329.3441338495963,1.0000556,1.0491595
1329.345522721746,1.0001159,1.0735492
1329.3469115940122,1.0002917,0.9855133
1329.348300466162,1.00039,1.1453471
1329.3496893383117,0.999973,0.80262876
1329.3510782104615,1.000202,0.9366041
1329.3524670826114,1.0000715,1.0900927
1329.3538559548774,1.0001906,1.2542897
1329.355244827028,1.0001569,0.9662621
1329.3566336991782,1.0001723,1.2219349
1329.3580225713272,1.0001893,1.0733354
1329.3594114434773,1.0000592,1.0160099
1329.360800315744,1.0002053,1.1951962
1329.362189187893,1.0001215,1.0109444
1329.3635780600428,1.0001664,0.8887321
1329.364966932193,1.0003268,1.2650424
1329.3663558043422,1.0001107,0.9475721
1329.3677446766083,0.999709,1.0876123
1329.3691335487588,1.0001714,1.1227776
1329.3705224209084,1.0000167,1.1625873
1329.3719112930585,1.0002073,0.89580715
1329.373300165208,1.0001969,1.0716358
1329.3746890373577,1.0001302,0.8973637
1329.3760779095076,0.99984914,1.1132448
1329.3774667817738,0.9998923,1.1475382
1329.3788556539234,1.0000916,0.9768511
1329.380244526073,1.0000857,1.0311469
1329.381633398223,1.0001383,0.87974036
1329.3830222703727,1.0002011,1.1433058
1329.3844111425233,1.0002372,1.2456307
1329.385800014673,1.0002532,0.6072364
1329.387188886822,1.0002974,1.1885295
1329.3899666312386,1.000137,0.9259877
1329.3913555033876,1.000096,1.121954
1329.3927443755379,1.0001751,1.1164714
1329.3941332476877,1.0001882,1.1470068
1329.3955221198376,1.0001941,1.0544319
1329.396910991988,0.99992305,1.0951096
1329.3982998641377,1.0002028,0.8148482
1329.3996887362873,1.000083,1.2477521
1329.4010776084372,1.0002818,1.0590619
1329.402466480587,1.0001055,1.1503793
1329.4038553527366,1.0000918,0.9550472
1329.4052442248862,1.0000024,1.0645362
1329.4066330970363,0.9999089,1.1389676
1329.408021969186,1.000122,1.0257528
1329.4094108413356,0.9999573,1.0445744
1329.4107997134854,0.9998527,0.98144567
1329.4121885856357,1.0001608,0.91466707
1329.4135774577855,1.0001986,1.0565726
1329.4149663299345,1.000185,0.9904735
1329.416355202085,1.0003601,0.9973061
1329.4177440742349,1.0000181,1.0591309
1329.4191329463838,1.0001851,1.0606644
1329.4205218185343,1.000215,0.9927708
1329.4219106906849,0.9998901,0.98144925
1329.4232995628338,1.0003991,0.991951
1329.4246884349836,0.9999712,1.0056328
1329.426077307134,1.0002034,1.0769411
1329.4274661792829,1.0000601,1.0904216
1329.428855051433,1.0000436,0.9972863
1329.4302439235832,1.0002673,0.93920434
1329.4316327957322,1.0002906,1.2251525
1329.433021667882,1.0001423,1.0133638
1329.4344105400323,1.0000266,0.9532918
1329.4357994121829,1.0001335,1.3081447
1329.437188284216,1.0000713,0.89215934
1329.4385771563652,1.0000061,1.0672206
1329.4399660285158,0.99991,1.2394617
1329.4413549006654,1.0000526,1.0097177
1329.4427437728145,1.0001047,0.97943664
1329.444132644965,1.0001324,1.2236048
1329.4455215171147,1.0002788,0.8444886
1329.4469103892638,0.9999886,1.1011716
1329.4482992614141,0.9999199,1.149273
1329.449688133448,1.0000899,0.9305519
1329.4510770055972,0.9999146,1.0159122
1329.4524658777468,1.0000259,1.0166231
1329.4538547498973,1.0003129,0.9644933
1329.4552436220465,0.99989325,1.1347705
1329.4566324941961,1.0000716,0.7703244
1329.4580213663467,1.0001549,1.2723342
1329.4594102383794,1.0002979,0.96335113
1329.460799110529,0.9999287,1.1647612
1329.4621879826796,1.0001464,0.8158018
1329.4635768548292,1.0002416,0.83974695
1329.464965726979,1.0001138,1.1131233
1329.4663545990124,0.9996997,1.33653
1329.467743471162,1.0000092,0.89620453
1329.4691323433117,1.0001253,1.077378
1329.4719100876118,1.0000079,1.1888908
1329.4732989596453,1.0002,0.77561647
1329.4746878317942,1.0002837,1.1739408
1329.4760767039447,1.0001252,1.0208371
1329.4774655760953,1.0004131,1.0149307
1329.478854448128,1.0002689,1.0859301
1329.4802433202776,1.0002033,0.9613835
1329.4816321924282,1.0002017,1.0027791
1329.483021064577,1.0001613,1.1236286
1329.4844099366105,1.0000621,1.1675532
1329.4857988087608,1.0001068,1.2172097
1329.4871876809098,1.0000955,0.8434087
1329.4885765530598,1.000081,1.104144
1329.4899654250937,0.99990165,0.7866745
1329.4913542972436,1.000183,1.0654107
1329.4927431693932,1.0001398,1.0132775
1329.4941320414264,1.0001563,1.078571
1329.4955209135762,1.0000812,1.1413053
1329.496909785726,0.9999627,1.268354
1329.4982986578757,1.000007,0.8981308
1329.4996875299091,0.99999046,1.2646682
1329.501076402059,1.0000727,0.9657507
1329.5024652742086,0.99996555,0.9993185
1329.5038541462418,1.0001111,0.9704292
1329.5052430183923,0.99999315,1.0043114
1329.506631890542,0.99999434,1.0335643
1329.5080207625747,1.0000843,1.1206757
1329.5094096347252,1.0003293,1.1481982
1329.5107985067584,1.0001202,0.8698529
1329.5121873789083,1.0001117,1.1605785
1329.5135762510586,1.0000021,1.1187274
1329.5149651230913,1.0002967,0.93864805
1329.516353995241,1.0003407,0.9963938
1329.5177428673915,1.0003766,1.0031333
1329.5191317394247,1.0001547,0.7781411
1329.5205206115745,0.99981934,1.141579
1329.521909483608,1.0001212,1.0896798
1329.5232983557576,0.9998133,1.1545774
1329.5246872279074,0.9998757,0.9468014
1329.5260760999408,1.0000026,0.8100828
1329.5274649720905,0.99990916,0.9882059
1329.5288538441237,0.999968,0.97702456
1329.5302427162735,1.0003026,0.89667016
1329.531631588307,0.99999046,1.0097734
1329.5330204604575,1.0000945,1.093481
1329.534409332607,1.0000569,0.97882843
1329.5357982046398,1.0001618,0.9084251
1329.5371870767901,1.0001148,0.9325394
1329.5385759488236,1.0001696,1.1600345
1329.5399648209725,0.9999862,1.1120958
1329.5413536930064,1.0001221,0.83176
1329.5427425651562,1.0000165,1.4266452
1329.5441314371888,1.0002038,0.960859
1329.5455203093393,1.0001394,0.74533236
1329.5469091813734,1.0003176,1.0544492
1329.5482980535226,1.0001762,0.9150592
1329.5496869255558,1.0002236,0.9388803
1329.5510757977063,1.0000812,0.902027
1329.5524646697395,0.99991864,1.142082
1329.553853541889,1.000214,0.97444737
1329.5552424139225,1.0002676,0.98551154
1329.5566312860728,1.0001439,1.0380104
1329.5580201581065,0.9999232,1.1466366
1329.5594090302554,1.0002841,0.91424924
1329.5607979022893,0.9999147,1.0474609
1329.5621867743228,1.000038,1.0365177
1329.5635756464717,0.99983203,0.67116535
1329.5649645185058,1.0001692,0.9348456
1329.5663533906554,1.0000374,0.990294
1329.5677422626882,1.0001125,1.1028726
1329.5691311348387,1.000244,0.917614
1329.5705200068728,1.0001879,0.876195
1329.5719088789053,1.0001752,0.94293034
1329.5732977510552,1.0000336,0.8946459
1329.574686623089,1.000094,0.80230916
1329.576075495238,0.99997276,1.1132456
1329.5774643672714,1.0001991,1.0988226
1329.5788532393053,1.0001967,0.8965541
1329.5802421114545,1.0002695,1.2455719
1329.581630983488,1.0001373,0.84016037
1329.5830198556382,1.0002832,1.1499225
1329.5844087276716,1.000153,1.0287563
1329.585797599705,1.0001364,0.9250196
1329.5871864718547,1.0001495,0.9059903
1329.588575343888,1.0000399,0.90740144
1329.5899642159213,1.0001271,1.0448638
1329.5913530880712,0.99996936,1.0043427
1329.5927419601053,1.0000702,0.7645116
1329.5941308321385,0.99994177,1.2788117
1329.5955197042877,1.0003016,0.7954875
1329.5969085763215,0.99981225,1.1985373
1329.5982974483554,1.0002784,0.9558247
1329.5996863203882,1.0000846,1.0457083
1329.6010751925378,1.000124,0.9541702
1329.602464064572,1.000031,0.91001964
1329.6038529366047,1.0000204,0.88526964
1329.6052418087543,1.000214,0.8777248
1329.6066306807884,1.0000646,1.1567296
1329.6080195528211,1.000042,0.8889855
1329.6094084248543,1.0000924,1.1175618
1329.6107972970049,1.0002081,0.88523465
1329.612186169038,1.0001627,0.8960872
1329.6135750410713,1.0003275,0.83018184
1329.614963913105,1.0000545,0.8628147
1329.6163527852545,1.0000924,1.1068084
1329.6177416572878,0.99994665,1.1115274
1329.6191305293212,1.0000365,0.9252769
1329.6205194013546,1.0002468,0.7640151
1329.6219082735042,1.0001464,1.247357
1329.6232971455374,1.0001268,0.8372537
1329.6246860175709,0.99994045,1.0985028
1329.6260748896048,1.0001358,0.9631909
1329.6274637616384,1.0001838,0.8873048
1329.6288526337873,0.9999796,1.0261133
1329.6302415058212,0.99985814,1.1541761
1329.6316303778547,0.99994934,0.80906224
1329.633019249888,1.0002086,0.8170208
1329.634408121922,1.0001854,1.1236142
1329.6357969939545,1.0000225,1.2411392
1329.6371858661046,0.999968,0.96680546
1329.6385747381385,0.9999065,0.861222
1329.639963610172,1.0001297,1.0713812
1329.641352482205,1.0004253,0.97505724
1329.6427413542383,1.0001379,0.8787985
1329.6441302262717,1.0000368,1.0755918
1329.6455190983052,1.0003006,0.81533086
1329.6469079704548,0.99997073,1.2361253
1329.648296842488,1.0000801,0.9103908
1329.6496857145216,1.0002457,0.7908162
1329.6510745865548,1.0000827,0.91196436
1329.652463458588,1.0000169,0.9560512
1329.6538523306222,1.0001291,0.952811
1329.6552412026554,1.0000714,1.113637
1329.656630074688,0.9998318,1.1580963
1329.6580189467222,1.0000963,0.894933
1329.6594078187554,1.0001341,1.0357584
1329.6607966907882,0.9999771,0.95247877
1329.6621855629387,1.0001212,0.9259323
1329.6635744349726,1.00017,0.8167022
1329.664963307005,0.99997884,0.9550486
1329.6663521790385,1.0001688,0.9468279
1329.6677410510724,1.0003122,1.057908
1329.6691299231059,1.0003397,1.2425408
1329.6705187951393,1.0002034,0.7305275
1329.6719076671725,1.0000128,1.0334222
1329.673296539206,0.99984896,0.91082275
1329.6746854112394,1.000003,0.97286713
1329.6760742832726,0.99977165,1.0585848
1329.6774631553067,0.999915,1.2105331
1329.6788520273399,1.0004456,1.0080346
1329.6802408993726,1.0001167,0.80671656
1329.6816297714067,0.99998593,1.0209652
1329.68301864344,1.0002104,1.0393924
1329.6844075154727,1.0002855,0.98877513
1329.6857963875066,1.0000728,1.2105945
1329.68718525954,1.0000942,0.7239201
1329.6885741315725,0.9999458,1.0996301
1329.6899630036064,0.9999653,1.0256653
1329.6913518756405,1.0002868,1.0098251
1329.6927407475569,1.000184,0.99369276
1329.69412961959,1.0000635,1.1357527
1329.6955184916242,1.0000937,0.8134163
1329.696907363657,1.0001613,0.9232717
1329.6982962356901,0.9999873,0.84052396
1329.6996851077242,0.999953,1.1334044
1329.7010739797568,0.9999279,1.0985414
1329.7024628517902,1.0000416,0.8302349
1329.703851723824,1.0002474,1.2845169
1329.7052405958575,1.0000665,0.9089465
1329.7066294678907,0.9999917,0.834453
1329.7080183398077,1.0002913,0.6734035
1329.7094072118416,0.9999774,1.2572752
1329.710796083875,1.0000396,0.9475351
1329.7121849559076,0.9999632,0.96249413
1329.7135738279417,1.0003096,0.9619199
1329.7149626999749,1.0001271,1.1067294
1329.7163515720076,1.000186,0.9722383
1329.7177404440417,1.0002459,0.7096611
1329.7191293159594,1.0002588,1.0746516
1329.7219070600254,0.9999555,1.03967
1329.7232959320593,1.0000279,0.9122342
1329.7246848040918,1.0000181,1.3024132
1329.7260736760088,1.0002537,0.47057852
1329.7274625480427,1.0000072,1.3654543
1329.7288514200754,1.000126,0.7211824
1329.7302402921086,1.0000443,0.94046664
1329.7316291641428,1.0000386,1.3408408
1329.7330180360598,1.0001867,1.0573989
1329.7344069080932,1.0002419,1.0089201
1329.7357957801264,1.0000348,0.8107491
1329.7371846521596,1.0001436,1.028662
1329.7385735240766,0.99999654,0.83234346
1329.73996239611,1.0000069,0.9313193
1329.7413512681433,1.000092,0.94410545
1329.7427401401767,1.0000306,1.1173791
1329.7441290120937,1.0000638,0.8632671
1329.745517884127,1.0001385,1.0833095
1329.746906756161,1.00031,0.8403305
1329.7482956281942,1.0000414,1.1241878
1329.749684500111,1.0000945,1.0056269
1329.7510733721451,0.99996036,0.86600924
1329.7524622441779,1.0000391,0.94565547
1329.7538511160947,0.99999416,1.1205184
1329.7552399881288,1.0002104,0.85814524
1329.756628860162,1.0001343,1.174981
1329.7580177321954,1.000177,0.8559732
1329.7594066041124,1.0000169,1.0360115
1329.7607954761456,1.0001582,0.8935692
1329.7621843481788,1.0000379,0.6684919
1329.763573220096,1.0000265,1.3555806
1329.7649620921293,1.0000758,0.9108582
1329.7663509641625,1.0000749,1.0580786
1329.7677398360795,1.0001019,1.054335
1329.769128708113,0.99982023,0.8599205
1329.7705175800304,1.0001796,0.85641605
1329.7719064520638,1.0000972,0.96064997
1329.7732953240964,0.9999015,1.2188329
1329.7746841960138,0.99999714,0.65180314
1329.7760730680475,1.0001701,1.018988
1329.77746194008,1.0000324,1.0034922
1329.7788508119975,1.0002117,1.2414199
1329.780239684031,0.99986565,0.66025364
1329.781628555947,0.9999893,1.1434991
1329.7830174279811,0.9997633,0.86263645
1329.7844062998988,1.0002772,1.0905031
1329.7857951719313,1.0000592,1.3455386
1329.7871840439648,0.9999724,0.81376076
1329.7885729158825,1.000195,0.77039033
1329.7899617879157,1.000026,1.01144
1329.7913506598325,1.0002779,1.1483091
1329.792739531866,1.0000165,1.0922096
1329.794128403783,1.0002472,1.0191422
1329.795517275816,0.9999533,1.1175275
1329.796906147733,1.0002627,0.9195492
1329.798295019767,1.0002489,1.0112461
1329.799683891684,1.0002227,0.65494263
1329.8010727637165,1.0002707,1.1095414
1329.8024616356342,1.0000675,0.9030965
1329.8038505076674,1.0001743,0.9037326
1329.8052393795838,1.0001245,1.0018123
1329.806628251618,0.9998783,1.1630871
1329.8080171235347,1.0000566,0.63166
1329.8094059955674,1.0000094,1.1824105
1329.8107948674851,1.0000207,0.8009844
1329.812183739519,1.0000495,1.2886299
1329.8135726114351,1.0002054,0.82069314
1329.8149614834686,0.99988204,1.0829087
1329.816350355386,1.0002892,0.90661705
1329.8177392274188,0.99996,1.2186755
1329.8191280993356,1.0002257,0.75151324
1329.8205169713697,0.99987805,1.3657196
1329.821905843286,1.0003145,0.73892456
1329.8232947152028,1.0000997,1.215719
1329.824683587237,1.0001907,0.80856174
1329.8260724591537,1.000227,1.1937785
1329.8274613311871,1.0003086,0.93858385
1329.8288502031041,1.000114,1.1843597
1329.8302390750216,0.99993944,1.0943874
1329.831627947055,0.999777,0.9454473
1329.8330168189711,1.000177,0.71272904
1329.834405691005,1.0006917,1.3061227
1329.8357945629227,1.0001612,1.0873795
1329.837183434839,1.0000211,0.66677135
1329.8385723068723,0.9999538,0.9444115
1329.83996117879,1.0002842,0.92724293
1329.8413500507063,0.99994904,0.91679585
1329.8427389227395,1.0000045,0.9180873
1329.8441277946572,1.0000631,1.0454899
1329.8455166665735,0.99988693,0.90160984
1329.8469055386067,1.0001464,0.7846516
1329.8482944105244,0.9998561,1.2880286
1329.8496832824412,1.0000839,0.6410321
1329.8510721544744,1.000042,0.99368703
1329.8524610263914,1.0001655,0.72130954
1329.8538498983085,1.0001725,1.2328237
1329.8552387703417,1.0000466,1.0846012
1329.8566276422584,1.0000191,0.9516652
1329.8580165141757,1.000132,0.8646598
1329.8594053860925,0.9999668,1.1371989
1329.8607942581257,1.0001221,0.9729333
1329.8621831300427,1.0000147,0.8897387
1329.8635720019602,1.0000153,0.8173799
1329.8649608738772,1.0001737,1.2257749
1329.8663497459106,1.0003129,0.8774047
1329.8677386178283,1.0000963,0.99058044
1329.8691274897444,0.9999635,0.95755386
1329.8705163616614,0.99987704,1.1301861
1329.8719052336953,0.9999724,0.8327284
1329.8732941056114,1.0000416,0.91968036
1329.8746829775284,1.0000883,1.3180786
1329.876071849446,1.0000393,0.5237651
1329.877460721363,1.0000904,1.2177026
1329.8788495933964,1.0000572,0.7603698
1329.8802384653131,1.0002513,1.2735257
1329.8816273372302,1.000146,0.9239014
1329.8830162091472,0.99995834,0.7524064
1329.884405081064,1.0003,1.208574
1329.8857939530972,0.99993896,0.86850965
1329.8871828250142,1.0000327,0.9364079
1329.8885716969312,1.0001894,0.93992233
1329.889960568848,0.99984944,0.918704
1329.8913494407657,1.0002168,0.902759
1329.8927383126825,1.0000501,1.1162612
1329.8941271845988,1.0001514,0.8906241
1329.895516056633,0.99995047,0.8537258
1329.8969049285497,0.99989593,0.9084662
1329.898293800466,0.9997833,0.85677135
1329.8996826723835,0.9998225,1.2288179
1329.901071544301,1.0000271,0.8173818
1329.9024604162173,0.9999632,0.85698736
1329.903849288134,1.0000551,1.2138921
1329.9052381600518,1.0000818,1.0226413
1329.9066270319688,1.0000418,1.0403637
1329.9080159038858,0.99998087,0.96418846
1329.909404775919,0.99990183,0.66156125
1329.9107936478358,1.0000045,0.99526846
1329.9121825197528,1.0000881,1.0146867
1329.9135713916698,0.999849,1.2741406
1329.9163491355043,1.0000323,0.7767191
1329.9177380074207,1.0000943,1.1253206
1329.9191268793381,0.99972945,0.9753605
1329.9205157512552,1.0003208,0.6369843
1329.9219046231713,1.0000067,1.4559366
1329.9232934950887,1.0002387,0.7022569
1329.9246823670057,0.9999863,1.31413
1329.9260712389218,0.99997056,0.7618184
1329.9274601108395,1.0001563,0.8577088
1329.9288489827572,0.9999287,1.1551137
1329.9302378546736,0.9997454,0.9719347
1329.9316267265904,1.0001034,1.071169
1329.933015598508,1.0000548,1.4506158
1329.9344044704242,1.0001822,0.29504472
1329.9357933423412,0.99997497,1.3382775
1329.9371822142589,1.0001159,0.9410497
1329.938571086175,1.000205,0.9087235
1329.939959958092,0.99994487,1.1444148
1329.9413488300095,1.000128,1.0468656
1329.9427377019265,1.0001452,0.88857794
1329.9441265737269,1.000201,0.78173476
1329.9455154456437,1.0001489,1.1431261
1329.9469043175613,1.0000654,0.9857801
1329.9482931894784,1.0003102,0.8620309
1329.9496820613945,1.000037,1.2647203
1329.9510709333122,0.99994916,0.92760026
1329.952459805229,1.0001932,1.2183003
1329.9538486771453,1.0002549,0.75816286
1329.955237549063,1.0003281,1.1118692
1329.9566264209805,1.0000715,0.8873748
1329.9580152927801,1.0000714,0.94845426
1329.9594041646974,1.000172,1.0790938
1329.9607930366149,1.0002482,0.7006123
1329.962181908531,1.0001019,1.1883181
1329.963570780448,0.9999877,0.9264775
1329.9649596523655,1.0001302,1.229181
1329.9663485242825,0.9999809,1.0793208
1329.967737396083,0.9999336,0.67643505
1329.9691262679999,1.0001514,1.1029989
1329.9705151399166,1.0001116,1.1633924
1329.9732928837507,1.0000647,1.1814458
1329.974681755551,1.0002037,0.869434
1329.976070627468,1.0000266,1.2450621
1329.977459499385,1.0000855,0.87996536
1329.9788483713019,0.9999338,1.2235211
1329.9802372432196,1.0001729,0.8967074
1329.98162611502,1.0000024,1.0774896
1329.9830149869363,1.0001167,0.8860513
1329.984403858854,1.0002004,0.72605515
1329.9857927307708,0.9998507,1.0457221
1329.9871816025711,1.0001589,1.1463333
1329.9899593464052,1.0002365,0.94935155
1329.991348218322,0.9998044,1.1114866
1329.9927370901232,1.0001148,0.7469996
1329.995514833957,0.9996708,1.292381
1329.9969037057576,1.0000693,1.1170659
1329.9982925776744,1.0000749,1.2034445
1330.0010703215082,1.0001712,1.0749367
1330.0024591933088,0.9997446,0.97677577
1330.0038480652256,1.0001041,1.0099775
1330.0066258089432,1.0001571,1.3911659
1330.0107924245774,1.0000991,1.2757187
1330.0121812964949,1.0001469,0.8198037
1330.013570168412,1.0000683,1.0979044
1330.0149590402116,1.0000162,0.82817936
1330.0163479121293,1.0000333,1.0974784
1330.0177367839299,1.0000361,0.99987876
1330.0205145277637,0.9999527,0.63571763
1330.021903399565,0.9999192,0.7143156
1330.023292271481,0.9999278,1.3123258
1330.0246811432817,1.0000918,0.9195823
1330.0260700151991,1.0000159,1.3177106
1330.0274588871162,1.0001007,0.7027724
1330.0288477589165,1.0000943,0.59129184
1330.0302366308335,1.0001513,0.65699273
1330.0316255026346,0.9999555,1.4452715
1330.0330143745516,1.0002494,0.9102066
1330.0344032463513,0.9997984,0.9699658
1330.035792118269,0.9998263,1.1065252
1330.0371809901858,1.0000539,0.86283773
1330.0385698619857,1.0002713,1.3510268
1330.0399587339034,1.0002056,1.0078169
1330.04273647762,1.0000858,0.929204
1330.0441253494214,1.0002489,1.0215586
1330.0455142213389,1.0000898,1.1422253
1330.0469030931386,1.0001069,1.0743185
1330.0482919650556,1.0000818,1.0027745
1330.0496808368566,1.0002522,0.7647437
1330.051069708773,0.9998787,1.0001929
1330.0524585805733,1.0000147,1.0174361
1330.053847452491,1.000078,0.8750917
1330.055236324291,0.9998444,1.2582295
1330.0566251960913,1.0000262,0.84365594
1330.058014068009,1.0001142,1.3354291
1330.0594029398094,0.99997866,0.75245446
1330.0607918117264,0.99988323,1.0903254
1330.062180683527,1.0000174,1.1656976
1330.0635695554447,0.99988854,1.2331768
1330.064958427245,1.0000829,0.88340896
1330.0663472991614,1.000251,0.7615128
1330.0677361709625,1.0001079,1.266798
1330.069125042763,1.0000666,1.0077919
1330.0705139146792,1.0002826,0.5702308
1330.0719027864802,1.0000889,1.201751
1330.073291658398,1.0001483,0.8962186
1330.0746805301978,1.0000684,0.7269697
1330.0788471457158,1.0001422,1.0637479
1330.0802360175162,0.9999685,1.0767081
1330.081624889434,1.0002444,0.7564657
1330.0830137612336,1.0002382,1.2812754
1330.0844026330342,0.99993813,0.9403424
1330.0857915049517,1.0000998,0.7892058
1330.0871803767523,0.9999848,1.1375911
1330.0885692485526,1.0000147,1.1256492
1330.0899581204696,1.0001122,1.1830379
1330.0913469922702,1.0000781,0.9089459
1330.0927358640706,0.99998313,1.0749191
1330.0941247359874,0.99992263,0.9994292
1330.095513607788,1.000148,1.084661
1330.096902479589,1.0000321,0.9553899
1330.09829135139,1.0000631,0.8611398
1330.099680223306,0.9998697,1.1203762
1330.101069095107,1.0001308,1.0890079
1330.1024579669077,0.9999235,0.8597431
1330.1038468388247,0.9999403,1.0129572
1330.1052357106257,1.0000615,0.9932473
1330.1066245824254,0.99963385,1.0627068
1330.108013454226,1.0000029,1.2960145
1330.1094023261435,1.0000876,0.91880137
1330.1107911979443,1.0001274,0.90514594
1330.1121800697447,1.0000099,0.9343693
1330.113568941545,1.0000378,0.6848804
1330.1149578133457,0.999996,1.0010763
1330.1163466852627,0.99990684,1.2994282
1330.117735557063,1.0000069,0.95531374
1330.1191244288634,1.0001904,0.9853504
1330.120513300664,1.0000935,0.86820424
1330.1219021724646,1.0003145,1.2141663
1330.1232910443814,1.0001273,0.65557903
1330.1246799161827,1.0000693,1.3282337
1330.126068787983,0.99994063,1.2096246
1330.127457659783,1.0001975,1.0717932
1330.1288465315843,0.99986625,0.63074905
1330.1302354033846,1.0001007,1.0105926
1330.1316242751845,1.0001526,0.96661925
1330.1330131471022,1.0002053,1.1069179
1330.1344020189026,1.0001718,0.7639565
1330.1357908907025,1.000147,1.3513865
1330.1371797625036,1.0001829,1.109311
1330.1385686343046,1.0000688,1.0021662
1330.1399575061046,1.0000606,0.5911556
1330.141346377905,1.0002742,1.100252
1330.1427352497062,0.9999384,1.1354127
1330.1441241215066,0.9999301,1.2686738
1330.1455129934238,0.99994504,0.6284987
1330.1469018652242,0.99985194,1.1791812
1330.1482907370255,0.99999756,1.0232693
1330.1496796088259,1.0000057,0.7530856
1330.1510684806258,1.000139,1.055808
1330.1524573524268,0.99999124,0.8160178
1330.1538462242274,1.0000006,0.9551068
1330.1552350960271,1.0000895,0.82391024
1330.1566239678282,1.0000812,1.0630481
1330.158012839629,1.00009,0.9340532
1330.1594017114287,1.000082,0.6242849
1330.1607905832298,1.0003011,1.4481183
1330.162179455031,0.99992925,0.82011306
1330.163568326831,1.0001606,1.235277
1330.1649571986313,0.99997723,0.8737023
1330.1663460704326,1.0000026,1.0581205
1330.1677349422323,1.0000851,0.8881527
1330.169123814033,1.0002222,1.2622327
1330.1705126858342,1.0002387,0.43252608
1330.1719015576339,1.000102,1.5232266
1330.1732904294345,0.9998699,0.9977486
1330.1746793012355,0.99993277,0.95515734
1330.1760681730361,1.0000333,1.2413887
1330.1774570448365,1.0002434,0.9122782
1330.1788459166369,0.99990684,1.1330998
1330.1802347884377,0.9999039,0.9006345
1330.181623660238,1.0002922,1.0209631
1330.1844014037233,1.0001211,1.162908
1330.1857902755237,0.9999842,1.0895894
1330.1871791473236,0.99996924,0.8804877
1330.188568019125,0.9999036,1.4456245
1330.1899568909262,1.0003779,0.51549137
1330.1913457627259,1.0000834,1.0373929
1330.1927346345265,1.0002096,0.71146184
1330.1941235063275,1.0000225,1.2215128
1330.1955123780108,0.99992865,1.100747
1330.1969012498114,1.0000714,0.6720564
1330.1982901216124,0.9999814,0.8116361
1330.199678993413,0.9998629,1.3195599
1330.2010678652136,1.0001689,0.7522013
1330.202456737014,1.0002081,0.9317968
1330.2038456088146,0.9997869,1.2381912
1330.2052344804988,1.0000176,0.8747984
1330.2066233522992,0.99986553,1.3907169
1330.2080122240995,0.9999091,0.7006707
1330.2094010959001,0.9998274,0.9678453
1330.2107899677007,1.0000134,0.9560924
1330.2121788393847,0.99995834,0.8480403
1330.213567711186,1.0000871,1.1143883
1330.2149565829864,1.000019,0.95637333
1330.2163454547863,1.0001134,1.0337749
1330.2177343264711,0.9998608,1.0730417
1330.2191231982715,1.0001519,1.0587524
1330.2205120700714,1.0001988,0.8791622
1330.2219009418725,0.999995,1.1529356
1330.2232898135567,1.0002519,0.77286786
1330.224678685357,0.99995834,1.2114285
1330.2260675571583,0.9998509,0.9183873
1330.2274564289587,0.99997723,0.5549165
1330.228845300643,1.0000483,0.955963
1330.2302341724435,1.0001689,1.432673
1330.2316230442439,1.0002396,0.98608243
1330.2330119160442,1.0000545,1.1101377
1330.2344007877284,1.0002093,1.144835
1330.235789659529,1.0000978,0.72533
1330.2371785313294,0.99983674,1.4185027
1330.2385674030136,1.0002699,0.92353725
1330.2399562748142,1.0001897,0.6396348
1330.2413451466152,0.9999886,1.3739523
1330.2427340182994,0.99980754,1.2822272
1330.244122890099,0.9996156,0.65125924
1330.2455117619002,1.0002087,1.2077986
1330.2469006335843,1.0002275,0.97154677
1330.248289505384,0.99995023,1.0802622
1330.249678377069,1.0001415,0.8603952
1330.2510672488702,1.0001417,0.9761059
1330.25245612067,1.0000597,0.962788
1330.253844992354,0.9999093,0.77606815
1330.2552338641553,0.9999649,1.0585145
1330.256622735955,1.0001208,0.82989335
1330.2580116076392,0.9998587,1.3709522
1330.2594004794405,1.0001011,0.7623401
1330.2607893511245,0.9998617,0.95035905
1330.2621782229248,0.99997103,0.8900265
1330.263567094609,1.0000389,0.8692257
1330.26495596641,1.0002457,1.2578908
1330.2663448382107,0.99999684,0.9263153
1330.267733709894,1.0001669,1.0630364
1330.2691225816952,1.0000215,0.7472818
1330.2705114533792,1.0002213,1.2363986
1330.271900325179,1.0000725,0.9218652
1330.273289196864,1.000092,0.9479262
1330.2746780686643,1.0002459,1.1721598
1330.2760669403478,1.0001277,0.72081065
1330.2774558121491,0.9998799,1.3338927
1330.2788446838338,0.9997705,0.6495643
1330.2802335556335,1.0000191,1.1872112
1330.2816224273179,1.000228,0.9231324
1330.283011299119,1.00021,1.2813468
1330.2844001708022,0.9999326,0.8026494
1330.2857890426028,1.0000043,0.91686815
1330.2871779142874,1.0000472,1.2708508
1330.2885667860874,0.99999446,0.6770482
1330.2899556577713,1.0001501,0.9665783
1330.2913445295726,1.0000174,0.8816992
1330.2927334012566,1.0001409,1.0841696
1330.294122272941,1.0,0.99625933
1330.2955111447413,0.9999701,1.0155659
1330.2969000164253,1.0003116,0.95315623
1330.298288888226,1.0001795,1.0268136
1330.29967775991,1.0000144,1.0230277
1330.3010666317111,1.0001041,0.78548014
1330.3024555033958,1.000013,1.2259656
1330.3038443750793,1.0002244,0.86409473
1330.3052332468797,0.9998042,0.9818584
1330.3066221185645,0.9999023,0.83132493
1330.308010990248,0.9999597,1.3452564
1330.3093998620484,1.0000495,0.73987234
1330.3107887337333,1.0001847,1.0424402
1330.3121776055332,1.0002202,1.0365502
1330.3135664772171,1.0000635,0.9935217
1330.314955348902,0.99998045,0.6536821
1330.3163442207024,0.9999586,1.4716388
1330.3177330923866,1.0000705,0.81116
1330.3191219640707,1.0001,1.0468445
1330.3205108358711,1.000195,0.71758187
1330.321899707555,1.0001785,1.241885
1330.3232885792393,1.0000068,0.5701664
1330.3246774509234,1.0000567,1.0838662
1330.3260663227238,1.0000219,1.6003833
1330.3274551944078,1.0003484,0.528766
1330.3288440660922,1.0002799,0.8870814
1330.3302329378932,1.0000677,1.1501472
1330.3316218095774,1.0000173,1.13155
1330.3330106812607,1.000092,0.6707805
1330.3343995529453,0.9997163,1.2338244
1330.335788424746,0.9999195,0.8571992
1330.3371772964292,1.0000689,1.0486041
1330.3482882701362,0.9999627,1.9292566
1330.3496771418204,0.9999666,1.4150596
1330.3510660135044,0.9999623,1.2937365
1330.3524548851885,0.9999964,1.0015185
1330.3538437568732,1.0000519,1.2565033
1330.3552326285574,1.0000902,0.97086966
1330.356621500357,1.0001411,0.8565305
1330.358010372042,1.0000492,1.0241681
1330.3593992437259,0.99994856,1.1345133
1330.3607881154094,0.99997926,1.2253132
1330.3621769870942,1.0001489,1.0217661
1330.3635658587782,1.0000198,1.0004767
1330.3649547304617,0.99995506,0.98502743
1330.366343602263,1.0002255,1.0126665
1330.3677324739476,1.0000608,1.1380862
1330.369121345631,0.9999811,0.85169923
1330.370510217315,0.9999844,0.99774075
1330.3718990889997,1.0000546,1.0390935
1330.3732879606832,1.0002959,0.9541773
1330.3746768323672,1.0001394,0.9851788
1330.376065704052,1.0000447,1.0735561
1330.3774545757356,1.0003012,0.8656202
1330.3788434474195,1.0000818,0.9282456
1330.3802323191044,0.9999842,0.7919401
1330.3816211907892,1.0000808,1.0997747
1330.3830100624732,1.0000763,0.9171303
1330.3843989342731,1.0000988,0.9506927
1330.385787805958,1.000185,1.1678933
1330.387176677642,1.000027,1.082582
1330.3885655493254,1.0001811,1.0354838
1330.38995442101,1.0000694,0.9872652
1330.3913432926943,0.9999925,1.038908
1330.3927321643775,1.0001982,0.9812491
1330.3941210360622,1.0000851,1.2000284
1330.395509907747,1.0000672,1.0204619
1330.3968987794306,1.0000949,0.89484036
1330.3982876511145,1.000066,1.0400655
1330.399676522683,0.99997073,0.9636884
1330.4010653943665,0.9998434,0.9282875
1330.4024542660504,1.0000818,1.1071246
1330.4038431377353,1.0001409,1.1095669
1330.4052320094193,1.0002406,1.0134611
1330.4066208811032,1.0000153,1.1092995
1330.4080097527874,0.9999189,0.8829051
1330.4093986244716,0.99989545,0.97173035
1330.4107874961555,0.9999115,1.0421766
1330.4121763678397,1.0002464,1.0122488
1330.413565239524,1.0001011,1.2298119
1330.4149541112079,1.0000942,0.90165764
1330.4163429828918,1.0000397,0.93063265
1330.4177318544596,1.0000705,0.8849477
1330.4191207261442,0.9999702,0.95321536
1330.4205095978284,1.0001324,0.788605
1330.4218984695126,1.000061,0.9228556
1330.4232873411975,1.0000315,0.82437795
1330.4246762128807,0.99981266,0.95601225
1330.426065084565,1.0000234,0.7388386
1330.4274539562496,0.9999635,1.0407084
1330.4288428278164,1.0000031,1.0837027
1330.4302316995006,1.000058,0.90470016
1330.4316205711852,1.0000832,1.117806
1330.4330094428697,0.9999681,0.9623567
1330.4343983145536,1.0000517,1.0624444
1330.4357871861212,1.0002437,0.98025334
1330.4371760578053,1.0000151,1.0590078
1330.4385649294895,1.000029,1.0064236
1330.4399538011735,1.0002061,0.86740756
1330.4413426728574,0.9999754,1.0039252
1330.442731544426,0.9998957,1.0609627
1330.44412041611,1.0001817,0.95456773
1330.4455092877934,0.9998185,1.0438914
1330.4468981594782,1.0003202,0.85920817
1330.4482870310458,1.0000453,0.94354975
1330.4496759027293,1.0001947,1.213168
1330.4510647744141,1.0001776,0.8846811
1330.452453646098,1.0000129,0.91226804
1330.4538425176652,0.9999957,0.72485125
1330.45523138935,1.0000776,1.0306859
1330.4566202610347,1.0001184,0.84745795
1330.4580091326025,0.9999803,1.079035
1330.4593980042864,1.0001158,0.926688
1330.4607868759704,1.0000767,0.9131142
1330.4621757476546,1.0000854,0.7184382
1330.4635646192223,1.0000435,1.053188
1330.4649534909063,0.99997675,0.88869315
1330.4663423625902,0.99992406,1.1379235
1330.4677312341582,1.000089,1.0891391
1330.4691201058422,1.0000992,0.9440794
1330.470508977527,0.999983,0.8921896
1330.4718978490946,1.0001643,1.0957873
1330.473286720778,1.00007,1.0336232
1330.4746755923463,0.9999799,0.93084776
1330.4760644640305,0.99984074,0.91560555
1330.4774533357138,1.0001287,0.91019297
1330.478842207282,0.99996245,0.99876666
1330.4802310789669,1.0001497,1.0410429
1330.481619950534,1.0000963,1.0669954
1330.483008822218,0.9999918,0.9381937
1330.4843976939028,1.0000087,0.97529197
1330.4857865654699,1.0001422,1.1272393
1330.4871754371538,1.00022,0.9407616
1330.4885643087223,1.0000492,0.8989733
1330.4899531804056,0.99995464,0.9214969
1330.4913420519733,0.99994123,1.0377688
1330.4927309236582,0.9998838,1.0163207
1330.4941197953422,1.0000246,1.0560416
1330.4955086669097,0.99999547,0.9749985
1330.4968975385939,1.0001843,0.9452627
1330.498286410162,1.0000589,0.92130834
1330.4996752818463,1.0001243,0.8825352
1330.5010641534132,0.999952,0.97899663
1330.502453025098,1.0002286,0.95206594
1330.5038418966658,1.0001606,1.0245773
1330.505230768349,1.0002884,0.9479156
1330.5066196399175,1.0001119,0.8965703
1330.5080085116024,1.0000241,1.0000194
1330.5093973831692,1.0000648,0.841949
1330.5107862548534,1.0002787,0.89363474
1330.5121751264219,1.0000795,1.1197529
1330.5135639979887,1.000249,0.97782946
1330.514952869673,1.0000732,1.0915194
1330.5163417412411,1.0000947,0.94517136
1330.5177306129244,1.0001059,0.909032
1330.5191194844922,1.00002,1.0946476
1330.5205083561768,0.99992055,0.9263526
1330.5218972277446,1.0000328,0.96249795
1330.5232860993124,1.0001627,1.2348887
1330.5246749709963,1.000153,0.92270184
1330.526063842564,1.0001055,1.0853176
1330.5274527142483,1.0000108,0.94532335
1330.5288415858158,1.0000241,1.1623213
1330.5302304573834,1.0001389,1.0272385
1330.5316193290682,1.0000262,0.957821
1330.5330082006358,1.0000492,0.990716
1330.5343970723193,1.0000721,0.9687238
1330.5357859438877,0.9999525,1.031886
1330.5371748154553,1.0001382,0.8665512
1330.5385636871395,0.9998564,1.0404603
1330.5399525587077,1.0000727,1.1173457
1330.5413414302748,1.0003436,1.180302
1330.5427303019587,1.0000466,0.95834833
1330.5441191735272,1.0002137,0.88252103
1330.5455080450947,1.000038,0.8113826
1330.5468969166627,1.0000097,0.9566238
1330.5482857883467,0.999954,0.84305024
1330.5496746599142,1.0001084,0.89638317
1330.551063531482,1.0002195,0.92918986
1330.5524524031662,1.0001106,0.9017652
1330.5538412747337,0.9999077,1.0171225
1330.5552301463013,1.0005071,1.1004498
1330.556619017869,1.0000818,0.81705135
1330.5580078895532,1.0002419,1.140599
1330.5593967611217,1.0000817,0.97651076
1330.5607856326892,1.0001957,0.8885664
1330.5621745042563,1.0000752,0.74238586
1330.563563375941,0.99998575,1.0086895
1330.5649522475087,1.0000656,1.0504776
1330.5663411190756,1.0000602,0.94858336
1330.5677299906438,1.0001937,0.95808655
1330.5691188622122,1.000293,0.8587442
1330.5705077338957,0.9999807,0.99511206
1330.5718966054633,0.99997824,0.96510774
1330.5732854770317,0.9997986,0.896998
1330.5746743485988,1.0000713,0.8849483
1330.5760632201664,1.0001243,0.86807895
1330.5774520917348,1.0000592,1.0329577
1330.5788409634188,0.9998589,0.81231934
1330.5802298349863,0.99992776,1.0100558
1330.5816187065543,0.99998176,0.7539875
1330.5830075781225,1.0001776,0.83661187
1330.5843964496903,1.0001271,1.0450909
1330.5857853212572,1.0000204,0.96101326
1330.5871741928254,0.9999923,1.2066852
1330.5885630643932,1.0004519,0.8406748
1330.5899519360764,1.0000503,0.99109197
1330.5913408076449,1.0000432,0.9902028
1330.5927296792124,1.0002208,0.86363
1330.5941185507795,1.0002145,0.93814135
1330.595507422348,1.0000688,0.9415082
1330.5968962939164,1.0003536,0.82687134
1330.5982851654833,1.000187,0.99044883
1330.599674037051,1.0000706,0.8755954
1330.6010629086193,1.0001928,0.7377128
1330.6024517801861,0.9999844,0.94361746
1330.603840651754,1.0001669,0.9717723
1330.6052295233221,1.0000823,0.9938047
1330.6066183948901,1.0000992,1.0312451
1330.6080072664577,1.0001713,0.88936293
1330.6093961380252,1.0000916,0.77148557
1330.610785009593,1.000121,0.8414074
1330.6121738811607,1.0000517,0.94549716
1330.6135627527283,1.0001664,0.98374987
1330.6149516242958,1.0000092,1.0890749
1330.6163404958638,1.0001136,0.9141557
1330.6177293674314,1.0000563,0.87164927
1330.6191182389998,1.0001124,1.0039126
1330.620507110568,0.9999684,0.9082593
1330.621895982135,0.99995315,0.92172337
1330.6232848537027,1.0001132,0.9311515
1330.624673725271,1.000064,0.96658206
1330.626062596838,1.0001206,0.9991114
1330.6274514684055,1.0000181,1.0610318
1330.628840339974,1.0000097,0.8938966
1330.630229211541,1.0000331,0.8515302
1330.6316180831086,0.999822,1.2406962
1330.633006954677,1.000066,0.9657702
1330.6343958262446,1.0002238,0.8171426
1330.635784697696,0.9999807,1.0344554
1330.6371735692637,1.0000992,0.88383675
1330.6385624408313,1.0000514,0.8706042
1330.6399513123988,1.0002424,0.7272609
1330.6413401839668,1.0003382,1.0898575
1330.6427290555343,1.0000901,1.0336508
1330.6441179271028,1.0001377,0.9088774
1330.645506798554,1.0002129,0.8676772
1330.646895670121,1.0000343,1.056618
1330.6482845416892,1.0000665,1.0037282
1330.649673413257,0.99981886,0.84854645
1330.651062284824,1.000073,1.1073995
1330.6524511563923,1.0000597,0.9700823
1330.6538400278437,1.0002651,0.9831921
1330.6552288994112,1.0000651,0.951846
1330.6566177709797,1.0000523,0.9456693
1330.6580066425472,1.0000724,0.97150576
1330.6593955141147,1.0000055,0.8691393
1330.660784385566,1.0000644,0.9501078
1330.6621732571339,1.0001272,1.0814387
1330.6635621287014,1.0000129,1.0032732
1330.6649510002692,1.000031,0.96431667
1330.6663398717205,1.0001824,1.0230674
1330.667728743288,1.0000759,0.7833948
1330.6691176148556,0.9999904,1.07582
1330.6705064864234,1.0000799,1.0784516
1330.6718953578752,1.0001109,0.8535632
1330.673284229443,1.000025,0.9623532
1330.6746731010098,1.000171,0.8926451
1330.6760619724619,1.0001487,1.0790018
1330.6774508440296,1.0000262,1.0592592
1330.6788397155965,1.000166,0.90928984
1330.680228587165,1.000214,0.76301694
1330.681617458617,1.0001602,0.7701583
1330.6830063301838,1.0001353,0.8417922
1330.6843952017516,1.0001982,1.019816
1330.6857840732036,1.0002037,1.0903993
1330.6871729447705,1.0000092,1.1567822
1330.6885618163383,0.9999334,0.9275304
1330.68995068779,1.0000211,0.9628285
1330.691339559357,1.0000466,0.99035335
1330.6927284308083,1.000129,0.7638271
1330.6941173023765,1.0004158,1.1135138
1330.695506173945,1.0000917,0.854467
1330.6968950453963,0.99998295,1.0894564
1330.6982839169632,1.0003861,1.0771781
1330.6996727884152,1.0000912,0.865556
1330.7010616599828,1.0001137,0.9646956
1330.7024505315499,1.0000955,1.0035653
1330.703839403002,1.0002326,1.0079502
1330.7052282745694,0.99998504,1.144228
1330.70661714602,1.0002087,0.9369003
1330.7080060175886,1.0002502,1.0822012
1330.7093948890404,1.0001053,0.9505682
1330.7107837606072,1.0000336,0.9128233
1330.712172632175,1.0000422,0.8650169
1330.7135615036268,1.0000857,0.79719174
1330.714950375194,1.0000938,0.9445119
1330.716339246645,0.9999909,0.71606004
1330.7177281182135,1.0000851,0.9140121
1330.7191169896646,1.0000843,0.84676945
1330.7205058612326,0.9999924,0.9904349
1330.7218947326837,1.0001953,0.99873483
1330.7232836042513,1.0000445,0.90304875
1330.7246724757026,1.0000175,0.9924357
1330.7260613472704,1.0001554,0.94379574
1330.7274502187215,1.0001966,0.8170049
1330.7288390901726,1.0001045,0.891538
1330.7302279617404,0.9999197,0.84557426
1330.7316168331918,0.99997246,0.93911445
1330.7330057047602,1.0000901,1.1757513
1330.7343945762113,1.0000889,0.9334607
1330.7357834477789,0.9998976,0.9516406
1330.737172319231,0.99999917,0.8787747
1330.7385611906816,1.000151,0.8958782
1330.7399500622491,1.0002455,0.9763118
1330.7413389337012,1.0002649,0.8762152
1330.742727805268,1.0001701,0.98123837
1330.7441166767194,1.0001124,0.8541203
1330.7455055481714,0.99989647,0.94567937
1330.746894419739,1.0002537,0.8624605
1330.74828329119,1.0000685,0.98343194
1330.7496721627579,1.0001198,1.0489
1330.7510610342092,1.0001999,0.84292966
1330.7524499056603,1.000096,0.831963
1330.7538387772279,1.0002486,0.9315494
1330.7552276486795,1.0001092,0.99180996
1330.7566165201313,1.0000621,1.1266965
1330.758005391699,1.0000254,0.8563534
1330.7593942631495,1.0003228,0.97514665
1330.7607831346013,1.0000758,0.9686079
1330.7621720060527,1.0001194,0.80958307
1330.7635608776195,1.0000958,0.89421386
1330.7649497490715,0.9999614,1.0410475
1330.766338620523,1.000041,0.8590931
1330.7677274920898,1.0000577,0.87391204
1330.7691163635418,0.99971414,0.9456092
1330.7705052349938,0.9999458,0.9514864
1330.7718941064443,1.0000392,0.9468867
1330.773282978012,1.0001465,0.7894214
1330.7746718494639,1.0000628,0.90863836
1330.7760607209152,1.0000486,0.9091196
1330.7774495923663,1.0001751,0.8052554
1330.778838463934,0.99992144,1.2022088
1330.7802273353855,1.0001227,0.7840843
1330.7816162068366,0.9999845,0.83053255
1330.7830050782877,1.000046,0.8427905
1330.7843939497398,0.99992037,0.85349286
1330.7857828213073,1.000231,0.9064423
1330.787171692758,1.0000873,0.97342134
1330.78856056421,1.0002061,0.8359592
1330.7899494356611,1.0000215,0.9529253
1330.7913383071118,0.99991953,1.0050464
1330.7927271785638,1.000181,0.7719658
1330.794116050132,1.000029,1.0857702
1330.7955049215825,1.0001763,0.74989194
1330.7968937930339,1.0000582,1.1740092
1330.7982826644857,1.0001453,0.9758364
1330.7996715359363,1.0000321,0.96891665
1330.8010604073875,1.0001136,0.90124494
1330.8024492788395,0.99992555,0.9501327
1330.8038381502902,1.0003282,1.0539652
1330.8052270218577,1.0000756,0.8750504
1330.8066158933098,1.000066,0.97786903
1330.8080047647609,1.0000851,0.82025516
1330.8093936362122,1.0001482,0.8912359
1330.8107825076636,1.0000836,0.9970995
1330.8121713791147,1.0000346,1.1877767
1330.813560250566,1.0000967,0.8580313
1330.8149491220174,1.0001998,0.89526606
1330.8163379934692,0.9999293,0.9746748
1330.8177268649206,1.0002133,0.9244453
1330.819115736371,0.99995935,0.8728066
1330.8205046078228,1.0002059,0.85699505
1330.8218934792749,1.0000433,0.864776
1330.8232823507255,1.0001801,0.94944394
1330.8246712221767,0.99993753,0.6617676
1330.8260600936287,1.0002556,0.9298117
1330.8274489650794,1.0001743,0.9705434
1330.8288378365305,1.0000112,0.98390615
1330.8302267079825,1.000068,0.87048566
1330.8316155794337,1.0000858,0.87485904
1330.8330044508848,1.0000445,0.83695465
1330.8343933223364,1.0001036,0.94508165
1330.8357821937875,1.000237,0.9238784
1330.8371710652386,1.0001243,0.9415906
1330.83855993669,1.0000972,1.0417833
1330.8399488081413,1.0000615,0.9253611
1330.8413376795925,1.0000029,1.1441072
1330.8427265510436,0.9998599,0.9852421
1330.844115422495,1.0002085,0.8835926
1330.8455042939468,1.0002233,1.1014065
1330.846893165282,1.0000207,1.0501407
1330.8482820367324,0.99992394,1.003928
1330.8496709081842,1.0000095,1.0354383
1330.8510597796355,1.0001341,0.7203957
1330.852448651087,0.9997209,0.9868758
1330.8538375225387,1.0001229,0.9806212
1330.85522639399,0.9999677,0.90867627
1330.8566152654412,1.0001065,0.94726634
1330.858004136776,1.0000916,0.97708535
1330.8593930082275,0.99986017,0.90069973
1330.8607818796786,0.9999796,0.9606758
1330.8621707511297,1.0000311,0.9019832
1330.863559622581,0.99992806,0.9257474
1330.8649484940324,1.0000042,0.8879041
1330.8663373653671,0.99995214,0.95374376
1330.8677262368183,1.0002671,1.0615462
1330.8691151082703,1.0000066,1.0085309
1330.8705039797217,1.0000591,0.879342
1330.8718928510557,1.0001134,0.7329998
1330.8732817225077,0.99979824,1.0826464
1330.8746705939589,0.99995565,0.66263306
1330.8760594654095,1.0000876,0.9050673
1330.8774483368616,0.99987423,0.9714947
1330.8788372081963,0.9998759,0.884579
1330.880226079647,1.0000256,0.81189024
1330.881614951099,1.0003115,0.9611541
1330.8830038224344,1.0001057,0.70408887
1330.8843926938848,1.0000308,1.0260212
1330.8857815653362,0.9999388,1.055112
1330.887170436788,0.9999408,0.9357416
1330.8885593081222,1.0000775,0.74986047
1330.8899481795734,1.0000775,0.9446747
1330.8913370510254,1.0000138,0.9083286
1330.892725922361,0.99994177,0.94074637
1330.8941147938122,1.0000709,0.98837197
1330.8955036652628,1.0000746,0.77938217
1330.8968925365984,1.0002409,1.0962716
1330.8982814080496,1.0001211,0.71681947
1330.8996702795002,1.0000473,0.93596065
1330.9010591508356,1.0002337,0.7620695
1330.902448022287,0.9999876,1.0245949
1330.9038368937374,1.0001612,0.95956594
1330.9052257650728,1.0001447,0.8680715
1330.9066146365249,1.0003309,0.97024655
1330.9080035078591,1.0001411,1.2059487
1330.9093923793102,1.0001502,0.8206876
1330.9107812507623,1.0002266,0.8824512
1330.9121701220965,0.99993676,0.8547309
1330.9135589935477,1.0000206,1.0389999
1330.9149478648833,1.0001804,0.8325621
1330.916336736334,1.0000095,0.88721544
1330.917725607785,1.0000864,0.78312176
1330.9191144791207,1.000012,1.1138319
1330.9205033505718,1.000094,0.9878913
1330.9218922219065,1.0001863,0.7047614
1330.923281093358,1.0001843,0.9575715
1330.9246699646928,1.0001202,0.9067508
1330.926058836144,1.0004501,1.0947399
1330.9274477074787,1.0001738,0.81864566
1330.9288365789303,1.0001847,1.0065778
1330.9302254502657,1.0000215,1.0333167
1330.931614321717,1.0001333,0.9313754
1330.9330031930517,1.0000294,0.9031193
1330.9343920645038,1.0001673,1.1559081
1330.9357809358378,1.000086,0.95007396
1330.9371698072891,1.0001748,0.7540209
1330.9385586786248,1.0002347,0.7126968
1330.9399475500752,1.0002011,0.9109755
1330.9413364214101,0.9999398,1.0583284
1330.9427252927455,1.0000644,0.7851744
1330.944114164197,1.0000764,0.99644554
1330.9455030355316,0.9998019,1.0094472
1330.9468919069827,1.0001279,0.7638717
1330.9482807783177,1.0001972,1.0376712
1330.949669649769,1.000138,0.9756279
1330.9510585211037,1.0001851,1.1360242
1330.9524473924387,1.0001832,0.9878597
1330.9538362638905,1.0001323,1.0969354
1330.9552251352254,0.99992204,0.8144857
1330.9566140065594,1.0000219,0.91089916
1330.9580028780115,1.000039,0.92788774
1330.9593917493462,0.9999684,1.1427069
1330.9607806207969,0.9999796,0.8373459
1330.9621694921325,1.0000211,1.1289339
1330.9635583634672,0.9999369,1.1169982
1330.9649472349179,0.99993753,1.1478509
1330.9663361062535,1.0001955,0.7715628
1330.967724977589,0.99989796,0.84227455
1330.9691138490393,1.0000503,1.180831
1330.9705027203743,1.0000769,0.8117976
1330.9718915917097,0.9998616,0.98410034
1330.9732804630448,1.0001131,1.0780933
1330.974669334496,1.0002071,0.89147425
1330.9760582058307,1.0001262,0.77541596
1330.9774470771656,1.000136,1.1135424
1330.978835948617,0.9999058,1.0711974
1330.9802248199517,0.99983346,0.7723271
1330.9816136912873,1.000006,0.9088751
1330.983002562622,1.0001525,0.9685962
1330.9843914340727,1.0000108,0.8612862
1330.9857803054083,1.0000281,0.860144
1330.987169176743,1.0001771,1.1082478
1330.9885580480773,1.0000105,0.9166335
1330.9899469194127,1.000121,1.0463867
1330.9913357908645,0.99999297,0.924146
1330.9927246621987,1.0000743,0.93132615
1330.9941135335334,0.99988014,1.2274237
1330.995502404869,1.0001478,0.83912843
1330.9968912762033,1.0003135,1.0733038
1330.9982801476544,0.99983877,0.9743265
1330.99966901899,1.0000789,1.1533526
1331.0010578903243,1.0002064,0.92806166
1331.002446761659,1.0000362,0.7998177
1331.0038356329947,0.99993736,0.86037743
1331.0052245043294,1.000086,0.88755643
1331.006613375664,0.99995804,1.120632
1331.0080022471157,1.0000186,1.008671
1331.009391118451,1.0000182,0.8159675
1331.010779989786,0.99999267,0.96678495
1331.01216886112,1.0000283,1.0252451
1331.0135577324554,1.0000734,0.92203605
1331.014946603791,1.0000472,0.90081155
1331.0163354751253,1.0001216,1.0019457
1331.01772434646,0.99996996,0.887715
1331.0191132177956,1.0000705,1.0679649
1331.0205020891299,1.0000484,0.91410834
1331.0218909604646,1.0002328,0.91240823
1331.0232798318002,1.0000715,0.9699055
1331.0246687031342,1.0000843,1.0857111
1331.0260575745856,1.0000237,0.9291739
1331.027446445921,1.0001767,1.0393989
1331.028835317256,1.000127,0.89547414
1331.0302241885906,1.0000365,1.0028242
1331.0316130599256,0.9999475,0.92577153
1331.0330019312605,1.0001621,0.8980341
1331.0343908025952,0.9999122,1.0793916
1331.03577967393,1.000263,0.75809014
1331.0371685452649,1.0000736,0.726447
1331.0385574165998,1.000175,1.224896
1331.0399462879345,0.99985796,1.0190251
1331.0413351591528,1.0000073,0.871605
1331.0427240304884,1.0000294,1.1013014
1331.0441129018234,1.0001451,0.86443937
1331.0455017731574,1.0000228,0.92464405
1331.046890644493,0.9999324,0.88693476
1331.0482795158277,1.0000365,0.848031
1331.0496683871627,1.0000867,0.92657644
1331.051057258498,1.0001715,0.8329214
1331.0524461298332,1.0000705,1.0459672
1331.053835001168,0.9999486,0.8656839
1331.0552238725027,1.0000106,1.0418855
1331.0566127438376,1.0001229,0.8359269
1331.0580016150561,1.0002899,0.91982996
1331.0593904863908,1.0000447,0.98317575
1331.0607793577256,0.9998116,0.762318
1331.0621682290605,1.0001094,0.8949802
1331.0635571003954,1.0000921,1.0908482
1331.0649459717301,1.0000472,0.94961405
1331.0663348430658,0.99998814,1.0225879
1331.067723714284,1.0001131,1.2479936
1331.0691125856183,1.0002687,0.6357688
1331.070501456954,1.0000733,0.8709102
1331.0718903282886,0.99993926,1.1043422
1331.073279199623,0.9999961,0.76530194
1331.0746680708419,0.99988556,0.9541226
1331.0760569421773,0.99976575,1.2345456
1331.0774458135115,0.99997926,0.7533704
1331.0788346848465,0.99984854,1.0084678
1331.0802235561819,0.9999709,0.8185775
1331.0816124273997,1.0001106,1.1017557
1331.0830012987344,1.0000924,0.8834996
1331.08439017007,1.0001202,0.94771755
1331.0857790414043,0.9999821,0.9611791
1331.0871679126226,1.0000223,1.0711428
1331.0885567839582,1.0001156,0.87877357
1331.0899456552938,0.999917,1.1744068
1331.0913345266285,1.0002879,0.70634025
1331.0927233978464,1.0001584,0.9760734
1331.0941122691818,1.0002518,0.7105651
1331.0955011405167,0.9997889,1.0170861
1331.0968900117343,1.0001825,1.1964656
1331.0982788830697,1.0003082,0.94341207
1331.099667754405,1.0000988,0.97760093
1331.1010566256225,1.0001771,0.9593213
1331.102445496958,1.0002096,0.86261964
1331.1038343682935,1.0000324,0.94864005
1331.1052232395114,0.9999828,1.3454177
1331.106612110846,0.9999838,0.9200243
1331.1080009821817,0.9999683,0.8696285
1331.1093898533993,1.000205,0.9566031
1331.1107787247342,1.0002506,0.9317403
1331.1121675959535,1.0000817,0.9343784
1331.1135564672882,1.0001855,0.9408485
1331.1149453386229,1.0002621,0.9849582
1331.1163342098414,1.0000522,0.90196675
1331.1177230811763,1.0002172,0.86159825
1331.1191119523946,1.0002234,1.0213507
1331.1205008237293,1.0003085,0.83617115
1331.1218896950643,0.99986845,1.0303898
1331.1232785662828,1.0002804,0.7641434
1331.1246674376175,0.9999791,1.0134313
1331.126056308836,1.0000193,0.9453732
1331.1274451801714,1.0000161,0.9667269
1331.12883405139,1.0001754,0.8380518
1331.130222922725,0.9999384,0.844841
1331.1316117939439,1.0000509,1.0323026
1331.133000665278,0.99999166,1.0275506
1331.1343895364967,1.0001262,1.11848
1331.135778407832,1.0001515,1.0122536
1331.1371672790506,0.99992704,1.0423341
1331.1385561503853,1.0001131,0.76660335
1331.1399450216036,0.9997687,0.951974
1331.1413338929385,0.99998397,0.968759
1331.142722764157,0.9998849,0.92473143
1331.1441116354918,0.99998015,1.071311
1331.14550050671,1.0001503,0.79683036
1331.1468893780452,1.0001559,0.76695156
1331.1482782492635,1.0002266,1.0075488
1331.1496671204818,1.0000631,1.1863523
1331.1510559918174,0.999952,0.863243
1331.1524448630357,0.9997096,1.203731
1331.15383373437,1.0000763,0.5069742
1331.1552226055892,0.9998926,1.2436721
1331.1566114768075,1.0000455,0.9223577
1331.1580003481417,1.0001808,1.2131857
1331.159389219361,1.00021,0.89944506
1331.1607780906963,1.000057,0.8098922
1331.162166961914,0.99999195,1.0501639
1331.1635558331325,1.0002133,0.7942056
1331.1649447044679,0.9998759,1.0636886
1331.1663335756857,0.99999106,1.0454007
1331.167722446904,0.9999836,0.8413117
1331.1691113182396,0.9999021,1.0021166
1331.1705001894582,0.9999249,0.7210009
1331.1718890606767,0.9998399,0.9678753
1331.1732779320114,1.0000744,0.85990554
1331.1746668032306,0.9998743,1.089558
1331.176055674449,1.000041,0.9986638
1331.1774445457831,1.0001833,0.86747885
1331.1788334170024,1.000095,1.0076091
1331.1802222882206,1.0000516,1.0320365
1331.1816111594385,1.0001893,1.1422913
1331.1830000307739,1.0002532,0.8898202
1331.1843889019924,1.00029,0.7316018
1331.18577777321,1.0000153,1.0416653
1331.187166644429,0.99984527,1.0383171
1331.1885555157646,0.999909,0.8520944
1331.1899443869825,1.0002706,1.0554632
1331.1913332582008,0.9998302,0.8663137
1331.19272212942,1.0000641,0.5949388
1331.1954998719725,1.0001625,1.0860908
1331.1968887431917,1.0001845,0.8424371
1331.19827761441,1.0001136,0.993335
1331.1996664856283,1.0003095,0.899436
1331.2010553568468,0.999943,0.7931918
1331.2024442281818,0.9999564,0.8749138
1331.2038330994,0.99996036,0.75728226
1331.2052219706186,1.000139,0.9341085
1331.2066108418371,1.0001343,0.83790874
1331.2079997130554,1.0000713,0.8517711
1331.2093885842737,1.0000368,0.99580264
1331.210777455493,1.0000972,0.82257843
1331.2121663268285,1.0000211,1.0243838
1331.2135551980462,1.0002548,0.9035874
1331.2149440692647,1.0000985,0.8882777
1331.2163329404839,1.0002233,0.9289564
1331.2177218117015,0.99990815,1.0440843
1331.21911068292,1.0001314,1.0498224
1331.220499554139,1.0000904,0.7468741
1331.2218884253575,1.0000663,0.9074581
1331.2232772965758,1.000186,0.86665964
1331.224666167794,1.0000136,0.9315517
1331.2260550390129,0.99981266,0.8304083
1331.2274439102312,1.0001013,0.9890822
1331.2288327814495,1.0001523,0.8517515
1331.230221652668,0.9997733,0.96860766
1331.2316105238865,0.9997909,1.1779344
1331.2329993951048,0.99996287,0.7259684
1331.234388266323,1.0000268,1.1005396
1331.2357771375423,0.99999255,0.8990356
1331.2371660087608,1.0000008,0.78857297
1331.2385548799784,1.000059,0.9619988
1331.2399437511976,0.9999614,0.9422009
1331.241332622416,0.99996144,0.8540933
1331.2427214936338,1.0001681,0.8398315
1331.244110364853,1.000115,0.80831844
1331.245499236072,0.9999478,1.0016636
1331.2468881072905,1.0000424,0.8356606
1331.2482769785088,1.0001094,1.0720718
1331.2496658497273,1.0002717,0.8678457
1331.2510547209458,1.0002679,0.89354503
1331.2524435921641,0.9998679,1.0010647
1331.2538324633824,1.0000639,0.97573817
1331.255221334601,1.0003365,0.94658357
1331.2566102058195,1.0000037,0.87016004
1331.2579990769214,0.9999575,1.0963849
1331.2593879481406,1.000099,1.2119769
1331.2607768193589,1.0001187,0.8237139
1331.2621656905767,1.000088,1.120581
1331.263554561796,0.99984056,0.7958866
1331.2649434330142,0.99989665,0.8570443
1331.266332304232,0.99985784,0.9576832
1331.267721175451,1.0001465,0.78536177
1331.2691100465531,1.0000236,1.2181883
1331.2704989177707,0.99993485,0.79801345
1331.2718877889897,0.9999948,0.9843266
1331.273276660209,1.0000921,0.7833315
1331.2746655314268,1.0001019,0.81292504
1331.2760544025286,1.0001822,0.8414648
1331.2774432737478,0.99995184,1.014369
1331.2788321449657,1.0002658,1.1179304
1331.280221016184,1.0000551,0.93001497
1331.2816098874032,0.9998844,1.1848624
1331.282998758505,1.0000576,1.0071608
1331.2843876297236,0.99998057,1.2167085
1331.2857765009421,0.9999649,0.6287564
1331.287165372161,1.0000362,0.86694795
1331.2885542432632,0.9999719,0.87552303
1331.2899431144808,1.0000991,1.0066682
1331.2913319856998,1.0000604,0.933017
1331.292720856802,1.0002807,0.8776628
1331.2941097280195,1.000102,1.0821947
1331.2954985992387,1.0002472,0.8905958
1331.296887470458,1.0003896,1.1284591
1331.2982763415594,1.0002061,0.7673282
1331.2996652127777,1.0000018,0.9858992
1331.3010540839969,1.0000867,0.9371186
1331.302442955098,1.0000422,1.1988318
1331.3038318263166,1.0000943,1.1135992
1331.3052206975358,0.9999952,0.89182824
1331.3066095686377,0.9999269,0.9523311
1331.307998439856,1.0000622,1.1287903
1331.309387310958,0.99995375,0.9132801
1331.3107761821766,0.9997793,0.7709473
1331.312165053395,0.9997194,1.0355994
1331.3135539244968,1.0000597,0.87378275
1331.3149427957153,0.9999893,0.8509674
1331.3163316668174,1.0002737,0.9615129
1331.3177205380357,1.0000381,0.98269296
1331.3191094092542,1.0000781,0.76152384
1331.3204982803568,1.0001179,1.0037856
1331.3218871515753,1.0000304,0.79451567
1331.3232760226765,0.9999902,1.0376952
1331.3246648938957,1.000222,1.1063653
1331.3260537649976,1.0000223,0.8805169
1331.3274426362161,1.0001271,1.0243196
1331.328831507435,1.0001215,0.87238985
1331.3302203785374,0.9999253,1.0258676
1331.3316092497557,1.000252,1.0352726
1331.3329981208576,0.99979293,0.76388246
1331.3343869920761,0.99978304,1.0650458
1331.3357758631782,1.0000615,1.0000175
1331.3371647343965,1.0000113,1.0890392
1331.3385536054984,0.99995816,0.927204
1331.3399424766005,0.9999998,0.9235486
1331.341331347819,0.9999386,0.96030784
1331.342720218921,1.0000534,0.9651717
1331.3441090901401,1.0002065,0.97339165
1331.345497961242,0.99999446,0.88030756
1331.3468868324599,1.0000803,0.89399976
1331.3482757035626,1.0000721,0.9896277
1331.349664574781,1.0001298,1.1074762
1331.3510534458824,1.0001593,0.80973005
1331.3524423169852,1.0001955,1.0005774
1331.3538311882041,1.0002191,0.8003308
1331.3552200593053,0.9999011,0.891902
1331.3566089305239,1.0000315,1.1086068
1331.3579978016264,1.0001197,0.74424446
1331.3593866727279,1.0001858,1.1099285
1331.3607755439461,1.0002786,0.9426418
1331.362164415049,1.0001208,0.89098513
1331.3635532861504,1.0000486,0.78513896
1331.3649421573687,1.0000013,0.8398199
1331.3663310284714,0.9999585,1.0951923
1331.3677198996907,1.0000635,0.8654916
1331.3691087707925,0.9999151,1.0649291
1331.370497641894,1.0000328,1.4306959
1331.3718865129965,1.0000784,1.0049152
1331.373275384215,0.9999672,1.0718518
1331.3746642553162,1.0001938,0.91642815
1331.3760531264188,1.0000764,1.0965437
1331.377441997638,1.0001372,0.8977484
1331.3788308687394,1.0000054,1.113939
1331.3802197398413,1.0001428,0.7623385
1331.381608610944,1.0000665,0.8473518
1331.382997482162,1.0002681,0.9299974
1331.3843863532638,0.9998917,0.94074833
1331.3857752243666,1.0000563,1.203347
1331.387164095468,1.0000161,1.0916349
1331.3885529666863,0.9999295,1.1053048
1331.3899418377891,1.0000408,0.9894202
1331.391330708891,1.000141,0.85051167
1331.392719579993,0.9999826,0.99651325
1331.3941084512114,1.0000384,1.2104261
1331.3954973223135,1.0001003,1.2532263
1331.3968861934154,1.0001525,0.69472355
1331.3982750645173,1.0000932,0.9779599
1331.3996639356196,1.000149,0.94129014
1331.4010528067215,1.0001043,0.9161122
1331.4024416779398,1.0003053,1.0260708
1331.4038305490426,1.0000899,0.8013827
1331.4052194201454,1.000042,1.0742644
1331.4066082912466,1.0000783,0.97871196
1331.4079971623487,1.0001762,0.94548255
1331.4093860334515,0.9999956,0.8742866
1331.4107749045527,1.0001599,1.2919204
1331.4121637756548,1.000213,1.0563139
1331.4135526468738,1.0002633,1.0330161
1331.4149415179759,1.0001427,1.0566581
1331.4163303890778,1.0000596,0.845592
1331.4177192601796,1.0000405,1.0174918
1331.4191081312817,0.9998272,1.0441471
1331.4204970023839,1.0000585,1.0848933
1331.4218858734857,1.0002005,1.0304319
1331.4232747445878,1.0001271,0.9880624
1331.42466361569,1.0001534,1.063964
1331.4260524867918,1.0001073,1.0366324
1331.4274413578937,1.0002916,0.98551536
1331.4288302289965,1.0001432,0.9799181
1331.4302191000984,0.9998891,0.9396518
1331.4316079711998,1.0000644,0.9711424
1331.4329968423026,0.9999915,0.98207355
1331.4343857134045,0.9999734,0.9690832
1331.435774584506,0.9998394,1.0848699
1331.4371634556087,0.99974906,1.0085815
1331.4385523267113,1.0000423,0.7408139
1331.4399411978125,0.99984324,1.1647487
1331.4413300689146,0.9999136,0.9239601
1331.4427189400171,1.0001359,1.176448
1331.4441078111195,1.0001115,1.0396986
1331.4454966822213,1.0002031,0.8377603
1331.4468855533232,1.000153,0.97208405
1331.4482744244253,1.0002273,0.9888811
1331.4496632955274,1.0001571,0.99691737
1331.4510521666293,1.0001466,0.9179462
1331.4524410376157,0.9999649,0.9528687
1331.4538299087176,1.0003061,0.9729953
1331.455218779819,1.0001577,1.0199293
1331.4566076509218,1.0000299,1.037835
1331.4579965220237,1.0001123,0.81366754
1331.459385393125,1.0001613,0.87619746
1331.4607742642277,1.0001887,1.066689
1331.4621631353302,0.9997859,0.8923658
1331.4635520063152,1.0000312,0.8906874
1331.4649408774171,1.0000001,0.9038732
1331.46632974852,0.99979115,1.0395887
1331.4677186196213,1.0000228,1.0643425
1331.4691074907232,1.0001086,0.9347247
1331.470496361826,1.0001373,0.9416548
1331.471885232811,1.0000955,0.9089239
1331.473274103913,0.99976754,1.130876
1331.4746629750157,1.0002344,0.8134005
1331.4760518461176,0.99994814,0.99293125
1331.477440717103,1.0001123,1.146408
1331.4788295882054,1.0001622,0.96422476
1331.4802184593073,1.0000225,0.99692
1331.4816073304091,1.0000423,0.77865934
1331.4829962013948,1.0000719,0.95749545
1331.4843850724974,0.9999538,1.1657346
1331.4857739436002,0.9999403,0.90487474
1331.4871628147016,1.0000464,0.9173442
1331.488551685687,1.0001236,1.0178272
1331.4899405567899,0.99982786,0.84947705
1331.4913294278913,1.0000523,1.4033629
1331.4927182988768,0.9998129,0.8902073
1331.4941071699795,1.0001214,0.96244913
1331.4954960410807,0.99992776,0.97209954
1331.4968849121828,0.9997894,1.030378
1331.498273783169,1.0000863,0.86814207
1331.499662654271,1.0000128,0.97060895
1331.5010515252566,1.0000527,0.9772415
1331.5024403963587,0.99999964,1.1552677
1331.5038292674608,0.9999938,1.0680076
1331.5052181384463,1.000029,1.1490735
1331.5066070095481,1.0001401,0.85541654
1331.5079958806502,0.999809,1.1927462
1331.5093847516364,0.9998573,1.2602361
1331.5107736227385,1.0001681,0.8828827
1331.5121624937233,0.99984014,1.2638181
1331.513551364826,1.0000949,1.1664379
1331.5149402359282,1.0001451,1.1073208
1331.516329106913,0.99997157,1.0850798
1331.5177179780158,1.000205,0.90631586
1331.5191068490012,1.0000966,1.2080392
1331.5204957201026,1.0001208,0.7482879
1331.521884591089,1.0000935,1.002504
1331.5232734621918,1.0001636,1.2305214
1331.5246623331773,1.0002122,0.9513087
1331.5260512042792,1.0002552,0.8041327
1331.5274400752648,1.0001584,0.84913135
1331.528828946367,1.0001817,0.84809893
1331.5302178173524,0.9998998,1.117949
1331.5316066884543,1.0000932,0.8402403
1331.5329955594407,1.0000564,0.9856962
1331.5343844305426,1.0001493,1.1441329
1331.5357733015276,1.0001596,0.8513215
1331.5371621726304,1.0000887,0.93818116
1331.5385510436158,1.0001932,1.0291954
1331.5399399147173,1.0000324,1.0137365
1331.5413287857036,0.99992704,0.8878405
1331.5427176568055,1.0000598,0.87845516
1331.5441065277905,1.0002521,0.872786
1331.5454953987767,1.0000415,1.0167941
1331.5468842698792,1.0001343,0.9755237
1331.5482731408642,1.0000453,1.0691018
1331.5496620119663,1.0002854,0.88443905
1331.5510508829525,1.0000222,0.7315355
1331.5524397539375,1.0000021,1.1936324
1331.5538286250394,1.0001748,1.0095755
1331.5552174960258,1.000197,0.64831394
1331.5566063671276,1.0000503,1.1617162
1331.559384109099,1.0000153,1.2671639
1331.560772980201,1.0002223,0.8375441
1331.5621618511866,1.0000756,1.0556525
1331.5635507221723,1.0000402,0.91690004
1331.5649395932749,0.9998568,0.97528017
1331.5663284642606,1.0003161,1.0706626
1331.5677173352453,1.0000445,0.84257287
1331.569106206348,1.0000725,0.9163994
1331.5704950773343,1.0000225,0.9600282
1331.5718839483193,1.0000944,1.2239779
1331.5732728193047,1.0003725,0.70274043
1331.5746616904075,1.0001816,0.85548824
1331.5760505613925,1.0000323,0.98823357
1331.577439432378,1.0003215,1.027506
1331.5788283033644,1.0001066,1.0777584
1331.5802171744663,1.0002817,0.76534045
1331.5816060454517,1.0001141,1.0366039
1331.5829949164377,1.0002116,0.94193006
1331.5843837874231,1.0001793,0.95310515
1331.585772658525,1.0001123,0.63171077
1331.5871615295107,0.99999964,1.055269
1331.5885504004964,1.0001272,1.0894662
1331.5899392714819,1.0002638,0.9225362
1331.5913281424673,1.0000618,1.036151
1331.592717013453,1.000213,0.8538102
1331.5941058845556,1.000103,0.8056121
1331.5954947555415,1.0000764,0.97976875
1331.5968836265263,1.0002084,0.8154937
1331.5982724975124,1.0003215,1.0307842
1331.5996613684981,1.0002009,0.8645842
1331.6010502394838,1.0001204,1.0529252
1331.60243911047,1.000037,0.78568536
1331.603827981572,0.9999883,0.8930204
1331.6052168525575,1.0002165,0.88776696
1331.6066057235432,0.9999597,1.2230167
1331.607994594529,0.999934,0.9019269
1331.6093834655144,0.99999213,1.061083
1331.6107723364998,1.0000714,0.89529985
1331.6121612074855,1.0000696,1.011736
1331.6135500784712,0.99999446,0.98435426
1331.6149389494567,0.9999448,0.8588764
1331.6163278204422,1.0000652,0.64817256
1331.6177166914285,1.0001646,0.9785547
1331.6191055624142,0.9998888,0.8997689
1331.620494433399,1.0000862,1.0001371
1331.6218833043854,1.0000818,0.8629577
1331.6232721753709,1.0003397,0.7287876
1331.6246610463559,1.0002737,1.029937
1331.6260499173422,1.0002598,0.8594203
1331.6274387883286,0.9999824,0.98811996
1331.6288276593134,1.0000988,0.8611981
1331.630216530299,1.0000298,0.88852775
1331.6316054012852,1.0000747,0.8153692
1331.63299427227,1.0001532,1.0052626
1331.6343831432557,1.0000777,0.72195417
1331.6357720142419,0.9999771,1.078385
1331.6371608852269,0.9999803,0.92815864
1331.6385497562123,1.0000565,0.9694772
1331.6399386271987,1.0001004,1.0756484
1331.641327498185,1.0000405,0.8362069
1331.6427163691706,0.9999933,0.81657773
1331.6441052401556,1.0004268,0.91762656
1331.645494111142,0.99986017,0.8345877
1331.6468829821274,1.0000925,0.82693136
1331.6482718531124,1.0001308,0.9707153
1331.6496607239824,1.0001341,1.0597622
1331.6510495949685,0.99994934,0.72579765
1331.6524384659533,0.99989414,1.0380858
1331.653827336939,0.99991655,0.859704
1331.6552162079252,0.99992156,0.8413818
1331.6566050789102,1.0000182,1.0019375
1331.6579939497792,1.0002215,0.91843736
1331.6593828207656,1.0000604,1.0132941
1331.6607716917506,0.99995935,0.9565481
1331.662160562736,1.0001773,0.7844109
1331.6635494337224,0.99989444,0.72387874
1331.664938304708,0.9999988,1.0515727
1331.6663271755772,0.99993926,0.8757271
1331.6677160465629,1.0000111,0.7764382
1331.6691049175483,0.99983966,0.84519696
1331.6704937885338,1.0001785,0.59962606
1331.671882659403,1.0001633,0.9807335
1331.6732715303888,0.9999577,0.7926439
1331.6746604013751,1.0000278,0.75577533
1331.6760492723606,1.0001241,0.89105266
1331.6774381432292,1.000045,0.93844473
1331.6788270142154,0.9999426,0.91319215
1331.680215885201,0.99981844,0.8952323
1331.6816047561865,0.99988204,0.7405261
1331.6829936270565,1.0000589,0.9411187
1331.6843824980413,1.0000007,0.9088663
1331.685771369027,0.9996882,0.86523086
1331.687160239897,0.99995464,0.8425381
1331.6885491108824,1.000159,0.87061226
1331.6899379818678,1.000285,0.92029095
1331.6913268527371,1.0002884,0.82096344
1331.6927157237228,1.0001296,0.9375984
1331.6941045947083,1.0001254,0.8654412
1331.6954934655773,1.0001829,1.0423421
1331.6968823365632,1.0001291,1.0082415
1331.698271207433,1.0001862,0.85042447
1331.6996600784187,1.0002552,0.59056795
1331.7010489494035,1.0001032,1.1044492
1331.7024378202732,1.0001858,0.7338437
1331.7038266912589,1.000158,0.9781064
1331.7052155621273,0.99992734,0.8590542
1331.7066044331136,1.0000353,0.9306835
1331.7079933040993,0.99993306,0.7696471
1331.7093821749677,1.0000958,1.1304089
1331.710771045954,0.9999062,0.8008622
1331.712159916824,1.0000503,0.8562648
1331.7135487878088,0.9997751,0.7652738
1331.714937658678,0.99992675,0.7675192
1331.7163265296642,0.99955136,1.0323303
1331.7177154005326,0.9998871,0.90132326
1331.7191042715185,0.99980336,0.6565152
1331.7204931423882,0.9997928,0.9060457
1331.7218820133744,0.9998145,1.1588966
1331.7232708842437,0.9998446,0.8343059
1331.7246597552285,0.99986243,0.8552617
1331.7260486260984,0.9997233,0.76489085
1331.7274374970839,0.9999282,0.87901175
1331.7288263679525,0.9998687,0.8589495
1331.7302152389389,0.9998635,0.93718004
1331.731604109808,0.9996647,0.88581276
1331.732992980793,0.9997282,0.9410578
1331.7343818516629,0.9997486,0.89005804
1331.7357707225326,0.9998463,0.81446004
1331.7371595935174,0.999805,1.1505961
1331.7385484643867,0.9999838,0.83493006
1331.7399373353728,0.99978495,0.88787484
1331.7413262062414,0.9996847,0.8136767
1331.7427150771105,0.9997844,0.91804564
1331.7441039480968,0.9998697,0.77557766
1331.745492818966,0.99963886,1.0663441
1331.7468816899518,0.9997864,0.7248974
1331.7482705608209,0.9997799,1.0712584
1331.74965943169,0.99963784,0.79270095
1331.7510483026756,0.99978155,0.7531684
1331.7524371735449,0.99983454,0.6690829
1331.753826044414,0.9997834,0.8495574
1331.7552149153996,0.9998747,0.97112906
1331.756603786269,0.9998623,1.0199374
1331.757992657138,0.9998565,0.7546071
1331.759381528008,0.9998891,0.64027655
1331.7607703989934,0.99984545,0.9802482
1331.7621592698624,0.9996631,0.89144117
1331.7635481407324,0.9998441,0.9598475
1331.7649370117174,0.99987054,0.9318425
1331.7663258825864,0.9997407,0.9512445
1331.7677147534564,0.99979776,1.114613
1331.7691036243255,0.9999254,0.8072525
1331.7704924953111,0.9998088,1.1094819
1331.7718813661804,0.9998389,0.8218562
1331.7732702370495,0.9998859,0.88710505
1331.7746591079185,0.9997853,0.8672993
1331.7760479787878,0.9998082,0.800138
1331.7774368497735,0.9996936,0.8861796
1331.7788257206435,0.9996759,0.99922717
1331.7802145915125,0.99998534,0.6633933
1331.781603462381,0.9998013,0.8750987
1331.7829923332508,0.9996218,1.1076224
1331.7843812042365,0.9997285,0.88979816
1331.785770075105,0.99980384,0.96585226
1331.7871589459746,0.99987495,0.84174335
1331.7885478168441,0.9995206,0.9900203
1331.7899366877125,0.9997641,0.978096
1331.7913255585822,0.9997123,0.8800746
1331.7927144294522,1.0000083,0.9483525
1331.7941033003208,0.9999287,1.1307346
1331.7954921713063,0.9997109,0.60212344
1331.7968810421762,0.999845,0.61584455
1331.7996587839143,0.9998911,0.8259419
1331.8010476547838,0.9997795,0.9478163
1331.8024365256535,0.99975777,0.83827597
1331.8038253965228,0.9996766,0.6671619
1331.8052142673912,0.99976456,0.980227
1331.806603138261,0.9996166,0.8093583
1331.8079920091302,0.99985313,0.8938099
1331.8093808799986,0.99946976,0.95967823
1331.8107697508685,0.999864,0.65424377
1331.8121586217378,0.9998714,1.0222956
1331.8135474926062,0.9997258,0.8732837
1331.8149363634761,0.9997833,1.0567393
1331.816325234346,0.99995816,0.9836062
1331.8177141052145,0.9999122,0.84685063
1331.8191029760837,1.0000017,0.770045
1331.8204918469535,0.9998647,0.80776095
1331.8218807178218,0.99980587,0.8249567
1331.8232695886913,0.99987036,0.8701433
1331.824658459561,0.9998306,1.1880801
1331.8260473304304,0.99988985,0.9260168
1331.8274362012994,0.9997556,0.8305878
1331.8288250721685,1.0001032,0.92473745
1331.8302139430377,0.999871,1.0551883
1331.831602813907,1.0001159,0.86067456
1331.832991684776,0.99989915,0.90373063
1331.8343805555287,1.0000181,1.0910513
1331.8357694263982,1.0001651,0.6771742
1331.8371582972673,1.000186,0.6847979
1331.8385471681372,1.0000502,0.58441836
1331.839936039007,1.0001663,1.644757
1331.8413249098753,1.0000254,0.64468336
1331.8427137807446,0.99999756,0.8174103
1331.8441026516143,1.0000932,1.0483357
1331.8454915223665,0.9999893,0.86346877
1331.8468803932356,1.0002337,0.5539383
1331.8482692641055,0.9998523,0.964863
1331.8496581349748,1.0000169,0.79866165
1331.851047005844,1.000049,1.0414813
1331.8524358765967,1.0000756,0.9127315
1331.8538247474658,1.0000291,1.296065
1331.855213618335,1.0000561,0.735547
1331.8566024892043,1.0000119,1.1415437
1331.8579913600734,1.0002879,0.64651996
1331.8593802308262,1.0001045,0.77452785
1331.8607691016955,1.0000435,0.9767597
1331.8621579725645,0.9998396,0.93908566
1331.8635468434345,1.0000303,0.9721582
1331.8649357141871,1.0001618,1.0951306
1331.8663245850557,0.99993825,0.9949888
1331.8677134559257,0.9999701,1.0732781
1331.8691023266783,1.0001979,0.6288754
1331.870491197547,0.99996597,1.3641431
1331.8718800684167,0.9998735,1.0917908
1331.8732689392864,0.99970376,0.72225535
1331.8746578100386,1.0000885,1.1274184
1331.8760466809076,1.0003093,0.6482998
1331.8774355517776,1.0000839,1.1736933
1331.8788244225302,1.000031,0.87946135
1331.8802132933997,0.99992305,0.85000324
1331.8816021641524,0.999954,0.8222593
1331.8829910350214,1.000205,0.8112281
1331.8843799058907,1.0001286,0.7273176
1331.8857687766435,0.9998645,1.0214629
1331.8871576475133,0.9999805,0.8731205
1331.8885465183826,0.9997926,0.87656665
1331.8899353891345,1.0001063,0.8397
1331.8913242600042,1.0003328,0.85343575
1331.8927131307573,0.99989325,1.1019827
1331.8941020016257,1.000142,0.83317125
1331.895490872379,1.0002091,0.8265523
1331.896879743249,0.99979573,0.8480165
1331.8982686141176,1.0002725,0.9230486
1331.8996574848702,1.0001374,1.0063252
1331.9010463557402,1.0002488,0.71779335
1331.9024352264921,1.00015,1.0034367
1331.9038240973614,1.0000942,0.9657814
1331.905212968115,1.000121,0.93909943
1331.906601838984,1.000114,1.1454847
1331.9079907097366,1.0001457,1.1185106
1331.909379580606,1.0000484,0.82917094
1331.9107684513588,1.0000982,0.869508
1331.9121573222278,0.99972695,1.0236028
1331.9135461929804,1.0000001,0.8369886
1331.91493506385,0.9998647,1.0650403
1331.9163239346026,1.0000491,0.8246438
1331.9177128054716,1.000231,1.1935183
1331.9191016762252,1.0000105,0.8205843
1331.9204905469787,1.0001711,0.73023236
1331.921879417847,1.0000508,0.7395976
1331.9232682886,0.9998809,1.1594888
1331.92465715947,1.0001386,0.84334856
1331.9260460302219,1.0002029,0.7839678
1331.9274349009747,0.99993265,1.3206295
1331.9288237718445,1.0000032,0.6741723
1331.9302126425973,1.0000935,0.803004
1331.9316015134664,0.99996084,0.8048099
1331.932990384219,1.0001949,0.67098767
1331.9343792549719,1.0001377,0.96809125
1331.9357681258412,1.0000777,0.7394788
1331.9371569965938,1.0000324,0.9298259
1331.9385458673466,1.0001106,1.0449516
1331.939934738216,1.0001296,0.79507214
1331.9413236089686,1.0003194,0.98919964
1331.9427124797212,1.0001059,0.97588944
1331.9441013505912,0.9999729,0.85697716
1331.9454902213438,1.0000473,0.75796694
1331.946879092096,1.0001656,0.8258815
1331.9482679628495,1.0000311,0.9777229
1331.9496568337186,1.0001003,0.8845321
1331.9510457044707,1.0000373,0.8535702
1331.9524345752243,1.0002493,0.8198245
1331.953823446094,1.0004556,0.88694465
1331.955212316846,1.0000476,0.7953609
1331.9566011875988,1.0001669,0.8676843
1331.9579900583522,1.0000792,0.94955087
1331.9593789291052,0.9999145,1.0879494
1331.9607677999743,1.0000634,1.0236387
1331.962156670727,1.0001534,0.9446732
1331.9635455414798,0.9998633,0.6470158
1331.9649344122327,1.000177,0.8675897
1331.9663232829853,1.0000463,1.0067389
1331.9677121538552,1.0002244,1.0078279
1331.9691010246079,0.9999523,0.8802404
1331.97048989536,1.0001194,1.165861
1331.9718787661136,1.0002251,0.85188794
1331.9732676368662,1.0001501,0.7877884
1331.9746565076184,1.000087,0.5403713
1331.9760453784882,1.0001435,0.98292184
1331.9774342492415,1.000087,0.8194228
1331.9788231199936,0.99993193,0.939118
1331.9802119907463,1.0001277,0.4035438
1331.9816008614998,0.9999003,1.3615481
1331.982989732252,0.99994296,1.051838
1331.9843786030046,1.0000683,0.8977215
1331.9857674737582,1.0000122,0.991068
1331.9871563445104,0.9998461,0.72212
1331.988545215263,1.0001456,0.7836515
1331.9899340860165,1.0003359,0.94134635
1331.9913229567692,1.0001838,0.94416225
1331.9927118275218,1.0000566,0.8761059
1331.994100698391,1.0000492,1.0088781
1331.9954895691444,1.0003017,1.0072298
1331.9968784398975,1.0002723,0.75143033
1331.9982673106495,1.0001485,1.0093635
1331.9996561814028,1.0001572,1.0561329
1332.0010450521563,1.0001299,0.83666235
1332.0024339229085,1.0000588,0.812358
1332.0038227936611,1.0002692,0.79452604
1332.0052116644147,1.0001857,1.2110009
1332.0066005350504,1.0003598,0.6591528
1332.007989405803,0.9998193,0.81175464
1332.0093782765566,1.0002635,0.8736131
1332.0107671473093,1.0000739,1.0154881
1332.012156018062,1.0002555,0.76703286
1332.0135448888147,0.99999166,1.0911798
1332.0149337595676,1.0001818,0.6921832
1332.0163226303202,0.99999785,0.7381379
1332.0177115010729,1.0001394,1.0806938
1332.019100371826,1.0001094,0.9280849
1332.0204892425786,1.0000448,0.6770649
1332.0218781133312,1.0001092,1.0760851
1332.0232669839677,1.0000904,0.9952171
1332.024655854721,1.000311,0.9109739
1332.0260447254739,1.0002584,0.84197295
1332.0274335962258,1.0001582,0.86792505
1332.0288224669794,1.0001354,0.86928344
1332.0302113377322,1.0000975,0.96953964
1332.0316002084842,0.9999677,0.86833763
1332.0329890791213,0.99996454,1.1305557
1332.0343779498749,1.0002165,0.90570676
1332.0357668206275,1.0001245,0.9057362
1332.0371556913801,1.0003272,0.6335915
1332.038544562133,1.0003119,0.8381682
1332.0399334327694,0.99993545,0.9802035
1332.041322303522,1.0000557,0.877949
1332.042711174275,1.0002751,0.6893509
1332.0441000450278,1.0000534,0.9532017
1332.045488915664,1.0000967,0.78526056
1332.0468777864166,1.0002084,1.063492
1332.0482666571702,0.99986553,0.833568
1332.0496555279228,0.999931,1.1446316
1332.0510443985586,1.0000132,0.71954805
1332.0524332693121,1.0000056,0.91796386
1332.0538221400648,1.0002135,1.0402293
1332.0552110107005,1.0000601,1.2391447
1332.056599881454,1.0001538,0.95319986
1332.0579887522074,1.0007104,0.6066708
1332.059377622843,1.0000639,0.98075366
1332.0607664935958,1.000161,0.94261736
1332.062155364349,1.000088,0.8606773
1332.0635442349849,1.0002477,0.5548065
1332.0649331057375,1.0002726,0.73680466
1332.066321976491,1.0000316,0.8701276
1332.0677108471268,0.99996394,0.9231281
1332.0690997178795,1.0001856,0.89231503
1332.070488588633,1.0000955,1.2724235
1332.0718774592692,1.0002501,0.59665847
1332.073266330022,1.0002109,1.0714241
1332.0746552006585,1.0002431,0.511145
1332.076044071412,1.0000318,0.9362582
1332.0774329421647,1.000249,0.8892893
1332.0788218128005,1.0001663,0.98836815
1332.0802106835538,1.0003257,0.75505394
1332.0815995541907,1.0000985,1.1779345
1332.0829884249429,1.0001944,0.8665553
1332.084377295579,1.0001199,0.8175914
1332.0857661663326,1.0001613,0.92472434
1332.0871550369684,1.0000376,0.916345
1332.088543907721,0.99995506,0.8626844
1332.0899327783582,1.0000063,1.0947071
1332.0913216491108,1.0002587,0.8433407
1332.0927105197472,1.0001299,1.0147924
1332.0940993905,1.0001364,1.0669417
1332.0954882611363,1.000257,0.7135594
1332.096877131889,1.0000739,0.77939975
1332.0982660025256,1.000185,0.89156854
1332.0996548732783,1.0003583,0.79755443
1332.1010437439145,1.0004148,0.81891084
1332.1038214853038,1.0001037,0.558638
1332.1052103559407,1.0002394,0.87800133
1332.1065992266936,1.0000198,0.8709547
1332.107988097329,1.0000633,0.87375295
1332.1093769680824,1.0000472,0.9698776
1332.110765838719,1.0000899,0.79518217
1332.1121547093546,0.99987745,0.8551674
1332.113543580108,1.0002193,0.87380767
1332.114932450745,0.99983454,1.0368607
1332.1163213213813,0.9997884,0.87925625
1332.1177101921342,1.0002409,0.8361316
1332.1190990627706,1.0002832,0.7452825
1332.1204879335232,1.0001278,0.98590076
1332.1218768041597,1.0004671,0.9583908
1332.1232656747961,1.0003059,0.7570958
1332.1246545454323,1.0000417,1.1033612
1332.126043416185,1.0001187,0.8463799
1332.1274322868214,1.0001026,0.78516865
1332.1288211574583,1.0000037,0.9297272
1332.1302100282112,1.0002282,0.7529471
1332.1315988988467,1.0001755,1.04408
1332.1329877694839,1.0002663,0.9933349
1332.1343766401203,1.0000246,0.75610113
1332.1357655108723,1.0000873,1.2795017
1332.1371543815094,1.0000823,0.9183466
1332.1385432521465,1.0003353,0.8218183
1332.139932122782,1.0001767,0.83915854
1332.141320993535,1.0001683,0.89614046
1332.142709864172,1.0002208,0.6169737
1332.1440987348076,1.0000691,1.0502092
1332.145487605444,1.000008,0.8575705
1332.146876476081,0.9998714,1.0793098
1332.1482653468338,1.0002269,0.9611294
1332.14965421747,1.00027,0.85011345
1332.1510430881062,1.000329,0.9838115
1332.1524319587427,1.0000298,0.89887685
1332.1538208293791,1.000171,1.0828913
1332.1552097000153,1.0003089,0.82139
1332.156598570769,1.0001715,0.9333984
1332.157987441405,1.0000137,0.9451237
1332.1593763120409,1.0001615,1.0251464
1332.160765182678,1.0001893,1.0379571
1332.162154053315,0.9999813,0.82460827
1332.1635429239504,0.99986833,0.94877833
1332.164931794587,1.0000682,0.92827415
1332.1663206652238,1.0002565,0.7733351
1332.1677095358596,1.0002792,0.9067463
1332.169098406496,1.000207,0.8132385
1332.1704872772493,1.0001082,0.9454353
1332.1718761478858,1.0002441,0.98478186
1332.1732650185222,1.0000758,0.7226995
1332.1746538891584,0.99994195,0.9535233
1332.1760427597947,0.99975044,0.8887005
1332.1774316304313,0.9996803,1.0884228
1332.1788205010675,1.0000262,0.8981324
1332.1802093717038,1.000197,0.8189647
1332.1815982423402,0.99989396,0.7669128
1332.1829871129767,1.0002561,0.80159914
1332.1843759836129,1.0004293,1.0054028
1332.18576485425,1.0000739,0.87624156
1332.1871537248862,1.0001469,0.69174504
1332.188542595522,1.0002804,0.98139775
1332.1899314661591,1.000224,0.97007084
1332.191320336679,1.0002183,0.56910527
1332.1927092073151,1.0004622,0.9583667
1332.1940980779523,0.99992406,0.3872081
1332.1954869485885,0.9997173,1.6957183
1332.196875819225,0.9999363,0.8014811
1332.1982646898614,0.99991447,0.7519783
1332.1996535604976,1.0001459,1.0058327
1332.2010424311338,0.99996924,0.8979134
1332.2024313017705,1.0001346,0.9344815
1332.2038201724067,1.0001457,0.85461974
1332.2052090429274,0.99988616,1.2955203
1332.2065979135637,1.0000817,0.41161415
1332.2079867841994,1.0000659,1.0199891
1332.2093756548363,1.0000426,1.0045837
1332.2107645254728,1.0001378,1.1273155
1332.2121533961083,1.0000999,0.64673114
1332.2135422667452,1.0000325,0.90309954
1332.2149311372655,1.0001843,0.80151445
1332.216320007901,1.0000615,0.722814
1332.217708878538,0.99987495,1.0799297
1332.219097749175,1.0001234,0.8011569
1332.2204866198108,0.99998194,1.0798448
1332.2218754903306,1.0000142,1.0063363
1332.2232643609677,0.9998836,0.80722153
1332.2246532316035,1.0001489,0.7815777
1332.2260421022397,0.9999146,0.7292229
1332.2274309727604,1.0000764,1.1315417
1332.2288198433966,0.99997175,0.77672476
1332.231597584553,0.99991274,0.72536826
1332.2329864551898,1.0000278,0.8610313
1332.2343753258262,0.9999359,0.5652464
1332.2357641964618,1.00014,1.2416636
1332.2371530669825,1.0001365,0.96595514
1332.238541937619,1.0000793,0.8400711
1332.2399308082545,1.0000253,0.9276643
1332.2413196787752,1.0000991,0.8282587
1332.2440974200479,0.9999977,0.7679758
1332.245486290568,1.0001423,0.86198235
1332.246875161205,1.000001,0.9834106
1332.2482640317241,0.99982435,1.1057795
1332.2496529023606,1.0001366,0.99044955
1332.2510417729975,1.0002705,0.66190815
1332.2524306435175,0.9999824,1.2436701
1332.2538195141537,0.9998355,0.6253018
1332.2552083846736,1.0001913,0.94158244
1332.25659725531,1.0002625,0.8862457
1332.2579861259464,1.0001507,0.67669535
1332.2593749964662,1.0002959,0.8982516
1332.2607638671027,0.9999351,1.0430839
1332.2621527376232,0.9998559,0.70275223
1332.2635416082596,1.0000612,0.9487831
1332.2649304787788,1.0001467,0.7750536
1332.2663193494159,1.0000873,1.1848134
1332.2677082199357,0.99998295,0.5699421
1332.2690970905714,1.0000916,0.7982614
1332.2704859610922,0.99991953,0.94142944
1332.2718748317284,1.0002804,0.6153152
1332.2732637022484,0.99994445,1.0083802
1332.2746525728853,1.0002465,0.52834123
1332.2760414434053,0.999798,1.034943
1332.2774303140418,1.0002073,0.5927886
1332.2788191845616,1.0001895,0.9468273
1332.2802080551978,1.0000558,1.0149552
1332.281596925718,1.0000509,0.76687783
1332.2829857963543,1.0001011,0.87411475
1332.284374666874,1.0000179,1.0592322
1332.2857635373948,1.0000908,0.8990205
1332.287152408031,0.99998564,0.88205045
1332.2885412785504,1.0000601,0.8780521
1332.2899301491875,1.0001794,0.69953763
1332.2913190197073,0.99992704,1.1727959
1332.2927078902267,1.0003544,0.9283963
1332.2940967608638,1.0000315,0.8536062
1332.2954856313836,1.0001652,0.95409447
1332.296874501903,1.0003177,0.9384084
1332.2982633725399,1.0002412,0.81997454
1332.3010411135797,1.0003784,0.29015723
1332.302429984216,1.0000254,0.94437563
1332.3038188547366,1.0001642,1.0776095
1332.305207725256,1.0001754,0.98245645
1332.3065965958922,1.0002215,0.9893291
1332.307985466413,1.0003301,0.8422532
1332.3093743369327,1.0000681,0.7962105
1332.3107632074527,1.0000408,0.96547943
1332.3121520780892,0.9999642,0.9167515
1332.31354094861,1.0002961,0.94078535
1332.3149298191297,1.0001283,0.6777738
1332.3163186897655,1.0001569,0.79261786
1332.317707560286,1.0000297,0.9444537
1332.3190964308064,1.0000287,0.71662605
1332.3204853013258,1.0000072,0.843882
1332.3218741718456,1.000042,0.9985002
1332.324651913002,0.99996954,1.1157969
1332.3260407835219,1.0000666,0.7693832
1332.3274296540426,0.9998983,1.1283693
1332.328818524562,1.0000452,0.9508529
1332.3315962657189,1.0002185,0.87313294
1332.3329851362387,1.000277,0.5948875
1332.3343740067585,1.0001347,1.2341443
1332.3357628772785,1.0000236,0.6939977
1332.3371517477985,0.99996656,0.8766346
1332.3385406183183,1.0000302,1.1074392
1332.3399294888384,0.9997526,1.4441752
1332.3413183593584,1.0000453,0.7125314
1332.3427072299953,0.9998884,0.8651469
1332.3440961005153,1.0001762,1.1481082
1332.3454849710345,1.0000443,0.8467722
1332.346873841555,0.9998444,0.67558056
1332.348262712075,0.99987286,1.1840391
1332.349651582594,1.0000826,0.9867619
1332.3510404531148,0.9997579,0.9192622
1332.3524293236355,1.000175,0.50139767
1332.3538181941553,1.000086,1.0343647
1332.3552070646754,1.000197,0.7068366
1332.3565959351954,1.0000982,1.2935518
1332.3579848057152,1.0001506,0.6985802
1332.359373676235,1.0001893,0.9057179
1332.3607625467553,1.0002954,1.0198468
1332.362151417275,1.0001256,0.7512311
1332.3635402877949,1.0000246,1.0761808
1332.364929158315,1.0000125,0.75739473
1332.3663180288354,1.0003777,0.7734272
1332.3677068993554,1.0001467,1.1617881
1332.3690957698745,1.000198,1.049217
1332.3704846403953,1.0001677,0.99093914
1332.3732623814344,1.0002549,0.90199834
1332.3746512519551,1.0002162,1.1460929
1332.3760401223594,1.0002952,0.6441229
1332.3774289928785,1.0000736,1.3001219
1332.3788178633986,1.0001577,0.87394494
1332.380206733919,1.000038,0.7377808
1332.3815956044382,1.000088,1.1667811
1332.3829844749582,1.0001364,0.90834945
1332.3843733454787,0.99999213,0.98700976
1332.385762215998,1.0001614,0.5917765
1332.3871510864017,1.0000261,1.0029163
1332.3885399569222,0.9999994,1.1016328
1332.3899288274429,0.99991536,1.0580553
1332.3913176979627,1.0001168,0.7022078
1332.392706568482,1.0001729,1.207124
1332.3940954388863,1.0001274,0.7749312
1332.3954843094061,1.000129,0.8736423
1332.3968731799255,1.0001442,0.9217095
1332.3982620504462,0.99997675,0.9203555
1332.3996509209667,0.9999701,0.877403
1332.4010397913694,0.99987924,1.1059843
1332.4024286618894,0.9999984,0.96887016
1332.40381753241,1.0002924,0.72459126
1332.4065952733326,1.0002017,0.41549447
1332.4079841438534,1.0002835,0.94084287
1332.4093730143734,1.0002432,0.7725126
1332.410761884777,0.9998861,0.7709932
1332.4121507552968,1.0000613,0.68384594
1332.4135396258166,1.0002635,1.2101058
1332.4149284962202,1.0003197,0.88753396
1332.4163173667403,1.0002111,0.7063077
1332.41770623726,1.000126,1.1891437
1332.4190951076635,0.99983424,0.91095555
1332.4204839781837,0.9998626,1.3456448
1332.4218728487035,1.0001116,0.7502251
1332.4232617191078,0.99996185,0.99241173
1332.4246505896276,1.0002548,0.9463973
1332.426039460147,1.0002843,0.8145873
1332.427428330551,0.9998227,1.0559921
1332.428817201071,1.0003154,1.1456925
1332.4302060714745,1.0000279,0.96677893
1332.432983812515,0.9999231,1.9381493
1332.4357615534386,1.0001383,0.9887049
1332.437150423842,1.0000291,0.83585274
1332.4385392943618,0.99996996,0.9380204
1332.4399281647654,1.000043,0.9338703
1332.4413170352855,0.9999083,1.1057385
1332.4427059056898,1.0003499,0.8421466
1332.4440947762096,1.0001901,0.9684015
1332.4454836466125,1.000119,1.0109388
1332.446872517133,1.0003413,0.9730686
1332.4482613875366,1.0001119,0.74951386
1332.4496502580557,0.99998647,0.83696455
1332.4510391284598,0.99997014,0.9707042
1332.4524279989798,1.0000997,1.1063457
1332.4538168693825,1.0000066,0.9933994
1332.4552057399032,1.0001754,0.8832215
1332.4565946103075,1.0001671,1.1324126
1332.457983480827,1.0000768,0.8994038
1332.4593723512303,1.0003531,1.141327
1332.4607612216346,1.0003415,0.8906953
1332.4621500921537,1.0000352,1.2001598
1332.4635389625573,0.99992174,0.5215445
1332.464927833078,1.000138,0.92158926
1332.4663167034814,1.0000633,1.0066425
1332.4677055738848,1.0001901,0.82634646
1332.4690944444048,0.99991333,0.92979205
1332.470483314809,0.99989253,1.0806166
1332.4732610557317,1.000085,1.0290152
1332.4760387965403,1.0001378,0.83491385
1332.4774276670596,1.0000428,0.87224686
1332.478816537463,1.0002526,0.94559455
1332.4802054078673,1.0001521,1.0113128
1332.4815942783864,1.0001667,0.97364795
1332.48298314879,1.000136,0.6251553
1332.484372019194,1.0000845,1.2331494
1332.4857608897132,1.000098,0.77401257
1332.487149760117,0.99999094,1.3068192
1332.4885386305211,1.0002353,1.0528743
1332.4899275009248,1.0004244,0.85146475
1332.4913163714446,1.0001763,0.99561965
1332.492705241848,1.0000509,1.0959793
1332.4940941122516,1.000268,0.86984956
1332.4954829826552,1.0000812,1.1072274
1332.4968718530586,0.99995106,0.86423147
1332.4982607235784,1.0000747,0.9653895
1332.4996495939827,1.000295,0.8356794
1332.5010384643863,1.0000331,0.9915067
1332.502427334789,1.0001029,1.3141723
1332.5038162051933,1.0001365,1.0786277
1332.505205075713,1.000216,0.8685349
1332.506593946116,1.0002446,0.86629945
1332.5079828165203,1.0000672,1.0659144
1332.5093716869246,1.0001779,1.0207862
1332.510760557328,1.0000565,1.0382581
1332.5121494277314,1.0000985,0.9118699
1332.513538298135,1.0002588,0.96112955
1332.5149271685386,1.000024,0.4967101
1332.5177049094618,1.0000503,0.7091015
1332.5190937798654,1.0001042,0.6913772
1332.520482650269,1.0001333,0.7345081
1332.5218715206724,1.0001173,0.9774741
1332.5232603910767,0.9999893,0.911468
1332.5246492614801,1.0000209,0.947378
1332.526038131883,1.0003963,1.0119046
1332.5274270022874,1.0000353,1.0209996
1332.5288158726908,1.0002357,0.8976459
1332.5302047430937,0.9999425,0.8740292
1332.531593613498,1.0000585,0.8726569
1332.532982483902,1.0001059,0.9770709
1332.5343713543048,1.0002768,0.7445632
1332.5357602247084,1.0001314,1.0210991
1332.5371490951125,1.000292,0.9130733
1332.5385379655154,1.0001298,1.2104179
1332.5399268359188,1.000046,0.7782292
1332.541315706323,1.0001649,0.71946317
1332.5427045767265,0.9999483,0.9850553
1332.5440934471303,0.99992096,0.94015825
1332.5454823175337,0.999826,0.9367673
1332.546871187937,1.000031,0.84573376
1332.5482600583407,1.0002993,0.8235402
1332.549648928628,1.000226,1.0478406
1332.551037799032,0.99997073,0.7836264
1332.5524266694356,0.9999663,1.1382298
1332.5538155398383,0.9999901,0.8251654
1332.5552044102424,1.0000945,0.9856776
1332.5565932806467,1.0000055,1.0166618
1332.5579821510496,0.9999801,0.844131
1332.559371021453,1.0001417,0.7621265
1332.5607598917409,0.99998295,1.0100325
1332.5621487621438,1.000095,0.95220095
1332.5635376325472,1.0001432,0.8411852
1332.5649265029515,0.9999964,0.6828416
1332.5663153733549,1.0001442,0.76961756
1332.5677042436419,1.0001627,0.8795421
1332.5690931140457,1.0000716,0.7284525
1332.570481984449,1.0000321,0.8387883
1332.5718708548525,0.9999629,0.8816446
1332.573259725256,1.0000472,1.1555607
1332.5746485955433,1.0002486,0.74372125
1332.5760374659474,1.0000466,1.0641674
1332.577426336351,1.000102,0.91275364
1332.578815206754,0.999956,0.7252782
1332.5802040770416,1.0001669,0.8547043
1332.5815929474452,0.99997115,0.8549834
1332.582981817848,0.9999658,0.75035995
1332.5843706881356,1.00022,1.0130904
1332.5857595585392,0.9999617,0.79970545
1332.5871484289428,1.0002061,0.99761677
1332.5885372992304,1.0000709,0.79707086
1332.589926169634,1.0001644,0.87709296
1332.5913150400374,1.0001541,0.7023247
1332.5927039103246,1.0000528,0.8788567
1332.5940927807283,1.0002445,0.7203232
1332.5954816511316,1.0000345,1.0756453
1332.5968705214186,1.0002185,1.2661955
1332.5982593918222,1.00045,0.7593114
1332.5996482622263,1.000173,1.0357776
1332.6010371325135,1.0003062,0.6886234
1332.6024260029162,0.9999918,0.98003256
1332.603814873204,0.99988055,0.9935236
1332.6052037436077,1.0000949,0.73015773
1332.6065926140104,1.0000321,1.0684817
1332.6079814842983,1.0001646,0.79748905
1332.6093703547026,1.0002809,0.8295087
1332.610759224989,1.0001413,0.8088376
1332.6121480953925,1.0000646,1.1085827
1332.6135369656804,1.0000329,0.80874014
1332.614925836083,1.0001651,0.8087896
1332.6163147063703,1.0001208,0.86278045
1332.6177035767744,1.0002185,0.77782
1332.6190924470607,0.9999598,0.929289
1332.6204813174643,1.000121,0.9771892
1332.621870187752,1.0000265,0.76783186
1332.6232590581556,0.99990356,1.0618817
1332.6246479284428,0.9998175,0.51718765
1332.6260367988461,0.9997576,1.2020055
1332.627425669134,0.99997365,0.76971364
1332.6288145395374,1.0002822,0.76074797
1332.630203409824,1.0000896,0.97715473
1332.6315922801118,1.0000589,0.78447175
1332.632981150516,1.0000468,0.9833772
1332.6343700208022,0.99995685,0.89802
1332.635758891206,1.0001423,0.9151725
1332.6371477614937,0.9999525,0.9735848
1332.63853663178,1.000129,0.8655411
1332.6399255021836,1.0000656,1.0020036
1332.6413143724712,0.9998844,0.6993963
1332.6427032428749,1.0001858,0.8912382
1332.644092113162,1.0001323,1.094521
1332.645480983449,0.9999446,0.8404131
1332.6468698538524,1.0002882,0.84058994
1332.6482587241399,1.0000825,0.9088286
1332.6496475944268,1.0001013,1.0367213
1332.6510364648302,1.0002381,0.94545585
1332.6524253351174,1.0003091,1.1799738
1332.6538142054046,1.0001237,0.74768674
1332.6552030756916,0.9998326,1.1608428
1332.656591946096,0.9999245,1.0329812
1332.6579808163829,1.0000633,0.8010938
1332.6593696866694,0.9999861,1.4733905
1332.6607585569573,1.000008,0.6417276
1332.6621474273607,0.99988526,1.0607622
1332.6635362976472,1.0001714,0.959489
1332.6649251679348,1.0000046,1.1514156
1332.6663140382225,1.0001626,0.6531315
1332.667702908626,1.0002315,0.9810754
1332.6690917789133,1.0002066,0.855033
1332.6704806492003,1.0004175,0.7656052
1332.6718695194875,1.00013,0.97532034
1332.6732583897747,1.0000356,0.9915484
1332.674647260178,1.0002095,0.6770208
1332.676036130466,0.999949,1.1288869
1332.6788138710394,1.0003062,0.79603153
1332.6802027413273,1.0000153,1.047331
1332.6815916116143,1.0003096,0.8970101
1332.6829804819008,1.0003494,0.8974667
1332.6843693523049,1.0002563,0.94767183
1332.685758222592,1.0002431,0.896539
1332.6871470928784,0.9999003,1.0220371
1332.688535963166,1.0003065,0.64696306
1332.689924833454,1.0002536,0.98153126
1332.6913137037404,1.000127,0.7254235
1332.6927025740274,1.0004656,0.73051053
1332.6940914443153,1.0001775,0.9072989
1332.6954803146018,1.0001469,0.55812573
1332.6968691848888,1.0001229,1.1065435
1332.6982580551767,1.0000452,0.7435729
1332.6996469254636,1.0002162,0.72632086
1332.7010357957506,0.9999697,1.2469674
1332.7024246660378,1.0002432,0.9089876
1332.703813536325,1.000118,0.7388412
1332.705202406612,1.0001042,1.1463039
1332.7065912768992,1.00018,0.9960716
1332.7079801471868,1.0000577,0.73479074
1332.7093690174747,1.0001274,1.033785
1332.7107578877612,1.0000346,0.7745688
1332.7121467580482,1.0003402,0.66269386
1332.713535628336,1.0001624,0.78915006
1332.7149244986224,1.0001829,1.019042
1332.7163133689096,0.99981,0.69703084
1332.7177022391975,1.0000457,1.0638902
1332.7190911094838,1.0001884,0.74624574
1332.720479979771,1.0000812,0.98405755
1332.7218688500586,1.0001596,0.61737347
1332.7232577202294,1.0000553,1.2096885
1332.7246465905164,1.0001271,0.84864956
1332.7260354608034,1.0000341,0.8967808
1332.7274243310908,1.0001655,0.8919002
1332.7288132013778,1.0000921,0.99536693
1332.7302020716647,0.9999716,0.880482
1332.731590941952,0.9999592,0.61191475
1332.7329798121232,1.0001199,0.8918899
1332.7343686824104,1.0000002,0.8416459
1332.7357575526967,1.0001254,0.6441619
1332.7371464229846,1.0001175,1.1214224
1332.7385352932715,1.0002888,0.9014249
1332.7399241634416,1.000075,0.8042645
1332.7413130337295,1.0001832,0.67075336
1332.7427019040174,1.000145,1.1589766
1332.7440907743037,0.9998955,0.85432386
1332.745479644591,1.0000842,0.79413664
1332.7468685147621,1.0003276,1.3093927
1332.7482573850493,1.0001932,0.4545034
1332.7496462553363,1.0001448,0.9797176
1332.751035125507,1.0000991,0.8896456
1332.7524239957943,1.000005,0.88199717
1332.7538128660813,1.0000918,0.95518684
1332.7552017363682,1.0000331,0.96490496
1332.7565906065397,1.0000173,0.90792495
1332.7579794768267,1.0000545,0.8478304
1332.7593683471132,1.0000352,0.92727464
1332.7607572172847,1.000067,0.6102152
1332.7621460875716,0.99987406,1.0650884
1332.7635349578582,1.0001731,0.9005774
1332.7649238280296,1.0002648,0.93197477
1332.7663126983173,1.0002979,0.8706636
1332.7677015684872,1.0000834,1.0714487
1332.7690904387744,1.0000978,1.0862705
1332.770479309062,1.0002362,1.0841776
1332.7718681792321,1.0001885,0.9213983
1332.773257049519,1.0001938,0.9501886
1332.7746459196906,1.0000348,0.6947105
1332.7760347899778,0.999989,1.0439938
1332.777423660265,1.0000627,0.9481371
1332.7788125304355,1.0002735,0.65570146
1332.7802014007225,1.0000966,0.72672373
1332.7815902708933,0.99996454,0.96186745
1332.7829791411805,1.0001348,1.2268447
1332.784368011352,1.0001519,0.8986602
1332.785756881639,1.0000918,0.85378593
1332.787145751809,0.99999774,0.72667444
1332.7885346220967,1.0000478,0.9508021
1332.789923492268,1.0001625,1.1793219
1332.7913123625544,0.99987715,0.8013798
1332.792701232725,0.9999247,0.8324958
1332.7940901030129,1.0000607,0.98956347
1332.795478973183,1.0000144,1.0950787
1332.79686784347,1.0001266,0.860113
1332.7982567136414,0.99999833,0.8163702
1332.8010344540992,1.0001231,1.1585811
1332.80242332427,1.0000798,0.9585145
1332.8052010647275,1.0004478,0.84981054
1332.8065899348983,1.000325,1.0508869
1332.8079788051855,1.0001165,0.68115574
1332.809367675357,0.99997777,0.99330163
1332.810756545644,1.0002028,0.70459247
1332.812145415814,1.000094,0.8905391
1332.8135342859853,1.0001154,0.5625207
1332.8149231562725,1.0000262,1.0691043
1332.8163120264423,1.0000604,0.9249852
1332.8177008966136,0.9998735,0.763618
1332.8190897669015,0.9999238,0.810706
1332.8204786370716,0.9998993,0.82285553
1332.8218675072421,1.0000626,0.93387836
1332.8232563774136,1.0002857,0.81788594
1332.8246452477006,1.0000726,0.7921206
1332.8260341178714,1.0002135,0.76401484
1332.8274229880421,1.0000489,0.94894785
1332.8288118583291,1.0001436,0.949992
1332.8302007284997,0.99987054,1.0469924
1332.8315895986707,1.0002126,0.8014807
1332.832978468842,1.0001477,1.0937266
1332.8343673391291,1.0001336,0.70993954
1332.835756209299,0.9998158,0.9510115
1332.8371450794702,1.0000539,0.8762339
1332.8482560409523,0.99998546,1.8234137
1332.849644911123,0.99998736,1.663411
1332.8510337814107,1.0000035,1.3313626
1332.8524226515815,1.0003225,1.0519621
1332.853811521752,1.0003511,0.96848273
1332.8552003919228,1.0001879,1.007513
1332.8565892620936,1.0000635,0.7387184
1332.8579781322642,1.0001638,0.9564403
1332.8593670024347,1.0003177,0.8675916
1332.8607558726055,1.0001773,1.0110322
1332.8621447427763,1.0002787,0.6957166
1332.8635336129469,1.0006127,0.83872175
1332.8649224831183,1.0000192,1.0758599
1332.8663113532898,1.0001383,0.9836433
1332.8677002234597,1.0002898,0.8096889
1332.8690890936305,1.0001581,1.0575534
1332.8704779638017,1.0001781,0.8014278
1332.8718668339716,1.0002991,1.0167878
1332.8732557041424,1.0001335,0.86180025
1332.8746445743136,1.0003817,0.50858325
1332.8760334444846,1.0001405,1.0886925
1332.8774223146552,1.0001675,0.9335084
1332.8788111848257,1.0001642,0.8299258
1332.8802000549965,1.0001975,0.8461122
1332.8815889251673,1.0000372,0.8487762
1332.8829777953379,0.9999803,0.9485997
1332.8843666655084,1.000146,0.7586656
1332.88575553568,1.0002974,0.84412086
1332.8871444058504,1.0000129,1.0242556
1332.8885332760206,1.0002356,0.81248367
1332.889922146192,1.0003394,0.59154034
1332.8913110162462,1.000434,1.0139097
1332.8926998864163,1.0001656,1.1042509
1332.8940887565877,1.000047,0.7536036
1332.895477626759,1.0001355,0.7473434
1332.8968664969289,1.0002544,1.0131853
1332.8982553670999,1.0002681,0.8129045
1332.899644237271,1.0001847,0.73426306
1332.9010331073246,0.99999374,0.9069513
1332.9024219774954,1.0002096,1.0063491
1332.9038108476666,1.000192,0.76977223
1332.9051997178374,1.0001439,0.8278009
1332.9065885880082,1.0001652,0.8471296
1332.9079774580623,1.0001038,0.71012485
1332.9093663282338,0.99998593,0.9243906
1332.9107551984043,1.0001795,1.0324855
1332.9121440685744,1.0001323,1.0209444
1332.9135329386295,1.00009,0.89695555
1332.9149218088,1.0003096,0.7887241
1332.9163106789701,1.0001519,1.1219394
1332.9176995491414,1.0001187,0.89635575
1332.9190884191962,1.0000452,0.8406074
1332.9204772893663,1.0000795,0.9980866
1332.9218661595369,0.9999736,0.9155897
1332.923255029592,1.0003407,0.9592852
1332.924643899762,0.9998773,1.157369
1332.9260327699326,1.0001771,0.9785162
1332.9274216399876,1.0001936,0.8911059
1332.9288105101582,1.0001826,0.8148324
1332.930199380329,1.0001936,0.8762348
1332.9315882503834,1.0002558,0.79710674
1332.932977120554,1.0000634,0.8828195
1332.9343659907247,1.0001959,0.9039247
1332.935754860779,1.0002725,0.7852364
1332.9371437309496,1.0003095,0.7907231
1332.9385326010038,1.0000627,0.6970778
1332.9399214711746,0.9999919,1.0682358
1332.9413103413453,1.0002044,1.0390283
1332.9426992114002,1.0002164,0.8759559
1332.944088081571,1.0002428,0.8171338
1332.945476951625,1.0001733,1.0499656
1332.9468658217966,1.0003995,0.73486066
1332.9482546918503,1.0000875,0.8677478
1332.9496435620208,1.0001268,1.0351187
1332.9510324320759,1.0002986,0.90297586
1332.9524213022464,1.0003248,0.8469727
1332.9538101723006,1.0002592,0.73684525
1332.9551990424713,1.0001283,0.8922428
1332.9565879125257,1.0001078,0.9089612
1332.9579767826963,1.0001291,0.97213733
1332.9593656527506,1.0001893,0.6291545
1332.9607545229214,1.00017,0.883211
1332.9621433929763,1.0001332,0.9492812
1332.963532263147,1.0001673,0.776277
1332.9649211332005,1.0001714,0.87172043
1332.9663100032553,0.9999915,0.8057036
1332.9676988734263,1.0000261,0.9412611
1332.9690877434798,1.0000623,0.94404495
1332.970476613651,1.0002191,1.0642327
1332.971865483706,1.0003021,0.86728656
1332.9732543537598,1.000202,1.0709033
1332.9746432239303,1.0001019,0.9053067
1332.9760320939854,1.0000635,0.7955487
1332.9774209641553,1.00014,0.917919
1332.9788098342096,1.0000963,0.8183482
1332.9801987042647,1.0002798,1.0736072
1332.9815875744353,1.0001527,0.8998815
1332.9829764444894,0.9998595,0.96961486
1332.9843653145438,1.0001972,0.83803034
1332.985754184715,1.0001503,0.8640033
1332.9871430547694,1.0002353,0.9797431
1332.9885319248228,1.0000592,0.9465181
1332.989920794878,1.0002563,0.72960806
1332.9913096650487,1.0000895,0.9670255
1332.9926985351021,1.0001544,0.6766039
1332.9940874051572,1.0002509,1.0251187
1332.9954762752122,1.0001988,0.98356664
1332.9968651453821,1.0000572,0.8709525
1332.9982540154365,1.0004421,0.84989715
1332.9996428854913,1.0000861,1.0995706
1333.0010317555448,0.999961,0.9960072
1333.0024206257158,1.0003841,0.8363022
1333.0038094957706,1.0002034,0.7304304
1333.005198365825,1.0001959,0.7308917
1333.0065872358791,1.0000876,0.91233474
1333.0079761059333,1.0002252,0.9579438
1333.0093649759876,1.0001804,1.0954415
1333.0107538461584,0.9998898,0.9504886
1333.0121427162126,1.0001683,0.9004341
1333.0135315862667,1.0002257,0.7900533
1333.0149204563213,1.0001965,0.81753135
1333.0163093263754,1.0004736,1.1597962
1333.0176981964296,1.0001758,0.7349367
1333.0190870664846,1.0001838,0.77851146
1333.0204759365388,1.0002446,0.72229546
1333.0218648067096,1.0000336,1.022179
1333.0232536767644,1.0000457,0.9115075
1333.024642546818,1.000227,1.1277853
1333.0260314168722,1.0000911,0.71377885
1333.0274202869273,1.0002953,0.7043578
1333.0288091569817,1.0000402,1.085005
1333.030198027036,1.0001208,0.8754693
1333.0315868970902,1.0002345,0.6936588
1333.0329757671443,1.0003018,0.9011427
1333.0343646371987,1.0002553,0.8033706
1333.035753507253,1.0001967,1.0630819
1333.0371423773072,1.0002751,0.6563488
1333.0385312473622,1.0001962,0.8499604
1333.0399201174164,1.0002567,0.80052185
1333.04130898747,0.9999494,0.7563846
1333.0426978575251,1.0000749,1.1000376
1333.0440867275793,1.0002333,1.0789708
1333.045475597633,1.000048,0.8533411
1333.046864467688,1.0001457,0.9322799
1333.0482533377428,1.0003866,1.0585443
1333.0496422076799,1.0001636,1.0083654
1333.0510310777343,1.0000553,0.8846688
1333.052419947789,1.0001454,0.9978155
1333.0538088178428,1.0004,1.0670501
1333.055197687897,1.0002218,0.7764082
1333.056586557952,1.0001134,0.7752885
1333.0579754280056,1.000126,0.93409586
1333.0593642980598,0.99991035,0.81566405
1333.0607531679984,0.99990666,1.0410237
1333.0621420380535,1.0000356,0.80007297
1333.0635309081076,1.0001875,1.144823
1333.0649197781613,1.0001092,0.8881716
1333.0663086482161,0.9999791,1.0820512
1333.0676975182705,1.000052,0.75554085
1333.0690863882076,1.0001644,0.75774455
1333.0704752582624,1.000164,0.906474
1333.0718641283174,1.0001194,0.738048
1333.0732529983711,1.0001549,0.72588766
1333.0746418683088,1.0002655,0.8830531
1333.076030738364,1.0002092,0.8031119
1333.0774196084176,1.0000756,0.8163078
1333.0788084784717,1.000285,0.9865651
1333.0801973484104,1.0002149,0.7352185
1333.0815862184645,1.0001779,0.9638358
1333.0829750885189,1.0002193,0.8242079
1333.0843639585732,1.000233,1.0695235
1333.085752828511,1.0001675,0.79613143
1333.0871416985651,1.0001433,0.9870435
1333.0885305686195,1.0001838,0.9222648
1333.0899194385574,1.00032,0.8203204
1333.0913083086123,1.0001823,1.0377438
1333.0926971786666,1.0003303,0.84949696
1333.094086048604,1.0002772,0.88342553
1333.0954749186587,1.0002891,1.0287304
1333.0968637885967,1.0000097,0.8495963
1333.0982526586502,0.9999488,1.169519
1333.099641528705,1.0002463,0.7242351
1333.101030398643,1.0000492,1.2416458
1333.1024192686973,1.0001693,0.7319009
1333.1038081386357,1.0001462,0.84372985
1333.10519700869,1.0000013,0.9275497
1333.1065858787442,1.0002764,0.81858516
1333.1079747486822,1.0001125,1.0340409
1333.1093636187366,1.0001634,1.1602044
1333.1107524886743,1.0000838,0.7590752
1333.1121413587284,1.00027,0.71661586
1333.1135302286664,1.0002822,0.7580235
1333.1149190987212,1.0001882,1.0773556
1333.1163079686594,1.0000448,0.8935868
1333.1176968387128,1.0002626,0.82991254
1333.1190857086513,1.0003501,1.0990785
1333.1204745787056,1.0001221,0.9068584
1333.1218634486427,1.0001894,1.023978
1333.1232523186977,1.0000561,0.7126775
1333.1246411886364,1.0001829,1.038506
1333.1260300586898,1.0000659,0.71340084
1333.1274189286278,1.0000372,0.8978229
1333.1288077985664,1.0001634,0.8978386
1333.1301966686199,1.0001361,0.8387305
1333.1315855385578,1.0001502,0.7166974
1333.1329744086127,0.99996805,1.1063055
1333.1343632785506,0.9999272,0.985235
1333.1357521484883,1.0002016,0.89419675
1333.1371410185425,1.0001407,0.72205585
1333.1385298884804,1.0002652,0.9298548
1333.1399187584184,1.0002333,1.0368365
1333.1413076284725,1.0003401,1.1060008
1333.1426964984112,1.0001394,0.9938693
1333.144085368349,1.0004156,1.1771907
1333.1454742384026,0.9999391,1.0648566
1333.1468631083412,1.0001513,0.70750237
1333.1482519782796,1.0003088,1.113024
1333.149640848333,0.9999459,0.7823223
1333.1510297182713,1.0000434,0.9415749
1333.1524185882097,1.0000967,0.9660909
1333.1538074582631,0.99994314,0.66084176
1333.155196328201,1.0000595,1.0535926
1333.1565851981395,1.0000523,0.85450315
1333.1579740680775,1.0001918,0.66568565
1333.1593629381318,1.0001117,0.9608583
1333.1607518080696,1.0002403,0.87964153
1333.1621406780073,1.0002106,0.7606231
1333.1635295479455,1.0001794,0.8433668
1333.1649184178832,1.0001558,0.88492185
1333.1663072879373,1.0000696,0.7298611
1333.167696157876,1.000148,0.9061406
1333.1690850278137,1.0003439,0.7800775
1333.170473897751,1.000061,0.80500996
1333.1718627676896,0.99993193,0.85702336
1333.1732516376273,1.0000997,0.85632145
1333.174640507681,1.0001775,0.8550198
1333.1760293776197,0.99990433,0.76917136
1333.177418247558,1.0002135,0.8741156
1333.178807117496,1.0003614,0.78671277
1333.1801959874338,1.0002322,0.9375309
1333.1815848573715,1.0001729,0.933983
1333.1829737273094,1.0001332,0.7276671
1333.1843625972474,1.0002311,1.0235422
1333.1857514671851,1.0002747,0.910973
1333.187140337123,1.000283,1.107566
1333.188529207061,1.0001636,0.92862415
1333.1899180771152,1.0001752,0.842265
1333.1913069470538,1.0001302,0.8661379
1333.1926958169915,1.000098,1.0036316
1333.1940846869288,1.0002851,0.7493273
1333.1954735568675,1.0002824,1.0192639
1333.1968624268052,1.0003493,0.7762891
1333.1982512967425,1.0001168,1.3314246
1333.1996401666809,1.0001509,0.84495026
1333.2010290366193,1.000149,0.8293127
1333.2024179065565,1.0001738,1.0267869
1333.2038067763779,1.0001199,0.79706466
1333.2051956463165,1.0000517,0.9099662
1333.2065845162538,1.0003378,0.56193244
1333.2079733861915,1.0003792,0.75257695
1333.2093622561301,1.0002357,0.9921254
1333.2107511260679,1.0000473,1.0123194
1333.2121399960058,1.0001332,0.9929849
1333.2135288659438,1.000175,0.8565916
1333.2149177358815,1.0001955,1.0786706
1333.2163066058192,1.0001469,0.91364527
1333.2176954757572,1.0002649,0.7534783
1333.2190843455792,1.0001949,0.8452816
1333.2204732155178,1.0002301,0.81671447
1333.221862085455,1.0000293,0.9020752
1333.2232509553928,1.0001191,1.0071845
1333.2246398253315,1.0002558,0.8424201
1333.2260286952687,1.0002056,0.97619677
1333.22741756509,1.0002716,1.0639563
1333.2288064350287,1.0001936,1.0362622
1333.2301953049657,1.0000043,0.8434866
1333.2315841749037,1.0002137,1.1002322
1333.2329730448423,1.0001967,1.014596
1333.2343619146636,1.0000976,1.0065298
1333.2357507846014,1.0002863,0.7838352
1333.2371396545393,1.0003227,1.0117626
1333.2385285244773,0.9999823,0.9508375
1333.2399173942986,1.0000424,0.7471054
1333.2413062642363,1.0000792,0.96903574
1333.2426951341745,1.0002353,0.855061
1333.2440840039965,1.0001223,0.8246177
1333.2454728739344,0.99982166,1.1112571
1333.2468617438715,0.99987423,0.8381409
1333.24825061381,1.000399,0.75883853
1333.2496394836314,1.0001835,0.7465707
1333.2510283535685,1.0001466,1.1051222
1333.2524172233907,1.0001614,0.99305236
1333.2538060933293,1.0000669,0.84866345
1333.2551949632666,1.0002005,0.8298828
1333.256583833088,1.0002022,0.84265685
1333.2579727030266,1.0001959,1.0493916
1333.2593615729643,1.0002334,0.7726021
1333.2607504427856,1.0001605,1.0117913
1333.2621393127235,1.00021,0.83519393
1333.2635281825455,1.0000887,1.0991614
1333.2649170524837,1.0002822,0.90019083
1333.2663059224208,1.0000505,0.74907947
1333.2676947922428,1.0001355,1.0479019
1333.2690836621807,1.0000106,0.9979358
1333.2704725320013,1.0000877,1.0116315
1333.27186140194,1.0003415,0.7457852
1333.2732502717622,1.0002916,0.95780426
1333.2746391416993,1.0002763,0.8614978
1333.2760280115208,0.99999774,0.8199485
1333.2774168814594,1.0002168,0.8160957
1333.27880575128,1.0001153,1.1034365
1333.280194621218,1.0003126,0.85582525
1333.28158349104,1.0001675,0.87190825
1333.282972360977,1.0001355,1.0156231
1333.2843612307986,1.0001707,0.7050129
1333.2857501006206,1.0000898,0.9491334
1333.2871389705588,1.0002998,0.8844688
1333.28852784038,1.0004152,1.0083246
1333.2899167103178,1.0001445,0.6847254
1333.2913055801394,1.0003217,1.1258179
1333.2926944500773,1.000262,0.7848985
1333.2940833198986,1.0001775,1.0767723
1333.29547218972,1.0002779,0.7560988
1333.2968610596586,1.000125,1.0690861
1333.2982499294799,1.0003476,1.1264642
1333.2996387993016,1.0002713,0.9407325
1333.30102766924,1.0001374,0.8527955
1333.3024165390607,1.0001829,0.96995425
1333.3038054088822,1.0002596,0.84703976
1333.3051942788206,1.0004554,0.95192754
1333.3065831486422,1.0000848,0.73584604
1333.3079720184637,1.0001969,0.9106079
1333.3093608884014,1.000106,0.9393115
1333.3107497582228,1.0002358,0.92908657
1333.3121386280445,1.0002537,0.764754
1333.3135274978658,1.0001074,0.9156743
1333.3149163678036,1.0000731,1.0116861
1333.3163052376258,1.0002409,0.6871536
1333.317694107447,0.9999784,0.94980156
1333.319082977268,0.99994147,0.9060208
1333.3204718472066,1.0002756,1.0872273
1333.321860717028,1.0002418,0.697425
1333.3232495868488,1.0002875,0.60992026
1333.324638456671,1.0002384,0.9036365
1333.3260273264923,1.000305,0.7472267
1333.3274161964296,1.0002321,0.9017626
1333.3288050662516,1.0003093,0.72887295
1333.3301939360736,1.0002608,1.1174577
1333.3315828058944,1.0003567,0.7458994
1333.3329716757157,1.0002261,1.0147456
1333.334360545538,1.0004728,0.78071445
1333.3357494153595,1.0002503,1.0364026
1333.3371382852974,1.0001618,0.9552843
1333.3385271551188,1.0000333,0.90602255
1333.339916024941,1.0002532,0.6761415
1333.3413048947623,1.0003552,0.87778866
1333.3426937645831,1.0000298,1.1595337
1333.3440826344054,1.0000887,1.0814091
1333.3454715042267,1.0001663,1.1690531
1333.3468603740475,1.0001943,0.66162676
1333.3482492438695,1.0000296,1.0005753
1333.3496381136915,1.0001532,0.9355691
1333.3510269835124,1.0001504,1.119699
1333.3524158533337,1.0000378,0.9537857
1333.353804723156,1.000108,0.72850853
1333.3551935929768,1.0002333,1.0151253
1333.356582462798,1.000161,0.87716794
1333.3579713326203,1.000149,0.85750407
1333.3593602024416,1.0003426,0.5816604
1333.3607490722632,1.0002785,0.849309
1333.3621379420847,1.0003663,1.2831851
1333.363526811906,1.0000185,0.87273735
1333.3649156817273,1.0001013,0.90885293
1333.3663045515489,1.0002922,0.87798923
1333.3676934213704,1.000188,0.88978976
1333.3690822911926,1.000121,1.0235572
1333.370471161014,1.0002204,0.7623459
1333.3718600308348,1.0000513,1.1403017
1333.3732489005404,1.000275,0.9637907
1333.374637770362,1.0001726,0.9598875
1333.3760266401832,1.0001191,0.95422876
1333.3774155100054,1.0002275,0.9177189
1333.378804379826,1.000216,1.1832231
1333.3801932496476,1.0001305,0.8805676
1333.3815821194698,1.000086,1.0314833
1333.3829709891747,1.0002593,0.93877125
1333.384359858996,1.0003532,0.8306013
1333.3857487288176,1.0000733,1.0506046
1333.3871375986391,1.0000904,0.9787284
1333.3885264684604,1.0000848,0.7188865
1333.3899153381653,1.0002747,1.0610203
1333.391304207987,1.000507,0.8154293
1333.392693077809,1.0003008,0.8605736
1333.3940819476306,1.0000635,1.078562
1333.3954708173349,1.00022,0.95690507
1333.3968596871568,1.0000403,0.93795985
1333.3982485569784,1.0001185,0.9729421
1333.4010262965048,1.0000725,1.0088972
1333.402415166327,1.0001377,0.776501
1333.403804036148,1.0001328,1.0947672
1333.4051929058528,1.0001298,0.71575177
1333.406581775675,1.0001012,0.9961653
1333.4079706454957,0.99995214,0.9367373
1333.4093595152008,1.0001502,0.89790356
1333.4107483850228,1.0000782,0.95271426
1333.4121372548443,0.99990517,1.3057404
1333.4135261245492,1.000097,0.7168497
1333.4149149943707,1.0002049,0.93374974
1333.4163038640763,1.0000881,1.2029883
1333.4176927338979,1.0002401,1.0243214
1333.4204704734243,1.000013,0.9572942
1333.4218593432456,1.0000347,1.0017664
1333.42324821295,1.0000445,0.9744817
1333.4246370827723,1.0001456,0.96630055
1333.426025952478,0.9999649,1.0621264
1333.4274148222987,1.0000985,1.0287329
1333.4288036920038,1.0003812,1.0083274
1333.4301925618258,1.0001858,0.86094224
1333.43158143153,1.0000277,0.95428747
1333.4329703013516,1.0000951,0.832257
1333.4343591710572,1.0002995,0.877406
1333.435748040879,1.0003935,1.0273033
1333.4371369105838,1.0001676,0.92372715
1333.4385257804051,1.0003382,1.0810595
1333.4399146501103,1.0001574,1.024757
1333.4413035199318,1.0001547,1.0766995
1333.4426923896367,1.0000881,0.7348778
1333.444081259458,1.0002619,1.1174713
1333.4454701291638,1.0001096,1.1230642
1333.4468589988687,1.0002016,1.2222106
1333.4482478686896,0.9999809,0.67867464
1333.4496367383954,1.0001546,1.2552675
1333.4510256082167,1.0002208,0.8785013
1333.4524144779211,1.0000427,0.9122472
1333.453803347627,1.0002724,0.73462605
1333.455192217449,1.0001901,0.95530546
1333.456581087154,0.9998456,1.008342
1333.457969956859,1.0001441,0.9937788
1333.4593588266803,1.0000668,0.98363924
1333.4607476963856,0.9999841,0.8975763
1333.4621365660905,1.000075,0.9971504
1333.4635254359118,0.9999697,1.0586237
1333.4649143056176,1.0001546,0.8876108
1333.4663031753225,1.0004889,0.7389144
1333.467692045027,1.0001054,1.018304
1333.4690809148492,1.0000662,0.96643305
1333.470469784554,1.0000573,1.0651544
1333.4718586542585,1.0001494,0.89669275
1333.4732475239643,1.0002574,1.0062518
1333.4746363937857,1.0001779,0.9196508
1333.47602526349,1.0001471,1.079059
1333.4774141331957,1.0003119,0.74356836
1333.4788030029013,1.0001808,0.9809333
1333.4801918727221,1.0001218,0.8185984
1333.481580742427,1.0001333,0.9693973
1333.4829696121328,0.9999083,0.89976573
1333.4843584818373,1.0000796,1.1485248
1333.4857473515422,0.99989396,0.9937687
1333.487136221248,1.0000632,1.0828506
1333.4885250910693,1.0001311,0.88445735
1333.4899139607744,1.0000918,0.8092049
1333.4913028304795,1.0001768,1.0800273
1333.4926917001844,1.0002457,0.71547353
1333.4940805698893,1.0000234,1.0299336
1333.4954694395947,1.0002428,1.0236197
1333.4968583093003,1.0002339,1.0621593
1333.4982471790058,1.0001385,0.8451483
1333.4996360487103,1.0000926,1.0952797
1333.5010249184152,1.0003757,0.61870784
1333.502413788121,0.9999761,1.0068129
1333.5038026578254,1.000344,0.8390615
1333.5051915275303,1.000001,0.8114954
1333.5065803973525,1.0001589,0.73463064
1333.5079692670574,1.0000707,1.1480653
1333.5093581367626,1.000066,0.75419927
1333.5107470064677,1.000329,0.84509563
1333.5121358761726,1.0002401,1.1664433
1333.513524745761,1.000287,0.8595295
1333.5149136154662,1.0000651,1.0571357
1333.5163024851713,1.0002576,0.92788965
1333.5176913548771,1.0002656,0.8643403
1333.519080224582,1.0003173,0.7443326
1333.5204690942865,0.9999193,1.0514699
1333.521857963992,1.0001675,0.8580237
1333.5232468336972,1.0003808,0.8748527
1333.5246357034014,1.0000727,1.0244333
1333.526024573107,1.0001206,0.99163544
1333.527413442812,1.0001445,0.857908
1333.5288023125163,0.9999548,1.1185744
1333.5301911821057,1.0002604,0.6868006
1333.5315800518115,1.0000032,0.9191066
1333.5329689215164,1.0003705,0.98346686
1333.5343577912215,1.000121,1.0348269
1333.5357466609266,1.0002307,0.92085433
1333.5371355306315,1.0003643,0.87896883
1333.53852440022,1.0001515,1.1374319
1333.5399132699254,1.0003183,0.83485496
1333.541302139631,1.0002482,0.8299149
1333.542691009336,1.0002005,0.90818584
1333.5440798790403,1.0000547,0.8685407
1333.5454687486294,0.9999851,0.92870706
1333.5468576183346,1.0003508,0.7590124
1333.5482464880388,1.0002233,1.1375204
1333.5496353577446,1.0001186,0.9866024
1333.551024227334,1.0001696,1.08284
1333.5524130970384,1.0000199,0.99342847
1333.5538019667433,1.0001909,1.1824406
1333.5551908364491,1.0000203,0.9929342
1333.556579706037,1.0002353,1.0982505
1333.557968575742,1.000236,1.0017236
1333.5593574454476,1.0001397,0.9858382
1333.5607463150363,1.0000895,0.78937143
1333.5621351847412,1.0002831,1.0962862
1333.5635240544464,1.0002729,0.9214825
1333.564912924035,1.0003225,1.0835733
1333.56630179374,1.0000458,1.130191
1333.5676906633284,1.0000522,0.99574757
1333.5690795330336,1.0000955,1.0284536
1333.5704684027392,0.99996686,1.0410846
1333.5718572723279,1.0001884,0.6713916
1333.573246142033,1.0002912,0.8283476
1333.5746350116224,1.0000713,1.1760329
1333.5760238813266,1.0000306,0.8617065
1333.5774127510317,1.0001057,0.882386
1333.5788016206209,1.0000234,1.0327089
1333.580190490326,1.0001979,0.9808141
1333.5815793599145,1.000245,0.8467047
1333.5829682296194,1.0000132,1.2162331
1333.5843570992083,1.0002137,0.6757501
1333.5857459689132,0.9999322,0.94913286
1333.5871348385017,1.0002756,1.0043802
1333.5885237082068,1.000108,0.8645394
1333.5899125777955,0.99992806,0.8480145
1333.5913014475004,1.0000714,1.3050331
1333.592690317089,1.0004165,0.79737103
1333.5940791867947,0.9999764,0.8243409
1333.5954680563832,1.0003116,1.0027099
1333.5968569259712,1.0002211,0.9488787
1333.598245795677,1.0002718,0.755507
1333.5996346652655,1.000212,0.78298783
1333.60102353497,1.0002034,0.9454489
1333.6024124045593,1.0000627,0.72808135
1333.6038012741485,1.0000395,1.15982
1333.6051901438527,1.0002257,0.9621655
1333.6065790134417,1.0000155,0.95874405
1333.6079678831472,0.99997056,0.8931547
1333.609356752735,1.0000784,1.0017825
1333.6107456223237,1.0000409,0.9174137
1333.6121344920293,1.0003963,0.96811754
1333.6135233616187,1.0002034,0.7535617
1333.6149122312072,1.0001599,1.0214723
1333.6163011007952,1.0002185,0.815483
1333.617689970501,1.0002391,1.018186
1333.6190788400895,1.0001764,0.6706177
1333.6204677096775,1.0002203,0.84572905
1333.6218565793833,1.000175,0.93135023
1333.6232454489725,1.000278,1.0435073
1333.6246343185603,1.0000854,0.6480449
1333.626023188149,1.0000097,1.1700339
1333.6274120578546,1.0001303,0.9168722
1333.6288009274426,1.0002587,0.9550869
1333.630189797031,1.0001857,0.5446621
1333.6315786666205,1.0001984,0.96663594
1333.6329675362092,1.0001602,1.0063016
1333.6343564059143,1.0001374,1.1174818
1333.6357452755028,0.9999538,0.9335691
1333.6371341450913,1.0001531,0.8325698
1333.63852301468,1.0002515,0.7632692
1333.6399118842687,1.0001212,0.9738903
1333.6413007538572,0.99996084,0.9957522
1333.642689623446,1.0002649,1.0078555
1333.644078493151,1.0002422,0.88871676
1333.6454673627395,1.0002143,0.8325407
1333.646856232329,1.000103,0.84798366
1333.6482451019174,1.0002532,0.96134496
1333.6496339715054,1.0002723,0.7252059
1333.6510228410946,1.0000937,0.85800433
1333.6524117106833,1.0002712,0.9402987
1333.6538005802718,1.0002888,0.9734682
1333.6551894498612,1.0001868,0.7150468
1333.6565783194496,1.0000792,0.91222095
1333.6579671890383,1.0001953,1.0302994
1333.659356058627,1.0002903,0.6882888
1333.6607449282155,1.0000623,0.8102237
1333.662133797804,1.0000153,0.86277735
1333.6635226673927,1.0000515,0.85675424
1333.6649115369814,1.0000201,0.9806453
1333.6663004065708,1.0000994,0.75224286
1333.6676892761593,1.0003368,1.0113491
1333.6690781457473,1.0002729,0.8180372
1333.6704670153365,1.000394,0.71504724
1333.6718558849252,1.00036,0.76807094
1333.673244754513,0.9998811,1.0835152
1333.6746336241022,1.0000556,0.6001111
1333.6760224936916,1.0000103,0.98683167
1333.6774113632796,1.0002247,0.9576101
1333.6788002327517,1.0000622,0.9897667
1333.680189102341,1.0003197,0.8762451
1333.681577971929,1.0003623,0.8643994
1333.6829668415176,1.0001233,0.7000663
1333.684355711107,1.0001532,0.9633227
1333.6857445806954,1.0001544,0.8050943
1333.687133450284,1.0002173,0.8842278
1333.6885223197564,1.0000358,0.77845895
1333.689911189345,1.000108,0.8125777
1333.6913000589334,1.0000336,0.71160877
1333.692688928522,1.0001335,1.0250336
1333.6940777981113,1.000098,1.1118553
1333.6954666675842,1.0003638,0.79638344
1333.6968555371723,0.9999229,1.0622563
1333.6982444067608,0.99996054,1.0170965
1333.6996332763501,1.000232,0.8093596
1333.7010221458218,1.0002843,0.6286851
1333.7024110154102,1.0002255,0.9477501
1333.7037998849996,1.0001229,0.98992395
1333.7051887545874,0.9999287,0.8968029
1333.7065776240597,0.99994177,0.99731624
1333.7079664936489,1.0001314,1.1281677
1333.7093553632376,1.000133,1.1171478
1333.7107442327097,1.0001862,0.9638053
1333.7121331022984,1.0001215,0.8072779
1333.713521971887,1.0000149,1.1440591
1333.7149108413591,1.0002393,0.8043223
1333.7162997109476,1.0000396,0.85440516
1333.7176885805363,1.0001355,0.9997119
1333.719077450009,1.000244,0.87586284
1333.7204663195978,1.000365,0.8502054
1333.7218551890692,1.0004141,0.6283268
1333.7232440586586,0.9999786,1.3118654
1333.7246329282473,1.0000149,0.9191855
1333.7260217977187,1.0001669,0.79404074
1333.727410667308,1.000087,1.4982036
1333.728799536781,0.99994814,0.96083546
1333.7301884063695,1.0001743,0.66774786
1333.7315772758416,1.0001737,0.95360553
1333.7329661454305,0.99999195,0.9839344
1333.7343550149026,1.0000433,0.73470974
1333.735743884491,0.99981374,0.82256013
1333.7371327539634,1.0000287,0.9040619
1333.7385216235525,1.000057,1.2295768
1333.7399104930248,1.0000312,1.0101986
1333.7412993626126,1.0000638,1.1192868
1333.7426882320856,1.0002929,0.6534407
1333.7440771016743,1.0002092,0.7702453
1333.7454659711457,1.0000206,1.182578
1333.746854840735,1.0002282,0.89543855
1333.748243710208,1.0002979,0.8999133
1333.7496325796794,1.0001501,0.7895584
1333.7510214492681,1.0001858,0.83650345
1333.7524103187409,1.0002849,0.90591264
1333.7537991883287,1.0001422,1.069697
1333.7551880578012,1.0002177,0.8701608
1333.756576927274,1.0001335,1.0389549
1333.7579657968627,1.0002319,0.73446345
1333.7593546663347,1.0002692,0.9186337
1333.7607435358068,1.00018,0.9353993
1333.7621324053955,1.000077,0.8666332
1333.7635212748678,1.0001643,0.80642605
1333.7649101443399,1.0001111,0.81896734
1333.7662990139283,1.0002066,1.0232596
1333.7676878834009,1.000193,0.6998312
1333.769076752873,0.99988115,1.113016
1333.770465622346,1.0001463,0.85684454
1333.771854491935,1.0002098,0.7544768
1333.7732433614065,1.0001094,0.9915142
1333.7746322308788,1.0001163,0.92331904
1333.7760211003515,1.0004152,1.0069348
1333.7774099699395,1.0002745,1.036104
1333.7787988394116,1.0001845,0.7933631
1333.7801877088846,1.0000283,1.0915626
1333.7815765783569,1.0001776,0.7772983
1333.7829654478292,1.0001554,0.94003785
1333.7843543174176,1.0000242,0.6274296
1333.7857431868897,1.0001717,0.83599186
1333.787132056362,0.99998945,1.0572613
1333.7885209258343,1.000477,0.67757934
1333.7899097953064,1.0000453,0.7361874
1333.7912986647793,1.0001224,1.1602207
1333.7926875342514,1.0002488,0.5598469
1333.7940764038394,1.0001293,1.0942849
1333.7954652733124,1.0002892,0.61493933
1333.7968541427845,0.99993944,0.84187293
1333.798243012256,0.99988073,0.8631781
1333.7996318817288,1.0000559,1.2306268
1333.8010207512016,1.0001867,0.99656856
1333.8024096206732,1.0002544,0.8928312
1333.8037984901455,1.0001394,0.8297446
1333.8051873596182,1.0001187,1.0021589
1333.8065762290898,1.000232,1.1094525
1333.807965098562,0.99993473,0.6151588
1333.8093539680349,1.0003177,0.86686325
1333.8107428375079,0.99987614,1.3837469
1333.81213170698,1.0000755,0.8434498
1333.8135205764515,1.0003394,0.76001316
1333.8149094459245,1.0002176,1.140963
1333.8162983153966,1.000281,0.9497761
1333.8176871848682,1.0001246,0.956343
1333.819076054341,1.0002875,0.7017578
1333.8204649238137,1.0002838,0.8671314
1333.8218537932853,1.000178,1.0647552
1333.8232426627574,1.0000949,0.8244294
1333.8246315322303,1.0001211,0.7436073
1333.826020401702,1.0003203,0.66322577
1333.8274092710576,1.0001111,1.1866603
1333.8287981405306,1.0000523,0.91013247
1333.8301870100026,1.000262,0.919157
1333.831575879475,1.0002556,0.9753845
1333.8329647489472,1.0003405,0.97310233
1333.8343536184193,1.0001639,0.9740697
1333.8357424878914,1.0001154,0.6662569
1333.8371313572475,0.999962,1.3469018
1333.8385202267195,0.99996537,0.77199787
1333.8399090961916,1.0000949,0.81280714
1333.841297965664,1.0000285,0.99179137
1333.8426868351362,1.0001539,1.0031435
1333.8440757044925,1.0003216,0.79183376
1333.8454645739648,1.0003383,0.7687131
1333.8468534434362,1.0004733,0.79031324
1333.848242312909,1.0002911,0.8331601
1333.849631182265,1.0002793,0.9716475
1333.8510200517371,1.0001098,0.85654896
1333.85240892121,0.9999745,1.5556082
1333.8537977905657,1.000078,1.1007266
1333.8551866600378,1.0003573,0.2434154
1333.85657552951,1.0002619,0.7152881
1333.857964398866,1.0000103,1.2156925
1333.859353268338,1.000066,0.8035167
1333.8607421378103,1.0002161,0.9893817
1333.8621310071662,0.99995416,1.2965852
1333.863519876639,1.0002474,0.82565546
1333.8649087461113,1.0001267,0.8475889
1333.8662976154662,1.0000982,0.8242145
1333.867686484939,1.000214,0.80811024
1333.8690753544113,1.0001419,1.134964
1333.8704642237662,1.0000393,1.1855811
1333.8718530932392,1.0001066,1.1615905
1333.8732419625958,1.000192,0.9109923
1333.8746308320674,0.9999614,0.94399416
1333.876019701423,1.0002156,0.91928947
1333.877408570896,1.0000058,0.86262035
1333.878797440251,1.000251,0.8038269
1333.8801863097233,1.0001652,0.89340466
1333.8815751791963,1.000122,0.92673576
1333.882964048552,1.0002005,0.97767305
1333.884352918024,1.0001347,0.8974991
1333.8857417873799,1.0002863,0.9227713
1333.8871306567357,1.000229,0.9226938
1333.8885195262078,1.0000507,0.93729705
1333.8899083955635,1.0001308,1.0316585
1333.8912972650364,1.0001187,1.1455936
1333.892686134393,1.000254,0.78704333
1333.8940750038646,1.0001162,0.88901985
1333.8954638732203,1.0001577,0.7477337
1333.8968527426932,1.0002244,1.0646609
1333.8982416120482,1.0002675,0.66696984
1333.899630481404,1.0003235,1.1269593
1333.9010193508768,1.0001862,0.82041055
1333.9024082202327,1.0002446,0.88172066
1333.9037970895884,1.0000545,0.7901174
1333.9051859590606,1.0000823,0.8330644
1333.9065748284165,1.0001144,1.146526
1333.9079636977722,1.0003226,1.1533401
1333.9093525672442,1.000139,0.62473637
1333.9107414366001,1.0002484,0.9852079
1333.912130305956,1.0000341,1.2349718
1333.913519175428,1.0002269,0.8235514
1333.9149080447837,1.0000383,1.1172196
1333.9162969141403,1.0002533,0.9915184
1333.9176857836126,1.0002126,0.7986253
1333.9190746529675,1.0001409,1.1008292
1333.920463522324,1.0003127,0.6684107
1333.9218523916797,1.0000849,0.96255386
1333.9232412611514,1.0001663,0.93528557
1333.924630130508,1.0003235,1.0014298
1333.9260189998645,1.0000621,0.88201535
1333.9274078692201,1.0003906,0.8514688
1333.9287967385758,1.0000783,1.0185443
1333.930185608048,1.0001554,0.84613615
1333.931574477404,1.0000792,0.9188496
1333.9329633467596,1.0000397,0.90515745
1333.9343522161153,1.0001144,1.1828129
1333.9357410854718,1.0001868,0.7974762
1333.9371299548275,1.000216,0.6894793
1333.9385188241827,1.0001402,0.9868201
1333.9399076936556,0.9998096,1.2292588
1333.9412965630113,1.0002624,0.6983236
1333.9426854323665,0.9999656,0.83655673
1333.944074301723,0.99997514,1.164445
1333.9454631710794,1.0001493,0.84241104
1333.9468520404344,1.0002772,0.89464706
1333.9482409097902,1.0000521,0.7647162
1333.9496297791466,0.9997499,1.3405284
1333.9510186485018,1.000366,0.76134104
1333.9524075178576,1.0000747,0.84268415
1333.953796387214,1.0001879,0.9862919
1333.9551852565698,1.0001854,0.98845613
1333.9565741259257,1.0000511,0.87144786
1333.9579629952814,1.0001287,0.76783705
1333.959351864637,1.0001681,1.0628781
1333.9607407339931,1.0001352,0.87111837
1333.9621296033488,1.0000741,1.451434
1333.9635184727044,1.0002044,1.2145342
1333.964907342061,0.99989426,1.1667278
1333.9662962114166,1.0000324,0.96133935
1333.9676850807725,1.0000907,0.8918115
1333.9690739501289,1.000112,0.9189217
1333.970462819484,1.0001922,0.87910724
1333.9718516887233,1.0001993,0.8772771
1333.9732405580799,1.0001053,1.0943029
1333.9746294274357,1.0001088,1.0656375
1333.9760182967916,0.9999569,1.0545902
1333.9774071661473,1.0001837,0.7808098
1333.978796035503,1.0001667,1.0465909
1333.9801849048588,1.0002171,1.0211655
1333.9815737740983,1.0001202,0.86698854
1333.982962643454,0.99984854,1.4227915
1333.9843515128105,1.000058,0.88876027
1333.9857403821661,0.9998083,1.0577847
1333.9871292515213,1.0000777,0.8918753
1333.9885181207615,1.0002549,0.66998506
1333.989906990117,1.000135,1.3914008
1333.9912958594723,1.000047,0.940853
1333.9926847288286,1.0000077,0.7770335
1333.994073598068,1.0002451,0.9407073
1333.9954624674233,1.0000236,0.9894774
1333.9968513367796,1.0003648,0.88070583
1333.998240206136,1.0003557,1.1084772
1333.9996290753747,0.9998863,0.7881181
1334.0010179447304,1.0001857,0.9606076
1334.002406814087,0.9999824,0.87339264
1334.0037956833257,1.0004386,0.8300289
1334.0051845526814,1.0001224,0.7923185
1334.006573422038,1.0002317,0.89307684
1334.007962291278,1.0000066,1.1710607
1334.0093511606337,1.0000505,0.90600824
1334.0107400298725,1.0001953,0.78969574
1334.0121288992289,1.0002557,1.1938457
1334.0135177685847,0.9998718,1.0281752
1334.0149066378233,1.0000365,0.8322314
1334.0162955071796,0.99998355,0.8725361
1334.0176843764198,1.000267,0.7689523
1334.019073245775,1.0001858,0.8025298
1334.0204621151306,1.0002735,0.8573651
1334.0218509843708,1.0000572,1.2180256
1334.023239853726,1.0001025,1.0258863
1334.0246287229652,1.0000458,0.8386069
1334.0260175923218,1.0001341,0.97245586
1334.027406461561,1.0004374,0.8597058
1334.0287953309166,1.0001501,1.177239
1334.0301842001563,0.99996203,1.1197157
1334.031573069512,0.9999811,0.9700695
1334.0329619387512,1.0003633,0.89620006
1334.034350808107,1.0000834,1.1696006
1334.0357396773466,1.0000968,0.88929975
1334.0371285465865,1.0000708,0.83007056
1334.0385174159424,1.0002501,1.092134
1334.039906285181,1.0001823,1.1516194
1334.0412951545372,1.0002178,0.90502334
1334.042684023777,1.000214,1.1476355
1334.0440728930155,1.0001208,0.8908665
1334.0454617623718,1.0003017,0.92373645
1334.046850631612,1.0002701,0.8574315
1334.0482395009676,1.0002275,0.86052465
1334.049628370207,1.0001953,1.2040149
1334.0510172394465,1.0003152,0.73810023
1334.0524061088022,1.00026,1.0755179
1334.0537949780417,1.0002232,1.1655599
1334.0551838472811,1.0002474,0.794017
1334.056572716521,1.0001801,0.86514163
1334.057961585877,1.0002841,0.85129565
1334.0593504551155,1.0002257,1.1054821
1334.0607393243554,1.0001811,0.8500571
1334.0621281937113,1.0002744,0.9880731
1334.0635170629498,1.0001534,1.2446707
1334.06490593219,1.0003586,1.0236164
1334.06629480143,1.0001255,1.1347461
1334.0676836707853,0.9998951,0.92294556
1334.0690725400245,1.0000664,0.6543415
1334.0704614092647,1.0000987,1.1141526
1334.0718502785032,1.0000714,1.2386075
1334.0732391477427,0.99992555,1.0435654
1334.0746280169828,1.0000845,1.2836657
1334.0760168863378,1.000186,0.84566176
1334.0774057555773,1.0000713,0.62287813
1334.0787946248172,1.0001165,0.93233144
1334.0801834940567,1.0001104,0.867906
1334.081572363296,0.9999419,1.1760503
1334.0829612325351,1.0003688,0.9341837
1334.0843501017746,1.0002993,0.95362735
1334.0857389711305,1.0001249,0.97058856
1334.0871278403697,1.0000334,1.1494704
1334.0885167096098,1.0001502,1.1147765
1334.08990557885,1.0003093,1.0640911
1334.0912944480885,1.0000926,1.1294796
1334.092683317328,1.0003319,0.60171765
1334.094072186568,1.0003699,1.0534621
1334.0954610558065,1.0001274,1.1337196
1334.0968499250462,1.0001428,0.813388
1334.098238794286,1.0002161,0.741515
1334.0996276635256,1.0003303,0.9638033
1334.1010165327648,1.0002855,0.6808605
1334.102405402004,1.0000212,1.4538368
1334.1037942712435,1.0000057,0.7800769
1334.105183140483,1.0001761,0.8134301
1334.1065720097222,0.99995834,1.0940518
1334.1079608789614,1.0002319,0.7588278
1334.1093497482016,1.0000064,0.8991642
1334.1107386173246,1.0001917,1.1231419
1334.1121274865632,1.0001221,0.71417075
1334.1135163558033,1.000001,1.2817552
1334.1149052250425,1.0000547,0.8069376
1334.1162940942813,1.0000559,0.74823105
1334.1176829635215,1.0001011,0.9683078
1334.1190718327614,0.99992716,0.9490825
1334.120460702,0.9998957,0.67029417
1334.1218495711232,1.0000792,1.3145356
1334.1232384403631,0.9999478,0.91670096
1334.1246273096026,0.9998372,1.0029836
1334.1260161788418,0.99985,0.8997086
1334.127405048081,1.0000992,0.71092916
1334.1287939173212,1.0000424,0.9814013
1334.130182786444,1.0000502,1.1855628
1334.1315716556828,0.9999598,0.9028948
1334.132960524923,0.99997216,1.0940065
1334.1343493941622,0.99999857,1.2904184
1334.1357382632846,1.0002009,0.7180605
1334.1371271325247,1.0001893,1.0251673
1334.1385160017646,1.0000808,1.0109974
1334.1399048708868,1.0001755,0.9238453
1334.1412937401262,1.0001409,0.67786056
1334.1426826093661,1.0002705,1.1233431
1334.144071478605,1.000274,0.8137162
1334.145460347728,0.99986273,1.2470216
1334.146849216968,1.000139,0.9586357
1334.148238086091,1.0003253,0.92298585
1334.1496269553304,1.0001843,1.0208635
1334.1510158245696,1.0000532,0.9675225
1334.1524046936925,1.0001419,1.0516616
1334.153793562932,1.0003595,0.9577339
1334.1551824321714,1.0001556,1.0253125
1334.1565713012942,1.0001652,1.1293083
1334.1579601705344,1.0000731,0.75074005
1334.1593490396572,1.0003612,0.96529233
1334.160737908896,1.0001409,0.9706712
1334.1621267780197,1.0002058,0.8838718
1334.163515647259,1.0000867,1.0339066
1334.1649045164982,1.0000721,1.4299729
1334.1662933856219,0.99999917,0.76317203
1334.1676822548607,0.99982285,0.99506176
1334.1690711239835,1.0000027,1.0459543
1334.1704599932236,0.99993855,1.1316532
1334.1718488623465,1.0000818,1.1992174
1334.1732377314695,1.0000786,0.8318531
1334.174626600709,1.0000391,1.4148891
1334.1760154698318,1.0001309,0.7099788
1334.177404339071,1.0000925,0.7015233
1334.1787932081943,1.0000162,1.1062076
1334.1801820774335,0.9999403,0.9254056
1334.1815709465573,1.0001227,0.93806237
1334.18295981568,0.99992555,0.852573
1334.1843486849189,1.0000286,1.1699252
1334.1857375540424,1.0001012,0.87464243
1334.1871264232818,1.0002742,0.8631958
1334.188515292404,0.99991935,0.9209922
1334.1899041615275,1.0000207,1.2149615
1334.1912930307676,1.0000286,0.94111705
1334.19268189989,1.0003262,0.8367822
1334.1940707690128,1.0002447,1.1316197
1334.195459638253,1.0000119,1.1985524
1334.1968485073753,1.0003071,0.9437105
1334.1982373764981,1.0003608,1.2018955
1334.1996262457383,1.0001955,0.89793587
1334.201015114861,1.0000017,0.99072564
1334.2024039839841,1.0002719,0.693406
1334.2037928531072,1.0002388,1.0399318
1334.205181722347,0.99988544,0.83357453
1334.2065705914702,1.0001266,1.317242
1334.2079594605923,1.0001086,0.9144176
1334.2093483297158,0.9999687,0.91765046
1334.2107371988395,0.9999152,0.9111869
1334.2121260680783,1.000141,0.6627896
1334.2135149372011,1.0001684,0.95896345
1334.2149038063249,1.0001165,1.1715719
1334.2162926754472,1.0002875,0.9083027
1334.21768154457,1.0,1.0685545
1334.2190704136938,1.0001972,0.99157906
1334.220459282933,1.0000393,0.97193563
1334.2218481520558,1.0001637,1.0116665
1334.223237021179,1.0000538,0.93323404
1334.224625890302,0.9999063,0.6843897
1334.2260147594247,1.0000117,1.0538998
1334.2274036285478,1.0001086,1.040313
1334.2287924976708,1.0001687,0.9750259
1334.2301813667943,0.9999565,0.8389832
1334.2315702359174,0.9999897,1.007737
1334.2329591050395,1.0001029,0.5932931
1334.234347974163,1.0000393,1.0924507
1334.2357368432863,0.9999488,1.2912673
1334.2371257124084,1.0002756,0.85187024
1334.238514581532,1.0001112,0.87966824
1334.2399034506557,0.99993074,0.66726774
1334.241292319778,1.0001335,0.8987002
1334.2426811889009,0.99998343,0.88000005
1334.2440700580246,1.0001532,0.867852
1334.2454589271474,1.0002238,0.9435151
1334.2468477962705,1.0002028,0.93112224
1334.2482366653935,1.000036,0.6976569
1334.249625534517,1.0000043,0.94983417
1334.25101440364,1.0000753,1.0302595
1334.2524032727622,1.0001012,0.9958035
1334.2537921418857,1.0003889,0.9139952
1334.2551810110087,1.0000602,0.70298225
1334.2565698800145,0.99992174,0.8511707
1334.2579587491382,0.9999784,0.88882464
1334.259347618262,0.99964523,1.146673
1334.2607364873843,1.0000039,0.8264128
1334.262125356507,1.000096,0.8671827
1334.2635142256308,0.99987537,0.8803333
1334.2649030946366,1.0003086,0.9549597
1334.2662919637596,1.0000206,0.84343475
1334.2676808328831,1.0002389,0.92575645
1334.2690697020062,1.0000618,1.0848826
1334.270458571129,1.0000498,0.67006916
1334.2718474401356,1.0001099,0.8744678
1334.2732363092587,1.0000601,1.2185172
1334.2746251783815,1.0001303,0.5895099
1334.2760140475043,0.99986535,0.8311714
1334.277402916511,1.0000625,0.9309598
1334.278791785634,0.9999262,0.8395099
1334.2801806547568,1.0001491,0.74920124
1334.2815695237634,1.000102,1.0227938
1334.282958392887,1.0001786,1.015568
1334.28434726201,1.0001687,0.78987
1334.2857361310166,0.9998695,0.96904254
1334.2871250001401,1.0001286,0.8205404
1334.2885138692623,1.0000254,0.76397556
1334.289902738269,0.9998306,1.1510793
1334.2912916073924,0.9999265,0.94605315
1334.2926804763993,1.000222,0.9544402
1334.294069345522,1.0002085,0.8181238
1334.295458214645,1.0000694,0.7456861
1334.2968470836515,0.9998874,1.2555138
1334.2982359527746,1.0000805,0.86018264
1334.299624821781,1.0002456,0.7994447
1334.3010136909038,1.0000654,0.99587595
1334.3024025599111,1.0002141,0.9212288
1334.3037914290342,1.0000613,1.176875
1334.3051802980399,1.0002992,0.9613146
1334.3065691671636,1.0001038,0.9084538
1334.30795803617,0.9999343,0.8180693
1334.3093469052924,1.0001198,1.0590328
1334.3107357742997,0.99969304,0.772281
1334.3121246434232,0.9997868,2.1909509
1334.313513512429,0.9999628,0.956841
1334.3149023815522,1.0000508,0.9114824
1334.3162912505593,1.0001559,0.92440426
1334.3176801196814,1.0001014,0.9849937
1334.319068988688,0.9999828,0.97178257
1334.3204578576951,0.9999901,1.0101128
1334.3218467268189,1.0002729,0.8238828
1334.3232355958253,0.9997994,1.162734
1334.3246244649476,0.9999486,0.9375615
1334.326013333955,1.000166,1.0465051
1334.3274022029614,1.0001119,0.97424686
1334.3287910720837,0.99988884,0.92553294
1334.330179941091,1.0002317,0.8408678
1334.3315688100981,1.0004096,0.7564193
1334.3329576792203,1.0002061,1.1159061
1334.334346548227,1.0001377,0.8546627
1334.335735417234,1.0000532,0.7711005
1334.33712428624,0.99977785,1.0127902
1334.3385131553628,0.99972534,1.0487094
1334.33990202437,1.0002215,1.0803709
1334.3412908933767,1.0002333,1.0201159
1334.3426797624998,1.0002745,1.0140158
1334.3440686315062,1.0002917,0.97763824
1334.3454575005126,1.0003605,0.7458495
1334.3468463695192,0.9999846,0.8828294
1334.3482352385258,1.0000534,0.9790695
1334.3496241076487,0.99982804,0.9431811
1334.351012976656,1.0001544,1.2233167
1334.3524018456624,1.0000862,1.038086
1334.3537907146683,1.000392,0.6316007
1334.3551795836756,0.9999764,1.017023
1334.356568452682,1.0002391,0.8388098
1334.357957321688,1.0000994,0.8570716
1334.3593461908117,1.000276,1.0917629
1334.3607350598188,1.0000999,0.59576637
1334.3621239288254,1.000045,1.1756514
1334.3635127978318,1.0000534,0.72542894
1334.3649016668383,1.0002978,0.8440911
1334.3662905358449,1.0001938,1.1104169
1334.3676794048515,1.0002673,0.7872206
1334.369068273858,0.9997922,0.9521961
1334.3704571428652,1.0002745,0.65723205
1334.3718460118716,1.0001869,0.98589325
1334.3732348808776,1.0000138,1.2372919
1334.374623749885,0.99979275,0.92098504
1334.3760126188913,1.0002571,1.2624135
1334.3774014878973,0.999951,1.022639
1334.3787903569043,1.0000548,0.60609466
1334.3801792259114,1.0001954,1.1763345
1334.3815680949174,1.0002353,0.92773175
1334.3829569639238,1.0002266,0.5540323
1334.384345832931,1.0001742,0.73631436
1334.385734701937,1.0002755,1.1744398
1334.3871235709435,1.000051,0.8300582
1334.3885124399508,0.9999784,0.806153
1334.3899013089572,1.0000671,0.71059
1334.3912901778474,1.0000623,0.83238816
1334.392679046854,0.99994296,1.2301452
1334.3940679158604,1.0000051,0.7629984
1334.395456784867,1.0001787,1.0582374
1334.3968456538737,1.0000166,0.9740118
1334.39823452288,1.000137,0.9492694
1334.3996233918874,1.0000924,0.80965126
1334.4010122607774,1.0000579,1.0753686
1334.4024011297838,0.99992496,1.0679471
1334.4037899987911,0.99991024,1.1622012
1334.405178867797,0.99989593,0.91860104
1334.406567736687,1.000108,1.008254
1334.4079566056944,1.0001256,0.8626466
1334.4093454747008,0.9998863,0.6720095
1334.4107343437074,1.0002149,0.8887556
1334.4121232125976,0.9999652,0.94223607
1334.413512081604,1.0000213,0.965611
1334.4149009506104,1.0001161,1.0000969
1334.4162898196173,1.0002489,0.9178522
1334.4176786885073,0.99998534,0.857762
1334.4190675575137,1.000078,0.84738827
1334.4204564265203,1.0000457,0.9557113
1334.4218452954105,1.0001531,0.7228725
1334.4232341644176,1.0001997,0.8569078
1334.4246230333079,1.000179,0.95252866
1334.4260119023136,1.0002351,0.79644686
1334.4274007713207,0.99994725,1.091208
1334.428789640211,1.0002106,0.79620355
1334.4301785092168,1.0000982,0.91681105
1334.431567378224,1.0002187,1.0582837
1334.4329562471148,0.99991137,0.8097173
1334.4343451161208,1.0000271,1.0101932
1334.4357339850108,0.99992704,1.170656
1334.437122854018,1.0003452,0.9193975
1334.4385117229074,1.000321,1.0011361
1334.439900591914,1.0000315,1.0281805
1334.441289460805,1.0003788,0.9918356
1334.442678329812,1.0001923,1.0720506
1334.4440671987022,1.0004596,0.7256848
1334.445456067708,0.9999959,0.94248605
1334.4468449365986,0.99992454,1.1518648
1334.4482338056052,1.0000926,0.7142108
1334.4496226744945,1.0002722,0.8912592
1334.4510115435019,1.0000005,1.1161039
1334.4524004123928,1.0003294,0.6411406
1334.4537892812823,1.0000246,1.1792945
1334.4551781502887,1.0003505,0.86345714
1334.4565670191796,1.0003518,0.95545304
1334.4579558881853,1.0001186,0.9967245
1334.4593447570755,1.0002364,0.96975374
1334.4607336259662,1.0000862,0.9277218
1334.4621224949728,0.99984115,1.0866903
1334.4635113638628,1.0000924,0.9316999
1334.464900232753,1.0002096,1.0630941
1334.4662891017597,1.000201,0.80163294
1334.4676779706497,1.0001125,1.2798247
1334.4690668395397,0.99960023,0.84983534
1334.4704557085463,0.9999515,0.95002127
1334.471844577437,1.0001647,1.0028181
1334.4732334463272,1.000156,0.83584255
1334.4746223152165,1.0001022,0.9268592
1334.4760111842238,0.9996938,0.88200456
1334.477400053114,1.0000839,1.1662958
1334.4787889220033,0.99994797,1.0600845
1334.4801777908942,1.0000203,1.349438
1334.4815666597851,1.0002964,0.8113165
1334.4829555287915,0.9999622,1.1035596
1334.4843443976815,1.0,0.97661126
1334.485733266572,1.0001458,0.8719047
1334.487122135462,1.0000613,1.076143
1334.488511004352,1.0000792,0.9754542
1334.4898998732422,1.0002769,1.0617775
1334.4912887422493,0.99998426,0.744098
1334.4926776111395,1.000047,0.7470054
1334.4940664800288,1.0001271,1.0252653
1334.4954553489197,1.0001868,1.1855716
1334.49684421781,1.0002154,0.6950118
1334.4982330866992,0.9999446,1.1822157
1334.49962195559,1.0003866,0.78873444
1334.501010824481,0.99994147,0.72706026
1334.5023996933703,1.0000532,0.67929685
1334.5037885622605,0.99990183,1.0683075
1334.5051774311512,1.0000983,0.79118466
1334.5065663000405,1.0002275,1.0034878
1334.507955168931,1.0000331,0.8268058
1334.5093440378216,0.9999866,0.7573008
1334.5107329067118,1.0002743,1.0730253
1334.5121217756018,1.0001614,0.90720516
1334.5135106444918,1.0001614,1.062968
1334.514899513382,1.0001156,1.1169212
1334.5162883822723,1.0000286,0.8711293
1334.5176772511622,1.0000647,1.1200603
1334.5190661200531,0.9999844,0.7404353
1334.520454988944,1.0000848,0.9273998
1334.5218438578333,1.0001047,0.92685425
1334.5232327267236,1.0001013,0.8459234
1334.5246215956142,1.0001005,1.1796145
1334.5260104645035,1.0000262,0.8559321
1334.5273993332773,1.0001535,1.1806912
1334.528788202168,0.99989325,0.9311131
1334.5301770710585,0.99989694,1.0379344
1334.5315659399485,1.0003065,0.7511887
1334.5329548088384,0.99998546,0.8951309
1334.5343436777287,1.0000848,1.1296263
1334.5357325465025,1.0001143,0.87088853
1334.5371214153924,0.9999587,1.2359176
1334.5385102842824,0.9999768,1.0502679
1334.5398991531733,1.0001395,0.4568472
1334.541288021947,0.9999824,0.88028187
1334.5426768908364,0.9999175,0.87044674
1334.5440657597273,0.9998568,1.1124301
1334.5454546286173,0.9999108,0.97584724
1334.5468434973905,1.0002273,0.81199986
1334.5482323662814,1.0000775,0.7905112
1334.549621235172,1.0001277,1.0498037
1334.551010103945,1.0001721,0.91308904
1334.5523989728354,1.0001812,0.91149855
1334.553787841726,1.0001311,0.89714026
1334.555176710499,1.0002054,0.8109527
1334.5565655793891,1.0001824,0.9336183
1334.5579544482798,0.99989337,0.99293876
1334.5593433170543,0.9998175,0.95200944
1334.5607321859443,0.9998822,0.8267579
1334.5621210547174,1.0000685,0.804714
1334.5635099236083,1.0002652,1.0314513
1334.5648987924983,1.0001509,0.8817372
1334.5662876612714,1.0000424,0.8126999
1334.5676765301623,1.0001318,0.9315663
1334.5690653989366,1.0001403,0.6257633
1334.5704542678259,1.0001966,1.115211
1334.5718431365997,1.0001137,0.8557297
1334.5732320054904,1.0003067,0.68873394
1334.5746208742635,1.0000789,0.84955776
1334.5760097431535,1.000027,1.1524905
1334.577398611928,1.0001701,0.8255914
1334.5787874808182,1.0000235,0.97495675
1334.580176349592,0.99991435,0.41732797
1334.581565218482,1.0000985,1.286218
1334.5829540872555,1.0003129,0.82996446
1334.5843429560293,0.999928,0.97458565
1334.5857318249195,1.00029,0.7314508
1334.5871206936931,1.0002633,1.0071901
1334.588509562584,1.0000694,0.8953541
1334.5898984313576,0.9998898,0.97711587
1334.5912873001307,1.0001973,0.7118129
1334.5926761690216,1.0000813,0.7509511
1334.5940650377952,1.0003734,1.0380803
1334.5954539066847,1.000075,0.9255331
1334.596842775459,0.9999789,0.88054883
1334.5982316442328,0.9998162,1.0510888
1334.5996205130064,0.9998926,0.8884123
1334.6010093818973,0.9999174,1.2780329
1334.6023982506708,0.99993175,1.0107968
1334.6037871194446,0.9999398,0.41675752
1334.6051759883348,0.9999397,1.3851085
1334.6065648571084,1.0001515,1.1295199
1334.607953725882,1.0002772,0.54333276
1334.6093425946558,1.000074,0.74993753
1334.610731463546,1.0000099,1.0537232
1334.6121203323205,1.000368,0.8635658
1334.613509201094,0.9998633,1.1883245
1334.6148980698672,1.0000813,0.96793634
1334.6162869386415,1.0003133,0.6228744
1334.6176758074153,1.0001361,0.8828082
1334.6190646763046,1.0001029,1.0123509
1334.6204535450788,1.000124,0.9709679
1334.6218424138533,1.000165,0.8725648
1334.6232312826264,1.000115,0.94293153
1334.6246201514,1.000091,0.9882847
1334.6260090201745,1.0002539,0.7736323
1334.6273978889476,1.0000503,0.9384972
1334.6287867577212,0.999979,0.98450756
1334.630175626612,0.99981886,1.0631084
1334.6315644953856,1.0001191,0.8420802
1334.6329533641592,0.99999785,0.8665223
1334.6343422329332,0.9999513,0.8661496
1334.6357311017068,1.0000317,0.99265015
1334.6371199704804,1.0000602,1.0463065
1334.6385088392542,1.0001979,0.9198066
1334.6398977080285,1.0000302,0.8913822
1334.641286576803,1.000031,0.8146945
1334.642675445576,1.000042,1.044552
1334.6440643143496,0.9999807,0.94585085
1334.6454531831241,1.0001746,0.9369662
1334.6468420518972,1.0000135,1.0512834
1334.6482309205544,0.9999915,1.1118541
1334.6496197893289,1.0003215,1.0020243
1334.6510086581025,1.0000246,0.91098535
1334.652397526876,0.99988735,1.0070851
1334.6537863956498,0.99996823,0.8718779
1334.6551752644236,1.0000527,0.84053916
1334.6565641331972,1.0002521,0.6343368
1334.657953001971,1.0001353,1.1557839
1334.6593418707448,1.0002061,1.2720863
1334.6607307394027,1.0001332,0.7983463
1334.6621196081765,0.99994165,0.926334
1334.6635084769493,0.9998645,0.65496314
1334.6648973457236,1.0000564,1.1500975
1334.6662862144974,1.0000793,1.1164714
1334.6676750831539,1.0000873,0.92022866
1334.6690639519284,0.9999764,0.8085173
1334.6704528207028,1.0000246,1.1641525
1334.671841689476,1.0001315,0.9761864
1334.6732305581331,1.0000104,1.1454349
1334.6746194269076,0.99996,0.64349324
1334.6760082956805,1.0002583,1.0054057
1334.6773971644543,1.0002389,0.70893747
1334.6787860331124,1.0003011,0.69923824
1334.6815637706604,1.0002007,1.096885
1334.682952639317,0.9999583,0.55666
1334.6843415080912,1.0000968,0.9944731
1334.685730376865,1.0000925,1.0983838
1334.6871192455214,1.0001932,1.1424445
1334.688508114296,1.0000063,0.7490459
1334.689896982954,1.0000391,0.9982985
1334.6912858517271,1.0000722,0.67730045
1334.6926747205007,1.0001591,1.187094
1334.6940635891588,0.9999262,0.8400579
1334.6954524579317,0.99998915,0.7251892
1334.696841326589,1.0001657,1.0301732
1334.6982301953633,1.0002244,0.7440865
1334.6996190640207,1.0001909,0.85471946
1334.7010079327943,1.0000392,0.99890137
1334.7023968014516,1.0002112,0.9607626
1334.7037856702254,1.0001248,0.70508397
1334.7051745388826,0.99977887,0.96390665
1334.7065634076562,1.0002493,0.9562527
1334.7079522763136,1.0001261,0.7782916
1334.7093411450878,1.0003164,0.81359655
1334.7107300137452,0.99993217,1.0886519
1334.712118882518,1.0002284,0.96004593
1334.7135077511762,1.0001613,1.0484586
1334.7148966198336,1.0000565,0.8124361
1334.7162854886074,1.0001063,0.7000957
1334.7176743572652,1.0000932,0.89890075
1334.719063226039,1.0002973,1.0377008
1334.7204520946962,1.0000744,1.171189
1334.7218409633533,1.0002899,1.0673039
1334.7232298321273,0.99991435,0.9409429
1334.7246187007845,1.0000259,1.146315
1334.7260075694417,0.9999473,0.6807718
1334.7273964382155,1.0000035,0.73500645
1334.7287853068733,1.0002471,0.85958624
1334.7301741755307,1.0000595,1.2690442
1334.7315630443036,0.99990416,0.95262766
1334.7329519129617,1.0000644,1.2081685
1334.7343407816188,0.99996394,0.8596381
1334.7357296502755,1.0000125,0.88044995
1334.73711851905,1.0000057,1.0553619
1334.738507387708,0.9998996,0.9390737
1334.7398962563645,1.0000602,0.98051023
1334.741285125022,1.0002074,0.78924143
1334.7426739936798,1.0002197,0.8087766
1334.7440628624527,0.9999994,1.0597678
1334.74545173111,0.9999714,0.836698
1334.746840599768,0.9999893,0.82022506
1334.7482294684255,0.9999841,0.71055007
1334.7496183370827,1.0001128,1.0872005
1334.7510072057398,1.000126,0.99146426
1334.7523960743972,1.0003844,0.8458522
1334.753784943171,1.0002469,0.89118224
1334.7551738118282,1.0001677,1.0894678
1334.7565626804862,1.000076,0.8191174
1334.7579515491443,1.0000331,0.98708975
1334.7593404178008,1.0001432,1.0229611
1334.7607292864582,1.0000963,0.87793916
1334.762118155116,1.0001004,1.0707226
1334.7635070237725,1.0000727,0.67593426
1334.7648958924299,1.0003841,0.9878818
1334.7662847610877,1.0003088,0.9520083
1334.767673629745,1.0001684,0.8844653
1334.7690624984025,1.0001137,0.96005297
1334.7704513670596,1.0000912,0.99447286
1334.771840235717,1.0003262,0.7058703
1334.7732291043744,0.9999011,1.070823
1334.7746179730316,1.0001467,0.7808699
1334.7760068416887,1.0001265,0.92514634
1334.7773957103468,0.9999283,0.8362091
1334.778784579004,0.9998432,1.223482
1334.7801734475443,1.0000693,0.66171163
1334.7815623162023,1.000095,1.0288404
1334.7829511848595,1.0002302,0.64511347
1334.7843400535162,0.999866,1.3138942
1334.7857289221743,1.0000929,0.79463696
1334.787117790832,0.9999537,1.4648019
1334.7885066594886,0.9999961,0.6885842
1334.7898955280295,1.0000987,1.17337
1334.7912843966874,1.0000576,0.80490965
1334.792673265344,1.0002109,1.0532337
1334.7940621340013,1.0001582,0.72470266
1334.7954510026593,1.0001938,0.8880579
1334.796839871201,0.99988306,1.1620716
1334.7982287398581,1.000086,0.8519923
1334.7996176085148,1.0000271,0.9800744
1334.801006477173,1.0003197,1.0643288
1334.8023953457136,0.9999838,0.9186561
1334.8037842143704,0.99984044,1.130491
1334.8051730830284,1.0001084,0.5771244
1334.8065619515698,1.0000404,1.1766303
1334.8079508202263,0.9999264,1.0096835
1334.8093396888837,0.9999533,0.9306489
1334.8107285574251,1.0001428,0.6943423
1334.8121174260818,1.0001332,1.0226519
1334.813506294739,0.9999751,1.1014457
1334.8148951632807,0.99998677,1.0094653
1334.816284031938,1.0002586,0.7876132
1334.8176729005954,1.0001875,0.8620987
1334.8190617691362,1.000022,0.9998311
1334.8204506377933,1.0001042,0.88721496
1334.8218395063343,1.0000842,1.1871167
1334.8232283749917,1.0000592,0.7816932
1334.8246172435324,1.0002253,1.0589304
1334.8260061121905,0.9999391,0.82417727
1334.8273949807312,1.0000571,0.9350897
1334.828783849388,1.0002255,0.7535026
1334.8301727179296,1.0001004,1.0196539
1334.8315615865868,0.99994415,0.52496415
1334.832950455127,0.9999969,1.220198
1334.834339323785,1.0000194,0.9673849
1334.8357281923263,1.0000699,1.2832347
1334.837117060984,1.000023,0.8946714
1334.8385059295247,1.0001677,0.987152
1334.8398947981818,1.0002961,0.88296145
1334.8412836667228,1.0001218,1.2289784
1334.8426725352638,0.99996686,0.5388962
1334.844061403921,1.0002375,1.229933
1334.8454502724626,1.0003327,0.98260725
1334.8468391410033,1.0002961,1.1574172
1334.84822800966,1.0002567,0.88480633
1334.8496168782017,1.0002288,0.86664367
1334.8510057467424,1.0001905,1.1333476
1334.8523946153991,1.000203,1.0959865
1334.8537834839406,0.9999042,0.91815174
1334.855172352482,0.99995077,1.1061561
1334.8565612211387,1.0002841,1.0173112
1334.8579500896794,1.0000308,1.0109793
1334.859338958221,1.0001804,1.2366415
1334.8607278267614,1.0001293,0.64671975
1334.8621166954185,0.9999633,0.8009839
1334.8635055639602,0.9999452,0.8167215
1334.864894432501,0.9998732,1.1300575
1334.866283301042,1.0001377,0.8650403
1334.8676721696993,0.99991626,0.7693503
1334.86906103824,1.0000029,1.0590068
1334.8704499067808,0.9998819,0.8858229
1334.871838775322,1.0000427,0.98381877
1334.8732276438627,1.000211,1.0661044
1334.8746165124044,1.000179,0.7669189
1334.8760053810615,0.9999545,1.0052412
1334.8773942496023,1.0000321,0.9512136
1334.878783118144,1.0002762,1.236414
1334.8801719866842,1.0001273,0.55947435
1334.881560855225,1.0000087,1.2459174
1334.8829497237666,0.99998677,0.86186075
1334.8843385923074,1.0000526,1.2128723
1334.8857274608483,1.0003096,1.1105098
1334.8871163293893,1.0000613,0.58511573
1334.88850519793,1.0001904,0.92200303
1334.8898940664708,1.0001568,1.1960866
1334.8912829350118,0.9997862,1.0410342
1334.8926718035527,1.0000458,0.835769
1334.8940606720944,0.9999684,0.9361375
1334.8954495406351,1.0000457,0.8181672
1334.8968384091754,0.9999828,1.5327873
1334.8982272777168,1.0001901,0.5110071
1334.8996161462578,1.0001045,1.1815933
1334.9010050147979,0.9998359,1.1230131
1334.9023938833393,0.9999309,0.7176147
1334.903782751881,1.0001128,1.1971089
1334.9051716204212,0.999999,0.9544494
1334.9065604888456,1.0000321,0.9630851
1334.9079493573872,0.99996156,1.3894523
1334.9093382259275,0.99991614,0.83522743
1334.9107270944683,1.0000702,0.75721097
1334.91211596301,1.0000229,1.0287848
1334.9135048315513,0.9997849,1.1361978
1334.9148937000923,1.0000808,0.9392378
1334.916282568516,1.0002065,0.969079
1334.9176714370574,1.0002161,0.926221
1334.9190603055986,1.000165,1.4178911
1334.9204491741386,0.9999749,0.95762414
1334.9218380425636,0.9999434,0.9664344
1334.9232269111053,1.0002905,1.1614574
1334.9260046481863,1.0001527,0.81980246
1334.9273935166116,0.99999166,1.054265
1334.9287823851516,1.000134,0.9087168
1334.9301712536926,0.99998295,1.0818564
1334.9315601221178,1.0000607,0.95057154
1334.9329489906586,0.9999378,1.3093253
1334.9343378591993,1.0002638,0.8815546
1334.935726727624,0.99982166,1.0360354
1334.9371155961649,1.0002404,0.9503638
1334.9385044647056,1.0001119,1.2707568
1334.93989333313,1.0001303,0.70834017
1334.9412822016711,1.0002613,0.7632388
1334.9426710700961,1.0001138,0.7221286
1334.944059938637,1.0001,0.71064675
1334.9454488071772,1.0001308,1.0566963
1334.9468376756022,0.9999786,0.9431167
1334.9482265441432,0.99974275,1.107624
1334.9496154125668,1.0002179,1.2427224
1334.9510042811085,1.00032,0.8549715
1334.9523931495337,1.0001838,1.1401422
1334.9537820180744,1.0001268,1.0242926
1334.955170886499,1.0001478,0.89136815
1334.9579486234643,1.0001941,0.73324794
1334.9593374918886,1.0002536,1.0370564
1334.9607263604296,0.9997536,1.2420512
1334.9621152288546,0.99994195,0.8603716
1334.9635040973958,1.000132,0.88515234
1334.9648929658194,0.99999964,1.1765645
1334.9662818343609,1.0001543,1.1448265
1334.9676707027854,0.99992913,0.83436114
1334.969059571209,0.99983877,0.9965607
1334.9704484397507,1.0001417,0.8866582
1334.9732261765996,0.9998924,1.2358369
1334.9746150451406,1.000057,0.7678094
1334.9760039135658,1.000181,1.6454347
1334.9773927819895,1.0000657,1.0511955
1334.9787816505304,1.000088,1.2210547
1334.9801705189554,0.9999799,0.80701894
1334.98155938738,0.9999488,1.1141281
1334.9829482558043,1.0001041,0.54736143
1334.9871148611942,1.0001243,0.8213775
1334.9885037296185,0.9999687,1.2557409
1334.989892598043,0.99991316,0.93300074
1334.9912814665845,1.0000477,1.1132424
1334.992670335009,1.0001113,0.97136474
1334.9954480718586,0.9998978,0.95502275
1334.9968369402823,0.99989563,1.1666842
1335.001003545673,1.0000798,1.02146
1335.0023924140974,1.0001965,0.93591535
1335.0037812825217,1.0002121,1.1079303
1335.0051701509462,1.0001228,0.96802473
1335.0065590193708,1.0000125,0.9654089
1335.0079478877951,1.0001478,1.0413494
1335.0093367562197,1.0000468,0.86935484
1335.0107256246447,0.9998009,1.0513735
1335.0121144930692,0.9997496,1.0377014
1335.013503361493,1.000505,0.924604
1335.0176699667663,0.9999625,0.9990232
1335.0190588351916,0.999749,0.96617204
1335.0204477036168,0.9999892,1.0667189
1335.023225440465,0.9999662,0.37294927
1335.02461430889,0.9999813,1.1014358
1335.0260031773137,1.0003481,0.85620826
1335.0273920456218,1.0000306,0.8071737
1335.0287809140468,1.0000464,1.0351667
1335.0301697824714,0.9997506,1.0891607
1335.031558650896,0.9999585,1.1060537
1335.0329475193203,0.9998456,0.80105245
1335.0343363877455,0.99993056,1.0059663
1335.0357252560534,0.9999386,1.1481061
1335.0371141244773,0.9999338,1.2670544
1335.0385029929025,0.9999687,1.0267352
1335.0398918613275,1.000256,0.78375685
1335.0412807297512,1.0003836,0.8721567
1335.0426695980595,0.9998543,1.0467093
1335.0440584664846,0.99998844,1.1225617
1335.0454473349082,1.0002308,0.72440785
1335.0468362033328,1.0002522,1.0771255
1335.0482250716414,0.9999421,0.8974034
1335.049613940066,0.99977875,1.042535
1335.0510028084905,1.0000473,0.5832181
1335.0523916767984,1.0000813,1.3993257
1335.0537805452227,0.99975777,0.8808868
1335.0551694136475,1.0000771,1.26652
1335.0565582819554,1.0002526,0.51219755
1335.0579471503797,1.0000503,1.101143
1335.059336018805,1.0000852,1.0331123
1335.0607248871129,0.99994874,0.86193407
1335.0621137555368,0.9999095,1.013121
1335.0635026238456,1.0002679,1.0060598
1335.06489149227,1.0000298,1.1595787
1335.0662803605774,1.0000206,1.1615132
1335.0676692290026,1.0000107,0.9548627
1335.0690580974276,1.0001211,0.7431965
1335.0704469657348,1.0000869,0.8677326
1335.0718358341594,0.9999453,0.5130683
1335.073224702468,1.0002034,1.3929156
1335.0746135708926,1.0000373,0.9713602
1335.0760024392007,0.9999483,1.1454923
1335.0773913075086,0.99968904,1.2906183
1335.0787801759338,0.9999923,1.3953662
1335.0801690442418,1.0000492,1.1994512
1335.0815579126656,1.0002457,0.5422484
1335.0829467809745,0.99997526,0.8312684
1335.0843356493988,1.000148,0.81671023
1335.0857245177062,0.9997948,0.79600394
1335.087113386015,0.9999878,1.1892434
1335.08850225444,1.0000125,0.8480802
1335.0898911227473,1.0001804,1.4295408
1335.0912799910554,0.9999649,0.9098941
1335.0926688594805,1.000056,1.0397589
1335.094057727788,0.99983454,0.58045864
1335.0954465960958,0.9997901,1.3711531
1335.096835464521,1.000184,0.8843298
1335.098224332829,1.0001036,1.1466266
1335.0996132011373,1.0000548,0.91319513
1335.1010020695617,1.000198,1.0613436
1335.1023909378696,0.99955326,0.6710265
1335.1037798061777,0.9996067,1.3407303
1335.1051686744859,1.0000548,0.8514227
1335.1065575429102,1.0001262,1.0522423
1335.107946411219,0.9999209,1.0362478
1335.109335279527,0.99996203,1.0514873
1335.1107241478348,0.999967,0.88162583
1335.1121130161437,0.999911,1.0938414
1335.1135018844511,1.000105,1.1233717
1335.1148907528755,0.99988633,0.7897719
1335.1162796211843,1.0000536,0.8702272
1335.1176684894922,0.99980354,1.0179844
1335.1190573578003,0.9999618,0.98303664
1335.1204462261085,0.9999555,0.95134026
1335.1218350944164,0.99977,1.4313928
1335.1232239627245,0.9999956,0.98672473
1335.1246128310327,1.000146,0.71839815
1335.1260016993406,1.000131,1.3232601
1335.1273905676494,0.99997807,0.3760779
1335.1287794359573,1.0000021,0.9719701
1335.1301683042648,0.9997303,0.73081696
1335.1315571725734,1.000001,1.3521781
1335.1329460408815,0.9999025,1.0702944
1335.134334909189,1.0001436,1.0299532
1335.1357237774976,0.9999423,0.9738045
1335.1371126458062,1.0000024,0.9358422
1335.1385015141136,0.9999998,1.37912
1335.1398903824215,1.0001303,0.5227172
1335.1412792507303,1.0000203,0.87846565
1335.1426681190378,0.99996555,0.99101126
1335.1440569873457,0.9997411,1.1793951
1335.1454458556545,1.0000327,1.2114606
1335.1468347239625,0.9999125,0.6645286
1335.1482235922706,0.99990666,1.2831312
1335.1496124604623,0.9999732,0.8660015
1335.151001328771,0.99992174,0.675946
1335.152390197079,0.99987,0.5363494
1335.1537790653863,0.9997196,1.2669595
1335.1551679336949,0.9998951,1.1257399
1335.1565568020037,0.99978757,1.0946847
1335.1579456701947,1.0002218,0.9345836
1335.1593345385027,0.9997716,1.3695068
1335.1607234068115,0.99996185,0.8032628
1335.162112275119,1.0001082,1.0809777
1335.1635011433104,0.9998917,0.65427405
1335.1648900116193,0.9997588,1.2471173
1335.1662788799272,0.9999261,1.2251343
1335.1676677481187,0.99990916,1.0912381
1335.169056616427,1.0000049,0.82902783
1335.170445484735,0.99994093,0.97016215
1335.1718343529265,1.000059,1.1908194
1335.1732232212346,0.99997276,1.0039262
1335.1746120895427,1.0000826,1.1362268
1335.176000957735,1.0000776,0.622068
1335.177389826043,1.0001451,1.1546924
1335.1787786943505,0.99993294,0.96342915
1335.1801675625427,0.9999981,1.0300564
1335.1815564308508,1.0000776,0.9368435
1335.1829452990416,1.0001379,1.1191803
1335.1843341673502,1.0003405,0.59180295
1335.1857230355427,1.000271,0.8530698
1335.18711190385,1.0000211,1.2111373
1335.1885007720416,0.99996656,0.93931156
1335.1898896403504,1.0000439,1.0886345
1335.191278508542,0.9997438,0.8386753
1335.19266737685,1.0001372,1.0103576
1335.1940562450418,0.99993825,1.130531
1335.1954451133504,1.0000155,1.062201
1335.196833981542,0.9997772,0.94316596
1335.1982228498493,0.99992514,1.5137881
1335.1996117180415,0.9997758,1.0758065
1335.2010005863497,1.0000606,0.7084495
1335.2023894545405,1.0001273,0.8731023
1335.203778322733,1.0000321,1.2389656
1335.2051671910417,1.0000522,0.64491946
1335.2065560592328,1.0000622,1.2402442
1335.2079449274243,1.0001456,1.0104241
1335.209333795733,1.0001738,0.9698833
1335.210722663924,0.99987257,0.9433381
1335.2121115321156,0.99998957,0.9042813
1335.2135004004244,0.9999548,1.0445725
1335.214889268616,0.99991655,0.7873639
1335.2162781368074,1.000003,1.1114666
1335.2176670051156,0.9998859,1.0750568
1335.2190558733073,0.9997485,1.1504686
1335.2204447414988,1.0001079,0.7215947
1335.2218336096903,1.0000534,1.2525188
1335.2232224779984,1.0001423,1.0590123
1335.2246113461906,1.0000447,0.8484452
1335.2260002143826,0.99990785,1.2861046
1335.2273890825734,0.9999075,1.3302606
1335.2287779507656,1.0001087,1.0617851
1335.230166818958,1.0000356,1.0713805
1335.2315556872659,0.99992657,1.3013195
1335.2329445554576,1.0000585,0.83780533
1335.2343334236493,1.0001802,1.1158899
1335.2357222918408,1.0002234,1.1169986
1335.2371111600326,1.0001162,1.2940673
1335.2385000282243,0.99981433,0.80464375
1335.2398888964165,0.9999207,1.0982815
1335.2412777646082,0.99976885,1.2833266
1335.242666632799,1.000237,1.224911
1335.2440555009912,0.9999213,0.81787455
1335.245444369183,0.99980414,1.3465976
1335.2468332373737,1.0002501,0.7721341
1335.2482221055661,0.9996105,1.5266305
1335.2496109737585,1.0000905,1.0166395
1335.2509998419496,1.0001951,0.7458664
1335.252388710141,0.99994797,1.1652294
1335.2537775783335,1.0000551,1.1296495
1335.2551664465243,0.9999175,0.6585701
1335.256555314716,0.999542,1.10277
1335.2579441829084,0.99991304,1.1978188
1335.2593330511,0.9997754,1.2189575
1335.2607219192914,0.9999033,1.0449682
1335.2621107874832,0.9999594,0.98293555
1335.2634996556749,0.9999399,1.5643402
1335.26488852375,0.9999095,0.9575029
1335.2662773919415,1.0000951,0.53639734
1335.2676662601339,1.0000305,1.0711133
1335.2690551283263,0.9997248,0.9444879
1335.2704439965173,0.99996585,1.3526902
1335.2718328645924,1.0000896,1.0117182
1335.2732217327848,0.9999948,1.2083838
1335.2746106009756,1.0001423,0.681223
1335.2759994691673,1.0000004,1.2108954
1335.2773883373595,0.9999177,1.441033
1335.2787772054348,1.0001721,0.5263456
1335.2801660736263,0.99984026,1.2926569
1335.281554941818,0.9999451,0.87749505
1335.2829438098934,0.99998546,1.5921394
1335.2843326780849,0.9998078,0.5695915
1335.2857215462764,0.9999632,1.11292
1335.2884992825439,1.000121,0.9473176
1335.2898881507356,0.9999823,0.6359896
1335.29127701881,1.0000312,1.2607857
1335.2926658870024,1.0001062,0.6570931
1335.294054755194,1.0000293,1.0515871
1335.2954436232685,1.0000623,0.9173849
1335.296832491461,1.0000265,0.98832107
1335.298221359537,1.0000982,1.1199322
1335.2996102277277,1.000038,1.1547273
1335.300999095803,0.999945,0.9422352
1335.3023879639952,1.0001806,1.0591187
1335.3037768320696,0.99965864,1.1023675
1335.3051657002616,0.9998291,1.1067283
1335.3065545683373,1.0000303,0.83911186
1335.3079434365295,0.99995416,0.95472515
1335.3093323046048,0.9998874,1.0234863
1335.3107211727956,1.0000746,0.8372331
1335.3121100408716,0.99999857,1.230013
1335.3134989090631,0.9996576,1.4700345
1335.3148877771378,1.0000967,0.8613731
1335.3162766452137,0.999754,1.665056
1335.3176655134062,0.9998538,0.9615388
1335.3190543814806,1.0000005,1.374746
1335.3204432496723,0.99989396,0.7641021
1335.321832117748,0.99987775,1.1762284
1335.3232209858224,1.0000734,0.33804137
1335.3246098540142,0.9998226,0.9955255
1335.32599872209,1.0000268,1.1073035
1335.3273875901655,0.9997027,1.0427607
1335.3287764582406,0.9998451,0.8379636
1335.330165326432,0.99996454,1.1588264
1335.3315541945074,0.999873,1.2465993
1335.3329430625827,1.0001605,1.117189
1335.3343319306578,0.99979794,0.8233879
1335.3357207988493,1.0001996,1.1996627
1335.3371096669252,1.0001235,0.81268996
1335.3482206116441,0.9999749,1.5690938
1335.3496094797192,0.9998627,1.670242
1335.3509983477945,1.0001863,1.0218358
1335.3523872158698,1.0000803,1.23374
1335.3537760840613,1.0001609,0.89180744
1335.3551649521364,1.0002192,1.0066854
1335.3565538202124,1.0002322,1.2320112
1335.3579426882875,1.0000216,1.0934559
1335.3593315563621,1.0000777,0.69561374
1335.3607204244381,1.0003113,1.0436997
1335.3621092925132,1.0002505,1.0256231
1335.3634981605878,1.0001273,0.97397673
1335.3648870286638,1.0000565,0.7939628
1335.3662758967396,1.00009,1.2302585
1335.3676647646976,0.99989635,1.2909685
1335.3690536327729,1.0000411,1.5788006
1335.3704425008486,1.0002838,0.8953917
1335.3718313689233,1.0002056,1.1332304
1335.3732202369983,1.0001984,1.0725126
1335.3746091050743,1.0000842,1.1000875
1335.3759979731497,1.0001448,1.2297683
1335.377386841225,1.0001498,0.87759954
1335.3787757093,1.0000743,0.9773482
1335.3801645772587,1.0000634,1.0099306
1335.381553445334,1.0002457,0.8628281
1335.3829423134093,1.000134,0.9757353
1335.3843311814844,1.0000885,0.93429095
1335.3857200495604,0.9998924,1.2095945
1335.387108917519,1.0000377,1.2080182
1335.3884977855944,1.0000693,0.68020964
1335.3898866536701,1.000089,0.8125817
1335.3912755217448,1.000229,1.1434951
1335.3926643897034,1.0000154,0.96272707
1335.3940532577794,1.0001593,1.1946968
1335.3954421258547,1.0001194,0.8075106
1335.3968309938136,1.0000242,0.952558
1335.3982198618887,1.0000241,1.3061006
1335.3996087299638,0.9998456,1.1031018
1335.4009975979227,1.0000787,0.84280246
1335.402386465998,1.0002238,1.2994273
1335.403775334073,1.0000545,0.9261386
1335.4051642020327,1.0002532,0.952044
1335.4065530701077,1.0000591,1.3134747
1335.407941938066,1.00035,0.9236056
1335.409330806142,1.0000801,0.9343699
1335.4107196741013,0.9999227,1.0412189
1335.4121085421757,1.0001215,0.9749347
1335.413497410251,0.9999788,1.0553483
1335.4148862782104,1.0000468,1.0670533
1335.4176640142437,1.000135,0.96058434
1335.4190528823196,0.9996345,1.6771384
1335.4204417502785,1.0001303,0.9832169
1335.4218306182374,1.0001284,1.0731474
1335.4232194863125,0.99995047,0.96930337
1335.4246083542712,1.0000851,0.8615748
1335.4259972223465,1.0002306,0.9401768
1335.4273860903054,0.99998635,0.9635773
1335.428774958265,1.0001669,0.9211369
1335.4301638263407,1.0001222,0.8123131
1335.4315526942987,1.0000306,0.8431782
1335.432941562374,1.0000904,1.2582049
1335.4343304303334,1.0001695,0.8696547
1335.4357192982916,1.0001163,1.0514092
1335.4371081663667,1.000122,1.3725466
1335.4384970343262,1.0000746,0.9636319
1335.439885902285,1.0001156,1.0188062
1335.441274770244,0.99990433,1.2835633
1335.4426636383191,1.0001659,1.1276163
1335.4440525062778,0.999989,0.985016
1335.4454413742367,1.0002362,0.86227643
1335.4468302421956,1.0001875,1.0247525
1335.4482191102707,1.0000789,1.2439569
1335.4496079782302,1.0001025,1.1127282
1335.450996846189,1.000156,1.2305914
1335.452385714147,1.000025,0.9039814
1335.4537745821067,1.000233,0.85622025
1335.4551634500654,1.0000862,0.9158813
1335.45655231814,0.9999126,1.2575629
1335.4579411860993,0.9999264,1.3247179
1335.4593300540587,1.0000858,0.81247896
1335.460718922017,1.000142,0.87257946
1335.4621077899756,1.0001153,1.2342691
1335.4634966579351,0.9998548,1.1768916
1335.464885525894,0.9999499,1.067353
1335.466274393853,1.0000559,0.9741448
1335.4676632618116,0.99984396,1.3895241
1335.4690521297712,1.0000898,0.8229776
1335.4704409977298,1.0003171,0.7308004
1335.471829865688,1.0002403,0.9591416
1335.4732187336476,0.9999852,1.1629673
1335.4746076016063,1.0000045,1.1538109
1335.4759964695645,1.0000178,1.1069589
1335.4773853375239,1.0000069,0.8732623
1335.4787742054832,1.0000203,0.804883
1335.4801630734414,0.9998814,1.3835707
1335.4815519414,1.0001701,1.0226266
1335.4829408093597,1.000411,0.7666685
1335.4843296773179,0.99999684,1.1895238
1335.4857185451601,1.0000954,1.2007905
1335.4871074131197,1.0002371,1.0824915
1335.4884962810784,1.0001988,0.99462986
1335.4898851490373,1.0000095,0.79670966
1335.4912740169962,1.0002083,0.7702824
1335.4926628849548,1.0000415,1.2370667
1335.494051752797,0.9999827,1.1117185
1335.495440620756,1.0000635,1.3144382
1335.4968294887149,1.000153,1.1973159
1335.4982183566744,1.000005,1.0777485
1335.4996072245167,1.0001949,0.8537749
1335.500996092475,1.000153,0.80605245
1335.5023849604343,0.9999918,0.9401017
1335.5037738283932,1.0000844,1.0734073
1335.5051626962354,1.0001023,0.89316535
1335.506551564195,1.0000304,0.78371733
1335.5079404321536,1.0001146,0.8299561
1335.5093292999961,1.0001115,1.4050308
1335.510718167955,1.0001109,0.86591923
1335.5121070359137,0.99998313,1.4082497
1335.513495903756,0.99995065,0.72549176
1335.5148847717148,0.99990267,1.1380731
1335.5162736395573,1.0001655,0.78334093
1335.517662507517,1.0000901,1.230922
1335.5190513753591,0.9999083,0.7138366
1335.5204402433174,1.0000625,1.0682796
1335.5218291111603,1.0001054,1.124186
1335.5232179791192,1.0000726,1.2421031
1335.5246068470772,1.000143,0.97357154
1335.52599571492,1.0002017,0.97555935
1335.5273845827633,1.0001328,0.9256083
1335.5287734507215,0.99991536,1.1612164
1335.5301623185637,1.0001212,1.078524
1335.5315511865233,1.0001754,1.1085302
1335.532940054365,1.0001136,0.9745723
1335.5343289223238,1.0000839,1.2034495
1335.535717790167,1.0000747,1.031153
1335.5371066580092,0.99991655,1.1263602
1335.5384955259678,1.0000178,1.4410784
1335.5398843938103,1.0000099,1.2188687
1335.5412732617692,1.0000788,0.93359315
1335.5426621296124,1.0001798,1.1663755
1335.5440509974546,1.0001493,0.9622215
1335.5454398654133,1.0001918,0.71119064
1335.5468287332565,1.000076,0.99376535
1335.5482176010983,1.0001745,0.8264383
1335.5496064689405,1.000017,0.953958
1335.5509953369,1.0001512,0.9207895
1335.5523842047423,1.0002098,1.0532603
1335.5537730725848,1.0001185,0.77652353
1335.5551619404273,1.0000007,1.2504447
1335.556550808386,1.0000277,1.0536736
1335.5579396762282,1.0001667,0.71524656
1335.5593285440707,1.0000149,1.3092775
1335.5607174119132,1.0001581,0.84525263
1335.562106279756,1.0003378,1.2067659
1335.5634951475986,1.0001134,0.86929804
1335.5648840155568,1.0000795,1.0867516
1335.5662728833997,1.0001479,0.809565
1335.5676617512422,1.0001358,0.8889878
1335.5690506190838,0.9999678,0.9218642
1335.5704394869267,0.9999747,1.2027165
1335.5718283547699,1.0002514,0.94055104
1335.5732172226117,0.9999398,1.2688645
1335.574606090454,1.0000731,1.0659587
1335.575994958297,1.000096,0.952535
1335.5773838261389,0.9999149,0.8151934
1335.5787726939811,0.9998517,1.0296386
1335.5801615618243,1.0000486,0.8343595
1335.5815504296665,1.0002706,0.8744248
1335.5829392975088,0.9999575,0.6208413
1335.5843281653513,1.0003895,0.7988045
1335.5857170331942,1.0001665,1.0161399
1335.587105901037,1.0000608,0.97909355
1335.5884947688785,1.0002235,1.0018551
1335.5898836367214,1.0001818,0.8689523
1335.5912725044482,1.0001376,0.9919938
1335.59266137229,1.0000539,1.1735485
1335.5940502401322,1.000108,0.99009883
1335.5954391079754,0.99996907,1.134262
1335.596827975817,1.0002527,0.91522515
1335.5982168436594,1.0000426,1.038671
1335.5996057113862,0.9999985,1.1555289
1335.6009945792284,1.0000827,0.7523535
1335.6023834470707,1.0001616,1.0630873
1335.6037723149132,1.0001216,0.99648845
1335.6051611827556,1.0002221,1.1247603
1335.6065500504815,1.0000845,1.1497762
1335.6079389183237,0.9998876,0.91152346
1335.6093277861662,1.000001,0.9682865
1335.6107166538927,1.0001708,1.0544556
1335.6121055217354,1.0000515,0.89058816
1335.613494389577,1.0002774,0.6586412
1335.6148832573035,1.0002586,0.94871473
1335.616272125146,1.000213,0.9815309
1335.6176609929876,1.000283,1.1266505
1335.6190498607143,0.9999851,1.050148
1335.6204387285575,1.0001538,0.8344413
1335.6218275962826,1.0000142,0.8850976
1335.623216464125,0.999819,1.314186
1335.6246053319683,1.0000565,1.096417
1335.625994199694,1.0000226,0.8904973
1335.6273830675364,0.99987954,0.68225205
1335.6287719352624,0.99991053,1.3602232
1335.6301608031054,1.0001328,1.0309345
1335.6315496708314,0.9999714,1.0714988
1335.632938538673,0.9999568,0.99382997
1335.6343274063997,0.9999421,1.3869754
1335.6357162742422,1.0000775,0.938676
1335.6371051419674,1.0000851,1.0029528
1335.638494009694,1.0001867,1.1437109
1335.6398828775373,0.999921,1.0359222
1335.6412717452624,1.0001327,0.98252296
1335.642660613105,0.99993044,1.1573759
1335.6440494808317,0.9999755,1.0196589
1335.6468272163993,1.0000714,0.98752165
1335.6482160841258,1.0000736,1.1607414
1335.6496049518519,1.000126,1.0760487
1335.6509938196941,1.0001765,1.3149518
1335.65238268742,0.9999177,0.6445274
1335.653771555146,1.0001045,1.1096073
1335.655160422989,1.0000576,0.91047394
1335.6565492907152,0.99988675,0.7936245
1335.6579381584404,1.0000994,1.0263482
1335.659327026167,0.9999259,0.9648702
1335.6607158940094,1.0000514,1.0043607
1335.6621047617355,0.9999772,1.4048437
1335.663493629462,0.99970746,0.8649742
1335.664882497188,0.9998787,1.1200111
1335.6662713649139,1.0000992,0.97722316
1335.66766023264,1.0000721,0.86063224
1335.6690491004824,1.0000776,1.1153758
1335.6704379682083,1.0000005,1.2976149
1335.671826835934,1.0002854,0.9043247
1335.6732157036602,1.0000653,0.899902
1335.6746045713867,1.0000249,1.1937848
1335.6759934391127,0.99996334,0.96687
1335.677382306838,1.0001832,0.82717425
1335.6787711745646,1.0001922,0.93908495
1335.6801600422907,1.0001897,0.85447204
1335.6815489100159,1.0002036,1.2336837
1335.6829377777426,1.0000393,0.954459
1335.6843266454694,1.0000691,0.9126033
1335.6857155131945,1.0000764,1.0062549
1335.6871043809206,1.000098,1.329012
1335.6884932486473,1.0000008,1.0377223
1335.6898821163725,1.0002286,0.90623057
1335.6912709840985,1.000089,0.88785946
1335.692659851825,1.0001407,0.91469324
1335.6940487195511,1.0001627,1.0609143
1335.695437587277,1.0000751,1.2196909
1335.6968264548864,0.9999465,1.0283738
1335.6982153226124,1.0000437,1.0599123
1335.6996041903385,0.99987155,1.0582986
1335.7009930580643,1.0000939,0.9728861
1335.702381925791,1.0000107,0.93209195
1335.7037707935178,1.000101,1.0780193
1335.7051596611266,0.99997693,0.98437905
1335.7065485288526,1.0000584,0.96947503
1335.7079373965792,1.0000743,1.0308901
1335.7093262643043,1.0001278,0.9896072
1335.710715131914,1.0001979,0.79553795
1335.7121039996405,1.0001341,0.9403277
1335.7134928673668,1.0000602,1.0088214
1335.7148817349762,1.0001216,0.9291542
1335.716270602702,1.0001068,1.5253129
1335.717659470428,0.99997485,0.9053862
1335.7190483380377,1.0000001,1.2553362
1335.7204372057636,0.99990565,1.0665866
1335.7218260734894,1.0001025,1.1150712
1335.7232149410997,0.99994314,1.1653742
1335.7246038088258,1.0001869,1.0658003
1335.7259926764345,1.000237,1.055198
1335.7273815441613,1.0001045,1.019067
1335.7287704118871,1.0000955,1.1603187
1335.730159279496,1.0000279,0.9376954
1335.7315481472228,1.0002636,1.1595588
1335.732937014833,1.0000702,1.1675045
1335.734325882558,0.9999475,0.98242724
1335.735714750168,0.999954,1.1486417
1335.7371036178945,1.0003723,0.92844075
1335.7384924855032,1.0001533,1.3056601
1335.7398813531129,1.0001134,1.1548153
1335.7412702208394,1.0000963,0.74644154
1335.7426590884497,1.0001854,1.2507322
1335.7440479561756,1.0001495,1.2015442
1335.7454368237845,0.9999988,0.73815054
1335.7468256915113,0.99996,0.92920315
1335.7482145591216,1.0001221,1.2475661
1335.7496034267303,0.9999873,0.88489676
1335.7509922944564,0.99979657,0.7975465
1335.7523811620665,1.0000335,1.1899401
1335.7537700296753,0.99993056,0.90551007
1335.755158897285,1.000047,1.2614415
1335.7565477650114,0.99988335,1.0451568
1335.7579366326213,1.0000523,1.201738
1335.7593255002307,1.0000606,1.0602466
1335.7607143679566,1.0000113,1.1269811
1335.7621032355662,1.0002583,1.0701913
1335.7634921031758,1.0000851,1.039181
1335.7648809707853,0.9999065,1.0995553
1335.7662698383947,0.9998872,0.92498595
1335.767658706005,0.99995977,1.1065768
1335.769047573731,1.0002177,1.1655455
1335.7704364413398,0.99987406,1.0603267
1335.7718253089502,1.0000029,1.1382687
1335.7732141765596,0.99997234,1.4101923
1335.7746030441685,1.0003257,0.75579953
1335.7759919117789,1.0001318,0.95717305
1335.777380779389,0.9998449,1.0462645
1335.7787696469977,1.0001628,0.62004024
1335.7801585146076,1.0001832,1.231428
1335.7815473822177,0.9999386,0.85085785
1335.7829362498273,1.0001913,1.0319747
1335.7843251174368,1.0000821,1.1764032
1335.7857139850462,1.0000833,1.1577319
1335.7871028526565,0.99981564,1.0670611
1335.788491720266,1.0000329,0.84562683
1335.789880587875,0.99989194,1.1653005
1335.7912694554852,0.99996203,0.9852748
1335.7926583230947,0.9999809,0.85434943
1335.7940471907036,1.0001516,0.7541453
1335.795436058314,1.0000881,1.3131601
1335.796824925924,1.0001771,0.83651674
1335.7982137935328,0.9998501,1.2411271
1335.7996026611424,1.00009,0.89107794
1335.8009915286361,1.0001459,1.1963693
1335.802380396245,1.000068,1.3287184
1335.8037692638545,1.000209,1.0863056
1335.8051581314649,1.0000025,1.1737115
1335.8065469990745,1.000028,0.8403362
1335.8079358665677,0.9998938,1.0802178
1335.8093247341772,1.0001,0.97098505
1335.8107136017866,1.0000639,1.0487086
1335.8121024693962,1.0001571,1.0700023
1335.8134913368895,1.0001296,0.91288006
1335.8148802044989,1.0001826,1.2325121
1335.8162690721092,0.9997531,1.07689
1335.8176579396022,0.9999366,0.72275335
1335.8190468072112,0.9998396,1.1331643
1335.8204356748215,1.0000372,0.9423307
1335.8218245423145,0.9999492,1.0471417
1335.823213409924,1.0000329,1.1400042
1335.8246022774179,1.0002359,1.0959554
1335.8259911450275,0.99996084,1.209309
1335.8273800126371,0.999961,0.87054735
1335.8287688801302,1.0000523,1.0885618
1335.8301577477396,1.0001009,0.8281816
1335.8315466152335,1.0000602,1.3911122
1335.832935482843,1.0001564,0.99131906
1335.8343243503355,1.0000741,1.0853107
1335.8357132179458,0.99989414,1.0034041
1335.8371020854388,0.99991655,1.2631228
1335.8384909530478,1.0000329,0.99346304
1335.8398798205417,1.0001422,1.0581443
1335.8412686881518,1.0000399,1.0024245
1335.842657555644,1.0001689,0.8507495
1335.8440464231373,1.0002314,0.9261235
1335.8454352907474,1.0000604,1.1555061
1335.84682415824,0.9999699,0.99190617
1335.8482130258494,1.0001858,0.8729772
1335.8496018933433,0.9998476,1.2632433
1335.8509907608366,1.0000453,0.93200535
1335.8523796284462,0.99992883,1.015622
1335.8537684959392,1.0001069,0.8518929
1335.8551573634322,1.0000374,1.195708
1335.8565462309255,1.0000119,1.2100697
1335.857935098535,0.9999346,0.6141421
1335.859323966029,0.9997845,1.2756624
1335.8607128335227,0.99984896,1.0870908
1335.862101701015,1.0000329,1.251748
1335.8634905686247,0.99988925,0.9563
1335.8648794361184,0.9999573,1.0555595
1335.866268303611,1.0000299,1.2667154
1335.867657171104,0.9998973,1.0017056
1335.8690460385978,1.0001225,0.9260525
1335.8704349060908,1.0002193,1.0415611
1335.8718237735843,0.9998651,1.3216673
1335.8732126411937,1.0002004,0.84897727
1335.8746015086867,1.0000155,0.8850308
1335.87599037618,0.99990916,0.92313075
1335.8773792436732,1.000083,1.0996239
1335.8787681111662,1.0001137,1.0842584
1335.8801569786601,0.99984384,1.0405568
1335.8815458461531,1.0001856,0.9624673
1335.8829347136457,1.0003045,1.0112624
1335.8843235811396,1.000062,1.0453092
1335.8857124486326,1.000166,0.8518074
1335.8871013161252,1.0002081,1.2318685
1335.8884901836188,0.9999428,0.74722636
1335.8898790511125,1.0000484,1.2995375
1335.891267918605,1.000271,1.2125175
1335.892656786098,1.0000845,1.138187
1335.8940456534756,1.0000293,0.92171556
1335.8954345209681,0.999999,0.99387753
1335.8968233884611,1.0001366,0.94876593
1335.898212255955,1.0000776,1.0209043
1335.899601123449,1.0000491,0.9986793
1335.900989990942,0.99993545,1.0242989
1335.9023788584345,1.0002059,1.0673665
1335.903767725812,1.0001103,0.855201
1335.9051565933057,1.0000433,0.917192
1335.906545460798,1.0000992,1.0452721
1335.9079343282913,1.0000702,1.1541438
1335.9093231956685,1.0002218,0.9165218
1335.910712063161,1.0000229,1.0064595
1335.912100930654,0.9999192,0.8686438
1335.9134897980316,1.0001419,1.1322244
1335.9148786655246,1.0000647,0.8970981
1335.916267533018,0.9998832,0.93491954
1335.9176564003947,1.0000918,1.1457186
1335.9190452678877,1.0000349,1.1492491
1335.920434135381,1.000035,1.1604038
1335.9218230027577,1.0001322,0.6907112
1335.9232118702507,0.99998814,1.1141881
1335.9246007376282,1.000183,1.0754069
1335.9259896051212,0.9999112,1.1890337
1335.9273784726138,1.000002,0.6850629
1335.9287673399913,0.9999006,1.1229889
1335.9301562074843,1.0003048,1.040617
1335.9315450748604,1.0001346,1.2648491
1335.932933942354,0.99986416,1.3586293
1335.9343228097314,0.99998814,0.9524145
1335.935711677224,1.000036,1.279406
1335.9371005446005,1.000237,0.9907721
1335.938489411978,1.0000886,0.75336826
1335.9398782794713,1.0002902,0.68777734
1335.941267146848,1.0000803,1.1752696
1335.942656014341,1.0002033,1.0389241
1335.9440448817186,1.0004237,0.8237829
1335.9454337490952,1.0001565,0.86146635
1335.9468226165877,0.99989593,1.0429952
1335.948211483965,1.0002426,0.8768956
1335.9496003513418,1.000006,1.0027859
1335.9509892188344,1.0000955,1.0996342
1335.9523780862116,1.0000138,0.94001937
1335.953766953589,0.99971515,1.16619
1335.9551558210815,1.0000228,1.2698942
1335.956544688458,1.0000985,0.8062496
1335.9579335558356,1.0000514,1.085057
1335.9593224232117,1.0000204,1.2145112
1335.9607112905883,0.9999366,1.0785029
1335.9621001580822,1.0000789,1.2075778
1335.9634890254588,0.99995726,1.0814786
1335.9648778928356,1.0000374,1.2973874
1335.9662667602124,1.0001501,1.1388962
1335.967655627589,0.9999073,0.83543634
1335.9690444949656,1.0000368,0.70795393
1335.9704333623424,0.9998993,1.161177
1335.9718222298357,0.9999343,0.7747923
1335.9732110972132,1.0001857,1.0840025
1335.9745999645897,0.99982285,0.9762471
1335.9759888319659,0.9999823,1.0181761
1335.9773776993432,1.0001061,1.0008374
1335.9787665667204,1.0000091,1.1249956
1335.9801554340972,0.9999965,1.193527
1335.981544301474,1.0001574,0.95532835
1335.9829331688506,1.0001453,1.0321828
1335.9843220362272,1.0001206,0.89751256
1335.9857109036043,1.0002507,1.0648848
1335.9870997708645,1.0000494,0.94561994
1335.988488638242,0.99999684,0.8553843
1335.9898775056186,1.0002825,1.0105175
1335.9912663729947,0.999916,0.90584266
1335.992655240372,1.0000598,0.82863533
1335.9940441077488,1.0000094,1.1567657
1335.9954329751247,1.000078,0.9116826
1335.996821842502,0.99991834,1.2195196
1335.998210709763,1.0000938,1.2111381
1335.9995995771392,1.000058,0.94681525
1336.0009884445158,1.0001056,0.9028531
1336.0023773118933,1.0001585,1.0776031
1336.003766179153,0.99989754,1.0347153
1336.0051550465296,1.000081,1.1605053
1336.006543913907,1.00014,0.8511221
1336.0079327812837,1.0000776,1.1135833
1336.009321648544,1.0000354,1.1563544
1336.010710515921,1.0001549,0.8669376
1336.0120993832975,0.9999465,1.1297964
1336.0134882505577,0.99988675,0.91780007
1336.0148771179345,1.0000831,0.91160536
1336.0162659851949,1.0002369,1.0930471
1336.0176548525724,1.0002446,1.1776916
1336.019043719949,1.0002981,1.1638434
1336.0204325872091,1.0000021,1.0259817
1336.0218214545866,1.0000424,0.97641766
1336.0232103218464,0.99990714,1.3449844
1336.024599189223,1.0002116,0.60438555
1336.025988056484,1.0002619,1.0279464
1336.0273769238606,0.99984854,1.0018729
1336.0287657911208,0.999979,1.1841166
1336.0301546584978,1.0003569,0.7270115
1336.031543525758,1.000039,0.9331249
1336.0329323931346,1.0000813,0.8509503
1336.034321260395,0.9999845,0.91154844
1336.0357101277718,0.9999901,0.92757016
1336.0370989950327,0.9998086,1.1928656
1336.038487862293,1.0000017,1.0515352
1336.039876729669,1.0001832,0.9784006
1336.0412655969299,1.0000709,0.89224064
1336.042654464191,0.99965525,1.3044263
1336.044043331567,0.99984664,0.948076
1336.0454321988273,1.000045,1.3758688
1336.0468210660883,0.9999973,0.9388675
1336.0482099334645,0.9999309,1.1355478
1336.0495988007247,0.9998249,1.0789543
1336.0509876679857,0.9999995,0.9825896
1336.052376535246,1.0000261,1.1303314
1336.0537654025063,1.0001146,1.2034655
1336.0551542698831,1.0002041,0.98826957
1336.056543137144,1.0001023,0.97539127
1336.0579320044044,1.0004022,0.81166804
1336.0593208716639,1.0002134,0.9695451
1336.0607097389247,0.99988693,1.0714227
1336.0620986061858,1.0001047,0.9433427
1336.063487473562,1.000171,1.2099001
1336.0648763408221,1.0000075,0.78673506
1336.0662652080832,1.0000869,1.1574898
1336.067654075343,1.0002202,0.8007916
1336.0690429426031,0.999912,0.9096894
1336.0704318098642,1.0000736,1.2354401
1336.0718206771244,1.0000644,0.98892677
1336.0732095443846,1.0002574,1.1505516
1336.0745984116452,1.0004381,0.79112154
1336.0759872789054,1.0000242,1.1332089
1336.0773761461655,0.9998687,0.97991836
1336.078765013426,0.9998093,1.1733805
1336.0801538806863,0.9998033,0.8647584
1336.0815427479472,0.9999758,0.9556674
1336.0829316150912,1.0002939,0.93467695
1336.0843204823507,0.9998819,1.0500672
1336.0857093496115,1.0000945,0.91077685
1336.0870982168722,1.000078,0.92682344
1336.0884870841317,0.99990785,0.92520463
1336.0898759513925,1.0001236,1.0956502
1336.0912648186536,0.9999936,1.0892164
1336.092653685797,1.0001503,1.1346198
1336.094042553057,0.99996144,0.96385485
1336.0954314203182,1.0001792,1.1160086
1336.0968202875783,0.999988,0.84033924
1336.0982091547223,1.0001734,1.0300001
1336.0995980219827,1.0002614,1.1533711
1336.1009868892436,1.0000491,1.175649
1336.1023757563876,1.0001503,0.8038313
1336.103764623647,1.0000747,1.0552931
1336.105153490908,1.0001622,0.94212466
1336.1065423580526,0.9999642,1.0018991
1336.1079312253123,1.000148,1.0869911
1336.1093200925725,1.0002534,1.0445238
1336.1107089597172,1.0000271,1.2848146
1336.1120978269769,1.0000464,1.0248101
1336.1134866941206,1.0000693,1.3537366
1336.1148755613817,1.0001285,0.6095169
1336.1162644285255,1.000132,0.8682662
1336.1176532957857,1.0001653,0.81719774
1336.1190421629296,1.0000196,1.244451
1336.12043103019,0.9999035,1.1910338
1336.1218198973338,1.0003345,0.97083235
1336.1232087645942,1.0000299,1.1263694
1336.1245976317382,0.99998635,1.0865756
1336.125986498999,1.000062,1.0532887
1336.127375366143,1.0001484,0.8366265
1336.1287642334025,0.9998913,1.022708
1336.130153100547,0.9998732,1.2090917
1336.131541967691,1.0000128,0.94238603
1336.1329308349505,0.99997777,0.9007434
1336.1343197020951,1.0002182,0.86397505
1336.1357085692398,0.9999079,1.0053275
1336.1370974365,0.9999485,1.0158231
1336.138486303644,1.0001945,1.2464956
1336.139875170788,0.99989915,1.14863
1336.1412640379317,0.9999279,0.9036211
1336.1426529051919,1.000126,1.2374184
1336.144041772336,1.0000226,1.1369122
1336.1454306394805,1.0001265,0.9108954
1336.1468195066245,1.0000677,1.2103605
1336.1482083737676,0.99985206,1.0221294
1336.1495972410285,1.0000046,0.8589418
1336.1509861081724,0.9999251,0.8922513
1336.1523749753155,1.0000167,1.1654541
1336.1537638424602,0.9999871,0.59453225
1336.1551527096049,1.0002224,0.8283989
1336.1565415767482,1.000059,1.2895696
1336.157930443892,1.0000883,0.8994146
1336.1593193110366,0.9999294,1.2397505
1336.1607081781797,1.0000634,0.8731506
1336.1620970453237,1.000147,0.79305965
1336.163485912468,1.000029,1.382557
1336.164874779612,1.0001136,0.814847
1336.1662636467559,1.0000106,0.985062
1336.1676525138998,1.0001701,0.7308452
1336.1690413810438,1.0000153,1.2698542
1336.1704302481883,0.9999771,0.8678506
1336.1718191153323,1.0000445,1.07021
1336.1732079824753,1.0000145,1.0612491
1336.1745968496198,1.000055,0.8959708
1336.1759857167638,0.99996704,1.1133463
1336.1773745839077,1.0000186,1.2299346
1336.1787634510524,0.9999677,1.0526383
1336.1801523180798,1.0000415,1.1169398
1336.1815411852235,1.0000875,1.0153099
1336.1829300523675,1.0001847,0.7797782
1336.1843189195115,1.0002447,0.9449517
1336.1857077866553,1.0001017,1.1436332
1336.1870966536826,0.9999475,0.97118044
1336.1884855208268,1.0000951,0.886649
1336.1898743879713,1.000026,1.1725925
1336.1912632549988,1.0000004,1.0054898
1336.192652122142,1.0001447,0.97399867
1336.1940409892863,1.000254,1.2307338
1336.195429856314,1.0000755,1.1899775
1336.196818723457,0.99999297,1.0430655
1336.1982075906017,1.0000393,1.1578557
1336.19959645763,0.999857,0.97847974
1336.2009853247732,0.9999009,0.7761607
1336.2023741918006,0.9999063,1.1314014
1336.2037630589452,1.0000435,1.1538615
1336.2051519260883,1.0002493,0.7157874
1336.206540793116,0.9997834,1.1785082
1336.2079296602603,1.000272,0.83847743
1336.209318527288,0.9999371,1.2018431
1336.2107073944317,1.0001202,1.1509521
1336.2120962614592,1.0001318,0.9684934
1336.2134851284868,0.99999154,1.4604673
1336.2148739956306,1.0000808,0.8930088
1336.216262862658,0.99994457,0.89972925
1336.2176517298026,1.0000277,1.0247995
1336.2190405968308,1.0000843,0.9841641
1336.220429463974,1.000042,1.2634494
1336.2218183310015,0.9999451,1.2507554
1336.2232071980297,1.000012,0.87931305
1336.2245960651735,0.9998928,0.8587995
1336.2259849322008,1.0002676,0.7736559
1336.2273737992284,1.000025,1.1072736
1336.228762666256,1.0000743,1.029495
1336.2301515333997,0.99996495,0.9299149
1336.231540400427,1.0001208,1.2672837
1336.2329292674547,0.99994045,0.941587
1336.2343181344827,1.0001638,0.7840438
1336.235707001627,0.9999643,1.265884
1336.2370958686536,1.0001523,1.2468231
1336.2384847356816,1.0000881,0.9401452
1336.2398736027092,1.0001177,0.7440667
1336.2412624697358,1.0000848,1.0184228
1336.242651336764,1.0001493,0.76009774
1336.2440402037923,1.0001028,1.2674514
1336.2454290708192,0.9998672,1.1208767
1336.246817937963,1.000149,1.0565556
1336.2482068049912,0.9999028,0.9116404
1336.249595672018,1.0000424,0.92352253
1336.2509845390455,1.0000904,1.0582492
1336.2523734060735,1.0001179,0.9385772
1336.2537622731015,0.9997708,1.1202509
1336.255151140129,1.000205,0.8057082
1336.2565400071558,1.0000397,1.1464309
1336.257928874184,0.99977475,0.99699986
1336.2593177410952,1.0002295,0.92958874
1336.2607066081218,1.000258,0.7502121
1336.26209547515,1.0001792,1.198674
1336.2634843421783,0.9998967,0.9527588
1336.264873209205,1.0001503,1.0607115
1336.2662620762326,0.9999716,1.1360254
1336.2676509432608,0.9998994,1.1780739
1336.2690398102875,1.0000806,0.63878286
1336.2704286771987,1.0000837,1.3844163
1336.2718175442267,0.9998901,0.97150624
1336.2732064112543,0.9999712,0.8368699
1336.2745952782816,1.0000013,1.049464
1336.2759841451925,1.000022,0.8042771
1336.27737301222,1.0000713,1.0067704
1336.2787618792481,0.9999855,1.0361305
1336.2801507461595,1.000066,0.7419717
1336.2815396131862,0.9999556,1.0092123
1336.2829284802142,1.00007,1.2953708
1336.2843173471254,1.0000316,1.0344028
1336.285706214152,1.0001216,1.1993151
1336.2870950811803,0.99985486,1.2147855
1336.288483948092,0.9999274,1.0043116
1336.2898728151188,1.0000243,0.8461646
1336.29126168203,1.0000001,1.1693571
1336.2926505490582,0.9999386,1.0354433
1336.294039415969,1.0001158,1.0551095
1336.2954282829965,1.0001347,0.83238494
1336.2968171499076,0.9999322,1.191976
1336.2982060169356,0.9999268,1.167132
1336.2995948838468,0.99998754,0.93488175
1336.3009837508735,0.9998859,1.0089449
1336.3023726177853,1.0002437,0.9087703
1336.3037614848129,0.9999278,1.150844
1336.3051503517231,0.99980813,0.8708092
1336.306539218635,0.9998951,1.0982207
1336.3079280856632,0.99966764,1.4310992
1336.3093169525735,1.0000614,0.741793
1336.3107058194846,1.0000403,1.1142085
1336.3120946865129,0.9998975,0.87482107
1336.313483553423,1.0001884,1.2724327
1336.3148724203343,0.99997205,1.3377403
1336.3162612873623,0.99989897,1.0003815
1336.3176501542735,1.000045,1.1192354
1336.3190390211844,1.0000207,1.1792037
1336.3204278880953,0.99999964,1.2976487
1336.3218167551229,0.99999726,0.88012016
1336.323205622034,0.99989897,1.2030772
1336.324594488945,0.9999157,1.0333116
1336.3259833558561,1.0000829,1.1804358
1336.3273722227677,1.0002033,0.82710075
1336.328761089679,0.99995726,1.012401
1336.3301499565891,0.99994135,0.94750947
1336.3315388236174,0.9998664,0.73868936
1336.3329276905292,1.0000817,1.0761669
1336.3343165574402,0.99988765,1.1004283
1336.3357054243513,1.0003245,0.6659797
1336.3370942912625,1.000307,1.0641369
1336.3384831581734,1.0002668,0.77544713
1336.3398720250843,0.9999442,1.2646935
1336.3412608919955,1.0000795,0.8645296
1336.342649758907,1.000181,1.0732461
1336.3440386258183,0.9998738,0.8885817
1336.345427492612,1.0000136,0.94910073
1336.346816359524,0.9999428,1.3316683
1336.348205226435,0.9999683,0.8718727
1336.3495940933453,1.0000937,0.9437809
1336.3509829602572,0.99999565,0.90157425
1336.352371827169,0.9999701,1.1718795
1336.3537606940793,1.0000039,0.832262
1336.355149560874,1.0000875,0.9990723
1336.3565384277856,0.99959403,0.83440065
1336.3579272946959,1.0000329,1.0281807
1336.3593161616072,0.9999832,1.032911
1336.3607050285189,0.9999249,1.2315742
1336.3620938953136,1.0001067,0.8852939
1336.3634827622245,1.0000544,1.1799723
1336.3648716291355,1.0000833,0.76702166
1336.3662604959302,1.0000955,0.8298679
1336.3676493628413,1.0000826,0.8292714
1336.3690382297523,1.0000254,1.1488346
1336.3704270965468,1.000121,0.71104795
1336.3718159634586,1.0001316,1.1307263
1336.3732048302534,1.000095,1.1591
1336.3745936971645,0.99999446,0.9060504
1336.3759825640761,1.0001019,0.8975616
1336.3773714308709,0.99993193,0.92929643
1336.3787602977818,0.9998699,1.154431
1336.3801491645763,0.9999182,0.98630106
1336.3815380314877,0.9997969,1.327461
1336.3829268982822,1.0001484,0.9608747
1336.3843157651932,1.0000378,1.1138554
1336.385704631988,1.0001558,1.1553589
1336.3870934988995,0.9999932,0.7786638
1336.3884823656942,0.9998814,1.3256292
1336.389871232488,1.0002384,1.1096319
1336.3912600994,0.99984944,0.8777982
1336.3926489661947,1.0000943,1.0000706
1336.3940378329885,1.0002563,0.8476083
1336.3954266999003,0.99993086,1.0320954
1336.3968155666958,0.99990046,1.3227746
1336.3982044334896,0.9998546,0.9241118
1336.3995933004007,1.0000242,0.81608385
1336.400982167196,0.99999714,0.84981596
1336.4023710339898,1.0000472,1.2169657
1336.4037599007847,1.0001256,0.91212267
1336.4051487676963,1.0001279,1.004011
1336.406537634491,1.0001339,1.0112454
1336.4079265012856,1.0002426,0.979496
1336.4093153680801,0.9999537,0.93479776
1336.4107042348749,1.0002946,1.1437068
1336.4120931016696,0.99997073,1.09813
1336.413481968464,0.9998678,1.1360291
1336.414870835376,1.0000625,1.0833488
1336.4162597021714,0.9997949,1.1152941
1336.4176485689652,1.0001445,0.7376332
1336.41903743576,0.99999565,0.77627045
1336.4204263025551,1.0000341,1.0185415
1336.421815169349,1.0002211,1.0859277
1336.4232040361437,0.99990267,1.0484971
1336.424592902939,1.0000813,1.1500922
1336.4259817697339,0.99999666,1.0703412
1336.4273706365284,1.0001693,0.7511007
1336.428759503323,0.9999334,1.2201695
1336.4301483701176,1.0000911,1.3463914
1336.4315372367964,1.0001162,0.90470976
1336.4329261035912,1.000085,0.95722926
1336.434314970385,0.99999684,1.1568362
1336.4357038371804,0.99987775,1.1692175
1336.4370927039752,1.0000528,1.1951646
1336.438481570769,0.9999666,1.3363575
1336.439870437448,0.9998434,0.7292389
1336.4412593042434,0.99997723,1.2066338
1336.4426481710373,0.9999032,0.9631417
1336.444037037832,0.99990535,1.1566666
1336.4454259045108,0.9997951,1.1293304
1336.4468147713046,1.000202,1.066371
1336.4482036380996,1.0002453,1.0714488
1336.4495925048948,1.0001011,0.7112551
1336.4509813715736,1.000038,1.2369858
1336.4523702383683,1.000269,1.2369577
1336.4537591050457,0.99995834,1.0113351
1336.4551479718411,1.0001916,1.2650282
1336.4565368386357,1.0001149,0.66573024
1336.4579257053133,1.0001159,1.4494601
1336.4593145721087,1.0001506,0.9885938
1336.4607034387877,1.000078,0.8331808
1336.4620923055816,0.9999253,1.0105267
1336.46348117226,0.9998538,0.83286726
1336.464870039055,1.0001557,0.8547007
1336.4662589057325,0.99985784,1.0470064
1336.4676477725272,0.99986786,1.3158317
1336.469036639206,1.0000979,1.607129
1336.470425506001,1.0003154,0.64027756
1336.471814372679,0.9999341,1.0815402
1336.4732032393572,0.99979466,0.85538995
1336.474592106152,1.0000534,0.9146451
1336.4759809728307,0.99986017,0.9734812
1336.477369839509,1.0000644,1.1423521
1336.4787587063029,1.0003183,0.9968703
1336.4801475729819,0.99989563,0.904782
1336.48153643966,0.9998599,1.060186
1336.4829253063376,1.0001264,1.0252249
1336.484314173133,1.0000851,0.96440196
1336.485703039812,1.0002387,1.2640433
1336.4870919064895,1.0001166,1.0889941
1336.4884807731678,1.0001206,0.73022836
1336.4898696398466,0.9998513,1.2846107
1336.4912585066413,1.000017,0.86630464
1336.4926473733194,0.9999918,1.0695243
1336.4940362399975,0.99996024,0.9540136
1336.4954251066765,1.0000168,1.0325099
1336.4968139733548,1.000003,0.79525167
1336.4982028400323,1.000115,0.9010345
1336.4995917067113,1.0000823,0.9318395
1336.5009805733894,1.0000341,0.8753873
1336.502369440067,0.9999796,0.8715663
1336.503758306746,1.0000354,0.6958509
1336.505147173425,0.99995637,0.9307011
1336.5065360401024,0.9997607,1.1483313
1336.5079249067808,0.9998965,1.1140037
1336.5093137734596,0.99973154,0.7859989
1336.510702640137,0.9999289,0.9639793
1336.5120915068153,1.0000291,1.1071585
1336.513480373494,1.0001845,1.131827
1336.5148692401724,1.0000575,1.1913824
1336.5162581067343,1.0000198,1.0296041
1336.5176469734124,1.0001428,1.0031902
1336.5190358400907,1.000003,0.91829056
1336.5204247067695,1.000002,1.2845407
1336.5218135734478,1.0000285,1.3307214
1336.5232024400088,1.0001327,1.0309798
1336.5245913066879,1.0000365,1.1618007
1336.525980173366,0.9998587,0.9769168
1336.5273690400436,1.000004,1.1334571
1336.5287579066062,1.0000634,1.2075499
1336.5301467732852,0.9999925,1.0575864
1336.5315356399633,1.0002185,0.9996991
1336.532924506525,1.0000898,1.1067444
1336.5343133732033,1.0001811,1.1013064
1336.5357022397652,1.000242,1.1886574
1336.5370911064433,0.9999741,1.0536069
1336.5384799731214,0.99994713,1.0864017
1336.539868839684,1.0002396,0.94325674
1336.5412577063623,1.0003108,0.90827465
1336.5426465729233,1.0001199,0.8699201
1336.5440354396023,1.0002198,0.8536737
1336.545424306164,1.0001019,1.2563434
1336.5468131728417,0.9999915,1.0191202
1336.5482020394043,0.9999294,0.872394
1336.5495909059669,1.0000609,0.8886237
1336.5509797726443,0.99995,1.0006572
1336.5523686392062,0.9999552,0.8515282
1336.553757505885,1.0000917,0.93638176
1336.555146372446,1.000133,1.0670704
1336.5565352390079,1.0002472,0.9274366
1336.5579241056867,0.99985814,1.2469413
1336.5593129722486,1.000124,1.1469337
1336.5607018388105,1.0001539,0.9501602
1336.5620907053722,0.9999589,1.12304
1336.5634795720505,0.9998641,0.9614611
1336.5648684386128,0.99998176,1.0565951
1336.5662573051748,1.0000075,0.9436751
1336.5676461717358,1.0001427,1.0961761
1336.5690350382984,1.0000567,0.8989333
1336.5704239049765,0.99997425,1.0070443
1336.5718127715386,0.99988204,1.0158107
1336.573201638101,0.9999877,0.9203873
1336.5745905046629,1.0001086,0.866362
1336.5759793712245,1.0000637,1.2587193
1336.5773682377862,1.0001706,0.98359644
1336.5787571043481,0.9998732,0.9946847
1336.58014597091,0.9999935,1.0743082
1336.5815348374717,1.0001583,0.7510454
1336.5829237040334,0.99995565,0.92209756
1336.584312570596,0.99998236,1.096588
1336.585701437158,1.0000485,0.70924973
1336.587090303719,1.0000242,0.8130611
1336.5884791702815,1.0001104,1.2033359
1336.5898680368432,0.9998622,0.9875808
1336.5912569034044,1.0002851,0.83352375
1336.592645769967,0.9998764,1.1305026
1336.594034636413,1.0000149,1.1164517
1336.595423502974,1.0000895,0.6305798
1336.596812369536,0.99996907,1.3322635
1336.5982012360985,0.9997764,1.1501609
1336.5995901026595,1.0002464,0.66337067
1336.600978969105,1.0000592,1.0183452
1336.6023678356673,0.99992704,1.1594204
1336.6037567022292,1.0002809,1.0031319
1336.6051455687912,1.0000967,1.1369398
1336.6065344352364,0.99994934,0.64852846
1336.6079233017983,1.0000734,1.2131332
1336.6093121683607,0.99993265,0.5684172
1336.6107010348062,0.99999726,0.7392705
1336.612089901368,1.0000106,0.9549944
1336.6134787679305,1.0000165,1.3258338
1336.614867634375,1.000098,0.659681
1336.616256500937,1.0001949,0.6064273
1336.617645367383,1.0000176,0.87464505
1336.619034233945,1.0000424,1.164134
1336.6204231003903,0.99994963,1.118618
1336.621811966952,0.9998034,1.0917763
1336.6232008333975,1.0000966,0.79853344
1336.6245896999594,1.0000806,0.57652354
1336.6259785664047,1.000333,1.2026117
1336.62736743285,0.9998337,0.95733464
1336.6287562994125,0.9997136,1.020358
1336.630145165858,0.9996949,0.77943695
1336.631534032419,1.0000368,1.1922591
1336.6329228988652,0.9997111,1.3884468
1336.6343117653105,1.0000037,1.0902358
1336.6357006318717,1.0001036,0.8782939
1336.637089498318,1.0000436,0.6085193
1336.6384783647638,1.0000306,1.2905325
1336.6398672312084,1.0001173,1.1314691
1336.6412560977706,0.9999614,0.53063786
1336.6426449642165,0.99989986,1.1775134
1336.644033830661,0.99976003,0.83909935
1336.6454226971066,0.99994546,0.96180063
1336.6468115635525,0.9999182,1.0654925
1336.6482004301151,1.0001549,0.82408494
1336.6495892965604,0.9999198,0.7657644
1336.6509781630052,1.0000412,1.386923
1336.6523670294514,1.0000509,0.6264886
1336.6537558958976,1.0000162,1.5670877
1336.6551447623422,0.9999676,1.1407965
1336.6565336287877,0.99994665,0.3054985
1336.6579224952336,0.99973166,1.23685
1336.6593113616782,1.00029,0.803115
1336.6607002281237,1.0000428,1.091462
1336.6620890945696,0.99990684,1.0866394
1336.6634779610154,1.0002108,0.9781743
1336.6648668274606,1.0001018,0.79651654
1336.666255693906,0.99986917,0.68145406
1336.6676445603514,1.0001186,0.95413834
1336.6704222931257,0.99991846,1.1944793
1336.671811159571,0.9999788,0.91391253
1336.6732000260172,0.99984014,0.71653205
1336.6745888924627,0.9999317,0.90318334
1336.6759777589073,1.0000796,1.0411592
1336.677366625237,1.0001206,0.9010634
1336.6787554916823,0.99982935,0.9163104
1336.680144358127,1.0001069,1.3007095
1336.6815332244569,1.0001199,0.49465415
1336.6829220909028,1.0000881,1.0233456
1336.6843109573474,0.99998736,1.0897619
1336.6856998236767,0.9999289,1.0649598
1336.6870886901227,1.0000125,1.1990664
1336.6884775565682,0.9997911,1.0407677
1336.689866422897,1.0000999,1.1372691
1336.6912552893423,0.99993074,0.8432032
1336.692644155672,1.0000677,1.3427665
1336.6940330221173,1.0000646,1.1534239
1336.6954218884457,1.0002183,1.1068314
1336.6981996212216,0.9998403,1.7925013
1336.6995884876662,1.0003675,1.1053808
1336.7009773539953,1.0000994,1.0676885
1336.7023662204413,1.000091,0.7387531
1336.7037550867694,1.0001277,0.78020644
1336.705143953215,0.99992204,1.1037034
1336.7065328195445,1.0000602,0.69689953
1336.7079216858738,1.0000217,1.1175958
1336.709310552319,1.0000454,0.8346354
1336.710699418648,0.99993193,0.6675848
1336.712088284977,1.000032,1.3122907
1336.713477151306,1.0001261,0.95950633
1336.7148660177513,1.0001484,0.8746188
1336.7162548840802,0.9999577,1.1286011
1336.71764375041,0.9999122,1.0140448
1336.7190326167388,1.0000489,0.9587004
1336.7204214831836,1.0000273,0.9155509
1336.7218103495134,0.99999046,1.1718168
1336.7231992158422,0.9999845,0.94615334
1336.7245880821706,1.0000871,1.3712286
1336.7259769485004,0.99980193,0.93749154
1336.72736581483,0.99979633,1.2335957
1336.728754681159,1.000088,0.55853826
1336.7315324138167,0.9998722,0.8475984
1336.7329212801465,1.0000765,0.8641657
1336.7343101464755,0.9999525,1.141364
1336.7356990128037,0.9998778,0.8098552
1336.7370878791335,0.9999734,1.0700439
1336.7384767454623,0.9999429,1.0945919
1336.7398656117907,0.99976707,0.6835803
1336.7412544781205,0.99986565,1.5628978
1336.7426433444502,1.0000542,0.93762386
1336.7440322107784,0.9998088,1.060172
1336.745421076991,1.0000038,0.94318116
1336.7468099433206,1.0000058,0.82613933
1336.7481988096488,1.0000103,0.79827434
1336.7495876759779,0.9997864,1.2823931
1336.7509765423074,1.0002278,0.7361513
1336.75236540852,1.000046,1.2964572
1336.7537542748491,1.0001111,0.895429
1336.755143141178,0.9999428,1.0954522
1336.7565320073907,1.0002294,0.68898594
1336.7579208737197,0.9999791,1.0992385
1336.7593097400486,1.0000776,0.9044509
1336.760698606261,0.99998236,1.0496624
1336.7620874725908,0.99983823,1.1541485
1336.7634763389196,0.99993694,0.7021575
1336.7648652051316,1.0000303,0.9785428
1336.7662540714614,1.0002791,1.0060495
1336.7676429376738,1.000057,1.1276225
1336.769031804003,0.9999672,1.0099702
1336.770420670216,0.99987954,1.0858806
1336.771809536545,1.0000966,0.9560385
1336.7731984027578,0.99992716,1.2552382
1336.7745872690866,0.9999401,0.8297664
1336.775976135299,1.0000145,1.0177755
1336.7773650015124,1.0001132,0.999833
1336.7787538678415,0.99993896,0.9368006
1336.7801427340532,0.99999505,1.3281186
1336.7815316002666,1.0001061,0.9268393
1336.7829204665954,1.0000331,1.0223771
1336.7843093328074,0.99993896,0.9056908
1336.7856981990208,0.9999614,0.8316942
1336.7870870653505,0.9999965,1.0085903
1336.7884759315623,1.0001057,0.9224491
1336.789864797775,1.0000547,1.0136518
1336.791253663988,0.99988824,0.9190233
1336.7926425301998,1.0002946,1.0015846
1336.794031396529,0.99990916,0.94477385
1336.795420262742,1.0000526,1.0228955
1336.7968091289547,0.9999371,1.1203033
1336.7981979951674,0.9999465,1.3060853
1336.7995868613798,1.0002798,0.8077206
1336.8009757275925,0.9999936,1.2163376
1336.8023645938051,1.0000716,0.985193
1336.8037534600176,1.0001894,1.0655707
1336.80514232623,1.0001171,0.84537154
1336.8065311924433,0.99996954,1.0788878
1336.8079200586558,1.0001116,0.702587
1336.8093089248687,0.9999195,1.0755438
1336.8106977910818,0.9998224,0.80002767
1336.8120866572945,0.99952775,1.8078527
1336.813475523507,0.99989146,1.1889546
1336.8148643897193,1.0001509,1.1544929
1336.816253255932,0.9998717,1.1069438
1336.8176421220282,1.0000725,1.0160015
1336.8190309882407,0.9999447,1.0895591
1336.8204198544531,0.9999768,0.9550144
1336.8218087206665,0.9998397,0.7676365
1336.8231975868791,0.99979573,1.0959187
1336.8245864529745,1.0001526,0.9950285
1336.8259753191878,1.0000502,1.3811026
1336.8273641854003,0.9998149,0.92682385
1336.8287530514958,1.0000345,0.65478504
1336.8301419177092,0.99999917,1.1393845
1336.8315307839223,0.9999681,0.8535703
1336.8329196500176,1.0000191,1.0682201
1336.8343085162305,1.0000966,0.93840414
1336.8356973823272,0.9999197,1.2283788
1336.837086248539,1.0000287,1.177956
1336.8384751147516,1.0000285,0.8025138
1336.8398639808483,0.9999028,0.9892278
1336.841252847061,1.000029,0.92683905
1336.8426417131573,1.0000602,1.2564855
1336.8440305792533,0.9999167,0.91339165
1336.8454194454666,0.9998389,1.2356919
1336.8468083115636,1.0000248,0.71931964
1336.8481971777753,1.0001904,0.9778979
1336.8495860438716,0.9999458,1.0248002
1336.8509749099683,0.99993294,0.95071065
1336.85236377618,0.9998053,1.1225531
1336.8537526422763,1.0000905,0.91611505
1336.855141508373,0.9999542,0.9138911
1336.8565303745859,0.9998272,0.93872267
1336.857919240682,1.0000994,1.2538825
1336.859308106778,1.0001633,0.9936662
1336.8606969728742,1.000105,0.6579405
1336.8620858390868,1.0002376,0.9711956
1336.8634747051829,1.0001675,0.7566342
1336.8648635712789,0.999805,1.2564352
1336.8662524373758,0.99993056,0.935845
1336.867641303472,1.0001795,0.7111082
1336.8690301695674,0.99986917,1.0531582
1336.8704190356643,1.0001893,1.0601726
1336.8718079017603,0.99992764,0.9908875
1336.873196767856,1.0001265,0.99663854
1336.8745856339528,0.99984926,0.91585827
1336.8759745000496,0.9999403,0.8931401
1336.877363366145,0.99986035,1.1349008
1336.8787522322414,0.9999149,1.243096
1336.880141098338,0.9999606,0.95687157
1336.8815299644334,0.99989414,0.8949677
1336.8829188305297,0.99995464,0.91037875
1336.8843076966264,1.0000228,1.0581565
1336.8856965627233,0.9999873,1.184866
1336.8870854288193,0.99990624,1.2349796
1336.8884742949149,1.0001184,0.77626646
1336.8898631608954,0.9999566,0.9878646
1336.8912520269923,0.99998045,1.3628402
1336.8926408930877,1.000042,1.0612624
1336.894029759184,1.0002438,1.2452617
1336.8954186251642,0.9999167,1.1727977
1336.8968074912596,0.99987185,0.6617116
1336.8981963573558,1.0002601,1.1280336
1336.899585223336,1.0000327,1.1225867
1336.9009740894326,1.0001057,0.95781165
1336.9023629555286,1.0001117,1.0863062
1336.9037518215082,1.000046,1.0707594
1336.9051406876044,1.0002005,0.9124142
1336.9065295535843,1.0000561,0.8922111
1336.9079184196803,1.0001177,0.6066503
1336.90930728566,1.0001442,1.1786578
1336.9106961517568,1.0000738,1.126342
1336.9120850177367,0.9998986,1.1294345
1336.913473883832,0.99997246,0.975343
1336.9148627498125,1.0000402,0.7359107
1336.9162516159085,0.9999139,0.7073261
1336.9176404818877,0.999955,1.0046436
1336.9190293478682,0.9998834,1.1265502
1336.920418213965,0.99995637,0.93159854
1336.9218070799438,1.0001568,0.68289566
1336.923195945924,0.99995893,0.9857378
1336.9245848120206,1.0002737,0.5318373
1336.925973678001,1.0001022,1.3381629
1336.9273625439807,0.9998208,0.9937694
1336.9287514099597,0.9999023,0.99505424
1336.9301402760566,0.99986184,0.61534804
1336.9315291420362,0.99988073,1.0982723
1336.9329180080153,1.0001142,1.1047673
1336.9343068739959,1.0000091,1.0312619
1336.9356957399764,1.0001857,1.1443996
1336.9370846059553,1.0000057,0.98078847
1336.9384734719351,1.0000024,0.972522
1336.9398623379154,1.000227,0.94834286
1336.9412512038944,0.999932,0.9592131
1336.9426400698742,0.9999992,1.0045894
1336.9440289358545,1.0001506,0.93734074
1336.9454178018345,1.0001535,0.71503127
1336.9468066678141,0.9998758,0.90876544
1336.9481955337938,0.9999318,0.92239326
1336.9495843997736,1.0000722,0.7552499
1336.9509732657534,0.99989325,0.98293746
1336.952362131733,1.0000415,1.0120008
1336.9537509977126,1.0000954,1.0448813
1336.9551398636931,0.99972475,0.4643508
1336.9565287296728,0.9998965,1.2909704
1336.9579175955355,0.99998736,0.9257166
1336.959306461516,0.99993926,1.1155481
1336.9606953274965,1.0000191,0.83660114
1336.9620841934754,0.9999451,0.87297595
1336.9634730593389,0.9998834,0.73607373
1336.9648619253192,0.9998942,1.3072145
1336.966250791299,0.99992037,0.74209356
1336.9676396571622,0.9999098,0.77221924
1336.9690285231418,0.99997574,1.237873
1336.9704173891223,0.9999212,1.0316584
1336.9718062549857,1.0000091,0.95868206
1336.9731951209646,1.0000316,0.93274564
1336.9745839868287,1.000119,0.8085296
1336.9759728528084,0.99998564,0.97901905
1336.977361718671,0.99978137,0.9673449
1336.9787505846516,1.0000677,1.3678836
1336.9801394505157,0.9998336,1.1700101
1336.9815283164946,1.0000641,0.8121384
1336.982917182358,0.99981683,0.90327793
1336.984306048222,0.99982303,1.228312
1336.9856949142008,0.9998733,0.93212587
1336.9870837800643,1.0002178,1.0180534
1336.9884726459281,1.0001296,0.98068154
1336.989861511908,0.99990684,0.8622062
1336.9912503777714,1.000178,0.9239724
1336.9926392436346,0.9997004,1.2682526
1336.9940281096144,0.99992174,0.9055335
1336.9954169754783,0.99992406,1.2040716
1336.9968058413417,0.999878,0.81776416
1336.9981947072042,0.99982435,0.9414648
1336.9995835730683,0.99974984,0.9159864
1337.0009724389315,0.9998963,1.3969693
1337.0023613049107,0.9999373,0.69464684
1337.0037501707748,1.0000817,0.93385744
1337.0051390366389,0.99976885,0.8402061
1337.006527902502,0.9999048,1.2796632
1337.0079167683652,0.9998921,1.2884072
1337.0093056342287,0.99989,0.91185105
1337.010694500092,0.9999229,1.0214595
1337.0120833659553,1.0000353,0.72169566
1337.0134722318185,0.9998347,1.2296709
1337.0148610976826,1.0001194,0.9709343
1337.016249963546,0.9997173,1.2606418
1337.017638829292,0.9999254,0.92162156
1337.0190276951562,1.0001256,0.7044719
1337.0204165610194,1.0000919,0.8709021
1337.021805426882,1.0000111,1.154164
1337.0231942927462,0.9999928,0.90614265
1337.0245831586103,0.9999768,0.84507465
1337.0259720243564,1.0002526,0.9578703
1337.0273608902198,0.99993485,1.1847457
1337.0287497560837,1.0001701,0.8809245
1337.0301386218307,0.9997572,0.9581655
1337.031527487694,1.0000407,0.8575438
1337.032916353557,0.9999309,0.99883604
1337.034305219304,1.0000249,0.7876976
1337.0356940851675,0.9998268,1.3471208
1337.0370829510307,0.99998814,0.9601497
1337.0384718167777,0.9999359,1.2915969
1337.0398606826416,0.999905,0.93216974
1337.0412495483886,0.9999617,0.80835897
1337.042638414252,1.0002,0.7828972
1337.0440272799995,0.9999432,1.2165548
1337.045416145862,0.9998078,0.8394379
1337.0468050116092,0.9999025,0.9875907
1337.048193877473,0.99993175,1.0495074
1337.04958274322,1.0000504,1.0295876
1337.0509716089668,0.9998411,0.6721162
1337.05236047483,1.0001051,1.2989228
1337.053749340577,0.99944204,0.77580106
1337.055138206324,0.9997638,1.2151079
1337.0565270721872,1.0000236,0.7667378
1337.057915937934,0.9996882,1.120432
1337.0593048036817,1.0000924,0.3969879
1337.0606936694287,0.9998293,1.1862438
1337.0620825351748,0.9998465,0.9960506
1337.063471401039,0.99956715,0.7962636
1337.0648602667866,1.000089,0.873483
1337.0662491325327,1.0000873,1.1536578
1337.0676379982797,1.0001525,0.7083879
1337.0690268640271,1.0001571,1.0082043
1337.0704157297732,1.0002279,1.0448697
1337.0718045955205,0.99981856,1.2889698
1337.073193461268,1.0000356,1.1520798
1337.074582327015,1.0001063,0.72554046
1337.0759711927617,0.9999197,0.6026989
1337.0773600585085,1.0000298,0.9627407
1337.0787489242555,0.9999953,0.9672412
1337.0801377900025,1.0001175,0.8952104
1337.0815266557493,0.9999853,0.9246677
1337.082915521497,0.9998417,0.76475286
1337.0843043872446,0.99972975,1.2616535
1337.0856932528743,0.9998794,0.83851
1337.0870821186213,1.0001552,0.94963795
1337.0884709843688,0.9998361,1.0078356
1337.0898598501149,0.9999767,0.5222882
1337.0912487157455,0.99985206,0.92597145
1337.092637581493,0.99994916,1.201314
1337.0940264472401,0.9999297,1.1654682
1337.095415312987,0.99988765,1.1974435
1337.0968041786173,0.9999475,0.9500599
1337.0981930443643,1.0000583,0.73760736
1337.0995819099953,0.99999064,0.43928492
1337.1009707757423,0.9998881,1.3652204
1337.1023596414884,0.9998913,1.0628928
1337.1037485071197,1.0000606,1.1650691
1337.1051373728667,0.9998672,0.9584199
1337.1065262384964,0.9999125,0.8773189
1337.107915104244,1.0000005,0.63720363
1337.1093039698753,0.9997538,1.0316489
1337.110692835505,1.0001118,1.0311905
1337.112081701252,1.0001484,0.8289971
1337.113470566883,0.9997792,1.1155299
1337.1148594326291,1.000026,0.818629
1337.11624829826,1.0000489,1.1366649
1337.117637163891,0.9997621,0.8043811
1337.1190260295216,0.99990547,0.7586078
1337.1204148952684,0.9999709,1.2895684
1337.1218037608987,0.9998166,1.109091
1337.12319262653,0.99984235,0.61934733
1337.1245814921613,0.9997432,1.1340975
1337.1259703579074,1.0000249,1.1043109
1337.127359223538,0.9999744,0.80168253
1337.1287480891692,0.99993426,1.0512961
1337.130136954799,0.9998512,0.90348506
1337.1315258204295,0.99997455,0.73493826
1337.1329146860605,0.9997996,1.1387602
1337.1343035516911,1.0000536,0.81835634
1337.1356924173215,1.0000646,0.9212932
1337.1370812829518,0.99990064,0.96958804
1337.1384701485827,1.000115,0.35988358
1337.139859014213,0.99976456,1.4106314
1337.1412478798434,0.99987555,0.89000684
1337.142636745474,0.99983734,1.3513213
1337.144025611105,0.9997111,1.3244172
1337.1454144767356,0.9997705,0.57178545
1337.1468033423653,0.99981886,1.024501
1337.1481922078801,0.9999513,0.9075089
1337.1495810735107,0.9999035,0.68432486
1337.1509699391404,1.00011,1.0359715
1337.1523588047717,0.99969625,0.921411
1337.1537476702865,0.9999428,1.3267314
1337.1551365359162,1.0001718,0.5557058
1337.1565254015468,0.99998397,0.8767976
1337.1579142670614,0.9997667,0.8748616
1337.159303132692,0.9998001,1.1315302
1337.1606919983224,1.0002357,0.53323525
1337.1620808638365,0.99985796,0.8785796
1337.1634697294676,0.99963063,1.1812326
1337.1648585949818,1.0001417,0.54714787
1337.1662474606114,1.0000441,0.9851793
1337.1676363261263,0.99998677,0.9417731
1337.1690251917576,0.999685,1.0425296
1337.1704140572708,0.99978673,1.0236012
1337.1718029229014,1.0000806,0.85218996
1337.1731917884163,1.0000234,1.2261778
1337.174580654046,1.000063,1.1044731
1337.17596951956,1.0000494,0.87022746
1337.1773583850747,1.0000641,0.9638134
1337.1787472507053,1.0000937,0.74846053
1337.1801361162193,0.9999251,0.6150624
1337.1815249817332,0.9998371,1.276004
1337.1829138472476,1.0001078,0.5659976
1337.184302712878,0.9998518,1.0890162
1337.185691578392,0.9997498,0.7104771
1337.187080443906,0.9995512,1.2676927
1337.1884693094207,0.99972534,0.8184338
1337.189858174935,0.9999444,0.7855102
1337.1912470404482,0.99985164,1.054093
1337.192635905963,0.9996165,0.9413216
1337.1940247714779,1.0001462,0.7897849
1337.1954136369914,0.99979585,0.73301876
1337.1968025026217,0.99984175,1.1220483
1337.1981913680202,1.0002539,1.204883
1337.199580233534,1.0000834,1.1173635
1337.200969099048,1.0000771,0.6792553
1337.2023579645622,0.999909,1.1246696
1337.2037468300769,0.9999836,1.1388731
1337.205135695591,0.9999714,1.152837
1337.2065245611043,0.99976414,0.9068055
1337.2079134266191,0.9999936,0.89960825
1337.2093022921333,1.000017,0.9413831
1337.2106911575302,0.9999774,0.72991014
1337.212080023045,0.9998293,1.0213767
1337.2134688885599,0.99996185,1.1609224
1337.2148577540731,0.9999544,0.9116204
1337.216246619471,0.9998623,0.6863769
1337.2176354849857,1.0001022,1.1638917
1337.219024350499,1.0003006,0.8891743
1337.2204132158968,0.9998009,0.9046546
1337.2218020814114,1.0001072,1.0101302
1337.2231909468092,0.9999538,0.9787594
1337.224579812323,0.9998755,0.70940566
1337.2259686777206,0.9999096,0.9464847
1337.2273575432348,0.9998998,0.8765596
1337.228746408633,0.99988693,1.3183682
1337.2301352741474,0.99977845,1.2150563
1337.2315241395443,0.99995416,0.9151439
1337.232913005059,0.9999369,0.6535066
1337.2343018704566,0.9998948,0.92936224
1337.2356907358535,1.0001608,0.56747264
1337.2370796013684,0.9999572,1.1531824
1337.2384684667668,1.0001581,0.7553345
1337.2398573321643,0.9998543,1.0357872
1337.2412461976785,1.0000186,0.71317226
1337.2426350630762,0.99997777,1.1329713
1337.2440239284738,0.99994373,1.0196756
1337.2454127938713,1.0000427,0.8156159
1337.246801659269,0.99997306,0.8291831
1337.2481905247837,1.0000005,1.1057322
1337.2495793901815,0.99993056,0.8999767
1337.2509682555783,1.0000448,1.0344262
1337.2523571209767,1.0000646,0.68098986
1337.2537459863752,0.99981874,0.7699194
1337.2551348517723,1.0001158,0.9255537
1337.2565237171698,1.0000736,1.0777057
1337.2579125825682,0.99997807,1.0190358
1337.259301447965,1.0000917,0.86311585
1337.2606903133628,0.99981374,1.3853141
1337.2620791787613,1.0000879,0.7651059
1337.2634680441588,0.9999876,0.7742412
1337.26485690944,0.99997973,0.9664456
1337.2662457748377,0.9996248,1.2903363
1337.2676346402354,1.0000324,0.6998016
1337.269023505633,0.9997181,1.1202344
1337.2704123710305,0.99989843,0.95974916
1337.2718012363118,1.0000721,1.1497804
1337.27319010171,0.99982166,0.98261046
1337.274578967108,0.9999373,0.8109135
1337.2759678323885,0.9998608,1.0678431
1337.2773566977867,1.0000046,0.7391412
1337.2787455631844,0.99999964,0.578504
1337.2801344284658,1.0000559,0.62761
1337.281523293864,1.0001792,0.7425512
1337.2829121591453,1.0001199,0.8988694
1337.2843010245429,1.000002,1.1482756
1337.2856898898242,0.9998058,0.9603386
1337.287078755222,0.9998897,0.89873916
1337.2884676205038,1.000069,0.9431818
1337.2898564859015,0.99972683,1.1841408
1337.291245351182,0.9999913,0.796683
1337.2926342165802,0.9999826,0.8928287
1337.2940230818615,1.0000771,0.9587374
1337.295411947142,0.99980694,0.79713917
1337.2968008125404,0.9996797,1.031375
1337.2981896778224,1.0000628,0.69278497
1337.299578543103,0.9995513,0.8510436
1337.3009674083842,1.0001745,0.8467632
1337.3023562737826,1.0002255,0.9131368
1337.303745139063,0.99994695,1.0758829
1337.3051340043444,0.99992675,0.7776656
1337.3065228696262,0.99992704,0.7732171
1337.3079117349075,1.0000393,0.877892
1337.3093006001886,0.99996763,0.95146084
1337.31068946547,0.99981874,0.563125
1337.3120783307513,0.99977946,1.1156558
1337.3134671960331,0.99951875,1.0218805
1337.3148560613145,0.9999309,1.0953845
1337.316244926595,0.9997193,1.0085942
1337.3176337918767,0.99995047,1.1215199
1337.3190226571583,1.0001057,0.85127246
1337.3204115224394,1.0000535,1.1954461
1337.3218003877214,0.999954,0.7869355
1337.3231892530025,1.00008,0.6548368
1337.3245781181672,0.99987143,1.235594
1337.3259669834486,0.9999456,0.82325906
1337.32735584873,1.0000702,1.3005759
1337.328744714011,0.999775,1.1838083
1337.3301335791757,0.9999625,0.64419323
1337.3315224444573,0.99986035,0.9840907
1337.332911309739,1.0000514,1.0966305
1337.334300174904,0.99994427,0.64603424
1337.3356890401844,0.99994946,0.8174269
1337.3370779054662,1.0001156,1.0621139
1337.3384667706312,0.99997306,1.0013552
1337.3398556359116,0.9999461,0.7777067
1337.3412445010772,0.9999164,1.2505641
1337.3426333663592,1.0000545,0.79900885
1337.3440222315235,1.000227,0.9335051
1337.3454110968046,1.0000604,1.1346477
1337.3467999619702,0.9998087,0.95093024
1337.3481888272513,1.0000912,1.0520241
1337.349577692416,1.000157,0.5000842
1337.350966557581,0.99987787,1.5257099
1337.355133153192,0.9996758,1.4622437
1337.3565220183568,0.9996878,1.1951954
1337.3579108836386,1.0003916,0.9599767
1337.3592997488036,0.9997758,1.0947175
1337.3606886139683,0.999825,0.98852456
1337.3620774791339,0.9999595,0.8064504
1337.3634663442979,0.99977314,1.0077451
1337.3648552094628,0.99973553,0.72132695
1337.3662440746284,0.9995966,0.90535676
1337.367632939793,0.99960357,1.1687857
1337.3690218049578,1.0000792,0.6842436
1337.3704106701227,0.99979997,0.89600563
1337.3717995352877,0.9998498,0.89739007
1337.3731884004533,0.9999788,0.8917395
1337.374577265618,0.9999224,1.0276892
1337.3759661307822,1.0000283,0.9106675
1337.3773549959476,0.999968,1.0209147
1337.3787438611125,1.000041,0.9973961
1337.3801327262765,1.0002459,0.609347
1337.3815215913255,0.99964947,1.3396939
1337.3829104564911,1.0000348,0.8370539
1337.3842993216554,0.99986386,0.9434273
1337.38568818682,1.0002626,0.7769533
1337.3870770518693,1.0001328,0.892499
1337.3884659170335,0.99984074,0.5709964
1337.3898547821982,0.9998542,0.999864
1337.3912436472474,0.9999301,0.86890703
1337.392632512412,0.99971294,1.22505
1337.3940213774604,0.9999291,1.090788
1337.3954102426253,0.99970526,1.155939
1337.3967991076738,0.9999555,0.9226487
1337.3981879728385,1.000305,0.8061692
1337.399576837887,0.99992436,0.65852803
1337.4009657030524,0.9997782,0.918618
1337.4023545681016,0.9999961,0.76188964
1337.4037434332658,1.0001075,0.9535243
1337.4051322983141,0.9998288,1.3412964
1337.4065211633633,0.9998456,0.784313
1337.407910028528,1.0002016,0.9272816
1337.4092988935765,0.9998165,0.7747793
1337.410687758625,0.9997241,0.9018577
1337.4120766236733,0.99981296,0.61664075
1337.4134654887216,1.0002265,1.1060066
1337.4148543538865,0.9999355,1.0825663
1337.416243218935,0.99995375,1.2426486
1337.417632083984,1.0000461,1.3098327
1337.4190209490325,1.0000498,0.80340296
1337.4204098140804,0.9999454,1.2527275
1337.4217986791293,0.99996084,0.867576
1337.4231875441778,0.9999419,0.6995289
1337.4245764092254,1.0000178,1.1936301
1337.4259652742744,1.0000688,0.5325661
1337.4273541393236,0.99997526,1.1070877
1337.4287430043714,0.99974835,0.80078614
1337.4301318694197,1.0000767,0.52135485
1337.431520734469,1.0001483,0.9445225
1337.4329095995172,0.99993885,0.7023879
1337.4342984644493,0.9999949,0.83335257
1337.4356873294978,0.99998444,0.9956975
1337.4370761945468,0.9998652,0.83962256
1337.4384650595953,1.0001476,0.6782847
1337.4398539245265,0.999976,1.2147512
1337.4412427895754,0.9999533,0.5876904
1337.4426316546246,0.99979424,1.0452424
1337.444020519556,0.99978554,0.8294089
1337.4454093846043,0.9999004,0.93923277
1337.446798249537,0.99993,0.8395971
1337.448187114585,0.9998001,0.8641186
1337.4495759796332,0.9999938,1.2338816
1337.450964844566,0.9999006,0.63704056
1337.4523537096143,0.9997146,1.0590974
1337.4537425745461,0.99977905,0.98525393
1337.4551314394785,0.9998388,0.9153912
1337.4565203045267,0.99986494,0.7459554
1337.4579091694595,1.0000491,1.1889904
1337.4592980343914,0.99967283,1.1343173
1337.4634646293039,0.99969923,0.70041966
1337.4648534943515,1.000173,1.1206137
1337.466242359284,1.000036,0.7550057
1337.4676312242168,0.9997327,1.423014
1337.4690200891482,1.0000229,0.46143964
1337.47040895408,0.99987507,0.5176032
1337.4717978190129,0.9998928,0.9037346
1337.4731866839443,0.999922,1.0411736
1337.4745755488761,0.9999931,0.7826541
1337.475964413809,0.9999279,0.97442544
1337.4773532787417,1.0000561,1.0561486
1337.4787421436736,0.9996822,0.877589
1337.480131008605,1.0000424,1.0306944
1337.4815198735375,0.99982697,1.3972657
1337.4829087384696,1.0000457,0.99911153
1337.4856864683334,0.99988556,1.2666826
1337.4870753332661,1.0000408,0.93014526
1337.4884641980811,0.9998958,0.89257026
1337.489853063013,1.0000097,0.8418216
1337.4912419279458,0.9997613,0.7918936
1337.4926307928777,0.99983054,0.75409853
1337.4940196576933,0.99989456,0.8998856
1337.4954085226254,0.99996334,0.82891333
1337.4967973875573,0.9999626,0.9107651
1337.4981862523728,0.9999426,0.7570031
1337.499575117305,1.0000186,1.1015803
1337.5009639821205,0.9999841,0.92493457
1337.5023528470533,0.9999875,1.1159955
1337.5037417118688,0.99996936,0.8300732
1337.5051305768002,1.0000616,0.8510988
1337.5065194416163,0.99983424,1.1154094
1337.5079083065484,0.9999504,1.0588218
1337.5092971713632,0.99974656,0.7477227
1337.5106860361793,0.9998536,1.1694381
1337.512074901112,0.9999674,0.8381763
1337.513463765927,1.0001625,1.111264
1337.5148526307426,0.99999684,0.78400534
1337.516241495559,1.0000664,0.94265497
1337.5176303604917,0.9997963,0.8557951
1337.5190192253071,0.99989665,1.255838
1337.5204080901221,1.0001671,0.8590553
1337.5217969549385,0.99982417,0.92105466
1337.523185819754,0.9999826,0.8588011
1337.524574684569,0.9999699,1.1449965
1337.525963549385,0.99937624,0.95143086
1337.5273524142012,1.0000004,0.9275379
1337.5287412790162,0.99996334,0.8810937
1337.5301301438317,0.9998871,1.1941128
1337.531519008648,1.0000197,1.0838937
1337.532907873463,0.99992806,0.7358313
1337.5342967382785,1.0001167,1.1599302
1337.5356856030949,1.0000764,0.5901664
1337.5370744679103,0.9997474,1.009233
1337.538463332726,0.99967253,0.8630072
1337.5398521974253,0.999661,0.78224635
1337.5412410622407,0.9999452,1.0844196
1337.542629927057,0.99999726,0.73139274
1337.5440187918725,0.99974906,0.7897122
1337.5454076565711,0.99990535,1.0031874
1337.5467965213875,0.9997752,0.96196824
1337.5481853860865,0.9997907,0.9570649
1337.5495742509015,0.99988157,0.6481846
1337.5509631157176,0.9999973,0.64860445
1337.5523519804174,0.9998326,0.7683383
1337.5537408452324,1.0001527,0.858018
1337.5551297099314,0.99978507,1.3383856
1337.5565185747478,0.99994695,0.5400535
1337.557907439447,1.0001725,0.82020074
1337.5592963041463,0.99996364,0.95528984
1337.5606851689618,0.99991125,0.90577614
1337.5620740336617,0.9998272,1.1415731
1337.5634628983607,1.000061,0.90743065
1337.5648517631757,0.99978286,0.78896606
1337.5662406278757,1.0001928,0.7362536
1337.5676294925754,0.9999998,0.9368249
1337.5690183572738,0.9998036,0.66465396
1337.5704072220894,0.99982136,1.1304646
1337.5717960867892,0.99986035,0.8369894
1337.5731849514877,1.0001386,0.98444235
1337.5745738161868,0.99956685,0.9993447
1337.5759626808867,1.0000398,0.8033499
1337.5773515455858,1.0000763,0.63539153
1337.5787404102853,1.0000036,0.98938966
1337.5801292749843,0.9997136,1.0406115
1337.5815181396833,0.99982417,0.7856426
1337.5829070043826,0.9996887,0.83308476
1337.5842958690819,0.99980253,0.6478646
1337.585684733781,0.99983627,0.7430802
1337.5870735983644,0.9998921,0.7310112
1337.589851327762,0.9997735,1.2459391
1337.591240192462,0.9998662,1.0395098
1337.5926290570446,0.99994713,0.8789978
1337.5940179217437,0.9998982,1.0133058
1337.5954067864436,0.99991536,1.341753
1337.5967956510262,1.0000477,0.47600278
1337.5981845157255,0.9998452,1.1532031
1337.5995733804248,0.99971783,0.92588013
1337.6009622450074,0.99982697,0.8970339
1337.6023511097073,0.99985665,1.0815593
1337.60373997429,1.0000557,0.9629938
1337.6051288389885,0.99997824,0.7600991
1337.606517703572,1.000049,0.6767379
1337.6079065681547,0.9999083,1.221791
1337.6092954328533,0.999821,0.88826543
1337.6106842974368,1.0001692,0.7514012
1337.6120731620201,1.000038,0.9121421
1337.6134620267185,1.0000681,0.7950059
1337.6148508913013,0.9999876,0.77503735
1337.6162397558846,0.9998844,1.1415969
1337.6176286204668,0.9999635,0.9333466
1337.6190174851658,0.9999587,0.7954533
1337.6204063497494,0.9998534,0.7459031
1337.621795214332,0.9997971,1.111249
1337.623184078915,1.000174,0.82791346
1337.6245729434977,0.9998757,0.97697306
1337.6259618080803,1.0000415,0.9744699
1337.6273506726639,1.0002463,0.5769768
1337.6287395372465,1.000135,1.1556263
1337.6301284018286,0.9999195,0.8190119
1337.6315172664122,1.0000614,0.7437521
1337.6329061309948,0.9999699,1.1641642
1337.6342949955774,0.9998816,0.8709122
1337.635683860161,1.0000279,0.7722619
1337.6370727246274,0.9997598,0.672055
1337.6384615892102,0.99985933,1.0824544
1337.6398504537929,0.9999425,0.62744164
1337.6412393183755,0.99994695,0.844079
1337.642628182842,0.9998109,0.7561977
1337.6440170474248,0.9998302,1.474585
1337.6454059120074,0.99969274,0.4779766
1337.6467947764745,0.9999075,1.0130681
1337.6481836410571,0.9998674,0.73175573
1337.6495725055229,0.9999759,1.3791778
1337.6509613701064,0.9999349,0.6142907
1337.6523502345733,0.99985665,1.5347396
1337.6537390991552,1.0001011,0.6241679
1337.6551279636217,0.99966145,0.90101117
1337.656516828205,0.99987817,0.59623045
1337.6579056926707,0.99982953,1.3111216
1337.6592945571372,0.99977016,0.6841
1337.6606834217205,0.99997467,0.4519525
1337.662072286187,1.0000356,0.7776975
1337.6634611506533,0.99985933,0.76745963
1337.6648500151196,0.99961627,0.5993446
1337.6662388797022,0.99977183,0.98337746
1337.6676277441686,0.9997056,0.9967402
1337.669016608635,1.0001686,0.47311208
1337.6704054731013,0.99980694,1.3576951
1337.6717943375684,0.99994314,0.61906034
1337.6731832020346,0.9998598,0.6248083
1337.674572066501,0.9996134,1.0655493
1337.675960930968,0.9998764,0.7817403
1337.6773497954343,0.9998853,0.8358069
1337.6787386599008,0.9997439,0.46287516
1337.680127524367,0.9998662,1.1273727
1337.6815163888334,0.999946,0.61732
1337.6829052532999,0.9998498,0.73675
1337.6842941176496,0.999641,1.0657396
1337.6856829821158,1.0000299,0.6681339
1337.6884607110492,0.9998972,0.8520728
1337.6898495753985,0.9999174,0.8502374
1337.6912384398656,1.0002395,1.2123938
1337.6926273043318,0.99992925,0.72748214
1337.6940161686812,1.0001355,0.81601626
1337.6954050331483,1.0001082,0.73775417
1337.6967938974988,1.0001467,1.2292014
1337.6981827619643,0.9997467,0.86514443
1337.6995716263143,0.9997464,0.8643394
1337.7009604907812,0.9998813,0.4661279
1337.7023493551314,0.99999917,0.9594072
1337.7037382195977,0.999767,1.1124403
1337.7051270839474,1.0000039,0.8755459
1337.7065159482975,0.99995047,0.95219743
1337.707904812764,0.99981457,0.5182469
1337.7092936771137,0.99974203,0.49453405
1337.7106825414635,0.99984175,1.213436
1337.7120714058142,1.000002,0.747661
1337.7134602702806,0.9999847,1.027929
1337.7148491346306,0.999794,0.90349925
1337.7162379989811,0.99999094,0.92309976
1337.7176268633302,0.99995434,0.6588324
1337.7190157276802,0.9998459,0.7037922
1337.7204045920307,0.9999952,0.9119738
1337.7217934563807,0.9999627,0.9826956
1337.7231823207308,0.99990916,0.98107076
1337.7245711850805,1.0000544,0.7321658
1337.7259600494306,0.9998393,0.6591139
1337.727348913781,0.99995464,1.292967
1337.728737778131,0.99999875,0.38694787
1337.7301266423638,0.99980986,0.82751447
1337.7315155067145,0.99967766,0.857772
1337.7329043710643,0.99987906,0.94409394
1337.7342932354136,0.9998986,1.0367299
1337.7356820996479,0.9998648,0.7793669
1337.7370709639986,1.000218,0.7684156
1337.7384598283477,0.9998044,1.3251494
1337.7398486925813,0.99997157,0.709803
1337.7412375569318,1.000147,1.160955
1337.7426264211645,0.99989957,0.7383591
1337.7440152855145,0.9999091,0.9302098
1337.7454041497485,0.9997613,1.2498908
1337.7467930140988,0.9996647,0.60886186
1337.7481818783322,0.9999977,1.0553199
1337.749570742682,0.9999722,0.6390471
1337.7509596069156,0.9999172,0.9213904
1337.7523484711496,0.99983525,0.73926204
1337.7537373354996,0.9998986,0.9856614
1337.7551261997332,0.9997862,0.5884509
1337.7565150639673,0.99984527,0.6342297
1337.7579039282,0.99992657,1.2403435
1337.7592927925502,0.9998983,1.3684818
1337.7606816567843,0.99995023,0.49554393
1337.762070521018,1.0000116,0.5497082
1337.7634593852513,0.9998249,0.88168037
1337.7648482494847,0.999816,0.5486445
1337.7662371137183,0.9999019,1.4991596
1337.7676259779519,0.99989444,0.925622
1337.7690148421852,1.0000731,0.34355062
1337.7704037064186,0.9999712,1.1460865
1337.771792570653,0.99980986,0.8624489
1337.7731814348865,1.0000346,1.2693872
1337.775959163237,1.0001532,0.8427444
1337.7773480274714,0.999725,0.4925888
1337.778736891704,0.9998386,1.4519396
1337.7801257559377,0.99970484,0.6548718
1337.7815146200555,0.9997977,0.8037752
1337.7829034842882,0.9998782,0.80178547
1337.7842923485218,0.9995553,0.9740757
1337.7856812126395,0.99982417,0.5155097
1337.787070076873,1.0000777,0.8721492
1337.78845894099,0.9998187,1.1271418
1337.7898478052234,0.99983203,0.8287911
1337.7912366693413,0.999876,0.99426556
1337.792625533575,0.9998745,0.9396718
1337.7940143976912,0.99999094,0.88248867
1337.795403261809,1.0000613,0.7605806
1337.7967921260433,1.0000093,1.2126678
1337.7981809901596,1.0001339,0.7854925
1337.7995698542768,1.0000554,1.1794558
1337.8009587185109,0.9998231,0.78854877
1337.802347582628,0.9996418,0.4283989
1337.803736446745,1.000096,0.7614961
1337.8051253108622,0.9997753,0.9262015
1337.8065141749794,0.99992436,1.0441339
1337.8079030390963,1.0000436,0.82393795
1337.8092919032133,0.99951524,0.5794272
1337.8106807673305,1.0000077,1.299944
1337.8120696314481,1.000001,0.7398795
1337.8134584955653,0.99977636,1.0489086
1337.8148473596816,1.000029,0.64176464
1337.8162362237995,0.99992675,1.0560868
1337.8176250879167,0.9997899,0.6249836
1337.819013952033,0.9997098,1.2147924
1337.8204028161508,1.0000173,0.8977922
1337.8217916802687,0.9999214,1.032883
1337.8231805442686,0.9996733,0.65884393
1337.8245694083857,0.9998554,0.7543401
1337.8259582725036,0.999916,1.2288672
1337.8273471365042,0.999814,0.7894981
1337.8287360006211,0.9996343,1.0448954
1337.830124864622,1.000187,0.9444448
1337.8315137287395,0.99989796,1.1483101
1337.8329025928567,1.0000207,0.80411565
1337.8342914568566,0.9997111,1.0629048
1337.835680320858,1.0000055,0.997331
1337.837069184976,0.9996738,0.8528198
1337.848180097214,0.99987406,1.8548611
1337.8495689612148,0.9995295,1.591416
1337.8509578252156,1.0001032,0.60808474
1337.8523466892168,1.000179,0.85339546
1337.8537355532176,0.99998325,1.1090657
1337.8551244172174,1.0000477,0.51052177
1337.8565132812187,1.0002673,0.54073507
1337.8579021452194,0.99990064,1.2157706
1337.8592910092193,1.0000975,0.5129735
1337.8606798732208,0.9999832,1.1083518
1337.8620687372222,0.99985796,0.8986336
1337.8634576012223,1.0000287,0.6514751
1337.8648464652229,1.0000564,0.9061715
1337.866235329108,1.0001456,0.7046099
1337.8676241931078,1.000059,1.1794848
1337.8690130571085,1.000033,0.835085
1337.8704019209933,1.0000391,0.6655439
1337.8717907849946,1.0000477,0.8969251
1337.8731796489956,1.0002631,0.91870975
1337.874568512879,1.0000039,0.84310436
1337.8759573768803,0.99996716,0.8894757
1337.8773462407653,0.99993056,0.96757495
1337.8787351047654,1.0001029,1.0432326
1337.8801239686495,1.0000601,0.6825883
1337.8815128325346,0.9999274,1.0197588
1337.8829016965346,1.0000635,0.6164795
1337.8842905604188,1.000042,1.1337923
1337.8856794243038,0.9998486,0.7007376
1337.8870682883044,1.0000521,1.0237306
1337.8884571521885,0.9999545,0.926684
1337.8898460160729,1.0002681,0.7279189
1337.8912348799572,0.9997611,0.93774927
1337.8926237438413,1.0001385,0.67282695
1337.8940126077255,1.0000294,0.90663385
1337.89540147161,0.99983877,0.7199702
1337.8967903354949,1.0000373,0.7061517
1337.8981791993792,0.9999436,1.2569605
1337.8995680632627,1.0000167,0.7253249
1337.9009569271475,1.0003124,0.82804173
1337.9023457910325,1.0001044,0.7648906
1337.9037346549162,0.99999046,0.95511955
1337.9051235188003,1.0001758,0.74077374
1337.9065123826854,1.0001477,0.6275071
1337.9079012464526,1.0000244,0.8803423
1337.9092901103368,1.000103,0.8041368
1337.9106789742218,1.0000027,0.8908239
1337.9120678381066,1.0000129,0.7802253
1337.9134567018746,0.9998588,0.9914036
1337.914845565758,0.9999796,0.6010228
1337.9162344295264,1.0001042,0.55762976
1337.917623293411,1.0001199,0.89847374
1337.919012157178,1.0000601,0.68176234
1337.9204010210628,1.0000637,1.2398479
1337.9217898848315,1.0002344,0.8823795
1337.9231787487151,0.99989086,0.923649
1337.9245676124829,0.99998236,0.71506715
1337.9259564762515,0.9998776,0.74901766
1337.9273453401356,1.0000544,0.64929056
1337.9287342039036,0.9998427,1.1184831
1337.9301230676715,1.0001154,0.7180312
1337.9315119314392,1.0002166,0.9522965
1337.932900795207,0.9999448,0.9928547
1337.9342896590913,1.0000823,0.84385306
1337.9356785228592,0.99994105,0.9099242
1337.9370673866279,0.99997073,0.5477094
1337.9384562503956,1.000107,0.83171654
1337.9398451141628,1.000109,0.94759184
1337.9412339779312,1.0001208,0.83038217
1337.9426228416996,1.0001775,0.89730126
1337.944011705467,1.0002196,0.7081459
1337.9454005691182,1.000031,0.9329905
1337.9467894328868,1.00018,0.83146995
1337.948178296654,1.0001686,0.799382
1337.9495671604218,1.000118,0.79028887
1337.9509560241904,1.0000522,1.0053968
1337.9523448878426,1.0000306,0.65895873
1337.9537337516103,0.99998546,1.0624071
1337.9551226152612,1.000058,0.92373455
1337.9565114790296,0.9999139,0.629055
1337.9579003427975,0.99995464,0.75784546
1337.9592892064481,1.000012,0.66023475
1337.9606780702165,0.9999376,0.83795774
1337.9620669338688,0.9999852,0.73873943
1337.9634557975196,1.0000013,1.0889604
1337.9648446612873,1.0000963,0.7429971
1337.9662335249395,0.99983406,0.6301048
1337.9676223887072,0.99998814,0.49979553
1337.9690112523588,1.0001117,0.9685655
1337.9704001160103,1.0001022,0.71986514
1337.9717889796616,1.0001286,0.632096
1337.973177843313,0.99991554,0.9173754
1337.974566707081,0.9999826,0.55802876
1337.9759555707324,0.9999515,0.8604647
1337.9773444343846,0.9999139,1.1262692
1337.9787332980359,1.0000751,0.6202762
1337.9801221616867,0.99989396,1.043438
1337.9815110253387,0.9999351,0.8474557
1337.9828998889902,0.9999202,1.0216314
1337.984288752641,0.99992806,0.72386307
1337.9856776161766,0.9997214,0.5750352
1337.9870664798286,0.9998096,0.7137263
1337.9884553434802,0.9997861,0.7921883
1337.9898442071317,0.9998166,0.8750596
1337.991233070783,0.9998983,0.93415385
1337.9926219343188,0.9996442,0.5604052
1337.99401079797,0.99997926,0.75330645
1337.995399661621,0.9998183,1.0587602
1337.9967885251567,0.9999272,0.5157809
1337.998177388808,0.99969506,1.0039284
1337.9995662523424,0.99993855,0.6481387
1338.0009551159944,0.9998481,0.82779175
1338.00234397953,0.9996422,0.68955505
1338.0037328431808,0.99973226,0.9678212
1338.0051217067157,0.999736,0.61830544
1338.0065105702515,0.9996432,0.76942277
1338.0078994339024,0.99979657,0.7433299
1338.0092882974373,0.99962294,0.69608337
1338.010677160973,0.999653,1.0527017
1338.012066024508,0.99960715,0.49477062
1338.0134548881595,0.99960977,0.8493564
1338.0148437516946,0.99982184,0.8178198
1338.0162326152295,0.9993163,0.89473534
1338.0176214787652,0.9997181,0.6389226
1338.0190103423001,0.99997556,0.5216151
1338.0203992058346,0.9995992,0.8850829
1338.0217880693704,0.9995706,0.8279171
1338.0231769329052,0.99975544,0.7723841
1338.0245657964397,0.99996865,0.8377254
1338.0259546599752,0.9996238,0.58803445
1338.0273435233944,0.99972916,0.7047665
1338.0287323869297,0.9998249,0.49372116
1338.0301212504646,0.99965215,1.0818183
1338.0315101139995,0.99962616,0.8716966
1338.0328989774182,0.9998009,0.88493705
1338.0342878409533,0.99985445,0.6477742
1338.0356767044882,0.99949867,0.8031814
1338.0370655679076,0.9996554,0.53644997
1338.0384544314425,0.999812,1.0483696
1338.0398432948605,0.9997949,0.9020273
1338.0412321583963,0.9996173,0.60966057
1338.0426210218154,0.9997174,0.9157223
1338.0440098853496,0.9995818,0.6648241
1338.0453987487683,0.9996325,0.7966575
1338.0467876121875,0.9996447,0.8125834
1338.048176475722,0.9997308,0.8100293
1338.0495653391404,0.99979997,0.9350747
1338.0509542025598,0.999989,0.6353505
1338.0523430659784,0.9998543,0.84709454
1338.0537319295136,0.99965566,0.59883225
1338.055120792932,0.99980986,0.8319717
1338.0565096563505,0.9996302,0.9229992
1338.0578985197699,0.99971396,0.93045396
1338.0592873831883,0.99983793,0.76153016
1338.0606762466064,0.9997349,1.0057476
1338.0620651100257,0.9999361,0.58919543
1338.0634539734442,0.99978566,0.8279534
1338.0648428368622,0.99978924,0.87497044
1338.0662317001652,0.99964535,0.63316745
1338.0676205635843,0.99981517,0.55355084
1338.069009427003,0.99981564,0.63373107
1338.0703982904215,0.9997218,0.57759625
1338.0717871537236,0.99961835,0.96588933
1338.0731760171425,0.99978864,0.7924767
1338.074564880561,0.99986666,0.66497093
1338.075953743863,0.9997049,0.8839498
1338.0773426072824,0.99962574,0.68002933
1338.0787314705844,0.9998456,1.0336627
1338.0801203340025,0.99986565,0.58294374
1338.0815091973054,0.99980146,0.8010061
1338.0828980607246,0.99970996,0.7885525
1338.084286924026,0.999591,0.7165484
1338.0856757873285,0.99940485,0.8553711
1338.0870646507476,0.99971545,0.78439194
1338.088453514049,0.9996725,0.3311625
1338.0898423773513,0.999877,1.0199926
1338.091231240654,0.9999702,0.6110153
1338.0926201040727,0.9996916,0.905033
1338.094008967375,0.99963665,0.48099628
1338.095397830677,0.99973136,0.9013552
1338.096786693979,0.99986124,0.58463115
1338.0981755572816,0.9997648,0.5539582
1338.0995644205836,0.9998336,0.8910426
1338.1009532838857,1.0001286,0.5514002
1338.1023421471887,0.9999816,1.0043906
1338.1037310103743,0.99997944,1.0555192
1338.105119873676,1.0000365,0.692572
1338.1065087369789,0.9999766,0.7127324
1338.1078976002818,0.99986047,0.75294334
1338.1092864635839,0.9998901,0.83868676
1338.1106753267695,1.0001457,0.4611551
1338.1120641900718,0.99985045,0.7950102
1338.113453053374,0.9999928,0.93339056
1338.1148419165597,1.000068,0.40656817
1338.1162307798618,1.0005062,0.97071695
1338.1176196430483,1.0000257,1.0082852
1338.1190085063506,0.9999125,0.7394133
1338.1203973695356,1.0002145,0.8482464
1338.1217862328385,1.0001266,0.63722986
1338.1231750960242,1.0001364,0.6332616
1338.1245639592094,0.99981785,1.3043226
1338.125952822396,1.0002191,0.47883186
1338.1273416856986,0.9999934,0.6329664
1338.1287305488836,1.0000138,0.43963036
1338.1301194120697,1.0000124,0.8742302
1338.131508275256,1.0000837,0.65969515
1338.1328971384419,1.000059,0.65079284
1338.1342860016275,0.99992263,0.9353615
1338.1356748648132,1.0001409,0.47606882
1338.137063727999,1.0000136,0.7216688
1338.138452591185,1.000072,0.7416187
1338.1398414543705,0.9999235,0.81442547
1338.1412303175562,0.9999294,0.74307525
1338.1426191807427,0.99982613,0.6144752
1338.1440080439286,0.9998322,0.9447132
1338.1453969071135,0.9997046,0.7455349
1338.1467857701837,1.0001308,0.61875147
1338.1481746333702,0.99990165,1.214658
1338.1495634965559,1.0000609,0.70053065
1338.150952359625,0.99991083,0.98242676
1338.1523412228112,0.9999444,0.90290594
1338.1537300859968,1.0000169,0.54824543
1338.155118949066,0.999931,0.6433698
1338.156507812252,0.9997739,0.74096155
1338.1578966753218,0.9997188,1.0687951
1338.1592855383913,0.99996585,0.43834344
1338.1606744015762,0.9997956,0.81683654
1338.1620632646463,1.0000845,0.6085504
1338.1634521277156,1.0000231,0.7181518
1338.1648409909008,1.0000094,0.7249805
1338.166229853971,1.0000627,0.7343081
1338.167618717041,0.99999833,0.49057975
1338.1690075801096,0.999854,0.5795265
1338.170396443179,0.9999911,0.7170667
1338.171785306249,0.99991304,0.9809867
1338.1731741694348,0.99986875,0.6652872
1338.174563032504,0.99995685,0.730792
1338.175951895457,1.0000772,0.63333464
1338.1773407585265,0.9998486,1.0308708
1338.1787296215957,1.0000184,0.8506394
1338.180118484665,1.0003113,0.51809436
1338.1815073477344,0.99999934,1.0355214
1338.1828962108043,0.999777,0.65280193
1338.1842850737573,1.0000074,0.837068
1338.1856739368268,0.9999187,0.705148
1338.187062799897,1.0001656,0.70487225
1338.188451662849,1.0000618,0.9407544
1338.1898405259185,1.0001339,0.56429076
1338.1912293889884,1.0000767,1.0708841
1338.1926182519414,1.0001057,0.8178669
1338.1940071150107,1.0002931,1.0469445
1338.1953959779635,1.000193,0.5841511
1338.1967848409165,1.0001551,0.88641226
1338.1981737039864,1.0001253,0.7982584
1338.1995625669397,1.0000604,0.7882466
1338.2009514298918,0.9999307,0.77675265
1338.2023402929617,0.9999232,0.8097569
1338.2037291559147,1.0001546,0.3723154
1338.2051180188669,1.0001141,0.89479995
1338.2065068818206,1.0000843,0.90540355
1338.2078957447743,1.0001266,0.7612412
1338.2092846077267,0.99984276,0.72871584
1338.2106734707959,1.0002713,0.67893577
1338.2120623337496,1.0001866,0.57048225
1338.213451196586,0.99984926,0.96433794
1338.2148400595388,0.9999321,0.5149372
1338.2162289224918,0.9997986,1.3959645
1338.2176177854449,1.0000577,0.4358013
1338.2190066483977,0.99993795,0.5918951
1338.2203955113505,1.0001464,0.64163184
1338.2217843741873,0.9998224,1.0236344
1338.2231732371408,0.99989563,1.1035796
1338.2245621000939,0.99997056,0.89594513
1338.2259509629303,1.0000416,0.8014057
1338.227339825884,0.99996823,0.4545448
1338.228728688836,1.0000706,0.9598176
1338.2301175516727,1.0000445,0.7845399
1338.2315064146264,0.99987996,0.93424857
1338.2328952774628,0.99993795,0.78355783
1338.2342841402992,1.0000564,0.5763174
1338.2356730032523,0.9999896,0.9659367
1338.2370618660889,1.0000935,0.790545
1338.238450728926,0.9998571,0.6809981
1338.239839591879,0.99998844,0.8365433
1338.2412284547147,0.9999094,0.8264441
1338.2426173175518,0.9999195,0.6452143
1338.2440061803886,1.0000021,1.0400323
1338.2453950432243,0.99993813,0.6515825
1338.2467839060614,0.9999197,0.85896987
1338.2481727688987,1.000008,0.7908576
1338.2495616317347,0.99977696,0.73317045
1338.250950494571,1.0000453,0.72800624
1338.2523393574083,0.99996674,0.74378455
1338.253728220244,0.99983317,0.9420585
1338.2551170830807,0.9999949,0.6352293
1338.256505945918,1.000049,0.6575506
1338.257894808638,1.0001285,0.6799009
1338.2592836714743,1.0000372,0.7012393
1338.260672534311,1.0002341,0.8708966
1338.2620613970312,0.9999254,0.8058814
1338.2634502598683,0.9999875,1.0395771
1338.2648391225885,1.0000647,0.80415195
1338.2662279854248,1.0001701,0.87895083
1338.2676168481457,0.99998796,0.94425344
1338.2690057109817,1.0002539,0.59763205
1338.2703945737017,1.0001688,0.7417872
1338.271783436539,0.99989647,0.7870251
1338.273172299259,1.0000192,0.75962406
1338.274561161979,1.0000638,1.0189781
1338.2759500248158,1.0001279,0.88505083
1338.2773388875357,1.0000036,0.92159075
1338.2787277502566,0.9998864,0.6667826
1338.2801166129766,1.0000083,1.014336
1338.2815054756961,1.0000455,0.9892596
1338.2828943384168,1.0001409,0.46270078
1338.284283201137,1.0000733,0.6905023
1338.2856720638563,0.9999249,0.6173547
1338.287060926577,0.9999075,0.8406464
1338.2884497892978,0.9999112,0.61244684
1338.2898386520174,0.9999877,0.64630085
1338.2912275147373,1.0000244,1.0185139
1338.2926163774582,0.999932,0.71887165
1338.2940052401777,0.99999213,0.87991005
1338.2953941027813,1.0000242,0.7161482
1338.2967829655022,0.99993044,0.82946247
1338.2981718282222,1.0001723,0.5913586
1338.2995606908257,1.0001011,0.94661504
1338.3009495535462,1.0000938,0.5976909
1338.3023384161497,0.99999446,0.8517404
1338.3037272788706,0.9999848,0.8507515
1338.3051161414742,1.0001554,0.5388047
1338.3065050041942,1.0000138,0.7255161
1338.3078938667986,1.000071,0.5677645
1338.3092827294017,0.9998326,0.842671
1338.3106715921217,0.9999915,0.6943127
1338.3120604547262,1.0000018,0.8273757
1338.3134493173297,1.0002791,0.4680631
1338.3148381799335,1.0000862,0.73424494
1338.3162270426537,0.99980175,0.61855143
1338.3176159052573,0.9999483,0.6506621
1338.3190047678618,1.0000548,0.76365566
1338.3203936304653,0.99976265,0.7060353
1338.3217824930684,0.9999433,0.68555194
1338.323171355673,0.9998697,0.97881854
1338.3245602182765,0.9999284,0.66613144
1338.3259490808796,1.0002476,0.66366374
1338.3273379433674,0.9998456,0.6335143
1338.3287268059717,0.9998936,0.6408929
1338.3301156685748,1.0000271,0.6124898
1338.3315045311783,0.99987906,0.86708593
1338.3328933936664,1.0001651,0.6296642
1338.3342822562695,1.0001569,0.5183375
1338.335671118873,1.000075,0.6011033
1338.337059981361,1.0001377,0.53841114
1338.3384488439647,0.9999185,0.8990989
1338.339837706452,0.9998021,1.0691766
1338.3412265690558,0.99976164,0.7222179
1338.342615431543,1.0000734,0.5039519
1338.3440042941475,0.9999764,0.5138054
1338.3453931566346,0.9999565,0.883422
1338.346782019122,0.9999799,0.90722287
1338.3481708816098,1.0001599,0.38057625
1338.349559744213,1.0001134,0.70807374
1338.3509486067,1.0001103,0.6513663
1338.3523374691881,1.0000697,0.48672697
1338.3537263316753,0.9999915,0.6763373
1338.3551151941629,0.99991536,0.7579443
1338.35650405665,0.9999973,0.7105183
1338.3578929191372,1.0000999,0.68323517
1338.3592817816252,1.0001297,0.90288544
1338.3606706441124,1.000107,0.33117342
1338.362059506599,1.0000532,0.6886813
1338.363448369087,1.0001574,0.5483482
1338.3648372315743,0.99997246,0.86051947
1338.3662260939445,0.99995685,0.71476907
1338.3676149564326,1.0000162,0.9683129
1338.3690038189204,1.0000298,0.6387141
1338.3703926814069,0.9997977,0.6966622
1338.3717815437778,1.0000203,0.8083928
1338.3731704062657,1.0000486,0.5506591
1338.374559268636,0.99998856,0.5800087
1338.375948131123,1.0000759,0.6636959
1338.3773369934947,1.0000266,0.49908343
1338.378725855982,1.0000362,1.1640371
1338.380114718353,1.0000799,0.75492156
1338.3815035807238,0.9997777,0.7253321
1338.3828924432119,1.0000165,0.70192564
1338.3842813055833,0.99991316,1.0485775
1338.3856701679533,1.0000708,0.6347003
1338.3870590303243,0.99996805,0.8678975
1338.388447892812,1.0001729,0.67723244
1338.3898367551824,0.99991,0.65189356
1338.3912256175533,0.9999023,0.8833947
1338.3926144799248,0.999863,0.6517446
1338.3940033422957,0.9998222,0.73656553
1338.3953922046667,1.0000103,0.64957035
1338.3967810670374,0.9998558,0.57420665
1338.3981699294081,1.000035,1.0824797
1338.3995587917798,0.9997988,0.6804351
1338.4009476540343,1.0001523,0.94786614
1338.4023365164044,0.9999533,0.9915947
1338.403725378776,1.0000858,0.7954638
1338.4051142411467,1.0000638,0.8776777
1338.4065031034006,1.0000552,0.9099291
1338.4078919657723,0.9998772,0.6400998
1338.4092808280272,1.0001289,0.5800968
1338.4106696903973,0.9999187,0.9798361
1338.412058552652,0.9998975,0.7147054
1338.4134474150235,0.99997324,0.9462368
1338.4148362772771,1.0001245,0.70077753
1338.416225139648,1.000112,0.47843054
1338.417614001903,1.0001758,0.8142648
1338.4190028641576,1.0001327,0.7841891
1338.4203917265286,1.0000389,0.5527145
1338.421780588783,1.0002103,0.39228487
1338.4231694510381,0.99997884,0.8127179
1338.4245583132933,0.9999663,0.7703819
1338.425947175547,0.99996436,0.71109205
1338.427336037918,0.9999042,0.41009519
1338.428724900173,1.0001196,0.7215812
1338.4301137624266,1.0001336,0.9330296
1338.4315026246811,1.0002311,1.0097098
1338.4328914868197,0.9998635,0.5201825
1338.4342803490745,1.0002025,0.51967984
1338.4356692113288,0.9998931,0.39379436
1338.437058073583,1.0000199,0.7659196
1338.4384469358376,0.9997907,1.0047427
1338.4398357980926,0.99996763,0.62277967
1338.4412246602308,1.0000423,0.6098408
1338.4426135224844,0.9997673,0.96224934
1338.4440023847396,0.99998677,0.62548083
1338.4453912468778,1.0000854,0.46892497
1338.4467801091314,1.00006,0.51080364
1338.4481689712702,0.99994975,0.7394791
1338.4495578335254,1.0000281,0.80767864
1338.4509466956627,0.9999525,0.71118134
1338.4523355579172,0.9999521,0.81511635
1338.4537244200558,0.99990934,0.34656602
1338.455113282193,0.9999863,0.8122618
1338.4565021444478,0.99997175,0.6836481
1338.4578910065864,1.0000498,0.87132794
1338.4592798687245,1.0000303,0.49187914
1338.4606687308624,0.9999247,0.71088034
1338.4620575930003,0.9999185,0.72765845
1338.463446455139,1.0001467,0.5333581
1338.464835317278,0.9998073,0.65936625
1338.4662241794151,0.99990016,0.6881243
1338.4676130415532,0.9999715,0.47025004
1338.469001903692,1.0000721,0.77142966
1338.4703907658293,0.99983656,0.50936294
1338.4717796279674,1.0000607,0.44769672
1338.473168490106,0.9998235,0.6963966
1338.4745573522441,0.9998804,0.6356738
1338.475946214382,0.99993527,0.7240269
1338.4773350764035,0.9998285,0.5692514
1338.4787239385419,1.0000249,0.8468298
1338.4801128006804,0.99987155,0.904256
1338.4815016627022,1.0000783,0.68021446
1338.4828905248394,1.0002756,0.4724531
1338.4842793868615,1.0002795,0.6405337
1338.4856682489997,1.0000069,0.62348807
1338.4870571110205,1.0001714,0.729192
1338.4884459731593,0.9998436,0.51756424
1338.4898348351817,0.9999426,0.5028683
1338.4912236972027,1.0001274,0.37643892
1338.4926125593406,1.0002766,0.85168624
1338.494001421363,1.0002109,0.5096862
1338.4953902833838,0.99977803,0.5089951
1338.4967791454055,1.0000358,0.88581204
1338.498168007544,0.999909,0.64452434
1338.4995568695658,0.9999903,0.3826131
1338.5009457315873,1.0001163,0.67199016
1338.502334593609,0.99998647,0.48610094
1338.5037234556312,1.0000136,0.6841193
1338.5051123176536,0.9999795,0.6384078
1338.5065011796746,0.9998208,0.68922883
1338.507890041696,0.99998236,0.61703026
1338.509278903602,0.9999853,0.8625023
1338.5106677656229,1.0000358,0.7280933
1338.5120566276446,1.0000249,0.8416676
1338.513445489667,1.0001314,0.73051864
1338.5148343516885,0.9999326,0.34717944
1338.5162232135935,1.0000306,0.7317602
1338.5176120756153,1.0000596,0.55708027
1338.5190009375206,1.0000683,0.50155824
1338.5203897995427,1.0001144,0.80654687
1338.521778661448,1.0000594,0.5518884
1339.6564784962925,0.99818707,6.239921
1339.6578673588967,0.99878633,1.8252134
1339.6592562216188,0.9988954,1.1047546
1339.660645084341,0.99915385,0.8546023
1339.6620339469455,0.9990842,1.0003275
1339.6634228096668,0.99911296,1.0314324
1339.664811672389,0.9989697,1.0722594
1339.6662005351106,0.9989826,1.0621762
1339.6675893978322,0.9991203,1.0777344
1339.6689782605536,0.9990032,1.1577619
1339.670367123275,0.9988618,1.0728844
1339.6717559859967,0.9990193,1.09194
1339.673144848718,0.99899185,1.0402853
1339.6745337114403,0.99903363,1.000328
1339.6759225741625,0.999073,1.2248846
1339.6773114369996,0.999111,1.033643
1339.6787002997212,0.9991454,1.0867599
1339.6800891624432,0.99901706,0.9911469
1339.6814780252812,0.9988936,1.044273
1339.6828668880025,0.99934494,1.2301258
1339.684255750724,0.9991952,1.2549211
1339.685644613562,0.99893814,1.0596728
1339.6870334764008,0.99907076,1.16284
1339.688422339122,0.9991397,1.1505511
1339.6898112019594,0.9991553,1.199686
1339.691200064798,0.99914455,0.97884
1339.6925889275194,0.9991163,1.0952109
1339.6939777903567,0.99897504,1.0587935
1339.6953666531952,0.99915034,1.0922054
1339.6967555160336,0.99922854,1.1605656
1339.6981443788718,0.9992495,1.0401005
1339.6995332417096,0.9989643,1.0140668
1339.7009221045473,0.99897295,1.1344829
1339.702310967386,0.99924827,1.0768924
1339.703699830224,0.9989833,0.98801434
1339.705088693061,0.99925715,1.1797937
1339.7064775560161,0.9991305,1.1143414
1339.7078664188539,0.9989965,1.2132565
1339.7092552816912,0.9992307,1.1246259
1339.7106441446463,0.99920994,1.26883
1339.712033007485,0.9990405,1.2511774
1339.7134218704387,0.9990032,1.157233
1339.7148107332764,0.9991251,1.1299351
1339.7161995962315,0.99923587,1.1337073
1339.7175884590692,0.99894524,1.096144
1339.7189773220234,0.99905574,1.039584
1339.720366184978,0.9993991,1.1864012
1339.7217550478165,0.999125,1.185747
1339.723143910771,0.9990815,1.2120737
1339.7245327737246,0.99903375,1.085281
1339.7259216366795,0.99892974,0.9642309
1339.7273104996343,0.99907863,1.1250429
1339.728699362588,0.99870765,1.1091586
1339.7300882255422,0.99922574,0.9986632
1339.7314770884973,0.9989596,1.1727592
1339.7328659514517,0.9990021,1.0214146
1339.734254814406,0.99902946,1.152285
1339.7356436774767,0.99896556,1.1566049
1339.737032540431,0.99916965,1.0684007
1339.7384214033855,0.99898756,0.90747154
1339.739810266456,0.9990861,1.0484552
1339.7411991294105,0.9988809,1.1062888
1339.7425879923653,0.9990956,1.0287617
1339.7439768554361,0.99908024,1.0171067
1339.745365718507,0.9991541,1.0094444
1339.746754581462,0.9991016,1.1424896
1339.7481434445326,0.99902755,1.0194508
1339.7495323076032,0.9990574,1.1391898
1339.7509211705578,0.9989942,1.0268309
1339.7523100336284,0.9992456,1.2048136
1339.753698896699,0.99910593,1.1219264
1339.7550877597698,0.99927837,1.1752865
1339.7564766228406,0.99941295,1.1192294
1339.7578654859121,0.99900687,1.098884
1339.7592543489827,0.99915314,0.94717765
1339.7606432120529,0.99927086,0.9975096
1339.7620320751244,0.99908,1.1946256
1339.7634209381956,0.9993916,1.201662
1339.7648098012655,0.99927235,0.9691709
1339.7661986643366,0.9992804,1.1918105
1339.7675875275243,0.9991765,1.2199953
1339.768976390595,0.9989907,1.1703205
1339.7703652536657,0.99894834,1.0115565
1339.7717541168527,0.9991197,1.2533318
1339.7731429799242,0.9991499,1.1846606
1339.7745318431114,0.9991666,1.0462844
1339.7759207062977,0.9991949,1.1034791
1339.7773095693692,0.9991247,1.0853903
1339.7786984325571,0.99894756,1.0249586
1339.7800872957437,0.9992605,1.1556503
1339.7814761588143,0.9993389,1.2548715
1339.7828650220022,0.99908715,1.1002413
1339.7842538851887,0.9992064,1.2675261
1339.7856427483757,0.9992379,1.1490153
1339.7870316115636,0.9990902,1.0817796
1339.7884204747506,0.9990191,1.1199397
1339.7898093379379,0.9990859,1.1632922
1339.791198201125,0.99905306,1.0855618
1339.792587064313,0.99899536,1.0238286
1339.7939759275007,0.99909586,1.2273217
1339.795364790687,0.99914557,1.1148759
1339.7967536539907,0.9990353,1.1660135
1339.7981425171783,0.9990308,1.0203785
1339.799531380365,0.99918216,1.2711426
1339.8009202436685,0.9991193,0.9024795
1339.8023091068562,0.9990612,1.0678414
1339.80369797016,0.99908674,1.1030555
1339.805086833347,0.9989321,1.1956834
1339.8064756966505,0.9989129,1.090962
1339.8078645598378,0.9994042,1.180315
1339.8092534231419,0.9992657,1.1012326
1339.8106422864457,0.9992217,1.0056725
1339.812031149632,0.9993006,1.056621
1339.8134200129361,0.9990508,1.0875251
1339.81480887624,0.9988614,1.1963171
1339.8161977395434,0.99916047,1.1589295
1339.8175866028478,0.99921507,0.9955267
1339.8189754661512,0.99923253,1.1326878
1339.8203643294548,0.99914825,1.0391759
1339.8217531927585,0.99918836,1.1078148
1339.823142056062,0.9993966,1.1752177
1339.8245309193662,0.9991886,1.0486457
1339.8259197826696,0.999041,1.2936387
1339.827308646089,0.99912584,1.0983045
1339.8286975093934,0.99912566,1.0011649
1339.8300863726977,0.999111,1.1623029
1339.8314752361168,0.9990099,1.0651026
1339.8328640994205,0.99931467,1.0922934
1339.8342529627246,0.99926883,1.2287985
1339.8356418261437,0.99920475,1.2141294
1339.837030689564,0.9992844,1.1407424
1339.8384195528681,0.99915105,1.1709418
1339.8398084162882,0.9994908,1.081112
1339.8411972795916,0.9991734,1.1068444
1339.8425861430117,0.99921465,1.0102109
1339.8439750064322,0.99926513,1.2447951
1339.845363869853,0.9990221,1.1903062
1339.8467527332723,0.9990157,1.2287914
1339.8481415966921,0.9994783,1.1787802
1339.8495304599965,0.9991099,1.0451446
1339.8509193234158,0.9993645,0.9649595
1339.852308186952,0.99923235,1.259638
1339.8536970503728,0.99921215,1.085029
1339.8550859137927,0.9992209,1.1297705
1339.856474777213,0.99904937,1.0824338
1339.8578636406328,0.9992205,1.1130255
1339.8592525040526,0.9990527,1.078565
1339.8606413675898,0.9993066,1.0757015
1339.8620302310096,0.99926156,1.2963556
1339.863419094429,0.9991106,1.1471251
1339.8648079579661,0.9992751,1.2211176
1339.866196821386,0.99909586,0.89649796
1339.8675856849227,0.9992972,0.925161
1339.8689745483432,0.9990191,1.3094438
1339.8703634118797,0.9993864,1.1224912
1339.871752275416,0.99941957,1.2837437
1339.8731411388358,0.9990792,1.0995532
1339.8745300023725,0.99925596,1.0840969
1339.8759188659094,0.9989888,1.1762284
1339.8773077294459,0.9991593,1.0106311
1339.8786965928653,0.99899817,0.97387016
1339.8800854564022,0.9990611,1.0908301
1339.8814743199387,0.99904567,1.0221603
1339.8828631834742,0.9991964,1.0007766
1339.8842520470112,0.9993364,1.0367148
1339.8856409105483,0.9991587,1.0352942
1339.887029774084,0.99912155,0.81598675
1339.8884186377368,0.99943346,1.0479376
1339.889807501274,0.9991713,0.9676348
1339.891196364811,0.9990856,0.9133251
1339.8925852283473,0.999324,1.093814
1339.8939740919996,0.99916697,1.1305069
1339.8953629555367,0.9991832,0.96211475
1339.896751819073,0.99931675,1.0058367
1339.8981406827252,0.9989599,0.98046005
1339.8995295462623,0.99919677,1.0532116
1339.900918409916,0.99918646,0.97779286
1339.9023072734515,0.9992106,1.0768521
1339.9036961371044,0.9992151,0.9941695
1339.905085000758,0.99912095,1.2301773
1339.9064738642942,0.99920964,1.0275946
1339.9078627279468,0.99926823,1.1418306
1339.9092515915997,0.99914896,0.9533365
1339.9106404552526,0.9991268,1.0564247
1339.9120293189053,0.999392,0.98198545
1339.9134181825582,0.9992916,1.0886341
1339.9148070460951,0.9991166,0.9260912
1339.9161959097487,0.9992153,1.0395459
1339.9175847735173,0.9991298,1.0399636
1339.91897363717,0.99930763,1.2198249
1339.9203625008236,0.9992004,1.0201741
1339.9217513644764,0.9991919,1.0422813
1339.9231402281293,0.99909824,1.0526916
1339.924529091782,0.99926615,1.085059
1339.925917955551,0.9994535,1.0921336
1339.9273068192042,0.9991987,1.0807848
1339.9286956828569,0.9992859,1.0737818
1339.930084546626,0.99935734,1.0075902
1339.9314734102795,0.99904984,1.0034292
1339.9328622740488,0.9991981,0.9665222
1339.9342511377008,0.99925447,0.96843565
1339.9356400014708,0.9992642,0.9287659
1339.9370288651244,0.9992485,1.0771126
1339.9384177288935,0.99929625,0.9443154
1339.9398065926628,0.999311,1.0693017
1339.9411954563157,0.99924785,1.1039466
1339.9425843200856,0.99927944,1.0294464
1339.9439731838547,0.9992829,0.865621
1339.9453620476233,0.99934447,1.1869026
1339.9467509113933,0.9992195,1.0412847
1339.9481397751624,0.99915886,1.176421
1339.949528638931,0.9991918,1.0948534
1339.9509175027008,0.9991946,1.0352322
1339.9523063664706,0.9991969,1.10934
1339.9536952302392,0.99922466,0.87163377
1339.9550840940085,0.9992377,0.87570775
1339.9564729577783,0.99928725,1.0302578
1339.9578618215478,0.99936134,1.0872005
1339.9592506854333,0.9991116,0.9906709
1339.9606395492024,0.9993508,1.2392458
1339.9620284129724,0.99919474,1.1394331
1339.963417276858,0.9992128,0.99704325
1339.9648061406265,0.9993669,0.9007685
1339.9661950043965,0.99911135,1.118002
1339.9675838682829,0.9994403,0.93264925
1339.9689727320515,0.99923027,1.0484439
1339.970361595937,0.9994015,0.90428185
1339.9717504598234,0.9992951,1.1130999
1339.9731393235925,0.9993981,1.0346693
1339.9745281874782,0.99945784,0.85291886
1339.975917051364,0.9993938,1.246921
1339.977305915133,0.99942976,0.8488699
1339.9786947790185,0.9993851,0.91516906
1339.9800836429044,0.99954164,0.9542155
1339.98147250679,0.9991962,0.9426242
1339.9828613706763,0.9990398,1.1190684
1339.9842502345618,0.9992836,0.9745474
1339.9856390984476,0.99957395,1.1311268
1339.9870279623337,0.9993621,0.96813476
1339.9884168262195,0.99934363,1.0024065
1339.9898056901052,0.9993192,0.8961042
1339.9911945539907,0.99932903,0.95506465
1339.9925834178764,0.9993396,0.9641706
1339.9939722818785,0.99933743,0.90906644
1339.995361145764,0.99942994,1.0523586
1339.9967500096498,0.9992377,0.9220369
1339.9981388736524,0.99920225,1.1625317
1339.999527737538,0.99923164,1.0703827
1340.000916601423,0.999259,0.9186903
1340.0023054654257,0.9993613,1.1231409
1340.003694329312,0.9993099,1.0629307
1340.0050831933136,0.99952626,0.9930967
1340.006472057199,0.9992833,0.7824192
1340.0078609212019,0.999408,0.93330705
1340.0092497852038,0.9994319,0.9857633
1340.0106386490897,0.9993279,1.0183024
1340.0120275130917,0.9994867,1.3261143
1340.0134163770945,0.99948823,1.0578765
1340.0148052410964,0.99947804,0.8374491
1340.0161941050978,0.9993563,1.1231343
1340.0175829689842,0.99920416,0.882561
1340.0189718329868,0.9994084,0.88605714
1340.020360696988,0.99936295,1.0267067
1340.0217495609904,0.99919844,0.9507313
1340.023138424993,0.99930245,1.1324965
1340.0245272889952,0.9991865,1.1338369
1340.025916152997,0.99923915,1.0393156
1340.0273050171154,0.9991397,0.9058347
1340.0286938811178,0.9993687,0.8913608
1340.0300827451197,0.9992964,1.0021231
1340.0314716091216,0.9990965,1.0932999
1340.0328604732408,0.99942523,0.8453506
1340.0342493372436,0.9994209,1.0583085
1340.035638201245,0.9993468,0.9535278
1340.0370270653634,0.9993524,1.0840509
1340.0384159293662,0.99934375,0.7864683
1340.0398047934846,0.9995266,0.9843639
1340.0411936574867,0.99936986,0.9351258
1340.0425825216053,0.99944496,1.1080636
1340.0439713856072,0.999362,0.9562219
1340.0453602497257,0.99955386,1.0705389
1340.0467491137279,0.99908745,0.8512937
1340.0481379778462,0.9995121,1.1024834
1340.0495268419654,0.99948645,0.9335154
1340.0509157060837,0.99951404,0.9005647
1340.0523045700852,0.9994984,1.0953337
1340.0536934342044,0.9992633,0.8585229
1340.0550822983237,0.9993932,0.926956
1340.056471162442,0.9992315,0.90397626
1340.0578600265603,0.9993993,0.83220863
1340.059248890679,0.9995917,0.8686091
1340.0606377547974,0.99947745,1.0110021
1340.0620266189158,0.99940866,0.9430294
1340.0634154830345,0.9995833,1.0510094
1340.0648043471535,0.99935836,0.9946264
1340.066193211272,0.99957484,0.97283494
1340.0675820755062,0.9995708,1.0282229
1340.0689709396252,0.99922985,0.87299
1340.0703598037444,0.99949515,1.0311966
1340.0717486679787,0.99923605,0.9941524
1340.073137532097,0.99927425,0.84313035
1340.0745263962162,0.9994209,1.0523669
1340.0759152604505,0.99942774,0.9602859
1340.0773041245689,0.9994755,0.9412606
1340.0786929888045,0.99923456,1.1144186
1340.0800818529237,0.99927735,0.96172905
1340.0814707171585,0.99934447,0.9271095
1340.0828595812764,0.99947464,1.0286231
1340.084248445512,0.99927455,0.9412004
1340.0856373097477,0.9994311,1.1237153
1340.0870261738653,0.999311,0.73922217
1340.0884150381003,0.99960834,1.0992218
1340.089803902336,0.9992645,0.9569777
1340.0911927664542,0.99940753,0.9151746
1340.092581630689,0.9993327,0.88493514
1340.093970494924,0.99922955,0.8424393
1340.095359359159,0.9992333,1.1586297
1340.0967482233937,0.9992849,0.9366993
1340.0981370876286,0.9996557,1.1358584
1340.0995259518636,0.9995036,1.0411628
1340.1009148160992,0.9995541,1.0314426
1340.102303680334,0.99946076,1.1166345
1340.1036925445687,0.9992751,0.75697446
1340.1050814088044,0.9994291,1.1781076
1340.1064702731555,0.99956876,1.1121212
1340.1078591373907,0.9995584,1.020223
1340.1092480016255,0.99960876,1.1223412
1340.1106368658602,0.9995094,0.9112631
1340.1120257302118,0.9993558,1.0458585
1340.1134145944466,0.9995306,1.1143498
1340.1148034586813,0.9996166,1.1142385
1340.1161923230334,0.99945617,0.815683
1340.1175811872683,0.9992404,1.093645
1340.1189700516188,0.99941605,0.90281785
1340.1203589158545,0.9994406,1.0845128
1340.1217477802065,0.9993169,0.9665518
1340.1231366444408,0.9995142,1.0352982
1340.124525508792,0.99947464,0.94577426
1340.125914373144,0.9996119,0.99259996
1340.1273032373788,0.99946874,1.1303486
1340.1286921017302,0.9996636,1.1861316
1340.1300809660816,0.99957347,0.9803083
1340.1314698304334,0.9993264,0.8397006
1340.1328586946684,0.9994714,1.036384
1340.134247559019,0.99949974,0.7273438
1340.135636423371,0.99932903,0.99015105
1340.1370252877227,0.99954015,0.96122146
1340.1384141520734,0.9995771,0.9725691
1340.1398030164248,0.9994545,0.9722322
1340.1411918807767,0.99942625,1.0881184
1340.1425807451274,0.99955887,0.8864897
1340.1439696094785,0.9994634,1.0237463
1340.1453584738306,0.9992165,0.8605006
1340.146747338182,0.9993498,0.8587495
1340.1481362026498,0.99943805,1.03407
1340.149525067001,0.99944055,0.9373439
1340.1509139313523,0.99947226,0.9867512
1340.1523027957041,0.999678,0.94829464
1340.153691660172,0.9995594,1.0230737
1340.1550805245233,0.99976164,1.1354955
1340.1564693888754,0.99934345,1.10122
1340.157858253343,0.99933064,0.90150213
1340.1592471176941,0.99950296,1.1603703
1340.1606359821621,0.99956816,0.90466624
1340.1620248465133,0.99941653,0.9694183
1340.1634137109809,0.9995045,0.94009024
1340.1648025753325,0.9995737,0.9907938
1340.1661914398,0.9992995,0.9719168
1340.1675803042685,0.99960303,1.0641452
1340.1689691686197,0.9995293,0.95836955
1340.1703580330868,0.99965996,1.1513547
1340.1717468975553,0.9995584,0.95774114
1340.1731357619071,0.999627,1.015977
1340.174524626374,0.99947274,0.8011653
1340.175913490842,0.99968886,0.98407483
1340.1773023553103,0.9995385,1.0794461
1340.178691219778,0.9996528,1.1492108
1340.1800800842457,0.9994622,0.8399081
1340.1814689487132,0.999407,1.076256
1340.1828578131817,0.99956685,0.8936596
1340.1842466776495,0.99968517,1.2971734
1340.1856355421164,0.9997163,1.2501451
1340.187024406585,0.9994704,0.9569253
1340.1884132710534,0.99973536,1.050464
1340.1898021355205,0.99963146,1.0856682
1340.191190999988,0.99960774,0.85094464
1340.1925798644565,0.9993237,0.9415426
1340.19396872904,0.99970424,1.0523316
1340.1953575935077,0.99951375,0.9493277
1340.1967464579761,0.99954766,0.9922689
1340.1981353225601,0.9997173,0.9248815
1340.199524187028,0.9995509,0.97379935
1340.2009130514957,0.999634,0.918028
1340.2023019160806,0.9995788,0.928519
1340.2036907805489,0.9995762,1.0363532
1340.2050796451322,0.99942017,0.97209656
1340.2064685096002,0.99981374,1.0832386
1340.2078573741849,0.99938226,1.0615228
1340.2092462386527,0.9996532,0.99404454
1340.2106351032367,0.99952275,0.9544033
1340.2120239677042,0.9995671,0.8223133
1340.2134128322887,0.999582,1.1048492
1340.2148016968727,0.99952006,0.9018848
1340.2161905614566,0.9995833,1.0007309
1340.2175794259247,0.9995032,0.96370435
1340.2189682905093,0.99956894,1.0253104
1340.2203571550936,0.9995134,1.0185454
1340.2217460196769,0.99963635,0.9480344
1340.2231348842615,0.99987704,0.94375217
1340.22452374873,0.9998573,1.1484803
1340.2259126133142,0.9996081,0.8309754
1340.2273014778984,0.99972636,1.1270229
1340.2286903424824,0.9997451,1.0664437
1340.2300792070666,0.99954474,1.0679775
1340.2314680716509,0.9996461,1.0828463
1340.2328569362348,0.99956256,1.0313824
1340.2342458009362,0.99977165,0.83081806
1340.2356346655201,0.9996545,1.0577599
1340.2370235301037,0.9996463,0.8186997
1340.2384123946886,0.9995345,1.0755256
1340.2398012592735,0.99963576,0.83405685
1340.2411901239732,0.99974054,1.1031326
1340.2425789885574,0.9996414,0.98251915
1340.2439678531423,0.99958456,0.95249933
1340.245356717842,0.9993814,0.78607965
1340.2467455824262,0.9994029,0.84284216
1340.248134447011,0.9998036,0.80978507
1340.249523311712,0.999683,0.89719886
1340.2509121762964,0.99945116,0.84781003
1340.2523010409961,0.99977386,0.9543606
1340.2536899055808,0.9997571,0.9774965
1340.2550787702821,0.99967843,1.1109422
1340.2564676348657,0.9996417,1.0275146
1340.257856499566,0.99965674,1.0342352
1340.2592453642674,0.9993503,0.76539886
1340.2606342288514,0.9996264,0.78748554
1340.2620230935522,0.99961245,0.9309634
1340.2634119582526,0.9997187,0.8347188
1340.2648008228366,0.999636,1.1265184
1340.2661896875375,0.99968237,0.99297464
1340.2675785522379,0.99946755,0.76860404
1340.2689674169383,0.99968,1.1411575
1340.2703562816396,0.9998401,0.96819144
1340.2717451463402,0.9996805,0.81491077
1340.2731340109244,0.99951124,0.9787195
1340.2745228756255,0.99960023,0.82099354
1340.2759117403261,0.9995746,1.0270468
1340.2773006050265,0.99976516,1.0968158
1340.2786894697272,0.9998449,0.70113385
1340.2800783344278,0.9995211,0.92485416
1340.2814671992446,0.99978745,1.0690862
1340.2828560639452,0.9996613,1.0621549
1340.2842449286459,0.9994513,0.9372668
1340.285633793347,0.999494,1.0487834
1340.2870226580476,0.9997143,0.7653475
1340.2884115227475,0.99987257,1.0645128
1340.289800387565,0.9995178,0.88434803
1340.2911892522661,0.99968517,0.5157543
1340.292578116966,0.99985445,0.924093
1340.2939669817831,0.9995856,1.109426
1340.2953558464842,0.99952847,0.8026923
1340.2967447111848,0.99971294,1.2622108
1340.2981335760019,0.99939513,0.7806798
1340.2995224407023,0.9996688,0.92773676
1340.30091130552,0.9996141,1.1382893
1340.3023001702204,0.9996571,0.89789516
1340.3036890350368,0.99989325,1.2590728
1340.305077899738,0.99954385,1.1099797
1340.3064667645558,0.9997138,0.87909675
1340.3078556292555,0.9995901,0.9897181
1340.3092444940726,0.9995987,1.0567654
1340.3106333588903,0.9995062,0.952795
1340.3120222235907,0.9997129,1.040347
1340.3134110884075,0.99960715,1.2716632
1340.3147999532248,0.99957526,0.6491277
1340.3161888180416,0.99967957,0.92201185
1340.317577682742,0.99970883,0.9779122
1340.3189665475593,0.99962854,1.0322713
1340.3203554123768,0.9993796,0.8516122
1340.3217442771943,0.99945134,1.022163
1340.3231331420106,0.99960303,0.9223447
1340.3245220068275,0.99955773,0.9841229
1340.3259108716452,0.9995822,0.96765894
1340.3272997364622,0.99955773,0.89396167
1340.3286886012793,0.99955916,0.9616761
1340.330077466096,0.9997847,0.91027147
1340.3314663309131,0.99957263,1.049576
1340.3328551957302,0.99970293,0.8973761
1340.334244060547,0.9997305,0.74750805
1340.335632925364,0.9996397,1.0032383
1340.3370217901816,0.99948025,0.8565213
1340.3384106549986,0.99966276,1.0042373
1340.3397995199311,0.99946606,0.9047966
1340.3411883847489,0.9995669,0.8785269
1340.3425772495666,0.9996106,0.90438175
1340.3439661143834,0.9995439,0.9731977
1340.345354979317,0.99976766,0.79779446
1340.346743844134,0.9994671,1.281176
1340.3481327089507,0.99961156,0.80598414
1340.3495215738842,0.9997812,0.96939623
1340.3509104387012,0.99959284,1.0785985
1340.3522993036354,0.9997353,0.8872894
1340.3536881684522,0.99965054,0.91970706
1340.355077033385,0.9993008,0.80830985
1340.3564658982027,0.9995393,1.2033972
1340.3578547631366,0.9995972,0.90060735
1340.3592436279528,0.99961454,0.9212625
1340.3606324928865,0.9999231,0.9209287
1340.3620213578204,0.9995667,0.9058435
1340.3634102226374,0.99954826,0.6454401
1340.3647990875706,0.99983424,0.7851865
1340.3661879525039,0.999546,0.79792535
1340.3675768173216,1.0000722,1.1547626
1340.368965682255,0.99978405,0.8468771
1340.3703545471876,0.9996399,0.8383504
1340.3717434121218,0.9996779,1.1785535
1340.3731322769395,0.9998075,1.0433345
1340.3745211418723,0.9997305,1.0364797
1340.3759100068055,0.9997031,1.1881179
1340.3772988717396,0.9998512,1.1004084
1340.3786877366729,0.9999033,1.0137174
1340.3800766016063,0.99963784,1.1859828
1340.3814654665398,0.99981564,0.93833196
1340.382854331473,0.9997223,1.436514
1340.3842431964065,0.9996038,0.7966004
1340.38563206134,0.9999284,0.8284787
1340.3870209262732,0.99949867,0.8638388
1340.3884097912073,0.99960077,1.0185435
1340.3897986561406,0.99966854,0.8961654
1340.391187521074,0.99974775,0.72667277
1340.3925763861243,0.9996917,1.2736536
1340.393965251058,0.99966913,1.1178576
1340.3953541159913,0.99949735,0.88135874
1340.3967429809245,0.9994905,1.1076499
1340.3981318458582,0.9995593,0.9719845
1340.3995207109078,0.9997874,1.31095
1340.400909575841,0.9997233,0.7151954
1340.4022984407745,0.9997521,1.0259145
1340.4036873058249,0.9995607,0.9920114
1340.4050761707585,0.9995878,0.90777946
1340.406465035691,0.9995559,1.1047223
1340.4078539007414,0.99990267,0.7911297
1340.4092427656756,0.9995935,1.02318
1340.4106316307248,0.9998757,0.99708736
1340.412020495658,0.999648,0.9400223
1340.4134093607086,0.99987686,1.0310363
1340.4147982256427,0.9996849,0.90692914
1340.4161870906923,0.9996499,0.67437875
1340.4175759557415,0.9998425,1.3939532
1340.4189648206757,0.9998762,1.1076978
1340.4203536857253,0.9998423,0.9260199
1340.4217425507745,0.9996706,0.8744626
1340.4231314157087,0.99977064,1.2566499
1340.4245202807592,0.99969876,1.1420027
1340.4259091458082,0.9996514,0.83348405
1340.4272980107417,0.9998212,1.006955
1340.428686875792,0.99957895,0.8587934
1340.4300757408419,1.0000513,1.1696594
1340.4314646058915,0.99963075,1.1133507
1340.4328534709414,0.99949414,0.7852569
1340.4342423359913,0.9995492,1.1481735
1340.4356312009245,0.99965405,0.96320283
1340.4370200659744,0.9997756,1.2497307
1340.4384089310247,0.9998272,0.88433623
1340.4397977960753,0.99972916,1.0945591
1340.4411866611244,0.9995935,0.92520255
1340.442575526174,0.99957865,0.9449296
1340.4439643912247,0.9996519,1.1493767
1340.4453532562743,0.99961483,1.0252657
1340.4467421213244,0.9997894,1.0425183
1340.4481309864905,0.9998784,1.2087007
1340.4495198515401,0.9998874,0.91781294
1340.4509087165907,0.99988097,1.1226689
1340.4522975816406,0.9999077,0.99817455
1340.4536864466895,0.9997805,1.1503471
1340.45507531174,0.9999442,1.0676425
1340.4564641769061,0.99977183,1.0775176
1340.4578530419553,0.9998185,1.0949816
1340.459241907006,0.99994546,1.2143306
1340.4606307720564,0.99982965,1.063555
1340.462019637222,0.99985194,1.3507292
1340.4634085022717,0.99978036,1.0097498
1340.4647973674387,0.99968696,1.0278765
1340.4661862324892,0.9997196,0.983255
1340.4675750975389,0.9995731,1.2536391
1340.4689639627045,0.9997413,0.9409485
1340.4703528277548,0.99972564,0.9787947
1340.4717416929211,0.9997282,0.98735
1340.4731305579703,0.999978,1.0159982
1340.474519423137,0.9996522,1.0609944
1340.4759082881874,0.99966997,0.73291874
1340.477297153353,0.9996156,1.050489
1340.4786860184026,0.99967396,0.79176295
1340.4800748835696,0.9998448,0.98772216
1340.481463748736,0.9996795,1.0311167
1340.4828526137858,0.99990314,1.1693033
1340.4842414789518,0.99984777,0.9092731
1340.4856303441181,0.9997576,0.99935865
1340.4870192091685,0.99960524,1.0697056
1340.488408074335,0.99992704,1.4921967
1340.489796939501,0.9996067,1.0675336
1340.491185804668,0.9995704,1.3513739
1340.492574669717,0.9998674,1.0637178
1340.4939635348833,0.99969304,1.1913856
1340.4953524000503,0.9996335,1.082476
1340.4967412652163,0.99939245,0.80609643
1340.4981301303824,0.9996457,1.0785125
1340.499518995549,0.9996068,0.92593825
1340.500907860715,0.9997019,1.3656853
1340.502296725882,0.99972117,0.7763223
1340.503685591048,0.9998098,1.2544726
1340.5050744562136,0.9994787,0.9655415
1340.5064633213806,0.99984944,1.08679
1340.5078521865466,0.9997206,1.2564348
1340.5092410517123,0.9996109,0.6584066
1340.5106299168792,0.9997447,1.4421667
1340.512018782046,0.9997762,1.3140593
1340.5134076472123,0.9999679,1.0047193
1340.5147965123783,0.9996942,0.88435614
1340.5161853775446,0.9997623,0.9022703
1340.5175742428278,0.9996129,1.0661234
1340.518963107994,0.9997394,1.3295316
1340.5203519731594,0.99989593,1.0751308
1340.5217408383264,0.9995243,0.8568034
1340.5231297034927,0.9996057,1.2238153
1340.5245185687745,0.9997757,1.2127334
1340.5259074339415,0.9999025,0.93941474
1340.5272962991085,0.99984574,1.3097985
1340.5286851643905,0.9995318,0.59832585
1340.5300740295565,0.9997049,1.0691093
1340.5314628947235,0.99972945,1.2219323
1340.532851760006,0.99975795,1.2422588
1340.5342406251723,0.999354,0.5166893
1340.535629490455,0.99964464,0.858963
1340.537018355622,0.99967396,1.224383
1340.5384072209051,0.9997454,1.0784162
1340.5397960860705,0.9997399,1.036476
1340.5411849513534,0.99986416,0.8666379
1340.5425738165202,0.99972063,1.111154
1340.543962681802,0.999666,0.98025453
1340.5453515469683,0.9998343,0.8638587
1340.5467404122514,0.9997524,1.2238206
1340.5481292775344,0.9997687,1.0699924
1340.5495181427004,0.99988294,1.0923598
1340.550907007983,0.99977434,1.0001386
1340.5522958732658,0.9998156,1.1650922
1340.5536847384326,0.9999639,1.0114359
1340.5550736037153,0.9997265,1.1239961
1340.556462468997,0.99968183,0.742036
1340.5578513342803,0.99991584,0.989514
1340.5592401994468,0.99981046,1.0461253
1340.5606290647293,0.99962264,0.92710257
1340.5620179300126,0.99951,1.0176771
1340.5634067952951,0.99957997,1.3605304
1340.5647956605778,0.9997859,0.9787997
1340.5661845258605,0.99992406,1.0395793
1340.5675733910266,0.9997118,1.0081271
1340.56896225631,0.99998605,1.1107987
1340.5703511215925,0.9998559,1.1505104
1340.5717399868745,0.9997143,1.1362216
1340.5731288521579,1.0000801,1.304634
1340.5745177174413,0.9997094,1.2502462
1340.575906582723,0.99967706,1.091664
1340.5772954480058,1.000075,1.1582968
1340.5786843132892,0.9998115,1.288014
1340.580073178571,0.9999102,1.0068322
1340.5814620438537,0.9997971,0.8234065
1340.5828509092532,0.9997225,0.886614
1340.5842397745364,0.9999535,1.1994047
1340.5856286398193,0.9999653,1.1491174
1340.5870175051011,0.9998998,1.2317353
1340.5884063703843,0.99983495,0.8670924
1340.5897952356677,1.000009,1.3002639
1340.5911841010661,0.9997108,0.8788469
1340.593961831632,0.99971277,1.1365262
1340.595350696914,0.9998368,0.8965403
1340.596739562313,0.9998431,1.0074204
1340.5981284275963,0.99969256,1.0087079
1340.5995172928788,0.9995999,0.68819517
1340.6009061582781,0.99988097,0.7225902
1340.6022950235606,0.9999604,1.3779894
1340.603683888843,0.9995931,0.9580415
1340.6050727542429,0.9999034,0.85136926
1340.6064616195256,0.9998759,0.9696536
1340.6078504849247,0.99970776,0.8936217
1340.6092393502079,0.9996129,1.0114931
1340.610628215607,0.99987155,0.8333718
1340.6120170808895,0.9997098,1.2929438
1340.6134059462886,0.99979264,0.7912595
1340.6147948115713,0.99957436,1.3313501
1340.6161836769702,0.99974656,0.9658421
1340.617572542253,1.0000373,0.8976619
1340.618961407652,0.9995077,0.5983999
1340.6203502730518,0.9998774,1.1881567
1340.6217391383343,0.99976397,0.8213581
1340.6231280037327,0.9999239,0.89596295
1340.624516869016,0.99990296,1.1226511
1340.6259057344155,0.9999139,1.5329098
1340.627294599814,0.99953127,0.63046384
1340.628683465213,0.9999642,1.2559706
1340.6300723304962,0.9998168,1.1374907
1340.6314611958956,0.99972683,0.8979491
1340.6328500612944,0.9998048,1.0745319
1340.6342389266933,0.99972266,0.95420974
1340.6356277919767,0.9999622,0.70843315
1340.6370166573756,1.0000509,0.9715344
1340.638405522774,1.0000125,1.0401857
1340.6397943881739,0.99992573,0.7705593
1340.6411832535737,0.9999749,1.1097473
1340.642572118972,0.99979943,0.7400233
1340.643960984371,0.9995984,0.91898215
1340.6453498496544,0.99979,1.1652502
1340.6467387150533,0.9998047,0.9792764
1340.6481275804522,0.99976,0.9603175
1340.6495164458515,0.9998026,1.2184008
1340.6509053112504,0.99975544,1.0189241
1340.6522941766493,0.9997318,0.8660532
1340.6536830420487,1.0000424,1.0852389
1340.6550719074482,0.99981284,0.96732485
1340.6564607728478,0.99989974,0.88929164
1340.6578496383627,0.99966335,0.6269729
1340.6592385037616,0.99975747,0.9874228
1340.6606273691614,0.99993545,1.0903207
1340.6620162345605,0.99993604,1.1029288
1340.6634050999596,0.99963945,1.2237818
1340.6647939653585,0.9998884,0.74946713
1340.6661828307576,0.9996449,0.8312576
1340.6675716962732,0.9999973,1.0618705
1340.668960561672,0.9995169,0.8602079
1340.6703494270712,0.999901,1.0707909
1340.6717382924708,0.9997981,1.1072315
1340.6731271579863,0.99980175,0.5473093
1340.6745160233845,0.9999961,0.93995297
1340.6759048887843,0.99972916,0.9388354
1340.6772937541841,0.9998778,1.2592887
1340.6786826196994,0.9996723,0.68235856
1340.6800714850988,0.99977726,1.2752508
1340.6814603504977,0.99967015,0.92099804
1340.682849216014,0.9999766,0.7271311
1340.6842380814128,0.99984664,0.871474
1340.6856269469276,0.99984944,1.2567688
1340.6870158123274,0.9999811,0.9165821
1340.6884046778428,0.9999222,1.0091604
1340.6897935432412,0.99962646,1.2140523
1340.6911824087574,0.9997447,0.88988316
1340.692571274157,0.9997847,0.95944285
1340.6939601396716,0.9997708,1.0017422
1340.695349005071,0.99984014,1.1343907
1340.696737870587,0.9998726,0.8404914
1340.698126735986,0.9999646,0.8502367
1340.6995156015014,0.99979836,1.0511125
1340.7009044669003,0.99967295,0.86892116
1340.7022933324165,0.99994683,0.80015147
1340.703682197932,0.9998615,0.9785671
1340.7050710633303,0.9998635,1.0086
1340.7064599288465,0.9997924,0.9909197
1340.7078487943627,0.99979055,0.86726546
1340.7092376597611,0.9996845,0.6366209
1340.7106265252764,0.9999538,1.4605854
1340.7120153907927,0.9997312,0.5890323
1340.7134042561916,0.9998034,0.7838738
1340.714793121707,1.0000998,0.7299324
1340.7161819872226,0.99996805,0.7480906
1340.717570852738,0.9998617,1.0078219
1340.7189597181377,0.9999894,0.8704484
1340.720348583653,0.99977326,1.0452411
1340.721737449168,0.9996248,1.0840262
1340.7231263146841,0.9997264,0.9014454
1340.7245151801994,1.0001099,0.9763534
1340.725904045715,0.99994963,1.2023778
1340.727292911231,0.9999498,1.0725172
1340.7286817767467,0.99974024,0.82837224
1340.7300706421456,0.9998971,1.0123347
1340.731459507661,1.000015,0.9452226
1340.7328483731767,0.9999893,1.2607715
1340.7342372386927,0.9999121,0.6149223
1340.7356261042082,0.9998476,1.076157
1340.7370149697228,0.9996522,0.9123753
1340.7384038352388,0.9995994,0.9814596
1340.739792700755,0.9997697,0.7408204
1340.74118156627,1.0000236,1.2152992
1340.7425704317852,0.99966335,0.7094274
1340.7439592974179,0.9998521,0.8797488
1340.7453481629327,0.9998518,1.0317615
1340.746737028448,0.99963415,1.1087412
1340.7481258939642,0.9997847,0.9590117
1340.7495147594805,1.000025,1.1102775
1340.7509036249958,0.9997101,0.9398073
1340.7522924905106,0.99988097,1.0217093
1340.7536813561433,0.99996895,0.7919121
1340.7550702216595,0.99994165,0.8537766
1340.756459087174,0.9998512,1.084639
1340.7578479526896,0.99995565,0.75286484
1340.7592368182059,0.9996113,1.0213706
1340.760625683837,0.99982035,1.263446
1340.7620145493524,0.9998622,0.86822325
1340.7634034148684,0.99958014,0.7152829
1340.7647922805004,0.9999029,0.7604865
1340.7661811460157,0.9997752,0.69927835
1340.7675700115312,0.9994819,0.9953387
1340.7689588771632,0.9997896,1.0277632
1340.7703477426794,1.0000925,0.87192583
1340.7717366081947,0.99974036,0.92923856
1340.773125473826,0.9997372,0.9243827
1340.7745143393422,0.99997157,0.88412666
1340.7759032048582,1.000149,1.1438491
1340.7772920704901,0.99993896,0.7237704
1340.7786809360055,1.0002325,0.95259047
1340.7800698016372,0.9998501,0.7731216
1340.781458667153,0.9998543,1.0499133
1340.7828475327847,1.000068,0.91519606
1340.7842363983,0.99976206,1.0809528
1340.7856252639326,0.9998339,0.8612617
1340.7870141294482,0.99997133,1.1727647
1340.7884029950792,0.9997021,1.1872236
1340.7897918605954,0.9998396,1.1865374
1340.791180726228,0.99963516,0.9159828
1340.7925695918593,0.99977183,1.0735614
1340.7939584573746,0.99983007,0.88547766
1340.7953473230073,0.9999065,0.80115616
1340.7967361885221,0.9999461,0.97912514
1340.7981250541538,0.99982953,1.1302991
1340.7995139197865,0.999773,0.9537332
1340.8009027853027,0.99975216,1.4431831
1340.8022916509344,1.0001028,0.6781771
1340.8036805165657,1.000019,0.93851
1340.805069382198,0.9997081,0.8002712
1340.806458247714,0.9998031,1.034704
1340.8078471133454,0.99978304,0.9717802
1340.8092359789773,0.9997123,0.8650054
1340.8106248446097,0.9997542,0.63584554
1340.8120137101255,0.99984145,1.0873095
1340.8134025757572,1.0000262,1.0832871
1340.814791441389,0.9998561,0.6958127
1340.8161803070209,0.99988264,0.88451767
1340.8175691726528,0.9998339,0.9508991
1340.8189580382846,0.9998646,0.9080142
1340.8203469038,0.999954,0.87117475
1340.8217357694325,0.9999482,0.6779196
1340.8231246350647,0.9997446,1.2982501
1340.8245135006964,0.9998951,0.9493857
1340.825902366329,1.000056,0.99335337
1340.8272912319608,0.9998388,1.1473604
1340.8286800975925,0.99984145,0.80883706
1340.8300689632247,0.9997571,0.9626061
1340.8314578288564,0.9999712,1.075833
1340.832846694489,0.9997327,1.0113808
1340.8342355601208,0.9998397,0.7881862
1340.835624425752,0.99998915,1.205099
1340.8370132913847,0.99996334,1.2735889
1340.8384021570164,0.99988323,1.1102277
1340.8397910226477,0.9999373,0.76277447
1340.8411798882803,0.9998469,0.7797462
1340.8425687539127,0.99998367,0.8299785
1340.8439576195437,0.9997741,0.90258634
1340.845346485176,0.9998697,1.0886369
1340.8467353509247,0.9997675,0.6130879
1340.8481242165572,0.99987704,1.0978221
1340.8495130821893,1.0001326,0.8799083
1340.8509019478204,0.99973184,1.2107242
1340.8522908134528,0.9998975,0.8726793
1340.8536796790847,0.9999228,1.1071292
1340.8550685448322,0.9999015,1.0400485
1340.8564574104648,1.000007,0.6654201
1340.8578462760975,0.9999193,0.89515424
1340.8592351417287,0.9998025,1.1092454
1340.8606240074769,0.99996996,0.8578787
1340.8620128731095,0.9998455,1.0690985
1340.8634017387412,0.9999297,1.35827
1340.8647906043734,0.9998148,1.1507678
1340.8661794701216,0.9999123,0.8382272
1340.8675683357533,0.99999315,1.057994
1340.868957201386,1.0000389,0.8032768
1340.870346067134,1.0000204,0.97842634
1340.8717349327662,1.0000472,1.1478556
1340.8731237983986,0.9999515,0.8011844
1340.874512664146,1.0000496,1.0531143
1340.8759015297783,0.99988693,1.1921624
1340.877290395527,1.0000938,0.8656081
1340.878679261159,0.9999852,0.94003034
1340.8800681267908,0.99993026,0.6303545
1340.881456992539,1.0001103,0.814484
1340.882845858171,0.9999739,0.8296208
1340.88423472392,1.0000278,1.1090544
1340.8856235895519,0.9999633,1.1642169
1340.8870124552996,0.9999565,0.8835412
1340.888401320932,0.9998022,1.1102833
1340.8897901866808,1.0000948,0.92973137
1340.891179052312,1.0001007,1.0903813
1340.8925679180602,0.99998426,0.71285677
1340.8939567836928,1.00001,1.1615227
1340.8953456494412,1.0000682,1.4094889
1340.8967345151896,0.9999229,0.6802084
1340.8981233808213,1.0000173,1.1480218
1340.8995122465703,0.9998707,0.9297321
1340.900901112202,0.99999195,1.1444088
1340.9022899779497,1.0000589,0.89857733
1340.9036788436988,0.9996945,0.86478513
1340.9050677093314,0.9999153,1.1782564
1340.906456575079,0.99972177,0.95729387
1340.9078454408273,0.9998836,1.2461483
1340.90923430646,0.9996999,0.6865855
1340.9106231722074,0.9998333,0.71684945
1340.9120120379557,0.9996616,0.98370874
1340.9134009037048,0.9999411,1.1708895
1340.9147897693365,1.0002472,1.2581879
1340.9161786350846,0.99992454,0.9053657
1340.917567500833,0.99994415,0.9707353
1340.9189563665818,0.9999849,0.9647441
1340.9203452322145,0.999345,1.1054639
1340.9217340979621,0.9998942,0.7396468
1340.9231229637103,0.9998665,0.83862746
1340.9245118294593,0.99986845,0.9245636
1340.9259006952077,0.99997246,1.1905679
1340.9272895608397,0.99985045,1.487274
1340.9286784265878,1.0000243,1.1233761
1340.9300672923362,0.99983776,0.7245786
1340.9314561580845,1.0000604,1.1066232
1340.9328450238327,0.99978393,0.8984027
1340.9342338895808,0.9999502,0.77267337
1340.9356227553299,1.0000753,1.1148919
1340.9370116210782,1.0000913,0.96492255
1340.9384004868257,1.000098,1.1733084
1340.9397893525747,1.0000873,1.1401857
1340.942567084072,0.9996667,1.0388745
1340.9439559498203,0.9997762,0.71261334
1340.9453448155687,0.9998599,0.8028685
1340.9481225470659,0.9997538,1.1572815
1340.9495114128135,1.0002156,1.3261501
1340.9509002785626,1.0001203,1.0486673
1340.9522891443107,0.99994063,0.9631727
1340.9536780100584,1.000024,1.2014562
1340.9550668758075,1.0001005,1.1233438
1340.9564557415563,0.9999011,0.92458117
1340.9578446073037,1.0000181,0.78396356
1340.959233473052,0.99982417,0.7430558
1340.9620112045495,1.0000492,1.13388
1340.963400070414,0.99995565,1.0839876
1340.9647889361622,1.000243,1.2020799
1340.9661778019113,0.99989593,1.1348045
1340.9675666676596,1.0000093,0.9169364
1340.9717332650216,0.99995226,1.0225644
1340.9731221307693,0.9998297,0.8246179
1340.9745109965174,0.9999598,0.8849162
1340.9758998622665,1.0000584,1.1785023
1340.977288728131,1.0001863,0.9694637
1340.9786775938794,0.9999862,0.93256646
1340.9800664596278,0.99982405,0.84743536
1340.981455325376,1.0000159,0.84564584
1340.9828441912414,1.0000776,1.0606819
1340.9842330569895,0.999889,1.0227025
1340.9856219227372,0.999898,1.2420124
1340.9870107886027,0.9996306,1.3428282
1340.9883996543508,0.999804,0.95166254
1340.9897885200992,0.9997623,1.1196847
1340.9911773859644,0.99990475,1.1426584
1340.992566251713,0.99979675,1.0122141
1340.9939551174612,0.99999624,1.040372
1340.9953439833257,0.9998871,0.58000386
1340.996732849074,0.9997648,0.9750321
1340.9981217149393,1.0000066,0.68621325
1340.999510580688,0.99968386,1.1029178
1341.0008994465518,0.99998194,0.9353869
1341.0022883123006,1.0000542,1.1838499
1341.0036771780497,0.99991065,0.7946554
1341.0050660439138,1.0002185,0.6758649
1341.006454909662,1.0000963,1.3357825
1341.0078437755274,0.99984664,1.1468807
1341.009232641275,1.0000405,0.8613267
1341.0106215071396,0.99996305,1.0498129
1341.0120103728887,0.9999753,0.8255774
1341.0133992387541,0.99988693,1.0221223
1341.0147881046187,0.9998336,0.7488036
1341.0161769703664,0.9999535,0.7461617
1341.0175658362318,0.9997662,1.4361709
1341.0189547019809,0.99980795,1.0251766
1341.0203435678447,0.99992704,0.944965
1341.0217324335931,0.99983054,0.918247
1341.0231212994584,0.99996954,0.8018208
1341.0245101653222,1.0001785,1.154549
1341.0258990310708,0.99988943,0.9852859
1341.027287896936,0.99980164,0.7387916
1341.0286767626844,0.9998874,1.1780895
1341.030065628549,1.0000564,1.2685328
1341.0314544944138,0.99982053,0.86172795
1341.0328433601621,0.99991035,1.1172613
1341.0342322260276,0.99991846,1.0613052
1341.0356210918922,0.9996525,0.7734084
1341.0370099577567,0.9999247,0.9376791
1341.0383988235058,0.9998749,1.0002328
1341.0397876893703,0.9996106,0.63773227
1341.0411765552353,0.9999674,1.0730473
1341.0425654209835,1.0000684,0.88681614
1341.043954286848,1.0000117,1.0127261
1341.045343152713,0.99994874,0.8535962
1341.0467320185776,1.0001035,0.8211255
1341.0481208844421,0.9999712,1.0341617
1341.0495097501912,0.99959284,0.81196564
1341.0508986160557,1.0001702,1.1961886
1341.0522874819198,0.9998434,1.0025965
1341.0536763477853,0.9999239,0.93006593
1341.0550652136508,0.9998013,0.78404295
1341.0564540793985,0.9998702,0.7426396
1341.057842945263,1.0000522,1.6546001
1341.0592318111285,0.9997296,0.9725621
1341.060620676993,1.000204,0.8787225
1341.0620095428576,0.99973166,1.2869414
1341.0633984087226,0.999797,1.2329718
1341.0647872745878,0.99976516,1.3551613
1341.0661761404526,0.99976,1.0591148
1341.0675650063167,0.99994975,1.0398407
1341.0689538720655,0.999702,0.70968616
1341.0703427379308,0.9999846,1.1214715
1341.071731603795,0.99981415,0.8036967
1341.0731204696594,1.0000103,1.2059121
1341.074509335525,1.0000213,0.98181784
1341.0758982013897,0.99986917,0.6753941
1341.0772870672545,1.000045,1.2247884
1341.078675933119,1.0001907,0.8834975
1341.0800647989838,0.9997834,1.0355266
1341.081453664849,1.0000225,0.76282364
1341.082842530714,0.999898,0.95603055
1341.084231396578,0.9999384,1.0627915
1341.0856202624432,1.000007,1.1251836
1341.087009128308,1.0002983,1.0649952
1341.0883979941727,0.9998409,0.88099825
1341.0897868601546,0.9999342,0.8443427
1341.0911757260192,0.9999684,0.92559063
1341.0925645918837,0.9998674,0.9010922
1341.0939534577487,0.9998416,0.4941143
1341.0953423236133,0.9999918,0.8722158
1341.0967311894788,1.0000265,0.68708575
1341.0981200553433,0.99986583,0.87741816
1341.0995089212074,0.99982655,1.010713
1341.1008977870729,0.9999274,1.1869457
1341.1022866530539,0.9999299,0.9175819
1341.103675518918,0.9999025,1.0537493
1341.1050643847834,1.0000042,0.6208077
1341.1064532506487,0.9999299,1.4044946
1341.1078421165125,1.0000075,0.821855
1341.1092309823775,0.99980396,0.9699216
1341.1106198483592,1.0000279,0.92855823
1341.1120087142244,0.99981785,1.0670862
1341.1133975800892,1.0000747,0.9900273
1341.114786445953,0.9999517,0.8904041
1341.116175311935,1.0000371,0.97342765
1341.1175641778004,1.0001308,1.0371457
1341.1189530436645,0.99998546,0.8507148
1341.120341909529,0.9998931,0.85657024
1341.121730775511,1.0001467,0.8232661
1341.123119641375,0.9996631,0.6831529
1341.1245085072396,0.9998518,1.1024772
1341.1258973732215,0.99972767,1.0497788
1341.127286239086,0.9997393,0.938609
1341.1286751049508,0.9997482,0.67197704
1341.1300639708156,0.9997612,0.7353292
1341.1314528367966,0.99991167,0.75818574
1341.132841702662,1.0000997,1.0609906
1341.134230568643,0.9999428,0.7201932
1341.135619434508,0.99970585,0.9269191
1341.1370083003733,0.9998669,0.8713283
1341.1383971663545,0.9998743,0.8820827
1341.139786032219,1.0001353,1.0001478
1341.1411748980836,1.000161,0.6264359
1341.142563764065,1.0000502,0.96247953
1341.1439526299296,0.999929,1.2704731
1341.1453414959105,0.9998033,0.5678456
1341.1467303617756,0.9999834,0.99810135
1341.1481192277572,1.0002106,0.9410095
1341.149508093622,0.9998804,0.875599
1341.1508969594859,0.99988025,0.99018323
1341.1522858254675,0.99991554,0.8118587
1341.153674691333,1.0001053,1.2432915
1341.1550635573135,0.9999386,1.0829592
1341.156452423178,0.9998058,1.2841111
1341.15784128916,0.999926,0.8199824
1341.1592301550254,1.0001007,0.85196024
1341.1606190210064,0.99998504,1.02504
1341.1620078868705,1.0002228,1.0193988
1341.1633967528523,1.0000004,1.1013659
1341.164785618717,1.000017,0.9672055
1341.1661744846974,0.99980175,1.209479
1341.1675633506793,0.9996626,0.7809837
1341.1689522165448,0.99971247,1.0930969
1341.170341082525,0.99955696,0.6936178
1341.1717299483898,0.9996621,1.0256733
1341.1731188143717,0.9998008,0.98398197
1341.1745076802363,0.9997454,0.98573554
1341.1758965462172,1.0000842,1.2399309
1341.1772854121984,0.99934644,0.6674435
1341.1786742780632,0.99975705,0.6501587
1341.180063144045,0.9997733,0.7649653
1341.181452010026,0.9998085,1.0387797
1341.1828408758906,0.99993795,0.985024
1341.1842297418725,1.0001063,0.8823549
1341.185618607853,1.000005,0.94225705
1341.1870074737176,1.0002146,1.1075613
1341.1883963396995,0.9998739,0.9178581
1341.1897852056807,1.0000385,0.73118997
1341.1911740715454,1.0000476,1.2522327
1341.1925629375264,0.9999883,0.7247431
1341.1939518035074,1.0001727,0.9984721
1341.1953406693729,0.9998911,1.0363125
1341.196729535354,1.0000814,0.91103035
1341.1981184013343,0.99966764,0.9060688
1341.1995072673162,0.9999508,0.7980752
1341.2008961331817,1.0001055,1.0640903
1341.2022849991622,0.99982387,0.9918295
1341.2036738651432,0.9997589,0.7506498
1341.205062731125,0.9996671,0.84975064
1341.2064515969896,0.9998824,1.4087174
1341.2078404629708,0.9994958,0.60033405
1341.209229328952,0.9998488,1.139647
1341.2106181949339,0.9998258,0.713534
1341.2120070609149,0.99960154,0.6341721
1341.213395926779,0.99968016,0.6662892
1341.2147847927608,0.99955153,0.9675077
1341.2161736587425,0.99975383,0.8740357
1341.2175625247228,0.9998795,1.2591094
1341.218951390704,1.0000154,0.72293675
1341.2203402566856,1.0000157,1.039024
1341.2217291226661,1.000085,1.2977589
1341.223117988531,0.9996158,0.87649703
1341.2245068545126,0.99996847,0.962939
1341.225895720494,1.0000647,0.7959571
1341.227284586475,0.99976647,0.83235383
1341.228673452456,0.99980766,1.10503
1341.2300623184378,0.9996339,0.39122286
1341.2314511844197,0.9998936,1.2897233
1341.2328400504002,0.9996924,0.24529807
1341.2342289163812,1.0001947,1.3947943
1341.235617782363,0.99982405,0.8419445
1341.237006648344,0.9998249,0.6557416
1341.2383955142088,0.9997795,0.945706
1341.23978438019,1.0000688,1.0042154
1341.241173246171,0.99989086,1.0594164
1341.2425621121522,0.999676,0.63504374
1341.2439509781334,0.9994518,0.7168924
1341.2453398441144,0.9995194,1.0542415
1341.2467287100962,0.9996523,0.48328307
1341.2481175760772,0.9998179,1.1711472
1341.2495064420577,0.99977064,0.5135033
1341.2508953080396,0.9998797,0.6848043
1341.2522841740215,0.99967116,0.8489505
1341.2536730400025,0.9998835,1.1616151
1341.2550619059834,0.99972045,0.60955095
1341.256450772081,0.9996668,1.1373204
1341.2578396380627,0.9997834,0.8856884
1341.2592285040441,0.99982756,0.8247266
1341.2606173700244,0.99992466,0.83163315
1341.262006236006,0.9995947,1.2342757
1341.2633951019875,0.9998193,0.8010646
1341.2647839679678,0.9999425,1.272442
1341.2661728339494,0.9997083,0.7690798
1341.2675616999313,0.9997792,1.1896585
1341.2689505659118,0.9998695,0.5011232
1341.2703394318928,0.99974555,0.9847506
1341.271728297991,0.9996886,0.8014115
1341.273117163972,0.9997922,0.76737523
1341.2745060299535,0.9996984,0.7158887
1341.2758948959345,0.9997233,0.94219327
1341.2772837619164,1.0000402,0.81891966
1341.2786726278982,0.99982494,1.1234697
1341.2800614938785,0.9999598,1.3483564
1341.2814503599761,0.99967533,0.8597992
1341.2828392259578,0.999804,0.86678314
1341.284228091938,0.9999726,1.0464436
1341.2856169579195,0.99974823,0.58451396
1341.2870058239012,0.99959254,0.9303394
1341.2883946899988,0.99987787,0.9143769
1341.2897835559797,1.000085,0.7980151
1341.291172421961,0.99982715,1.0737168
1341.2925612879421,0.99981284,0.90109754
1341.293950153924,0.9994269,0.49244526
1341.2953390200214,0.99970025,0.91823447
1341.296727886002,1.0001111,1.0472616
1341.2981167519836,0.9995851,0.941326
1341.2995056179652,0.9999112,0.99461305
1341.300894484063,0.9999011,0.80631244
1341.302283350044,0.9999502,1.0496666
1341.303672216025,0.9998585,0.8372054
1341.3050610821228,1.0000621,0.96481866
1341.3064499481038,0.99976087,0.75663435
1341.3078388140848,0.999581,0.76385224
1341.3092276800667,0.99984705,0.8053286
1341.310616546164,0.99964875,0.30112636
1341.3120054121446,1.0000402,1.2162153
1341.3133942781265,0.9997525,0.7155143
1341.3147831442247,0.99985796,1.2329351
1341.3161720102053,0.99972165,0.5555529
1341.3175608761862,1.0000888,1.2770853
1341.3189497422845,0.9996968,0.41714907
1341.3203386082655,0.99977654,1.2298408
1341.3217274742465,0.9997619,0.82923055
1341.3231163403443,0.9998699,0.34946093
1341.324505206326,0.999447,1.0386657
1341.3258940724236,0.9997056,1.2327063
1341.327282938404,0.9997065,0.6447731
1341.3286718043857,0.9997777,1.2446299
1341.3300606704838,0.99986833,0.65336394
1341.3314495364643,0.9994311,0.62487066
1341.3328384025617,0.99967885,1.3757943
1341.3342272685436,0.9998451,0.96170497
1341.3356161345248,0.99966997,1.2598418
1341.3370050006224,0.99977434,0.3874158
1341.3383938666034,0.9994304,0.78008115
1341.339782732701,0.9995266,0.5892021
1341.3411715986826,0.99995244,1.047566
1341.3425604647805,0.99952483,0.2182241
1341.3439493307608,0.9999503,1.4012423
1341.3453381968588,0.9995746,0.34655723
1341.34672706284,1.0000938,1.0400338
1341.3481159289377,0.99964744,0.8011795
1341.3495047949195,0.9997884,0.94648117
1341.350893661017,0.9998183,0.914834
1341.352282526998,0.99977934,0.56094706
1341.3536713930957,0.99991786,1.2804302
1341.3550602590767,0.99963456,0.28818718
1341.356449125175,0.99982387,1.1335028
1341.357837991156,0.9996181,0.95482594
1341.359226857253,0.9996785,0.5090245
1341.3606157232348,0.999988,1.2920849
1341.3620045893329,0.9997409,0.72992224
1341.3633934553131,0.9998708,0.51142806
1341.364782321411,1.000013,1.1668831
1341.3661711873926,1.0000343,0.85242
1341.3675600534893,0.99976546,0.7956333
1341.3689489195872,0.99987364,0.8457701
1341.3703377855688,0.9997225,0.98010194
1341.3717266516664,0.99976313,0.4717374
1341.3731155176474,0.99979305,0.92106485
1341.3745043837448,0.9999423,0.8943925
1341.375893249843,0.99954224,0.941746
1341.377282115825,0.99959433,0.76293445
1341.378670981922,0.9996422,1.3275298
1341.3800598479029,0.99959,0.52801216
1341.3814487140012,0.99952847,1.2321537
1341.3828375800986,0.99997073,0.93772256
1341.38422644608,0.9999875,0.93798804
1341.3856153121774,0.9998846,0.95017254
1341.3870041782748,0.9996534,0.27844748
1341.388393044256,0.9997619,0.57457304
1341.3897819103536,0.9995932,0.937742
1341.391170776451,0.9998158,1.0374397
1341.3925596424328,0.99984074,0.66081154
1341.3939485085302,0.99971163,0.75994146
1341.3953373746272,0.999775,1.0001404
1341.396726240609,1.0000504,0.99845207
1341.3981151067073,1.0001837,1.0258305
1341.4008928387857,1.0000354,1.2021757
1341.4022817048835,0.999799,1.1264646
1341.4036705709816,0.9999356,1.073061
1341.4050594370792,0.9998226,0.93909943
1341.4064483030597,1.00002,1.1876148
1341.4078371691578,0.99952024,1.0444092
1341.4092260352554,0.99976915,0.5945515
1341.4106149012357,0.999429,1.0263772
1341.4120037673338,0.9997183,0.79984283
1341.413392633432,0.9999649,0.95752347
1341.414781499529,0.9998687,0.9869164
1341.4161703656264,0.99994445,0.7994124
1341.4175592316083,0.9997752,0.9421444
1341.4189480977059,1.0001574,1.2277223
1341.4203369638035,0.9999239,0.44009843
1341.4217258299009,0.9998544,1.017476
1341.424503561981,0.9998963,0.61343026
1341.4258924280778,0.99982,1.1368854
1341.4272812941754,0.99965096,0.6177898
1341.4286701602737,0.999916,1.026511
1341.430059026254,0.9997976,0.9691647
1341.4314478923516,0.99947476,0.7700837
1341.4328367584499,0.9996973,1.2672879
1341.4342256245473,0.99959344,0.61523044
1341.4356144906446,0.99980485,0.9563143
1341.4370033567423,0.9998805,1.1938635
1341.4383922228399,0.9996532,1.0548278
1341.4397810888217,0.9992404,1.1102791
1341.4411699549191,0.9997662,0.60410017
1341.442558821016,0.9998652,1.1021653
1341.4439476871144,0.9997648,1.1565675
1341.4453365532124,0.9996111,0.993184
1341.44672541931,0.9997011,0.6504799
1341.4481142854074,0.9999624,1.4255008
1341.449503151505,0.9998787,0.7358602
1341.4508920174862,0.9997808,0.78006023
1341.4522808835836,0.99969405,1.0567511
1341.453669749681,0.99989694,1.0851592
1341.4550586157793,1.0000603,1.1257044
1341.456447481877,0.9997527,0.52358794
1341.4578363479736,0.9996621,0.58947814
1341.459225214072,0.9999548,1.0517782
1341.4606140801702,0.99960005,0.82009923
1341.4620029462671,0.9997025,0.8110577
1341.4633918123645,0.99984944,0.8573232
1341.4661695445602,0.99974346,1.1882708
1341.4675584106578,0.99994916,0.9788425
1341.4689472767554,1.0000156,0.8132515
1341.4703361428537,0.99969006,0.8930215
1341.4717250088347,1.0000019,1.3452135
1341.4731138749316,0.9997007,0.7339728
1341.47450274103,0.9997857,0.829314
1341.475891607128,0.9999413,0.81088865
1341.4772804732247,0.99997944,0.9380236
1341.4786693393223,0.99988633,1.0766767
1341.4800582054204,0.99965376,1.0329459
1341.4814470715182,0.99995416,0.36256582
1341.4828359376156,0.99983156,0.886273
1341.484224803713,0.99997574,0.897611
1341.4856136698108,0.99959487,0.72922814
1341.4870025360253,0.9998689,1.1253494
1341.488391402123,0.9999139,0.96551055
1341.4897802682196,0.9998453,1.0841109
1341.4911691343177,0.9997861,1.159452
1341.4925580004156,0.9998426,0.92150736
1341.493946866513,0.9997495,0.4554461
1341.4953357326112,0.9995109,1.4467324
1341.4967245987086,0.9999317,0.7945773
1341.4981134648062,0.999994,0.98270047
1341.4995023309039,1.0000916,0.8456273
1341.5008911970012,0.9995998,0.9768425
1341.5022800630995,0.9999094,0.8699335
1341.503668929197,0.9998232,1.0618094
1341.5050577952939,0.999855,0.6407287
1341.5064466613921,0.9999336,0.9089347
1341.5078355274904,0.9999119,0.80423653
1341.5092243937036,0.9997071,0.84878796
1341.5106132598012,1.0002265,1.4492697
1341.5120021258995,0.9996942,1.2047039
1341.5133909919962,0.9998965,1.1948054
1341.5147798580938,1.0000604,0.96971464
1341.5161687241919,0.9997073,0.9335817
1341.51755759029,0.9994542,0.7829943
1341.5189464563878,0.99978155,1.0852169
1341.5203353226009,0.9997861,0.5244079
1341.521724188699,0.99969465,0.61720693
1341.5231130547972,1.0000511,1.0134794
1341.5245019208942,0.99994314,0.73040116
1341.5258907869916,0.9997121,1.1685024
1341.5272796530899,0.9997934,0.80028456
1341.5286685191875,0.9997119,0.65519917
1341.5300573854015,0.99985266,0.9594115
1341.531446251499,0.9997223,1.0589521
1341.5328351175963,1.0001289,1.0405725
1341.5342239836941,0.99962014,0.9845706
1341.5356128497915,1.0000503,1.2009286
1341.5370017160053,0.9998267,1.2649971
1341.5383905821036,0.99966276,0.7118321
1341.5397794482012,0.9998978,0.8773806
1341.5411683142988,0.999974,1.0251533
1341.542557180397,0.99983406,1.2919968
1341.543946046611,1.0001237,0.98076487
1341.5453349127083,0.999848,1.2825471
1341.546723778806,0.9999627,0.86132205
1341.5481126449035,0.9997733,1.0685929
1341.5495015110018,0.9998396,1.0954984
1341.5508903772156,0.9997308,0.8931134
1341.5522792433126,1.0000721,1.2137147
1341.5536681094109,0.99978524,0.8296902
1341.5550569755083,0.9997548,1.0032735
1341.5564458417216,0.99990505,1.0169195
1341.5578347078197,1.0001941,1.1734585
1341.5592235739177,0.99979544,0.66808784
1341.5606124400147,0.9999617,1.2024027
1341.5620013062287,0.9997536,0.6069891
1341.5633901723268,1.0000647,1.2301369
1341.564779038425,0.9998164,1.1022426
1341.566167904639,0.99979985,1.2426158
1341.5675567707358,0.999865,0.71203995
1341.568945636834,0.99986553,0.99899614
1341.5703345029324,0.99971515,0.52559185
1341.5717233691457,0.99987775,1.0299348
1341.5731122352431,0.99967706,0.63454485
1341.5745011013414,0.99980026,1.1341908
1341.5758899675548,0.9998583,1.1232035
1341.5772788336521,0.99981046,0.8894355
1341.5786676997504,0.99982804,0.8178333
1341.5800565659642,0.99987185,1.0231036
1341.5814454320616,1.00008,1.0121
1341.5828342981595,0.9997824,0.9233824
1341.5842231643733,0.99982154,1.3153421
1341.5856120304716,0.9999122,0.9354547
1341.587000896569,0.99976647,0.6436471
1341.588389762783,0.9999573,0.946833
1341.589778628881,1.0000414,1.1570497
1341.591167494979,0.99987304,0.94712895
1341.5925563611927,1.0000505,1.2533716
1341.59394522729,0.999547,1.032884
1341.5953340933877,0.999959,1.4747188
1341.5967229596017,0.99985,0.61351705
1341.598111825699,0.9998012,0.97845185
1341.5995006917967,1.0000966,0.93759704
1341.6008895580112,1.0000708,1.1815168
1341.602278424109,0.9996578,0.9220387
1341.6036672903222,1.0000598,0.9860295
1341.6050561564202,0.9998124,1.0567769
1341.6064450225185,0.9998376,0.9859282
1341.6078338887319,0.99977946,0.8429025
1341.6092227548293,0.99989974,0.7994393
1341.610611621044,0.99996364,1.1844159
1341.6120004871423,0.9998647,0.7089459
1341.6133893532397,0.9999734,1.4794706
1341.614778219453,0.9999826,1.2933809
1341.6161670855513,0.99982435,0.73597157
1341.617555951765,1.0000345,0.8930741
1341.618944817862,0.9994219,0.90482783
1341.6203336839603,0.99996907,1.1466607
1341.6217225501748,1.0000069,1.1568903
1341.6231114162715,0.99986315,1.0571344
1341.6245002824858,0.9997905,1.0787488
1341.6258891485838,0.9998733,1.0515636
1341.6272780147979,0.99990463,1.1588773
1341.6286668808953,0.99959904,0.7440823
1341.6300557471093,0.99980766,1.5784278
1341.631444613207,0.99969465,0.57732266
1341.6328334794216,0.9998297,1.0522383
1341.634222345519,1.0000265,1.025739
1341.6356112116164,0.9999751,1.0768453
1341.637000077831,1.0002156,1.089499
1341.6383889439285,0.9997362,0.9483975
1341.6397778101427,0.99990547,0.6729521
1341.6411666762401,0.9998584,1.2671103
1341.642555542454,0.9997429,0.6390761
1341.6439444085518,0.999854,1.3718401
1341.6453332747656,1.0001388,1.0897971
1341.646722140863,1.000015,0.97782934
1341.6481110070777,0.99976164,0.8037592
1341.649499873175,0.99998325,1.2008363
1341.6508887393884,1.0000602,0.9776609
1341.6522776054867,0.9997946,1.3268979
1341.6536664717014,1.0000678,0.92877674
1341.6550553377983,0.9997942,1.0368391
1341.6564442040121,0.99980956,1.1770322
1341.6578330701104,0.999912,1.2541424
1341.660610802539,0.99996895,1.3029953
1341.6619996686359,0.99961644,0.7734796
1341.6633885348504,0.9999177,1.1990294
1341.664777400948,0.9998481,1.0735296
1341.6661662671613,0.99962646,0.9615718
1341.6675551332594,0.99985445,1.1951212
1341.6689439994739,0.99972636,0.77168614
1341.6703328655708,0.99993056,0.72524244
1341.673110597883,0.9998721,0.8818853
1341.674499464097,0.9999548,0.79963243
1341.675888330311,0.99990916,0.99503994
1341.6772771964083,0.9998146,1.115158
1341.6800549287204,0.99988216,0.39691612
1341.6814437949347,0.9998515,1.0827531
1341.6828326610314,0.9999313,1.149127
1341.6842215272459,0.9998513,0.86437654
1341.68561039346,0.999715,1.2805651
1341.6869992595575,0.99998015,1.0953877
1341.6883881257722,0.99998593,0.7502351
1341.6897769918696,0.9997666,1.2781783
1341.6911658580834,0.99988246,0.6600499
1341.693943590395,0.99998593,0.52282023
1341.6953324566098,0.9995139,1.0723872
1341.6981101889205,0.9999237,1.003642
1341.7008879212333,0.9998476,1.1382778
1341.7036656536607,0.99990714,1.2534072
1341.7050545197587,1.000044,1.0797627
1341.7092211182842,0.99993277,1.1296908
1341.7106099844987,0.9996318,0.31433874
1341.7119988505963,0.9999209,0.7470565
1341.7133877168094,1.0000535,1.0427223
1341.714776583024,1.0001254,1.0142725
1341.7161654491224,0.9999202,1.032354
1341.7175543153357,0.99993473,0.7009914
1341.7189431815495,1.0001106,1.5588225
1341.7203320476478,0.9999938,1.1395934
1341.7217209138616,0.9999952,0.93282557
1341.7231097800757,0.9998009,1.0077895
1341.7244986461733,0.9998897,0.55263686
1341.725887512387,0.9996173,0.8584472
1341.7272763786011,0.9998476,1.308816
1341.7286652446987,0.9998235,0.5346369
1341.7300541109125,1.0000352,0.6888057
1341.7314429771272,0.9999425,1.167848
1341.732831843341,1.0000596,0.8042249
1341.734220709439,0.9997961,1.007208
1341.7356095756534,0.9999626,0.7377139
1341.7369984418674,0.9998324,1.1592759
1341.7383873079648,0.99978286,0.86192214
1341.7397761741786,0.99996287,0.81997687
1341.7411650403928,1.0000122,0.8727366
1341.742553906491,1.000186,0.97376955
1341.743942772705,0.99985445,1.0747844
1341.7467205051328,1.0001228,1.1445552
1341.7481093712308,0.9998441,0.9204331
1341.7494982374442,1.0000539,0.98177254
1341.750887103658,0.9997837,0.6216509
1341.7522759698727,0.99979466,0.99468327
1341.7536648359696,0.9996497,1.1999961
1341.7550537021834,0.99963367,0.8047633
1341.7564425683981,0.9996752,0.91305345
1341.7578314344964,0.99977976,0.74114615
1341.7592203007102,0.9998056,1.0443294
1341.7606091669236,0.99997276,1.0401233
1341.7619980331383,0.99980456,0.5922631
1341.7633868992366,0.99998814,1.0967104
1341.7647757654497,0.99971247,0.9292424
1341.7661646316637,0.99975294,0.93373215
1341.7675534978785,1.0000156,0.808345
1341.7689423640923,1.0001671,1.1561683
1341.7703312301896,1.0002067,0.9684784
1341.771720096404,0.9996969,0.47551194
1341.7731089626177,1.0000105,1.2102691
1341.7744978288315,0.99986994,1.1391311
1341.775886694929,0.99973476,0.761715
1341.7772755611431,0.9997608,0.9700397
1341.7786644273579,1.0000113,1.1974523
1341.7800532935717,0.9998187,0.68350935
1341.7814421597855,0.9998972,1.054665
1341.7828310258838,0.9997851,0.7871871
1341.7842198920978,0.9996202,0.9833801
1341.7856087583118,1.0001664,1.1676303
1341.7869976245256,0.9998675,0.80766416
1341.7883864906232,0.9997785,0.7518176
1341.7897753568377,0.9998648,0.94943154
1341.7911642230517,0.9997926,1.0244813
1341.7925530892649,1.0000278,1.1323951
1341.7939419554796,0.9997671,0.6173289
1341.7953308215772,0.9999157,1.1625885
1341.7967196877903,0.9997572,1.2352439
1341.798108554005,0.99980694,0.72783256
1341.7994974202197,0.9999637,0.8706215
1341.800886286433,0.99992716,1.2712404
1341.8022751526469,0.9999313,0.7672222
1341.8036640187452,0.9998714,0.7916435
1341.8050528849599,1.0000075,0.6990408
1341.8064417511737,0.99978703,1.1171618
1341.807830617387,0.9998542,0.87410223
1341.8092194836017,0.99970007,1.3763131
1341.8106083498162,0.99998695,1.2694484
1341.811997215913,0.9999598,1.1977289
1341.8133860821272,1.0000397,0.7773345
1341.8147749483417,0.99992704,0.8418485
1341.8161638145548,0.9999642,0.8659919
1341.8175526807688,0.9997864,0.7717344
1341.8189415469833,0.999488,0.90429616
1341.8203304130811,0.9997525,1.0379851
1341.821719279295,0.9998175,1.076589
1341.8231081455087,0.9999222,1.0787699
1341.824497011723,0.999702,0.8815948
1341.8258858779375,0.99990517,0.71679336
1341.8272747441515,0.99988073,1.2320384
1341.8286636103653,0.9997936,0.8901033
1341.83005247658,0.99971414,0.947001
1341.8314413426774,0.99984366,1.0408233
1341.8328302088914,0.99970126,0.9114554
1341.8342190751055,0.99971473,0.85695696
1341.8356079413193,0.99979216,0.8950037
1341.836996807534,1.0000197,1.0447769
1341.8383856737478,1.000004,1.0025202
1341.8397745399611,0.9998847,1.1683298
1341.8411634061758,0.9997722,0.5008558
1341.8425522722732,0.99995595,1.0460925
1341.8439411384866,0.999722,1.1636449
1341.8453300047013,0.99944913,0.8780906
1341.846718870916,0.9998571,0.81473076
1341.848107737129,0.9998445,0.88923347
1341.8494966033431,0.9995318,1.4104425
1341.8508854695579,0.9997631,0.8184191
1341.8522743357723,0.9999853,1.2693092
1341.8536632019864,0.99953514,0.8921813
1341.8550520681995,0.9998247,1.2723292
1341.8564409342976,0.9999269,1.0937185
1341.8578298005123,0.99980813,0.6952734
1341.8592186667256,0.99999774,0.6345823
1341.8606075329394,0.999949,1.2900146
1341.8619963991541,0.9999436,0.76974213
1341.8633852653675,0.9998872,0.7305337
1341.8647741315813,0.9999033,0.9711951
1341.866162997796,0.9997832,0.55560637
1341.8675518640098,0.9999848,1.3837395
1341.868940730224,0.99991703,1.0201892
1341.8703295964378,1.0000324,0.74060977
1341.8717184626516,0.9998899,0.9850966
1341.87310732875,0.9999896,0.346059
1341.874496194964,0.99994063,1.4635085
1341.875885061178,0.9999122,0.77325547
1341.8772739273927,0.99999434,1.0379786
1341.8800516598203,1.0000362,1.298839
1341.8814405260343,0.9997974,0.73998773
1341.8828293922484,0.9998389,0.64473397
1341.8842182584622,0.9997832,0.90384495
1341.8856071246762,0.99983925,0.9850172
1341.8869959908902,0.999857,1.0263511
1341.888384857105,0.9998461,0.43231323
1341.8897737233187,0.9994678,1.3325773
1341.891162589532,0.99956274,0.5534576
1341.8925514557468,1.0000907,1.1705474
1341.8939403219613,0.9994965,0.85482883
1341.8953291881744,0.99963695,1.0249262
1341.8967180543884,0.99995786,0.61939204
1341.898106920603,1.0001191,0.8533057
1341.8994957868176,1.0001221,0.86456066
1341.9008846529152,0.99987614,0.7995665
1341.9022735191284,0.9995069,1.008442
1341.903662385343,0.999736,0.95820296
1341.9050512515578,0.9994285,0.81053674
1341.9064401177711,0.99953496,0.6241089
1341.907828983985,0.99997073,0.8908776
1341.9092178501996,0.99956256,1.6258907
1341.910606716413,0.9997252,0.5930384
1341.9119955826268,0.99977803,0.5751349
1341.9133844488415,0.99993044,1.155044
1341.9147733150553,0.9999656,1.1703418
1341.9161621812693,0.99966526,0.950608
1341.9175510474834,0.9997445,0.5250298
1341.9189399136972,0.9996768,0.85635984
1341.9203287799119,0.9997457,0.69950235
1341.9217176461257,0.9998787,0.9063437
1341.9231065123397,0.999882,0.8999566
1341.9244953785542,0.99975276,1.0324346
1341.9258842447684,0.9996923,0.92119557
1341.9272731109822,0.99994683,0.9607791
1341.928661977196,0.9999127,0.51668507
1341.9300508434103,0.999644,0.8380516
1341.931439709624,1.0000423,0.82110155
1341.932828575838,0.99968415,1.1422323
1341.934217442052,0.99978304,0.48092893
1341.9356063082664,0.999876,1.4922929
1341.9369951744807,0.9993316,0.45519277
1341.9383840406938,0.99964523,1.1362115
1341.9397729069083,0.99993795,1.0174613
1341.941161773123,0.999907,0.44513214
1341.9425506393363,0.99991167,1.5427564
1341.9439395055501,0.9997024,0.6453713
1341.9453283717648,0.99950796,0.58964896
1341.9467172379796,1.0000648,1.0025381
1341.9481061041934,1.0002457,0.9597756
1341.9494949704067,0.9996444,0.67153114
1341.9508838366214,1.0000495,0.74486405
1341.9522727028361,0.9998463,0.3015726
1341.9536615691657,0.9998836,0.98228323
1341.9550504353797,0.99986976,0.9719087
1341.9564393015944,1.0000942,0.89383507
1341.9578281678075,1.0000187,1.3824347
1341.9592170340215,0.99984527,0.38303903
1341.960605900236,1.0001262,1.109897
1341.96199476645,0.9999876,0.6312267
1341.9633836326639,0.9999697,0.81957716
1341.964772498878,0.99986327,0.7425993
1341.966161365092,0.9995684,1.3050034
1341.9675502313066,0.999721,0.630722
1341.9689390975204,0.99998444,1.1087285
1341.9703279637342,0.99965525,0.79664296
1341.971716829949,0.99982435,0.38443694
1341.9731056961627,0.9997175,1.1480578
1341.974494562377,0.999441,0.6278026
1341.9758834285908,0.99962014,0.911824
1341.9772722948046,0.9999612,1.1609651
1341.9786611610189,0.99999726,0.684865
1341.9800500272327,0.9997144,0.6117986
1341.9814388934465,0.99994135,1.0858004
1341.9828277596612,0.9996046,0.48422185
1341.9842166259916,1.000148,1.3309973
1341.9856054922047,0.9997617,0.6109952
1341.9869943584195,0.9997956,0.7166572
1341.9883832246342,0.9999251,0.4074739
1341.9897720908475,0.9998596,1.8561745
1341.9911609570613,0.9999521,0.7386004
1341.992549823276,0.9999341,0.48637846
1341.9939386894898,0.99964845,1.19269
1341.9953275557039,0.99975276,0.5455233
1341.9967164219179,1.000003,0.65671754
1341.9981052881324,0.9998528,0.88106287
1341.9994941543468,0.99991626,0.4607217
1342.0008830205602,0.9999458,0.5836278
1342.0022718867742,0.9999531,0.6946415
1342.0036607529887,0.99984604,0.94829977
1342.0050496193185,0.99991703,0.602397
1342.0064384855325,0.99953663,1.0418566
1342.0092162179612,1.0000613,1.594713
1342.010605084175,0.99971396,0.46961293
1342.0119939503888,0.99969137,0.59748334
1342.0133828166029,0.9996424,0.70076585
1342.0147716828174,0.9997762,0.58268726
1342.0161605490316,0.99971545,0.9283005
1342.0175494152447,0.99959403,0.866163
1342.0189382814592,0.9996591,0.4694601
1342.020327147674,0.99994206,0.82364696
1342.0217160140044,0.9996646,0.9428439
1342.0231048802184,0.9995681,0.316086
1342.0244937464322,0.9997412,0.89974606
1342.025882612646,0.9994949,0.6737905
1342.0272714788603,0.99994427,0.8680695
1342.028660345074,0.99978805,0.59439415
1342.0300492112888,0.9997193,0.83647394
1342.0314380775026,0.9998757,0.5618229
1342.032826943716,0.9997716,0.59042215
1342.0342158099306,0.9999174,0.9424155
1342.0356046762618,0.9997429,0.39544198
1342.0369935424749,1.0000588,1.1937889
1342.038382408689,0.9998558,0.75746346
1342.0397712749034,0.9992126,0.77210474
1342.0411601411174,1.0000383,0.811702
1342.0425490073312,0.99998945,0.83981764
1342.0439378735452,0.99976146,1.1449286
1342.0453267397597,0.99981165,0.8788303
1342.0467156059744,0.9998558,0.8643743
1342.0481044723042,0.9997482,0.6877459
1342.049493338518,0.999906,0.7612009
1342.0508822047327,0.9999621,0.35141715
1342.052271070946,0.99950635,0.50167453
1342.0536599371599,0.99993086,1.0057045
1342.0550488033746,0.9997648,0.7147936
1342.0564376695884,0.9997887,0.5038777
1342.0578265358026,0.99998647,1.1692321
1342.0592154020164,0.9996658,0.6630629
1342.0606042683467,0.9999799,1.1823708
1342.0619931345614,1.0000687,0.6382612
1342.0633820007754,1.0001091,1.0692403
1342.0647708669885,0.99942607,0.623963
1342.0661597332032,0.9998675,1.1671472
1342.067548599418,0.99975294,0.86077553
1342.0689374656317,0.9996671,0.42327783
1342.0703263318458,1.0000296,1.530461
1342.0717151981762,0.9998419,0.7118208
1342.07310406439,0.9997436,0.4860566
1342.074492930604,0.99953365,0.90105927
1342.075881796818,1.0000117,1.1692055
1342.0772706630326,0.9997358,0.5952394
1342.0786595292466,1.0000684,0.89847267
1342.0828261280053,0.99936813,0.48397908
1342.0842149942187,0.9991163,0.6648557
1342.0856038604327,0.999812,1.3803068
1342.0869927266472,0.9995694,1.0580428
1342.0883815928612,0.9997056,0.50448096
1342.0897704590752,0.9996986,0.55425906
1342.091159325289,0.9997011,1.1258548
1342.0939370578349,0.99972457,0.6374059
1342.0953259240482,0.99984396,1.0949112
1342.096714790262,0.9994958,0.71657526
1342.0981036564767,0.999626,0.9169959
1342.0994925226898,1.0002826,1.3718659
1342.1008813889039,0.999676,0.83703613
1342.102270255235,0.9992446,1.2617837
1342.1036591214488,0.9995924,1.2237905
1342.1050479876626,0.9998029,0.566816
1342.1064368538769,1.0002079,1.2860562
1342.1078257200907,0.9997849,0.6621417
1342.1092145863054,0.99967915,0.87194043
1342.1106034525192,0.9999313,0.5338774
1342.111992318849,0.9998108,0.7620229
1342.1133811850636,1.0001003,0.8693932
1342.1147700512781,0.99980515,1.0761238
1342.1161589174922,0.9996375,0.36419004
1342.117547783706,1.0001377,1.0330707
1342.11893664992,0.9998623,1.2710536
1342.120325516134,0.99996656,0.8195852
1342.1217143824642,0.99989563,0.97058773
1342.1231032486783,0.9998438,0.748232
1342.1244921148927,0.9998926,0.6880805
1342.1258809811068,0.9998786,1.2764252
1342.12726984732,0.9998108,0.45789853
1342.1286587135346,0.9996237,0.95969605
1342.1300475797493,0.99995524,0.36194876
1342.131436446079,0.99967766,1.1934181
1342.1328253122929,0.9996504,0.52835935
1342.1342141785076,0.99975073,0.84970665
1342.1356030447214,1.0001111,1.2832309
1342.1369919109356,0.99985766,0.4711372
1342.1383807771495,0.9995266,0.85034317
1342.1397696434806,0.9996084,1.0132176
1342.1411585096953,1.0000142,0.3832883
1342.1425473759084,0.99945617,1.42658
1342.1439362421224,0.99964803,0.7576427
1342.145325108337,0.9995321,0.977679
1342.14671397455,0.99983907,1.1025561
1342.1481028408807,0.9997179,0.718107
1342.1494917070952,1.0000154,0.9403495
1342.1508805733092,0.99978715,0.47258458
1342.152269439523,0.9999,1.2075909
1342.153658305737,0.9996281,0.6389221
1342.155047171951,0.99964905,0.33945838
1342.156436038282,0.99984294,1.2169244
1342.157824904496,0.9997648,1.1992004
1342.1592137707094,0.9993426,1.1048621
1342.1606026369238,0.9998115,0.66603154
1342.1619915031383,0.9997046,0.6080959
1342.1633803693526,0.99983555,1.1823343
1342.1647692355664,0.9993037,0.88377476
1342.1661581018966,0.99971867,0.90318835
1342.1675469681106,0.99999547,1.0431856
1342.1689358343247,1.0001351,1.2491233
1342.1703247005385,0.99970746,0.57553726
1342.1717135667532,1.0000542,1.047541
1342.173102432967,0.99976856,1.2809576
1342.1744912992967,0.9999227,0.83341914
1342.1758801655114,0.99972874,0.9200884
1342.1772690317262,0.99973595,0.70363724
1342.1786578979393,1.0000771,1.4001933
1342.1800467641533,0.9998486,0.7018255
1342.191157694099,0.99979293,2.1502936
1342.1925465603135,0.9998757,0.8584261
1342.1939354265269,0.99980026,0.49621645
1342.1953242927407,0.99987656,0.8660903
1342.1967131589554,0.9998388,0.9862591
1342.1981020252858,0.9998916,0.737255
1342.1994908914999,1.0001118,1.0522591
1342.2008797577137,0.99993527,1.14986
1342.2022686239277,1.000047,0.90817654
1342.2036574901422,1.0001427,1.0053204
1342.2050463563562,0.99998176,0.8945136
1342.2064352226857,0.99997765,1.0464686
1342.2078240889005,1.0000793,1.0647172
1342.2092129551152,0.9999702,0.7048788
1342.210601821329,1.0001134,1.0252244
1342.2119906875432,1.0001024,0.90901244
1342.213379553757,0.9999679,0.6582221
1342.2147684200881,1.0002314,0.7062441
1342.216157286302,1.0003616,0.7605517
1342.2175461525153,1.0001823,0.8973111
1342.21893501873,1.0002115,1.0826775
1342.2203238849438,1.0000803,0.916718
1342.2217127512736,1.0001131,0.86388534
1342.2231016174883,1.0001999,0.7710252
1342.2244904837028,1.0002207,0.8053267
1342.2258793499159,0.9998397,0.6157272
1342.2272682161301,1.0000777,0.9264265
1342.2286570823446,1.0001004,1.1799611
1342.230045948675,1.0002162,0.7524066
1342.2314348148889,1.000075,1.035463
1342.2328236811027,0.9999421,0.8335219
1342.2342125473174,1.0001918,0.63677037
1342.235601413532,1.0001686,0.7446931
1342.2369902797454,0.99994683,0.95690864
1342.2383791460757,0.9998888,1.0777677
1342.2397680122904,0.99995583,0.94528353
1342.2411568785037,1.0002972,1.0703825
1342.2425457447175,1.000212,0.7203686
1342.2439346109322,1.0001781,0.62319654
1342.2453234772624,1.0002403,0.88641006
1342.2467123434765,1.0002534,0.8295071
1342.2481012096905,0.9999535,0.7275109
1342.2494900759043,0.9999749,1.0132476
1342.250878942119,1.0001087,0.95112026
1342.2522678083328,0.9998019,0.8921956
1342.2536566746626,1.0000963,0.6916675
1342.2550455408773,1.0000834,0.71180904
1342.256434407092,1.0000955,0.92668617
1342.2578232733058,0.99993235,0.5874512
1342.2592121395196,1.0000336,0.86086965
1342.2606010057339,0.9999893,0.9322801
1342.2619898720648,1.0000503,0.978495
1342.2633787382788,0.99976814,1.0763144
1342.2647676044921,0.99998915,1.0375746
1342.2661564707066,1.0000846,0.99964106
1342.2675453369206,1.0001547,0.97080517
1342.2689342032504,0.99990165,0.9056153
1342.270323069465,1.0000534,0.98423207
1342.2717119356794,0.9999975,0.92583096
1342.2731008018927,1.0000315,0.9601996
1342.2744896681065,1.0000411,0.6926912
1342.2758785343212,1.0000795,0.8082451
1342.2772674006517,0.99997276,0.9224184
1342.2786562668657,1.0000678,0.78994477
1342.2800451330795,1.0001742,0.72839147
1342.2814339992942,0.999938,0.83376145
1342.282822865509,1.0002043,0.8307581
1342.284211731722,1.000172,0.98160386
1342.2856005980525,1.0001546,0.95131063
1342.2869894642672,0.9998847,0.61854535
1342.288378330481,1.0000455,1.023401
1342.2897671966948,1.000162,0.8037565
1342.291156062909,0.9999657,0.8436613
1342.2925449292393,1.0000899,1.0803407
1342.293933795453,1.000038,0.93496513
1342.2953226616673,1.0002015,0.8379326
1342.2967115278811,1.0000299,0.8263427
1342.2981003940959,1.0000519,0.77924
1342.2994892603097,0.99994737,1.670883
1342.3008781266394,0.9999116,0.8304796
1342.3022669928541,1.0000702,1.0435052
1342.3036558590686,1.0002078,0.84995484
1342.3050447252817,0.99998647,0.6622875
1342.306433591496,1.0000845,1.0727414
1342.3078224577105,0.99989295,0.8191615
1342.3092113240414,1.000015,0.6359342
1342.3106001902554,0.999989,0.6936404
1342.3119890564685,1.000045,0.8519553
1342.3133779226832,1.0002428,0.7311977
1342.314766788898,1.0000067,0.6481755
1342.3161556551113,1.0002065,0.83413136
1342.3175445214415,1.0002356,0.7108861
1342.3189333876562,0.9998896,0.9710238
1342.3203222538696,1.0000551,0.7948403
1342.3217111200834,1.0000759,0.7806192
1342.323099986298,1.0000784,1.0041409
1342.3244888525119,0.9997787,0.6161251
1342.3258777188423,1.0000756,0.6532068
1342.3272665850563,1.0001254,0.9662128
1342.3286554512702,0.9998888,0.79108167
1342.3300443174849,0.99992204,0.92691624
1342.3314331836987,0.99996656,1.2892691
1342.332822049913,0.9999058,0.6931538
1342.3342109162438,1.0001845,0.84410584
1342.3355997824578,1.0000862,0.87141466
1342.3369886486716,1.0000132,0.77414393
1342.3383775148855,0.9999122,1.037933
1342.3397663810997,0.99991333,0.736331
1342.3411552473135,1.0000643,0.9957763
1342.3425441136437,1.0000529,0.65594363
1342.343932979858,0.99977535,0.67424786
1342.3453218460725,0.999841,0.6034533
1342.3467107122865,1.0001202,0.99326956
1342.3480995784996,1.0000707,0.9365784
1342.349488444714,1.0002663,0.87539935
1342.3508773110452,0.9999433,0.73261464
1342.3522661772586,0.99992305,0.9411669
1342.3536550434724,0.9999423,0.5292928
1342.355043909687,0.9999314,1.1414839
1342.3564327759018,0.9997281,0.79431754
1342.3578216421156,1.0000458,1.0866195
1342.3592105084454,0.99996185,0.62926316
1342.36059937466,0.99996823,0.7746081
1342.3619882408748,1.0000007,0.5614537
1342.363377107088,1.0000792,0.78545773
1342.364765973302,1.0000159,0.694118
1342.3661548395166,0.99999714,1.0961382
1342.3675437058462,1.0001024,0.80328655
1342.3689325720602,1.0000154,0.7682508
1342.370321438275,1.0001166,0.81562173
1342.3717103044887,0.9999803,0.7617039
1342.3730991707025,0.9998553,0.59856796
1342.3744880369165,1.0001223,0.9685633
1342.3758769031306,0.9999321,0.685238
1342.3772657694617,1.0000522,0.9984087
1342.3786546356755,0.9999436,0.91071534
1342.3800435018893,0.9998469,0.5372945
1342.381432368104,0.9997772,1.0796163
1342.382821234318,1.000202,0.66175616
1342.384210100532,0.9999684,0.8600389
1342.3855989668623,1.0000594,0.77819765
1342.3869878330763,0.9999903,0.7588231
1342.3883766992908,1.0000825,0.6559119
1342.3897655655048,1.0001626,0.68609667
1342.391154431718,1.0000408,0.97162473
1342.3925432979327,0.9999423,0.70774305
1342.3939321641467,0.99983156,0.6778739
1342.3953210304762,0.99995893,0.5145056
1342.396709896691,1.0000373,0.9661349
1342.3980987629056,1.0001069,0.9415497
1342.399487629119,0.999944,0.8909002
1342.4008764953328,1.000134,0.8641403
1342.4022653615475,1.0001206,0.7662282
1342.4036542277622,0.99989235,0.54811764
1342.4050430940924,0.9999771,1.0272425
1342.4064319603058,1.0002198,0.75680786
1342.4078208265205,1.0000013,1.0966386
1342.409209692735,1.000119,0.7365334
1342.410598558948,1.0001519,0.8627068
1342.4119874251624,1.0001619,0.9488163
1342.4133762913768,1.0001166,0.8797772
1342.4147651577073,0.9999091,0.59999114
1342.416154023921,1.0001822,1.0804827
1342.4175428901349,1.0001254,0.76053
1342.4189317563491,1.000042,0.88901603
1342.420320622563,1.0000706,0.7130257
1342.4217094887767,1.000042,0.8598044
1342.423098354991,0.99998254,0.95161504
1342.4244872212055,1.0000361,0.69234866
1342.425876087536,0.9999009,0.6141739
1342.4272649537497,0.99992716,1.0589346
1342.4286538199644,0.99989426,0.7340332
1342.4300426861782,1.0001098,1.2037574
1342.4314315523923,0.99993217,0.9098568
1342.4328204186063,0.9999647,0.83845085
1342.43420928482,0.9999209,1.1184186
1342.4355981510348,1.0002216,0.9157069
1342.436987017365,0.9998064,0.8187429
1342.4383758835784,1.0001086,0.70562553
1342.439764749793,1.0001537,1.1685139
1342.4411536160078,1.0002717,0.8253678
1342.442542482221,1.0002043,1.1285747
1342.443931348435,0.9998677,0.8519419
1342.4453202146497,1.0001737,1.0949737
1342.4467090808628,1.0001254,0.66234636
1342.4480979471932,1.0000643,0.8318662
1342.449486813408,1.0000025,1.3208572
1342.4508756796224,1.0000215,0.8510586
1342.4522645458364,0.9998409,0.881168
1342.4536534120496,1.0004286,0.893644
1342.455042278264,0.9999807,0.74571204
1342.4564311444788,1.0000466,0.93555987
1342.457820010692,1.0000987,0.8886779
1342.4592088770223,0.9999621,0.50719416
1342.460597743237,1.000088,1.0524703
1342.461986609451,1.0001599,0.7766143
1342.463375475665,0.999957,1.328242
1342.464764341879,0.9999676,0.40926066
1342.466153208093,1.0000542,1.0125037
1342.4675420743074,1.0000213,0.8360723
1342.4689309405214,1.000058,0.5152202
1342.4703198067346,1.0001227,0.78467
1342.4717086730657,0.999998,0.75421476
1342.4730975392797,1.0000051,0.8476583
1342.4744864054937,1.0000372,0.7560313
1342.4758752717084,1.0000323,0.69941294
1342.4772641379222,1.0002253,0.7294356
1342.478653004136,1.0001788,1.0440489
1342.48004187035,0.9999365,0.48073444
1342.481430736564,1.0000962,1.0430955
1342.4828196027788,1.0001847,0.8576616
1342.4842084689926,1.0002238,0.9754487
1342.4855973353224,1.0002539,1.0204588
1342.486986201537,1.000028,0.7687572
1342.4883750677516,1.000114,0.691746
1342.4897639339647,0.9999508,1.1087017
1342.491152800179,0.99998677,0.7512249
1342.4925416663934,1.0001675,0.833544
1342.4939305326075,0.9999498,0.78841126
1342.4953193988213,1.000052,0.63365376
1342.496708265035,0.99996436,0.8986448
1342.4980971312498,1.0002643,0.73991823
1342.4994859974638,1.000244,0.9254989
1342.5008748637933,0.99998176,0.77177465
1342.502263730008,1.0000327,0.83542794
1342.5036525962228,1.0001116,0.9043952
1342.505041462436,0.99999225,0.6124223
1342.50643032865,1.0003104,0.82019806
1342.5078191948646,0.99996084,1.124489
1342.5092080610784,1.0000601,0.8103211
1342.5105969272925,0.99991304,0.7239258
1342.5119857935065,0.9999552,1.2214257
1342.5133746597203,0.9998061,0.72660315
1342.514763525935,1.0001683,0.83867216
1342.5161523921488,1.0000007,0.8763267
1342.5175412583621,1.0000751,0.5067566
1342.5189301246933,1.000024,1.1687819
1342.520318990908,0.9998508,0.96902025
1342.5217078571218,1.0000616,0.89491236
1342.5230967233356,1.0001057,0.813115
1342.5244855895498,1.0001639,0.9429871
1342.5258744557636,1.0001316,0.95556897
1342.5272633219774,0.99985796,0.8284851
1342.5286521881917,0.99987775,0.8874867
1342.5300410544062,1.0000638,0.9634402
1342.5314299206202,1.0000361,0.8392016
1342.5328187868333,1.0000087,1.0581949
1342.5342076530478,1.0001299,0.8637098
1342.5355965192625,1.000094,0.92525715
1342.5369853854759,0.99996656,0.9241579
1342.5383742516897,1.0002791,0.8329544
1342.5397631180208,1.0003724,1.0655458
1342.5411519842348,0.9999614,0.92632294
1342.5425408504489,0.9999303,0.83514005
1342.5439297166627,1.0001508,0.9597727
1342.5453185828774,1.000044,0.89544225
1342.546707449092,1.0001324,1.2778801
1342.5480963153052,0.9999259,0.91272724
1342.5494851815192,0.99975914,1.0281284
1342.550874047734,0.99998397,0.9576869
1342.552262913947,0.9999286,1.133051
1342.553651780161,1.0001245,1.0817924
1342.5550406463758,0.9999436,0.63363624
1342.5564295125896,1.0001442,0.5817153
1342.5578183788034,1.0000688,0.9144034
1342.5592072450174,1.0002126,0.8910364
1342.5605961112315,1.0000664,0.97295403
1342.5619849774462,0.9999513,0.9279312
1342.56337384366,1.0001066,0.8138846
1342.5647627098733,1.0000348,0.76578027
1342.566151576088,1.0000548,0.79659337
1342.5675404423025,1.000083,1.0699751
1342.5689293085165,1.0000266,0.85091895
1342.5703181747303,1.000094,0.81709886
1342.5717070410608,1.0000545,1.073711
1342.5730959072753,1.0000752,0.8265699
1342.5744847734893,1.000048,0.9177455
1342.5758736397024,1.0000697,1.1774946
1342.5772625059171,0.99988294,0.92488205
1342.5786513721312,1.0000405,0.62723017
1342.5800402383443,1.0000739,1.063016
1342.581429104559,1.0002998,0.87727857
1342.5828179707737,0.99993074,0.82192266
1342.584206836987,1.0000538,0.9731481
1342.5855957032009,0.9999971,1.1242911
1342.5869845694156,0.9997583,1.0524641
1342.5883734356294,0.99997425,0.44202495
1342.5897623018434,1.0000556,1.1683754
1342.5911511680574,1.0001111,0.9391904
1342.5925400342712,1.0000123,1.1842412
1342.593928900486,1.0001132,0.7991859
1342.5953177666997,1.0001681,1.0152774
1342.596706632914,1.0000058,0.95133805
1342.5980954991285,1.0000726,0.7908473
1342.5994843653425,1.0001233,1.0362481
1342.6008732315563,0.9999791,0.89988965
1342.60226209777,1.0000553,0.8153258
1342.6036509639844,1.000268,1.3010138
1342.6050398301982,1.0001341,1.0698601
1342.606428696412,1.0002946,0.9519522
1342.6078175626262,1.0002338,0.84069
1342.6092064288407,0.9999571,1.0047966
1342.6105952950547,0.99999684,0.9516874
1342.6119841612679,0.99996537,0.7888073
1342.6133730274823,1.0000386,0.8084891
1342.614761893697,1.0001358,0.7568953
1342.6161507599104,1.0002115,1.1473838
1342.6175396261242,1.0002148,0.89973724
1342.618928492339,0.9998612,0.8361028
1342.6203173585536,1.0001041,1.2846017
1342.6217062247674,0.999989,0.97787917
1342.6230950909808,1.0001764,1.1098123
1342.6244839571955,1.0000088,0.7184802
1342.6258728234102,0.9999444,0.7550789
1342.6272616896233,1.0000274,1.0766149
1342.6286505558373,0.9999386,0.9729092
1342.630039422052,1.0000777,1.1753784
1342.6314282882652,1.000142,0.84616745
1342.6328171544792,1.000056,1.0549887
1342.634206020694,1.0001142,0.7714175
1342.6355948869077,1.0002712,0.9622019
1342.6369837531215,1.0002333,0.80959237
1342.6383726192191,1.0001318,1.0563735
1342.6397614854332,1.0000485,0.7041513
1342.6411503516479,1.0000111,1.0687057
1342.6425392178617,0.9999451,0.9268794
1342.6439280840755,1.0002021,0.8585291
1342.6453169502902,1.0000296,0.6689589
1342.6467058165042,1.0000913,0.94881976
1342.6480946827182,1.0001013,1.0079972
1342.649483548932,1.0001786,0.9670942
1342.650872415146,1.0000418,0.89291775
1342.6522612813606,1.0001644,0.5948974
1342.6536501475746,1.0001222,0.9235774
1342.6550390137877,0.9999799,1.0467708
1342.6564278800024,1.0001211,1.108895
1342.6578167462164,0.9999776,0.6527451
1342.6592056124296,1.0000184,0.9572668
1342.6605944786443,1.0001091,0.94704485
1342.661983344859,0.9999438,0.7920487
1342.6633722110723,1.0001944,1.2513
1342.6647610772861,1.0000778,1.0004493
1342.6661499435008,1.0000991,0.8921939
1342.6675388095991,1.0000286,1.0141782
1342.668927675813,0.99996686,0.9606165
1342.6703165420263,0.9999272,0.7261796
1342.671705408241,1.0001068,1.1739594
1342.6730942744555,1.0000957,0.6959107
1342.6744831406686,0.99999267,0.8972801
1342.6758720068829,1.000024,0.9388336
1342.6772608730973,1.0001029,0.77638215
1342.6786497393114,1.0000304,0.8815982
1342.6800386055252,0.9999762,1.0085042
1342.681427471739,1.0000194,0.75697345
1342.6828163379532,0.99978304,1.0517814
1342.6842052041677,1.0001966,1.131056
1342.6855940702653,0.9999512,0.71544486
1342.6869829364787,1.0001515,1.0238727
1342.6883718026932,1.0000031,0.9204966
1342.6897606689072,1.0001867,0.760738
1342.691149535121,1.0000219,0.82613504
1342.6925384013357,0.9998807,1.0027477
1342.6939272675495,0.9999229,1.1438171
1342.6953161337635,1.0002419,0.80710983
1342.6967049999776,1.0003604,1.2086515
1342.6980938661914,0.99995357,0.7216261
1342.699482732406,0.9999821,1.3092226
1342.7008715985035,0.99996907,0.8727673
1342.7022604647168,1.0001616,0.9238615
1342.7036493309315,1.0000831,1.1726573
1342.7050381971462,0.9999396,0.8972205
1342.7064270633593,1.0001296,1.1262879
1342.7078159295734,0.9998546,1.0755919
1342.709204795788,1.0002314,1.0672835
1342.7105936620019,0.999909,1.113012
1342.7119825282157,1.0001012,1.0080682
1342.7133713943135,1.000038,0.8911654
1342.714760260528,0.9999845,1.1807176
1342.716149126742,1.0001854,0.88381445
1342.7175379929552,1.0003709,0.9509494
1342.7189268591696,0.9999883,1.0559899
1342.7203157253844,0.99988323,0.99330795
1342.7217045915977,1.0001576,0.82520914
1342.7230934578115,1.0002378,0.74167407
1342.7244823239098,1.0002061,0.8728162
1342.7258711901238,1.0000223,1.235142
1342.7272600563379,0.9999701,0.9142333
1342.7286489225517,1.0001755,1.23753
1342.7300377887655,1.0001574,1.0783684
1342.7314266549802,0.9999893,1.1662949
1342.7328155211942,1.0001984,0.67616177
1342.7342043874073,1.0000725,0.895407
1342.7355932535056,1.0001632,1.2517048
1342.7369821197203,1.0001054,1.0773991
1342.7383709859341,1.0001136,1.3492788
1342.7397598521484,1.0001162,0.8200439
1342.7411487183622,1.0003297,1.042035
1342.742537584576,1.0000932,1.049247
1342.74392645079,0.99979943,1.0166422
1342.7453153168876,1.0001566,1.0820314
1342.7467041831023,0.9999706,0.98286736
1342.7480930493161,0.99987036,0.98918724
1342.7494819155295,1.0000138,1.1068845
1342.7508707817442,1.0000684,0.7751863
1342.7522596479587,1.0000803,1.0407399
1342.7536485140554,0.99991995,0.8355422
1342.7550373802694,0.9997049,0.84123194
1342.756426246484,1.0000921,0.8116166
1342.7578151126982,0.9999699,0.99080205
1342.759203978912,0.9999624,0.88533
1342.7605928451258,0.9999852,0.6454499
1342.761981711224,1.0000829,1.1111385
1342.7633705774388,1.0000341,0.9143433
1342.764759443652,0.99991494,0.96515036
1342.766148309866,0.99987775,1.1004015
1342.7675371760806,1.000128,0.8784876
1342.7689260421776,1.000149,1.1145583
1342.7703149083914,0.9999456,1.1011459
1342.771703774606,0.9997888,1.013031
1342.7730926408199,1.0001041,1.1141582
1342.774481507034,1.0000476,0.9462259
1342.7758703731315,1.0001787,0.9953767
1342.7772592393453,0.99990535,0.9323634
1342.77864810556,1.0002986,1.1738191
1342.7800369717738,1.0000674,0.9530672
1342.7814258379872,1.0000428,0.9748974
1342.7828147040855,1.0001436,0.93926334
1342.7842035703002,1.0002575,1.1562521
1342.785592436514,1.0002373,1.06745
1342.7869813027278,1.000101,1.0463182
1342.788370168942,1.0002596,0.7757495
1342.78975903504,0.9999573,0.45157543
1342.7911479012541,1.0001452,0.7466092
1342.7925367674675,1.0001315,1.0365444
1342.793925633682,0.99996704,0.8993069
1342.7953144998964,0.9999901,0.9187088
1342.7967033659934,1.0000226,0.6023675
1342.7980922322072,0.99995375,0.97553813
1342.799481098422,0.9999824,0.8746748
1342.8008699646352,0.999872,0.9007926
1342.8022588307326,0.99983406,0.91708404
1342.8036476969473,1.000265,1.0233256
1342.8050365631614,1.0000962,0.9967357
1342.8064254293754,1.0000732,0.90506136
1342.8078142955892,1.0002267,0.7879852
1342.8092031616875,1.0001936,1.1453568
1342.8105920279022,0.99990416,0.97379935
1342.8119808941153,1.0000594,0.8506849
1342.8133697603294,0.9999475,0.79558635
1342.8147586264276,1.0000738,0.8707904
1342.8161474926414,0.99998397,0.8129348
1342.8175363588553,0.99995786,0.9225066
1342.8189252250695,1.0000548,0.9037516
1342.820314091167,1.0001187,0.8534092
1342.8217029573816,1.0001417,1.0194949
1342.8230918235954,0.99989915,0.7327118
1342.8244806898088,1.0002598,0.98379266
1342.825869555907,1.0001868,1.1571008
1342.8272584221208,0.9999453,0.7974033
1342.8286472883342,1.0001838,1.0638071
1342.8300361544325,1.0000201,0.79600686
1342.831425020647,1.0000141,1.1051215
1342.832813886861,1.0000491,0.8681265
1342.8342027530748,0.99987113,0.9017091
1342.8355916191722,1.0000737,1.2151431
1342.836980485387,1.0000266,0.96950734
1342.838369351601,0.999983,0.73335165
1342.839758217814,1.0000609,1.1142309
1342.8411470839123,1.0000411,0.86842275
1342.842535950127,0.9998303,0.8875727
1342.8439248163404,0.9999239,0.9140096
1342.8453136824378,1.0001447,0.8149884
1342.8467025486525,1.0000979,0.98527205
1342.8480914148663,1.000295,1.1128153
1342.849480280964,1.0000899,0.7933432
1342.850869147178,0.9999786,0.89769006
1342.8522580133917,1.0002764,1.0031677
1342.8536468796065,1.0001832,0.57503986
1342.8550357457038,1.0001484,0.8861612
1342.856424611918,1.0000843,0.9277299
1342.8578134781326,1.0001074,1.0422515
1342.8592023442293,0.99998176,0.7426665
1342.8605912104433,1.000145,1.1194409
1342.8619800766578,1.0000505,0.9512948
1342.8633689427556,1.000076,1.193626
1342.8647578089694,1.000124,0.924681
1342.8661466751832,1.0000627,0.61696374
1342.867535541281,0.9999915,0.95250154
1342.8689244074956,0.9999927,0.69053364
1342.8703132737096,1.000188,0.84372115
1342.8717021398063,1.0001956,0.68465567
1342.8730910060208,0.99998194,0.8448976
1342.8744798722355,1.0000548,1.0534115
1342.8758687383324,1.0001664,0.6708555
1342.8772576045462,1.0003144,0.81839585
1342.878646470761,1.0002022,0.8221302
1342.8800353368592,0.9999595,0.83658004
1342.881424203073,0.9999548,1.0129278
1342.8828130692864,0.99998313,0.9839859
1342.8842019353847,1.0002398,1.06424
1342.8855908015985,1.000175,0.8542161
1342.8869796678118,1.0000322,0.83555543
1342.8883685339101,1.0000248,1.0857024
1342.8897574001248,1.0004547,1.2437669
1342.891146266338,0.99993926,0.9597018
1342.8925351324356,0.9999125,0.7280488
1342.8939239986503,0.9997718,1.035388
1342.895312864864,1.0000621,1.0227922
1342.8967017309615,1.0000645,0.86718136
1342.8980905971757,1.0000854,0.8451544
1342.899479463273,1.0002877,0.9041946
1342.9008683294878,0.9999481,1.0843138
1342.9022571957016,1.0001543,0.8654432
1342.9036460617986,1.0001174,0.7078776
1342.9050349280133,0.9999796,0.7989893
1342.9064237942277,0.9998944,0.7489321
1342.9078126603254,0.9999029,0.8932644
1342.9092015265392,0.99995995,0.7576242
1342.9105903926368,1.0002205,1.0904268
1342.9119792588513,0.9997412,0.6375643
1342.9133681250653,1.0001478,1.0727459
1342.914756991162,1.000082,0.7189363
1342.9161458573767,1.0002282,0.93439996
1342.9175347234743,0.9999259,1.0414249
1342.9189235896874,1.000189,0.8667512
1342.9203124559021,1.0001513,0.63398445
1342.9217013220004,0.99988073,0.920413
1342.9230901882138,1.0000725,0.9539565
1342.9244790543112,1.0001447,0.8364619
1342.925867920526,1.0001328,0.90450925
1342.9272567867397,0.99999416,0.8670267
1342.9286456528373,1.0001016,0.7015753
1342.9300345190513,1.0002109,0.94111955
1342.9314233851496,1.0000108,1.0700003
1342.932812251364,1.000097,0.94962573
1342.9342011174608,0.99994344,0.7998327
1342.935589983675,1.0000004,0.8028303
1342.9369788498896,1.0000134,0.887686
1342.9383677159872,1.0000074,0.8064626
1342.939756582201,1.0000169,0.842889
1342.9411454482984,1.0002298,0.75870234
1342.9425343145126,0.99995816,0.82476926
1342.94392318061,0.99995065,0.76011616
1342.9453120468238,0.9999848,0.9776797
1342.9467009129216,0.9999453,0.8943555
1342.9480897791361,1.0002098,1.2522174
1342.9494786453502,1.0000077,0.8314698
1342.9508675114469,0.99984694,1.0352249
1342.9522563776613,0.9999958,0.8409568
1342.9536452437596,0.9998859,0.74487865
1342.9550341099737,0.9999137,0.78696275
1342.9564229760713,0.9999272,0.66369337
1342.957811842285,1.000092,1.033754
1342.9592007083834,0.9998481,0.622865
1342.9605895745972,1.0000888,0.8380451
1342.961978440694,0.9999166,0.92059183
1342.9633673069088,0.9999033,0.9360617
1342.9647561730071,0.99981296,0.9031695
1342.9661450392202,0.9997847,1.0224543
1342.9675339053179,0.9998948,0.9793488
1342.9689227715326,0.99978775,0.7825762
1342.9703116377464,1.000012,0.87827957
1342.9717005038437,0.99992156,0.8575247
1342.973089370058,0.99995536,0.70108867
1342.9744782361554,1.0001982,0.8316177
1342.9758671023692,1.0000615,0.8475733
1342.9772559684668,0.9998455,0.80953187
1342.9786448346813,1.0001781,0.8331505
1342.9800337007796,0.9999035,0.6354005
1342.981422566993,1.0000589,0.72353816
1342.9828114330903,0.99983615,0.6584751
1342.984200299305,1.0001057,1.1038057
1342.9855891654026,0.9999054,0.7508073
1342.9869780315003,0.99985296,0.7053033
1342.988366897714,1.0001658,0.6259059
1342.9897557638117,1.0001047,0.8333241
1342.9911446300262,1.00001,0.63130265
1342.9925334961238,1.0000086,0.86329377
1342.993922362337,1.0002756,0.5715774
1342.9953112284352,1.0001526,0.77602243
1342.99670009465,1.0001885,0.8517083
1342.9980889607468,0.9997837,0.59805906
1342.9994778269606,0.9999704,0.76153487
1343.000866693059,0.9999131,0.69362664
1343.0022555592727,1.0001106,1.0804471
1343.0036444253703,1.0000725,0.6231817
1343.0050332915844,0.99974406,0.79281455
1343.0064221576827,0.9997439,0.83558697
1343.00781102378,0.9997506,0.6893215
1343.0091998899934,1.000078,0.5907657
1343.0105887560917,1.0000234,0.89557356
1343.0119776223062,0.99999523,0.7697469
1343.0133664884029,0.99986625,0.7022512
1343.0147553546171,0.99973714,0.7379514
1343.0161442207152,1.0001154,0.79653275
1343.0175330869292,0.9999442,0.9027378
1343.0189219530266,0.99988925,0.68447775
1343.020310819124,0.99985665,0.84823453
1343.0216996853383,1.0000619,0.7297997
1343.0230885514363,1.0000461,0.7471688
1343.0244774176504,1.000059,0.53245115
1343.0258662837477,1.0000161,0.8050337
1343.027255149846,1.0000858,0.9451298
1343.0286440160598,0.9997725,0.9056865
1343.0300328821577,1.0000833,0.85612047
1343.0314217483715,0.99989897,0.71532106
1343.0328106144689,1.0001763,0.6282496
1343.034199480683,0.99994093,0.6898922
1343.0355883467805,1.0001302,1.0429922
1343.036977212878,1.0001239,0.7777873
1343.0383660790926,0.9998674,1.0523896
1343.03975494519,1.0001924,0.57661045
1343.0411438114033,1.0000503,0.7199727
1343.0425326775016,1.0001318,0.9129676
1343.0439215436,1.0001233,0.87654215
1343.045310409813,0.9998735,0.6383594
1343.0466992759107,1.0000225,1.1052475
1343.048088142009,1.0000792,0.93693244
1343.0494770082234,0.9999538,1.0052117
1343.050865874321,1.0002165,0.9777218
1343.0522547405344,1.0003949,0.7634772
1343.0536436066325,0.99999094,0.8060105
1343.0550324727305,1.0001558,0.86927366
1343.056421338944,0.9999977,1.0354496
1343.0578102050413,1.0001454,0.84855294
1343.0591990711396,1.0000548,0.73819786
1343.0605879373536,0.9998755,0.65311843
1343.0619768034512,1.000004,0.82580537
1343.0633656695486,1.000127,1.1100382
1343.0647545357626,0.9999998,1.0381969
1343.0661434018602,1.0000036,0.7029152
1343.0675322679576,1.0001493,0.81872475
1343.0689211341717,1.0001273,1.0572248
1343.0703100002697,0.99982953,0.5630999
1343.0716988663673,0.9999931,1.0580442
1343.0730877325814,0.99985915,0.8378142
1343.0744765986797,0.99973226,0.654264
1343.075865464777,1.0001178,1.0280788
1343.0772543309909,0.99990815,0.9234408
1343.0786431970887,0.99998367,0.8275082
1343.080032063186,1.0000147,0.875599
1343.0814209294008,1.000073,1.203475
1343.0828097954982,0.9997934,0.7487166
1343.084198661595,1.0000433,1.0231825
1343.0855875278098,1.0001751,1.0362016
1343.086976393908,1.0000657,0.7998211
1343.0883652600046,0.9999382,0.9702513
1343.0897541262188,0.9999305,0.79302514
1343.091142992317,0.9999486,1.0546359
1343.0925318584145,0.99986494,0.83549625
1343.093920724512,0.99994314,1.1524345
1343.095309590726,1.0000402,0.9639518
1343.096698456824,1.0002297,0.9623095
1343.0980873229216,1.0000172,0.746783
1343.0994761891347,1.0000134,0.7089927
1343.100865055233,0.99974525,0.72555923
1343.1022539213313,0.9999349,0.89787894
1343.1036427874283,1.000081,0.79427713
1343.105031653642,1.0002233,1.084499
1343.1064205197404,0.99990547,0.9789207
1343.1078093858378,0.99986666,0.9571731
1343.1091982519354,0.99999166,0.8296733
1343.1105871181494,0.99963653,0.9655298
1343.1119759842468,1.0000433,0.92895067
1343.113364850345,1.0000772,0.8431814
1343.1147537164425,0.9999689,1.0344493
1343.1161425826558,1.0001353,0.83463407
1343.117531448754,1.0002323,0.6363929
1343.1189203148524,1.000201,1.0570331
1343.1203091809498,1.0000653,0.96390975
1343.1216980471638,0.9999819,0.80847454
1343.1230869132614,0.99983627,0.9072826
1343.1244757793588,1.0001296,0.90247273
1343.1258646454562,0.9999743,0.59511745
1343.1272535116705,0.99993306,0.90932405
1343.1286423777685,1.0000792,0.7477454
1343.1300312438661,0.99998707,0.69266903
1343.1314201100213,1.0000725,0.96037877
1343.1328089761193,0.99985313,0.71664065
1343.1341978422174,0.99997276,0.97999775
1343.1355867083726,0.9999849,0.861609
1343.13697557447,0.99989235,0.6978692
1343.1383644406264,0.9999977,1.1201278
1343.139753306724,1.0001208,0.7118937
1343.1411421728799,0.9998978,0.65439224
1343.1425310389773,0.9999863,0.70815945
1343.1439199050756,0.99999696,0.994969
1343.145308771232,0.99991345,0.93417144
1343.146697637329,0.9996937,0.8848009
1343.1480865034264,0.9998627,0.9699317
1343.149475369583,0.99984694,0.96909666
1343.1508642356803,0.99995774,0.64779806
1343.1522531018359,0.9997075,0.76820636
1343.1536419679337,1.0001853,0.6735813
1343.155030834031,1.0001514,1.1013869
1343.1564197001867,0.99999446,0.6277543
1343.1578085662845,0.99986,0.6107677
1343.159197432382,0.9997921,1.1575843
1343.1605862985384,0.9999677,0.68517435
1343.1619751646358,0.99980205,0.9555839
1343.1633640307327,1.0000453,0.8590671
1343.1647528968892,1.0000157,1.0737852
1343.1661417629873,1.0000548,0.9608032
1343.167530629085,1.000055,0.99152875
1343.1689194951823,1.0002245,0.92250323
1343.1703083613381,0.99969655,0.80677277
1343.1716972274362,0.9998971,0.89952254
1343.173086093534,0.99989045,1.122419
1343.174474959689,1.00001,0.90029025
1343.175863825787,0.99996066,0.9717356
1343.1772526918853,0.9996594,0.65732574
1343.1786415579822,0.9999209,0.9993267
1343.1800304241378,1.0002182,0.6688515
1343.1814192902361,0.9999353,0.8410804
1343.1828081563335,0.99999046,1.0048608
1343.1841970224314,0.9998905,0.9863547
1343.1855858885287,0.999946,1.1305839
1343.1869747546843,0.9997839,0.7891104
1343.188363620782,0.9998621,1.0230256
1343.1897524868796,0.99991065,0.97720015
1343.1911413529779,0.99998057,0.846523
1343.192530219076,0.9999164,0.8660008
1343.1939190852308,0.9997969,0.6477626
1343.1953079513287,0.999976,0.96529305
1343.1966968174268,0.99965686,1.188762
1343.1980856835244,1.0001718,0.7725935
1343.1994745496218,0.9999612,0.9456774
1343.2008634157776,0.999837,0.5104871
1343.2022522818752,0.9999737,0.76448774
1343.2036411479733,1.0000215,0.7950162
1343.2050300140709,0.9999094,0.8345621
1343.2064188801678,1.0001127,1.1486307
1343.2078077462659,1.0001949,0.81020033
1343.209196612364,1.0000336,0.82607484
1343.210585478519,1.0002185,0.79568934
1343.2119743446167,1.0000026,0.78542817
1343.2133632107148,0.99985194,0.9385643
1343.2147520768124,0.9998615,0.7376169
1343.21614094291,0.9998266,0.97279644
1343.2175298090074,0.9999157,0.87768805
1343.2189186751057,0.99990463,0.9006956
1343.220307541203,0.9997044,0.97891796
1343.2216964073,0.9998764,0.7382169
1343.2230852733983,1.0001072,1.052757
1343.2244741394966,0.9998334,0.46161893
1343.2258630055933,1.0001358,0.9879738
1343.227251871749,1.0002619,1.1721271
1343.2286407378474,1.0000257,0.59380174
1343.2300296039448,1.0000196,0.92777735
1343.2314184700422,0.9998621,1.2157332
1343.23280733614,1.0000038,1.004065
1343.2341962022374,1.000123,0.7571807
1343.2355850683357,1.000066,0.666291
1343.236973934433,0.9999311,0.996169
1343.23836280053,1.0002571,0.91076505
1343.2397516666283,1.0000888,1.0560442
1343.2411405327264,1.0001557,0.84391004
1343.242529398824,0.99966776,0.81819904
1343.2439182649214,1.0000278,0.9122398
1343.245307131019,0.99987924,0.91700256
1343.246695997117,0.9999343,0.7469672
1343.248084863215,1.0000287,0.86163604
1343.2494737293116,0.99992913,0.6897667
1343.2508625953515,0.9998635,0.8382633
1343.252251461449,0.9999849,0.9789773
1343.2536403275458,0.9998038,0.95558465
1343.255029193644,0.9997792,0.7197919
1343.2564180597424,0.99976295,0.8582454
1343.2578069258393,0.9997536,1.0117404
1343.2591957919367,0.99992955,0.7597861
1343.260584658035,1.0001227,0.7342488
1343.2619735241324,1.0001206,0.81756926
1343.2633623902302,1.0000575,0.63222164
1343.2647512563276,1.000046,0.63253206
1343.266140122426,0.99975675,0.7620856
1343.267528988466,0.99987155,0.8811129
1343.2689178545627,1.0001302,1.0962777
1343.2703067206603,0.99979156,0.76282835
1343.2716955867584,0.99995184,0.72670615
1343.273084452856,1.0000257,0.64843744
1343.2744733189534,0.9998243,1.2341713
1343.275862185051,1.0001564,0.8386817
1343.2772510510904,0.9999454,1.0231534
1343.2786399171887,0.99982893,0.92558694
1343.280028783286,1.0000067,1.0718831
1343.281417649383,0.99996287,0.81505376
1343.282806515481,1.0000014,0.58661056
1343.2841953815787,1.0000423,0.8773942
1343.2855842476174,1.0002556,0.800424
1343.2869731137155,0.9998371,0.95347005
1343.2883619798135,0.99984854,0.8246833
1343.2897508459114,1.0000776,0.7344367
1343.2911397119506,0.9998536,0.8971153
1343.292528578048,1.0000678,1.0601168
1343.2939174441462,1.0001305,0.9176981
1343.2953063102439,0.9998123,0.88050175
1343.2966951763406,0.999814,0.7960117
1343.2980840423807,1.0001671,0.95347345
1343.299472908479,0.99996656,0.5693211
1343.3008617745759,1.0000012,0.7134609
1343.302250640615,0.99986595,0.91678023
1343.3036395067134,1.0000167,0.7752503
1343.3050283728107,1.0001148,0.9732982
1343.3064172389084,0.9997909,0.95636684
1343.3078061049478,1.0000182,0.91466624
1343.3091949710451,0.99979717,0.69160956
1343.3105838371434,0.99992675,0.74889636
1343.3119727031826,0.9999033,0.70461667
1343.3133615692802,0.9998397,1.0049621
1343.3147504353783,0.99975336,0.93389666
1343.316139301418,0.99990916,0.7015103
1343.3175281675153,0.99999,0.7146847
1343.3189170336127,0.9999189,0.79075813
1343.320305899652,1.0001234,0.8261328
1343.3216947657497,1.0001464,0.84549814
1343.323083631847,0.9997299,0.7523862
1343.3244724978865,1.0001295,0.94736063
1343.3258613639846,1.0001123,0.49978456
1343.3272502300824,0.9997843,0.82311094
1343.328639096121,0.9997494,0.8511481
1343.330027962219,1.0000781,0.9163961
1343.331416828259,1.0000994,0.83685064
1343.332805694356,0.9998476,0.98724055
1343.3341945604534,1.0001569,1.0024931
1343.3355834264935,0.9999137,0.73737943
1343.3369722925918,0.99981433,0.9768367
1343.338361158631,1.00002,0.78607917
1343.339750024728,0.9998687,0.8148353
1343.341138890768,1.0000681,1.0921515
1343.3425277568663,1.0000747,0.5209076
1343.3439166229048,0.9997509,0.77727854
1343.3453054890024,0.9999913,0.82146823
1343.3466943551005,1.0001395,0.86231273
1343.3480832211399,1.000288,0.6540153
1343.3494720872372,0.9998843,0.7206262
1343.3508609532767,1.0001674,0.8808297
1343.3522498193743,1.0001832,0.9872503
1343.3536386854134,1.0000618,0.82351565
1343.355027551511,1.0001224,0.45093226
1343.3564164175505,1.000194,0.9756757
1343.3578052836488,0.9999023,0.63756466
1343.359194149688,0.9999785,0.910715
1343.3605830157271,1.0001261,0.66529226
1343.3619718818254,1.0000817,0.83512497
1343.3633607478646,1.0000743,0.54628843
1343.3647496139624,0.99982804,0.5691669
1343.3661384800016,0.999916,0.74204004
1343.367527346099,0.9998009,0.7325212
1343.368916212139,0.9999996,0.7551091
1343.3703050782367,1.00007,0.6116183
1343.3716939442752,1.0000634,0.86561686
1343.3730828103153,0.9999953,0.76755583
1343.3744716764136,1.0000215,0.9485774
1343.3758605424523,1.0001851,0.68074036
1343.3772494085497,1.000008,0.83126485
1343.3786382745898,0.9999544,0.4547059
1343.380027140629,1.0001796,0.96485305
1343.3814160067266,1.0000008,1.042312
1343.382804872766,0.999837,0.34612474
1343.384193738806,0.9999136,0.5178337
1343.3855826049034,1.000078,0.80992824
1343.3869714709422,1.0000987,0.8026295
1343.388360336982,0.9998599,0.7975217
1343.38974920308,0.99991685,0.5729182
1343.3911380691188,0.9999697,0.6504419
1343.3925269351582,1.0000237,0.7796668
1343.3939158012563,1.0000577,0.5512324
1343.395304667296,0.9999587,1.0881972
1343.396693533335,0.9998421,0.7214495
1343.3980823994325,0.99988073,0.51038647
1343.399471265472,0.99991417,1.1492192
1343.4008601315118,1.0000138,0.8835082
1343.4022489976096,0.99988896,0.7506368
1343.403637863648,0.9999182,1.0357202
1343.405026729688,1.0000018,0.7400729
1343.406415595728,0.99978185,0.74542654
1343.4078044618257,1.0002241,0.84850746
1343.409193327865,0.99949116,0.42236835
1343.4105821939042,1.0000097,0.7384329
1343.4119710599443,0.99994683,0.24665026
1343.4133599259835,1.0001115,1.1860981
1343.4147487920804,0.9997625,0.8993832
1343.4161376581205,0.9999867,0.63897765
1343.4175265241606,1.0001253,0.61231357
1343.4189153901991,0.99993604,1.0969363
1343.4203042562385,0.9999697,0.9304779
1343.4216931223368,0.999816,0.6152516
1343.4230819883753,1.0000306,0.70017564
1343.4244708544147,0.9998436,0.89285326
1343.4258597204546,1.0001357,1.0254484
1343.427248586494,1.0002509,0.7874434
1343.4286374525332,0.99962294,0.4972895
1343.4300263186308,1.000022,0.76883364
1343.4314151846706,0.9999841,0.6538974
1343.4328040507107,0.99985164,0.8459524
1343.4341929167495,1.000135,0.9509369
1343.4355817827886,1.000122,1.0159479
1343.4369706488287,1.0002551,0.7022826
1343.4383595148681,0.9998023,0.73312294
1343.4397483809075,1.0000266,0.66324747
1343.4411372469467,0.99996066,0.7815162
1343.442526113044,1.0001798,0.49810097
1343.4439149790842,0.9997747,1.0969915
1343.4453038451236,0.99991834,0.39474016
1343.446692711162,0.9999436,1.0323449
1343.4480815772022,1.0000389,0.67519027
1343.4494704432423,0.99996847,0.9770881
1343.450859309281,0.9997411,0.5561949
1343.4522481753202,1.000248,0.69805086
1343.4536370413603,0.99996996,0.61528224
1343.4550259073994,0.9999946,0.88850206
1343.4564147734388,0.9999961,0.9487169
1343.4591925055183,0.99986565,1.0553254
1343.4605813715575,0.99973786,0.4826382
1343.4619702375962,1.0000216,0.8942642
1343.4633591036363,1.0001569,0.5176983
1343.4647479696762,0.99992007,0.81877923
1343.4661368357147,1.0000287,0.9421438
1343.467525701754,0.99976546,0.62640226
1343.468914567794,1.0000291,1.0930699
1343.4703034338336,1.0000085,0.7417833
1343.4716922998728,0.99989176,0.6618226
1343.473081165912,0.9999996,1.1106222
1343.4744700319516,1.0001229,1.0280052
1343.4758588979914,0.99990046,0.58625007
1343.4772477639726,0.9998553,1.1569914
1343.4786366300118,0.9999544,0.85096407
1343.480025496052,0.99993473,0.7415475
1343.481414362091,0.9999614,1.0660115
1343.4828032281305,0.99977636,0.5620394
1343.4841920941699,0.9998395,0.9779345
1343.485580960209,1.0000551,1.1758351
1343.4869698262492,0.9998561,0.64859164
1343.4883586922883,0.9999299,0.50419056
1343.4897475582688,1.0001867,1.2084249
1343.491136424309,0.99993074,0.6023811
1343.492525290348,0.99998134,1.1155344
1343.4939141563868,0.9999965,0.6657307
1343.495303022427,0.9998191,1.0337713
1343.496691888467,0.9999314,0.6229186
1343.4980807544473,0.9999284,1.0043905
1343.4994696204867,0.9996529,0.53645027
1343.5008584865268,0.9998263,0.52877104
1343.5022473525667,0.99967885,1.2802185
1343.503636218606,0.9997733,0.79962325
1343.5064139506262,0.9999841,0.9403871
1343.5078028166663,1.0000795,0.8080929
1343.509191682705,0.99992204,0.7599722
1343.510580548686,0.99983877,1.0696324
1343.511969414726,0.99999815,0.83721554
1343.5133582807655,0.99972737,0.4899499
1343.514747146805,1.0001565,0.8525506
1343.5161360127859,1.000192,1.1273123
1343.5175248788253,0.99978864,1.0412234
1343.5203026108463,1.0001515,0.7416701
1343.5216914768848,0.99993587,0.70300436
1343.523080342925,0.9999488,0.85486585
1343.5244692089643,0.9999207,1.2442707
1343.5258580749446,1.0000311,0.81094825
1343.5272469409847,0.99999696,0.6944698
1343.5286358070248,0.9999264,0.7531562
1343.5300246730058,1.0000746,1.1738912
1343.5314135390452,0.99989456,0.5673444
1343.5328024050264,0.99982303,0.6650309
1343.5341912710664,1.0000141,0.64836675
1343.5355801371056,1.0000262,0.9126512
1343.5369690030861,1.0000226,0.3888888
1343.5383578691262,1.0001332,0.86301386
1343.539746735166,0.9996853,0.8806785
1343.5411356011464,1.0001036,0.97135735
1343.542524467186,1.0000031,0.6210823
1343.5439133331677,0.99983156,1.112678
1343.545302199207,0.9998737,0.74062914
1343.546691065188,0.99985063,0.8818218
1343.5480799312272,1.0001622,1.2510597
1343.5494687972669,0.99979925,0.5463432
1343.5508576632485,0.9997131,0.7263751
1343.552246529288,0.9997758,0.94473785
1343.55641312729,1.0000324,1.0714997
1343.5578019933293,0.999999,0.9529866
1343.5591908593105,1.0003141,1.2243613
1343.5605797253497,1.0000424,0.89758223
1343.561968591331,1.0000768,0.99470806
1343.5633574573703,0.9997984,0.9826603
1343.5647463233513,0.9997546,0.62394106
1343.5661351893914,0.99999434,1.0992819
1343.5675240553724,1.0003115,0.8399192
1343.568912921411,1.0000082,0.6834924
1343.570301787393,1.0002443,1.1602551
1343.571690653433,0.99988544,0.8826475
1343.5730795194133,0.99974066,0.57318485
1343.5744683853945,0.99991834,0.8421633
1343.5772461174163,0.9995509,0.8053578
1343.5786349834557,0.9999774,1.1918734
1343.5800238494362,0.9997088,0.63082194
1343.5828015814577,1.0001706,1.0489053
1343.5841904474382,0.99990547,0.8911878
1343.5855793134774,0.9998484,0.7059282
1343.5869681794593,0.9997467,0.91538155
1343.5883570454405,1.0000918,0.8066709
1343.58974591148,1.0001041,1.3033711
1343.5911347774609,0.99965656,0.91193926
1343.592523643442,0.99991953,0.8914951
1343.593912509482,0.9998459,0.8640734
1343.5953013754631,1.0000662,0.8617921
1343.5966902414434,0.9998197,0.91986513
1343.5980791074835,0.99976563,0.7735757
1343.5994679734647,0.9995485,0.6533077
1343.600856839446,0.9994175,0.63578963
1343.6022457054278,0.9996078,1.3269044
1343.603634571467,1.0000868,0.9206805
1343.605023437448,0.9998574,0.5783315
1343.6064123034294,1.0000207,1.0537318
1343.6078011694685,0.999598,1.0505295
1343.6091900354504,0.99972886,0.73682
1343.6105789014314,0.99982387,1.0445666
1343.611967767412,0.9998553,0.9189385
1343.6133566333938,0.9999336,0.63551486
1343.6147454994336,0.999916,0.44249168
1343.616134365414,0.9997915,0.9848081
1343.6175232313954,1.0000093,0.8642256
1343.618912097377,1.0000706,1.1321572
1343.6203009633582,0.9998699,0.790084
1343.6216898293974,1.0001218,0.65795
1343.6230786953784,1.0000036,0.8585051
1343.6244675613602,0.9998475,0.8537487
1343.6258564273421,1.0002477,0.99654627
1343.6272452933226,0.9999241,0.9000298
1343.6286341593036,0.9999314,1.087171
1343.6300230253437,0.99977666,0.8064691
1343.6314118913242,1.0002029,1.461588
1343.6328007573052,0.99977076,0.6887691
1343.634189623287,0.9996198,0.8099433
1343.635578489268,1.0000557,1.0176152
1343.6369673552492,1.0001997,1.0113364
1343.6383562212304,1.0001534,0.86769414
1343.6397450872114,0.9996148,0.8991613
1343.6411339531933,0.9997538,0.9646187
1343.6425228192325,1.0002476,1.2307833
1343.643911685213,0.9998814,0.43491247
1343.6453005511949,0.99978703,0.70770514
1343.6466894171767,1.0000283,1.1881756
1343.6480782831577,0.9996356,0.6678015
1343.649467149139,1.0000074,1.3238516
1343.65085601512,0.9996379,0.5606036
1343.6522448811018,0.9996742,1.1554316
1343.653633747083,0.9998553,0.6455395
1343.6550226130635,0.9998762,0.71917
1343.6564114790451,0.9999579,0.807823
1343.6578003450268,0.9997704,0.91966724
1343.6591892110073,0.9996142,0.6103013
1343.6605780769885,0.99971914,1.2284405
1343.6619669429701,0.99966764,1.1081063
1343.6633558089513,1.0000757,0.958745
1343.6647446749325,0.9999789,0.61019754
1343.6661335409135,0.9998175,0.9556196
1343.6675224068947,0.99972767,0.96927774
1343.668911272876,0.99993366,1.0912265
1343.6703001387987,0.999906,0.71178544
1343.6716890047805,1.0000647,0.87409085
1343.6730778707624,0.99997497,0.9169724
1343.6744667367427,0.9998772,0.75515866
1343.675855602724,0.9999463,0.97991216
1343.6772444687058,0.9997115,1.3085573
1343.6786333346868,1.0000632,0.69176966
1343.6800222006677,0.99957913,1.3908595
1343.6814110666492,0.9998671,0.40568998
1343.6827999326301,0.99994767,1.3685734
1343.6841887985538,0.99992484,1.0657426
1343.6855776645348,0.9997032,0.63841414
1343.6869665305153,0.999872,1.0342573
1343.6883553964972,1.0000435,0.9005439
1343.6897442624788,0.9996049,0.78878516
1343.6911331284591,0.9998438,1.1878551
1343.6925219943823,0.9999654,0.82379436
1343.693910860364,0.9998052,0.7324441
1343.6952997263456,1.0000598,1.2933646
1343.696688592327,0.9995855,0.49706253
1343.6980774582491,1.0000596,0.89296424
1343.6994663242308,0.99990064,1.0235022
1343.7008551902127,0.9998347,0.522614
1343.7036329221742,0.99979264,1.293699
1343.7050217880978,0.99979925,0.9633559
1343.7064106540784,0.9999764,1.2488893
1343.7077995200593,1.000148,1.0790037
1343.709188385983,0.99978775,0.6542384
1343.710577251964,1.00004,1.0101075
1343.7119661179454,0.9998978,1.0517305
1343.7133549839264,0.99999833,0.8544945
1343.7147438498491,1.0002302,0.7349263
1343.716132715831,0.99983215,1.1723047
1343.717521581812,1.0000817,0.49963477
1343.7189104477352,0.99977803,0.9139646
1343.7202993137169,0.9999617,1.1911246
1343.721688179698,1.0002426,0.50822246
1343.7230770456208,1.0000557,1.2342273
1343.724465911602,1.000126,0.6594453
1343.725854777525,1.0000194,0.94148445
1343.7272436435069,0.9999098,0.83975893
1343.7286325094879,0.9998756,1.3703514
1343.7300213754102,1.000041,0.6362455
1343.7314102413918,0.99974316,0.89943063
1343.7327991073153,0.9998753,1.2270193
1343.7341879732958,0.9998008,0.9160123
1343.735576839277,0.9997088,0.70983595
1343.7369657052004,0.99997276,1.0475096
1343.7383545711818,0.9998438,0.5593254
1343.7397434371046,1.0001643,1.2303826
1343.7411323030856,1.0000823,0.96747756
1343.7425211690093,0.9999322,0.90207547
1343.7439100349904,0.9999766,0.8872541
1343.7452989009125,0.99981993,1.1137033
1343.7466877668944,0.99989843,0.9844948
1343.748076632818,0.999914,0.87919486
1343.7494654987986,0.99991864,0.90548396
1343.7508543647214,1.000022,1.1687783
1343.7522432307032,0.99974006,0.94261324
1343.753632096626,1.0000237,0.7045435
1343.7550209626072,1.000276,1.1915938
1343.7564098285302,1.0001261,0.97183514
1343.7577986945112,0.99996805,1.2451476
1343.7591875604348,1.0001639,1.100628
1343.7605764264158,0.9998847,0.76094174
1343.7619652923381,1.0001403,0.7569665
1343.7633541582618,1.0003475,1.0889053
1343.7647430242437,0.9999915,0.7743614
1343.7661318901664,1.0000072,0.86658645
1343.7675207561474,1.0001438,1.2588943
1343.7689096220704,0.9996667,0.6540662
1343.7702984879938,1.000146,0.7460754
1343.7716873539753,0.99993175,1.0199655
1343.7730762198973,0.9996181,1.2351861
1343.774465085879,1.0001013,0.990255
1343.7758539518027,1.0000458,0.42495188
1343.777242817725,0.9997743,1.2216321
1343.778631683706,0.999666,0.94746035
1343.7800205496296,0.9998902,1.1241947
1343.7814094155526,0.9996281,1.1622156
1343.7827982815338,0.99970585,1.0344373
1343.7841871474566,0.9999065,0.8724761
1343.7855760133793,0.99990547,1.1048113
1343.7869648793026,0.9996888,0.6065172
1343.7883537452835,0.99991935,1.2668978
1343.7897426112072,1.0001092,1.0991979
1343.7911314771309,1.000131,1.2410159
1343.7925203431112,0.9998202,0.74630135
1343.7939092090342,0.99991316,0.82715636
1343.7952980749576,0.99982995,0.9101399
1343.7966869408806,0.9999374,1.1405742
1343.7980758068034,0.9999261,0.7721037
1343.7994646727846,0.9996895,0.75739443
1343.8008535387075,0.9999426,1.0432857
1343.8022424046312,0.99991184,0.9298413
1343.803631270554,0.9999093,1.4200227
1343.8050201364763,1.0001042,0.6587923
1343.8064090024582,0.9996228,0.66811526
1343.8077978683816,0.99988693,0.9905293
1343.8091867343037,0.9995908,1.0347065
1343.8105756002267,0.9996375,0.5180601
1343.8119644661501,0.9998009,1.2510167
1343.8133533320738,0.9998252,0.535122
1343.814742198055,0.99976796,1.0288676
1343.816131063977,1.0000688,0.80516183
1343.8175199299008,1.0001897,1.3014551
1343.8189087958244,0.999957,0.81057537
1343.8202976617467,0.99981767,0.60625744
1343.8216865276695,0.9999454,1.0469056
1343.8230753935932,0.9998898,0.81752014
1343.8244642595155,0.99999934,1.1209718
1343.8258531254382,0.99980146,0.98335445
1343.827241991362,1.0000321,0.971239
1343.8286308572847,0.9999949,1.359296
1343.8300197232077,0.9999652,0.9580145
1343.8314085891889,0.9997924,0.8203403
1343.8327974551116,0.99991,1.2967712
1343.8341863210353,0.99988323,0.6984172
1343.835575186958,0.99974376,0.7976699
1343.8369640528804,0.9999633,1.1003252
1343.838352918804,0.99990267,0.8186892
1343.8397417847277,0.9997195,0.7016125
1343.8411306506505,1.0000424,0.9012077
1343.8425195165732,0.9999226,0.81569386
1343.8439083824965,0.99974406,0.78302413
1343.8452972483617,0.9995778,0.71410245
1343.8466861142847,0.99976647,0.99816847
1343.8480749802068,0.99971193,1.450588
1343.8494638461302,0.999666,0.6890518
1343.850852712054,0.99942297,0.5664574
1343.8522415779762,0.99994814,0.9018204
1343.853630443899,0.9995908,1.3057183
1343.8550193098226,0.9998812,0.8657968
1343.8564081757456,0.99990934,0.58717024
1343.8577970416686,0.9999776,0.9849018
1343.8591859075914,0.999806,0.9024044
1343.860574773456,0.99998444,1.3852881
1343.8619636393792,1.0001447,0.99736655
1343.863352505302,0.99998343,1.1393179
1343.8647413712256,1.0001689,1.099749
1343.8661302371493,0.999908,0.92775023
1343.8675191030713,0.99966496,1.1483637
1343.8689079689943,0.9997698,0.774966
1343.8702968348598,0.9998247,1.1215644
1343.8716857007826,0.9998652,0.736447
1343.8730745667053,0.9998307,0.6645721
1343.8744634326283,0.9999954,0.9748193
1343.8758522985513,0.9997312,1.4236115
1343.8772411644168,0.9998656,0.7568488
1343.8786300303395,0.9999291,0.91382325
1343.8800188962618,0.999678,0.6912831
1343.8814077621855,1.0000025,1.2839727
1343.8827966280508,0.99973595,1.2959591
1343.8841854939728,0.99996704,0.6740551
1343.885574359896,1.0000738,0.68677545
1343.8869632257613,1.0001745,1.1467618
1343.8883520916847,1.0003922,1.6401911
1343.8897409576077,0.99984145,0.59954774
1343.8911298235298,0.99984694,1.0521336
1343.8925186893953,0.99989444,1.3458264
1343.893907555319,0.99960583,0.9520871
1343.8952964212413,0.9996909,0.7105092
1343.8966852871058,0.99978787,0.7745503
1343.8980741530295,0.9997195,1.1064879
1343.8994630189522,0.9999626,0.87921214
1343.900851884817,1.0000147,0.7765044
1343.90224075074,0.9999672,1.1048282
1343.9036296166046,0.99997944,1.3331224
1343.9050184825276,0.999767,0.36684743
1343.9064073484506,1.0001866,0.6316469
1343.907796214315,1.0000664,0.85904235
1343.9091850802388,1.0001447,1.0680627
1343.9105739461033,0.9996266,0.7039976
1343.9119628120266,0.99985826,0.67934084
1343.91335167795,0.9998696,0.90776306
1343.9147405438148,1.0000465,1.1614876
1343.9161294097376,0.99997723,0.79323936
1343.917518275602,0.9998961,0.8191992
1343.9189071415253,0.99967784,0.65761346
1343.9202960073906,0.99986494,1.1627091
1343.9216848733136,0.99970436,0.84575737
1343.9230737391777,1.0001159,1.1587439
1343.924462605101,0.9995124,0.8760778
1343.9258514709663,0.9998927,0.7019826
1343.9272403368886,0.9999202,0.91016674
1343.9286292027532,0.99974257,0.5479332
1343.9300180686769,0.9997907,1.1298124
1343.9314069345417,0.99985296,1.3063384
1343.9327958004646,0.9998622,0.78114766
1343.9341846663292,0.99990296,1.1263694
1343.9355735321947,1.0001582,0.9776236
1343.9369623981183,0.99979836,0.97426176
1343.9383512639822,0.99998444,1.0236111
1343.9397401299052,0.9993779,0.5824071
1343.9411289957707,0.999974,0.8401639
1343.9425178616934,0.9996185,0.77981174
1343.943906727558,1.0000725,1.2251853
1343.945295593423,0.9998872,1.0467203
1343.9466844593458,0.9999062,0.771636
1343.9480733252103,0.99994767,0.9537727
1343.9494621910753,0.99984574,0.9760436
1343.950851056998,0.9997559,0.5776192
1343.9522399228636,0.9998801,1.1689161
1343.953628788728,0.9998075,0.8893765
1343.9550176546504,0.99981475,0.7213634
1343.9564065205159,0.9998704,1.0575571
1343.9577953863811,0.99960303,0.6047861
1343.959184252304,1.0001879,1.0560812
1343.9605731181687,0.99979573,0.7026051
1343.9619619840335,0.9999816,0.6275408
1343.9633508498987,0.999716,0.9151615
1343.9661285816856,0.9995624,1.3748015
1343.967517447551,0.99959576,0.5889106
1343.9689063134165,0.9997196,1.2114383
1343.9702951793388,0.9997196,0.75046146
1343.9716840452033,0.999867,0.8215176
1343.9730729110688,1.0000767,0.98670495
1343.9744617769334,0.9998113,0.6758832
1343.9758506427984,1.0003568,1.3385283
1343.9772395087211,1.0000492,0.95811
1343.9786283745857,1.0000244,1.0077887
1343.9814061063157,1.0000087,0.9323497
1343.9827949721807,0.9996619,0.6131413
1343.984183838046,0.9996524,0.79216576
1343.985572703968,0.99970526,1.1961867
1343.986961569833,0.99995184,0.6890724
1343.9883504356983,1.0000262,1.0789891
1343.989739301563,0.9997882,0.4380817
1343.9911281674276,0.99984074,0.80119205
1343.9925170332922,0.9999815,0.8950021
1343.9939058991572,0.99976563,0.9551115
1343.9952947650224,1.0001767,1.067807
1343.9966836308872,0.99990374,0.5941529
1343.9980724967513,0.99985296,0.9467888
1343.9994613626166,0.99997073,0.6757726
1344.00085022854,1.0000134,0.90366554
1344.002239094404,0.9999426,0.93998563
1344.003627960269,0.9997573,0.8059229
1344.0050168261341,0.9999399,0.75985074
1344.0064056919996,0.9998231,0.86762786
1344.0077945578644,0.99982333,0.9396591
1344.0091834237282,0.99963486,0.5187672
1344.0105722895937,0.99985,0.99931824
1344.0119611554592,0.9999366,0.6935011
1344.0133500213233,0.99999934,0.8220036
1344.0147388871296,0.99982035,1.0103112
1344.016127752995,0.9997897,0.95942014
1344.0175166188596,0.999597,0.7887075
1344.0189054847244,1.0000069,0.74343187
1344.0202943505892,1.0000908,0.70139337
1344.0216832164538,0.9998195,0.45060566
1344.0230720823192,0.99999094,1.2742277
1344.0244609481838,0.9997556,0.68840593
1344.025849814048,0.99969274,0.6091658
1344.0272386799134,0.9996922,0.78021264
1344.028627545778,0.9998786,0.82558787
1344.0300164115845,0.9997613,0.72944164
1344.0314052774497,1.0001019,1.0050913
1344.0327941433145,0.99978703,0.9871625
1344.0341830091793,0.99978787,0.6736863
1344.0355718750438,0.99952525,1.1479698
1344.0369607409086,0.9997533,0.78168046
1344.0383496067739,0.9998898,1.001331
1344.0397384725807,0.9999649,1.1841794
1344.0411273384445,0.9998056,0.54451054
1344.0425162043098,0.99989945,1.260718
1344.0439050701752,0.9998473,0.7055296
1344.0452939359811,0.9998915,0.91051376
1344.0466828018457,0.99973553,0.44427198
1344.0480716677112,0.9998625,0.9265144
1344.0494605335757,1.0000652,0.9248978
1344.0508493993825,0.99985063,0.7355559
1344.052238265247,1.0000573,0.7771436
1344.0536271311125,0.9997569,0.9274936
1344.055015996978,1.0000991,0.81537455
1344.0564048627837,0.99973166,1.2038136
1344.0577937286484,0.99975425,0.58087695
1344.0591825945137,0.99980026,0.6210083
1344.0605714603203,0.99985415,0.71577126
1344.0619603261848,0.99969846,0.76793885
1344.0633491920496,1.0004282,0.9345399
1344.0647380578562,0.99972016,0.95655316
1344.0661269237216,0.9999838,0.97953165
1344.0675157895862,0.99977064,0.89118344
1344.068904655392,0.99982333,0.5427563
1344.0702935212576,0.99974096,0.90094775
1344.071682387122,1.0001531,0.6190467
1344.073071252928,0.9997848,1.1126753
1344.0744601187932,0.99971235,0.67560315
1344.0758489846003,0.99991745,0.67613786
1344.0772378504653,1.0000571,0.9346037
1344.0786267162716,0.99992615,1.332187
1344.0800155821362,0.99982476,0.5010395
1344.0814044480016,0.9999182,0.892712
1344.0827933138082,0.99946654,0.50717807
1344.084182179672,0.99983037,1.380892
1344.0855710454794,0.9997683,0.6489388
1344.0869599113448,0.9998583,1.1881607
1344.0883487771507,0.99976027,0.65723765
1344.0897376430153,0.99967635,0.9125309
1344.0911265088225,0.99992573,0.98394144
1344.092515374687,1.00008,0.97026885
1344.0939042404937,0.99997014,0.81039107
1344.0952931063584,1.0000427,1.2671682
1344.0966819721648,0.9998916,0.6982044
1344.0980708380303,0.999968,1.2312485
1344.0994597038366,0.9997533,0.67758703
1344.1008485696432,0.999898,0.984584
1344.1022374355084,0.9996897,1.3199167
1344.1036263013152,1.0000658,0.6538287
1344.1050151671798,1.0003012,1.170824
1344.1064040329861,0.9999156,1.1609133
1344.107792898793,0.9999251,0.7761079
1344.1091817646582,1.0000424,1.0192546
1344.1105706304647,0.99991286,0.60856354
1344.1119594963286,0.99971765,0.5487858
1344.1133483621356,1.0000936,0.8654069
1344.1147372279424,0.9997598,0.8461308
1344.1161260938063,0.99976027,1.10775
1344.1175149596133,0.9999803,0.56640124
1344.1189038254206,0.9999545,1.2465154
1344.1202926912265,0.99974656,0.83033216
1344.121681557091,0.9999873,0.85350263
1344.1230704228983,0.9998739,0.75091994
1344.1244592887049,0.99988204,1.1886467
1344.1258481545697,0.9998652,1.2759295
1344.127237020376,0.9997705,0.66085374
1344.1286258861833,0.9999653,1.121324
1344.1300147519905,0.999816,1.1794885
1344.1314036178544,1.0000908,0.6408057
1344.132792483661,0.9998254,0.7663077
1344.1341813494682,0.99985546,0.9615979
1344.1355702152746,0.9998092,0.8066448
1344.1369590811391,0.9999521,0.7496016
1344.1383479469457,1.0001495,0.9544513
1344.1397368127523,0.9999648,0.9729558
1344.1411256785595,0.9998033,0.5576799
1344.142514544366,1.0000561,1.0488657
1344.1439034101718,0.9998922,1.1050059
1344.1452922760373,0.9997076,0.641698
1344.1466811418443,0.9999177,0.9166181
1344.14807000765,0.99982744,0.70751274
1344.1494588734568,0.9997343,0.53854597
1344.1508477392638,0.99980104,0.89249676
1344.1522366050708,0.99974775,1.0060006
1344.1536254708774,0.9998221,0.77615654
1344.155014336683,0.99974424,1.0238842
1344.1564032024903,1.0000752,1.1146858
1344.1577920683558,0.9997718,0.50072646
1344.1591809341617,1.000134,0.91919184
1344.160569799968,0.99958634,0.73073435
1344.1619586657753,0.9993686,0.8705361
1344.1633475315812,0.9998602,0.61576307
1344.1647363973875,0.9995915,0.8705194
1344.1661252631948,0.9998212,0.98743534
1344.1675141290011,0.9998073,0.6531805
1344.1689029948077,0.99994355,0.7545255
1344.1702918606143,0.9998884,0.9885999
1344.1716807264206,0.9999555,0.39406234
1344.1730695922279,0.99999166,0.9845625
1344.1744584580342,0.9998011,0.6697353
1344.175847323841,1.0000741,1.5322334
1344.177236189648,1.0001606,0.6880501
1344.1786250554546,0.9997644,1.2554115
1344.180013921261,0.999806,0.998044
1344.1814027870091,0.9994001,0.59381557
1344.182791652816,0.9999085,0.9983299
1344.184180518623,0.99976915,0.75447154
1344.1855693844295,0.9998982,1.0906389
1344.1869582502354,0.9998102,0.64375263
1344.1883471160425,0.99997276,0.971275
1344.1897359818495,1.0000368,0.62957585
1344.1911248476554,0.9999851,0.9526518
1344.1925137134617,0.99995273,1.1400058
1344.1939025792108,1.0000157,1.0465035
1344.1952914450173,1.0000296,0.59773767
1344.196680310824,0.999967,0.9286761
1344.1980691766303,1.0000271,0.6829293
1344.1994580424375,0.99996084,0.9344635
1344.2008469081866,0.9998548,1.221574
1344.2022357739922,1.0001705,0.6814477
1344.2036246397988,0.99957144,0.5712911
1344.205013505606,0.9998871,1.3848323
1344.2064023714117,0.9998523,0.44975695
1344.20779123716,0.9997218,1.2503155
1344.2091801029674,0.99978757,0.6857631
1344.2105689687737,0.9998361,0.8997487
1344.2119578345219,0.9998467,0.5644041
1344.2133467003287,0.99984795,1.2694732
1344.214735566135,1.0000657,1.1324908
1344.2161244319423,0.9999199,0.95541847
1344.2175132976904,0.9997389,0.772313
1344.2189021634963,0.99964637,0.94638306
1344.2202910293036,0.9999272,0.4970655
1344.2216798950524,0.9999334,1.2330254
1344.223068760859,0.99980986,0.7026087
1344.2244576266653,0.9997455,1.1859893
1344.2258464924137,0.99998677,0.7281425
1344.2272353582207,0.99987924,0.86057234
1344.2286242240273,0.9999311,0.9326121
1344.2300130897747,0.9997792,0.7701156
1344.231401955582,0.99964523,0.8822839
1344.232790821331,0.99988586,1.1016829
1344.234179687137,0.9997276,0.539449
1344.2355685529433,0.9999294,0.6888578
1344.2369574186923,1.000045,1.078944
1344.2383462844987,0.9999684,0.89482695
1344.2397351502473,1.0000672,0.6576096
1344.2411240160536,1.0000043,0.8316352
1344.2425128818018,1.0002322,0.9309244
1344.243901747609,0.99974203,0.65408325
1344.2452906133574,0.9998647,1.0459653
1344.246679479164,0.99966526,0.64049304
1344.2480683449128,0.999589,0.9610565
1344.2494572107194,0.99981683,0.7246367
1344.2508460764675,0.9997439,0.70850587
1344.252234942274,0.9996295,1.0292116
1344.2536238080224,0.9994482,0.5890275
1344.2550126738288,0.9996142,0.8178385
1344.2564015395772,0.9996449,1.0116029
1344.2577904053255,0.9998068,1.0483462
1344.2591792711326,0.9997551,0.94879615
1344.260568136881,0.99948657,0.61329377
1344.2619570026868,0.999815,0.8160974
1344.2647347342427,0.9994204,0.6172289
1344.2661235999904,0.9992018,0.51493907
1344.2702901972948,0.9994796,0.37496185
1344.2716790630432,0.9995748,0.6818222
1344.2730679288488,0.99947256,0.96018124
1344.2744567945979,0.9996637,0.7331569
1344.275845660347,0.9994005,0.8881568
1344.2772345261528,0.99961793,0.5948712
1344.278623391901,0.99946153,1.0398159
1344.28001225765,0.9995932,0.66719455
1344.2814011233982,0.9994798,0.93519723
1344.284178854953,0.999815,1.3408704
1344.2855677207012,0.99959755,0.5376779
1344.2869565864503,0.99941915,1.1664587
1344.2883454522566,0.99935347,0.4627218
1344.2897343180043,0.9996646,1.2481881
1344.2911231837534,0.999656,0.8594663
1344.2925120495024,0.99921817,0.63310933
1344.2939009153088,0.99972063,0.827396
1344.295289781057,0.99940115,0.8999501
1344.2966786468053,0.9996693,0.5392948
1344.298067512554,0.9997208,0.8998103
1344.2994563783027,0.999044,1.1418644
1344.3008452440502,0.9997697,0.7608159
1344.3022341098572,0.99979174,0.6885983
1344.3050118413532,0.99948627,0.7247962
1344.306400707102,0.9996437,0.51283574
1344.307789572851,0.9994933,1.235405
1344.3091784385988,0.9996216,0.58870703
1344.310567304347,0.9993873,0.6866557
1344.311956170096,0.99966145,0.98710835
1344.3133450358441,0.999717,1.1538786
1344.3147339015927,0.9996384,0.6403054
1344.3161227673409,0.99935555,0.6250229
1344.31751163309,0.9995808,1.2328181
1344.3189004988972,0.9993995,0.5339061
1344.3202893646446,0.9996467,0.63550544
1344.321678230393,0.99941605,0.62218994
1344.3230670961418,0.99959517,0.8599129
1344.3244559618902,0.999794,0.9033346
1344.3258448276383,0.9994871,0.42113572
1344.3272336933285,0.99985164,1.0817302
1344.3286225590768,0.99951446,0.48906812
1344.330011424826,0.99974304,1.1142706
1344.331400290574,0.9991402,0.51025176
1344.3327891563217,0.9996623,1.0287626
1344.3341780220708,0.9992213,0.6699054
1344.3355668878196,0.99969834,0.7685131
1344.336955753567,0.99949944,1.0211967
1344.3383446193154,0.99969524,0.6817819
1344.3397334850642,0.999552,0.85164344
1344.3411223508133,0.99953884,0.5921227
1344.3425112165617,0.9994828,0.7463511
1344.343900082251,0.99958247,0.95010567
1344.345288948,0.99976516,0.9010908
1344.346677813749,0.99965477,0.50607
1344.3480666794967,0.9997112,1.1064008
1344.3494555452448,0.9996233,0.67156905
1344.350844410994,0.99943995,0.6737907
1344.3522332766834,0.99962497,0.8926687
1344.3536221424315,0.9995328,0.90877855
1344.3550110081806,0.9993018,0.5403727
1344.3563998739287,0.99964076,0.6813636
1344.357788739677,0.99955654,0.76569325
1344.3591776053672,0.99957246,1.0219289
1344.3605664711154,0.99926966,0.5118088
1344.3619553368644,0.9997864,0.84381235
1344.3633442026126,0.9994487,0.84027964
1344.3647330683027,0.9995179,0.6888497
1344.3661219340515,0.99942625,0.7476985
1344.3675107998001,0.99948144,0.9312869
1344.36889966549,0.9998669,1.0594591
1344.3702885312382,0.99989045,0.8633684
1344.3716773969868,1.0001295,0.8219675
1344.3730662627356,0.99976563,0.74910015
1344.3744551284258,0.9997322,0.762658
1344.3758439941732,0.9999232,0.85323346
1344.3772328598639,0.9997476,0.7829986
1344.378621725613,0.9996385,0.5954116
1344.3800105913606,1.000089,0.90018624
1344.3813994570505,0.9999085,0.97142184
1344.3827883227996,0.9999377,0.55771255
1344.384177188548,0.99981374,0.929391
1344.385566054238,0.99981916,0.86987644
1344.3869549199862,0.9997988,0.75891304
1344.388343785677,0.9998937,0.50993717
1344.3897326514261,0.999819,1.1921223
1344.3911215171154,1.0002229,1.1407257
1344.3938992485546,0.9997974,0.55362105
1344.3952881143027,1.0000194,1.0000399
1344.3966769800509,0.99977666,0.8412632
1344.3980658457413,1.0000548,0.8526006
1344.3994547114894,0.99978447,0.92510855
1344.4008435771793,0.9998021,0.5407373
1344.4036213086179,0.99969405,1.0570749
1344.4050101743087,0.99999094,0.6136247
1344.4063990400568,0.9999597,1.2824633
1344.4077879057463,1.0001565,0.7752608
1344.4091767714954,0.99980414,0.9453274
1344.410565637186,0.99976546,0.5449479
1344.4119545029343,0.9997901,0.85210764
1344.4133433686243,1.0000384,0.67993593
1344.4147322343144,0.99973035,1.070053
1344.4161211000633,0.99962026,1.0433245
1344.4175099657534,0.9998772,1.0422528
1344.4188988314427,0.99979925,1.072003
1344.4216765628826,0.9998598,0.9622679
1344.423065428572,0.9999921,0.4115393
1344.4244542943202,0.999989,1.1041998
1344.425843160011,0.99995494,1.3520447
1344.427232025701,0.99984777,0.5042944
1344.4286208914493,0.99984664,0.77099466
1344.4300097571395,0.99980277,0.743954
1344.4313986228294,0.9999635,0.6929809
1344.4327874885785,0.9997096,1.4548169
1344.4341763542684,0.999582,0.54056025
1344.4355652199579,0.9998461,0.8013058
1344.4369540856487,0.99994665,1.005117
1344.4383429513978,1.0000768,0.78188074
1344.4397318170877,0.9998569,0.61661124
1344.4411206827779,0.9998647,1.3669928
1344.442509548468,0.99988425,0.5010354
1344.4438984141586,0.9997777,0.378314
1344.445287279907,0.99995184,1.1172463
1344.4466761455965,0.9998954,0.6588355
1344.448065011287,0.99974525,0.81121516
1344.4494538769777,0.9998782,0.8593489
1344.4508427426672,0.9999824,1.0297686
1344.4522316083574,0.9997069,1.05536
1344.453620474048,0.9998077,0.9047104
1344.4563982054856,0.9997844,0.5663458
1344.4577870711764,0.9997777,0.94362295
1344.4591759368666,0.9998899,0.58059144
1344.4605648025567,0.99962145,1.0922781
1344.4619536682467,0.999504,0.89353806
1344.4633425339375,1.0000074,0.9554499
1344.4647313996284,1.0000993,0.61563414
1344.4661202653176,0.99976516,0.80150557
1344.4675091310078,0.9997638,0.64738536
1344.4688979966986,1.000034,0.9000778
1344.4702868623885,0.9997297,0.99236083
1344.4716757280785,0.9999374,0.82553744
1344.4730645937689,0.9999851,0.5682623
1344.4744534594588,1.0002788,1.082887
1344.4758423251496,0.9999294,0.8556748
1344.4772311908396,0.9998619,0.82599294
1344.478620056529,0.99983674,0.64956295
1344.48000892222,1.0000024,1.2911321
1344.4813977879107,1.0001756,0.60536414
1344.4827866536,0.99997306,0.9119913
1344.4841755192901,1.0000225,0.62184787
1344.4855643849808,0.99997133,0.8321502
1344.4869532506714,1.0001054,0.6381075
1344.4883421163618,1.0000914,0.9273171
1344.4897309819928,0.9995731,1.189144
1344.4911198476834,0.9998864,0.89553857
1344.4925087133743,0.9998026,0.81040967
1344.4938975790637,1.000122,0.9519105
1344.4952864447537,0.99966896,0.81126106
1344.4980641760762,1.000005,1.1221005
1344.4994530417666,1.0000854,0.8136444
1344.5008419074566,0.9999388,0.5259249
1344.5022307731465,0.9997668,0.9330629
1344.5036196388369,0.9999127,1.1187226
1344.5050085044686,1.0000652,0.48330376
1344.5063973701585,1.0000414,1.1527308
1344.5077862358494,0.9999761,0.70363116
1344.5091751015395,0.9998598,1.3175026
1344.5105639671715,0.9997524,0.5534978
1344.511952832862,1.0001243,1.2232455
1344.5133416985523,0.99969155,0.77981347
1344.5147305642422,0.9997073,1.0132679
1344.5161194298742,0.99999607,0.8820512
1344.5175082955643,0.9994853,1.2486993
1344.5188971612552,1.0001024,1.0902189
1344.5202860268869,0.9999259,0.9789554
1344.5216748925764,0.9996501,0.83006465
1344.523063758267,1.0001767,0.8228533
1344.5244526238994,0.999888,0.9945432
1344.5258414895889,1.0000054,1.749056
1344.527230355279,0.99994445,0.5458823
1344.5286192209114,0.99969846,1.2589613
1344.5313969522335,0.9996043,1.7982831
1344.5327858179235,1.0001643,1.5550317
1344.534174683556,0.9999969,1.1404316
1344.5369524149364,0.9998762,0.85331213
1344.5383412805681,0.99990517,1.1279601
1344.539730146259,0.9998158,0.67033315
1344.5411190118907,0.9999576,0.96416736
1344.5425078775809,0.999775,0.92399526
1344.5438967432128,0.9996918,0.66484916
1344.5452856089028,0.9996899,0.8628266
1344.5466744745354,0.9998523,0.93219864
1344.5480633402253,0.99960977,1.1870804
1344.5494522058566,0.9996223,0.6225479
1344.5508410715474,0.9999606,0.88042486
1344.55222993718,0.99982685,0.9634347
1344.5536188028111,0.99999994,0.6806127
1344.5550076685013,1.0000966,0.91992843
1344.556396534134,1.0000668,0.9777492
1344.5605631310875,0.9997136,1.1102515
1344.5619519967781,0.999827,0.7849345
1344.5633408624103,0.999818,1.140073
1344.5647297280996,1.0002154,0.63668096
1344.566118593732,1.0000852,1.4109086
1344.5675074593646,1.0000323,0.5184384
1344.5702851906858,0.9998193,1.2454976
1344.5716740563184,0.9995963,0.7380807
1344.5730629220086,1.000045,1.1870433
1344.5744517876406,1.0000261,1.3615229
1344.5758406532723,1.0001767,0.53639394
1344.577229518904,0.99991316,0.73614085
1344.5786183845948,1.0000606,1.1957182
1344.5800072502268,0.99977267,0.860433
1344.5813961158588,0.9998249,0.7858655
1344.5827849814914,0.99998593,1.237233
1344.5841738471813,0.9996144,0.8278552
1344.585562712813,0.9998951,0.75053847
1344.586951578445,1.0002981,1.3749137
1344.588340444077,0.99981266,0.7074644
1344.5897293097096,1.0002596,0.72024965
1344.5911181753995,0.99990916,1.2426597
1344.5925070410308,1.0001353,0.88249135
1344.5938959066634,0.99995494,0.69444406
1344.5952847722958,1.0001324,1.3539945
1344.5966736379269,0.9999108,1.2889005
1344.598062503559,1.000038,0.9591308
1344.5994513691915,0.9997109,0.67137086
1344.6008402348816,0.9999167,0.81969386
1344.6022291005133,0.9999119,1.4018391
1344.603617966145,0.9999714,0.5123898
1344.6050068317777,0.9998098,0.8805716
1344.6063956974103,0.9999048,0.9756721
1344.6077845630416,0.99999994,1.0013222
1344.6091734286733,1.0001549,0.99307406
1344.610562294306,0.9999326,0.9837979
1344.6119511599377,0.9997282,1.088741
1344.6133400255699,0.9997683,0.85224557
1344.6147288912016,0.9997905,1.1945456
1344.6161177568333,0.99981034,0.5502143
1344.6175066224653,1.0001874,1.1365494
1344.6188954880972,0.9997181,0.8781388
1344.620284353729,0.99993944,1.1112496
1344.6216732193616,0.9998392,0.89172494
1344.6230620849933,0.9997864,1.4361724
1344.6244509506246,0.99989694,0.54690707
1344.6258398162572,1.0000526,0.7641345
1344.6272286818898,0.99972886,1.1679955
1344.6286175475216,0.9998446,0.60427994
1344.630006413095,1.000216,1.1257607
1344.6313952787273,0.99985,1.3762399
1344.6327841443597,0.9998899,0.70811874
1344.6341730099916,1.0000088,0.9859432
1344.635561875623,0.9998316,0.99356973
1344.6369507412553,0.9995997,0.816399
1344.6383396068877,1.0000815,1.1268729
1344.6397284724608,0.99999785,1.0962559
1344.6411173380925,0.9999112,0.95710284
1344.6425062037251,0.9999521,0.7607198
1344.643895069357,0.9997355,1.1952311
1344.645283934989,0.9998133,1.1631932
1344.6466728005626,0.9997817,0.70298773
1344.6480616661945,1.000147,0.97216225
1344.649450531827,1.0000398,1.3183715
1344.650839397459,0.99965006,0.74504554
1344.6536171286652,0.99978507,0.6081473
1344.655005994297,0.9999687,1.0194176
1344.6563948599287,0.9997722,0.84433997
1344.6577837255027,0.9998544,1.2042476
1344.6591725911344,1.0000648,0.9890194
1344.660561456767,0.9999684,1.1370829
1344.6619503223405,1.0001657,0.72445714
1344.6633391879718,1.0001436,1.0197467
1344.6647280536044,0.99981046,0.8666563
1344.6661169191789,0.9998264,0.9039914
1344.66750578481,0.9997282,0.74869525
1344.6688946504419,0.9999403,1.1870369
1344.670283516016,0.99975276,0.75884795
1344.671672381647,1.0003215,1.231526
1344.673061247221,1.0000646,0.6710465
1344.6744501128535,1.0002241,1.6038128
1344.675838978486,0.99950653,0.5426492
1344.6772278440599,1.0000277,1.0328554
1344.678616709691,0.99965394,0.5341097
1344.680005575265,1.0000036,1.2999071
1344.691116500088,0.9999245,0.7542103
1344.6925053657205,0.9998861,0.6588017
1344.6938942312943,0.99969673,0.8293656
1344.6952830969253,1.0000972,1.0408967
1344.6966719624997,1.0001564,0.898625
1344.6980608280742,1.0001655,1.1810896
1344.699449693706,1.000001,1.2112905
1344.7008385592796,0.9998748,0.7836263
1344.7022274249116,1.0001235,0.9028944
1344.703616290486,1.0002428,1.0857867
1344.7050051560595,1.0000007,0.8359104
1344.7063940216908,1.000183,0.9157953
1344.7077828872652,0.9998996,0.7487869
1344.7091717528394,1.0000732,0.8723283
1344.7105606184705,1.0000479,0.998484
1344.7119494840442,1.00011,0.80005777
1344.7133383496184,1.0000337,0.8910483
1344.7147272152506,1.0002091,1.0916187
1344.7161160808241,1.0000745,0.8946682
1344.7175049463976,1.0002347,1.0332838
1344.7188938119716,1.000217,1.0900365
1344.720282677604,1.0001296,0.828403
1344.7216715431778,1.000159,1.038957
1344.7230604087513,0.9999569,0.76882726
1344.7244492743257,1.0000564,0.9324596
1344.7258381399574,1.0001148,1.0778902
1344.7272270055312,1.0001565,1.1808149
1344.728615871105,1.0001456,1.1054622
1344.7300047366784,0.99998116,1.250024
1344.7313936022522,1.0002224,0.82799333
1344.732782467826,1.0001788,1.1482451
1344.7341713334577,1.0001385,0.9476755
1344.735560199032,1.0000094,0.6936853
1344.7369490646056,1.000406,1.0624242
1344.7383379301787,1.0000736,0.81515425
1344.739726795753,1.000081,0.8852054
1344.7411156613275,1.0001037,1.1637315
1344.7425045269003,1.0000685,0.85354674
1344.743893392474,0.99976933,0.81058294
1344.7452822580485,0.9998847,1.0359195
1344.746671123622,1.0002625,1.359589
1344.7480599892538,1.000003,1.0247608
1344.7494488548275,0.99994665,0.69792736
1344.7508377204017,1.0000136,0.9342338
1344.7522265859761,1.0002382,1.4165514
1344.7536154515492,1.0000743,0.9022773
1344.7550043171227,0.99999046,1.117194
1344.7563931826971,1.0001167,1.2150513
1344.7577820482709,1.0000074,0.9066129
1344.7591709138446,1.000064,1.137884
1344.7605597794181,1.0001148,0.94994104
1344.7619486449335,1.0000972,0.9932183
1344.7633375105079,0.9997708,0.8425504
1344.7647263760816,1.000112,0.9754994
1344.7661152416545,1.0001539,1.2416719
1344.767504107229,1.0003169,1.0470754
1344.7688929728033,1.0000211,0.7594
1344.7702818383764,1.0001669,0.82209694
1344.77167070395,1.0000567,1.0705897
1344.7730595695243,0.9999085,0.82434416
1344.7744484350987,1.0000883,1.1138939
1344.775837300614,0.99978757,0.7543655
1344.7772261661871,1.0000374,1.05318
1344.7786150317615,1.000254,1.097612
1344.7800038973357,1.0001626,1.056723
1344.7813927629086,1.0000771,1.0433196
1344.7827816284826,1.0000829,0.93803
1344.7841704939985,1.0000635,1.0041438
1344.7855593595723,0.9998789,0.89646137
1344.7869482251458,1.0001944,0.8858307
1344.7883370907193,0.9999699,1.2050233
1344.789725956235,1.0000982,0.7779597
1344.7911148218093,0.99981457,1.1268194
1344.792503687383,1.0000644,1.1130476
1344.793892552956,1.0001411,1.1203982
1344.795281418472,0.99998695,1.1601977
1344.7966702840458,1.0000676,0.9972651
1344.7980591496193,1.00014,0.71319044
1344.7994480151356,1.0000881,0.96901333
1344.800836880709,1.0002017,0.810915
1344.8022257462828,1.0000231,0.854895
1344.8036146117984,1.000088,1.213191
1344.8050034773719,1.0000452,0.8527106
1344.8063923429463,1.0002223,0.94692874
1344.8077812084616,1.0000949,1.1626188
1344.8091700740347,1.0002353,0.9204965
1344.810558939551,1.0001324,0.9393418
1344.8119478051253,1.000043,0.9309951
1344.81333667064,1.0002339,1.060453
1344.8147255362137,1.0000281,0.8581668
1344.8161144017881,1.000051,1.0733881
1344.8175032673034,0.99993587,0.9749905
1344.818892132877,1.0002228,0.95646906
1344.8202809983927,1.0001996,1.1636099
1344.821669863967,1.0000876,1.2078714
1344.823058729483,0.99993837,0.75445104
1344.824447595056,1.0000356,0.8023335
1344.8258364605713,1.0001866,1.0805914
1344.8272253261457,1.0000399,0.5732455
1344.8286141916612,1.0001961,0.94478744
1344.830003057235,0.99986994,1.0589873
1344.8313919227503,1.0000548,0.87731385
1344.8327807882658,1.0000798,1.0825493
1344.83416965384,1.0003492,0.96376264
1344.8355585193558,1.000241,1.1326205
1344.8369473849286,1.0001347,0.8237442
1344.8383362504446,1.0001506,1.0050865
1344.8397251159608,1.0003046,1.1104239
1344.841113981534,1.0001011,0.9213572
1344.8425028470492,1.0000279,0.8556062
1344.8438917125654,1.0002755,1.0608155
1344.8452805781399,1.0000486,1.0787092
1344.8466694436552,0.999949,1.1557096
1344.84805830917,0.9998449,0.6538067
1344.8494471747445,1.0001372,0.9164363
1344.8508360402607,1.0002016,0.9761926
1344.8522249057753,1.0001037,0.9108525
1344.853613771349,0.999982,0.9532286
1344.855002636865,1.0000486,0.89582634
1344.8563915023806,1.0000545,0.9584692
1344.8577803678959,0.9999917,0.8886956
1344.8591692334696,1.0000188,0.9769019
1344.8605580989852,0.9998396,0.927638
1344.8619469645005,0.99997056,1.1359656
1344.863335830016,1.0000033,0.985968
1344.8647246955315,0.9999164,0.8061664
1344.866113561106,0.99998486,0.8703852
1344.8675024266213,1.0001652,1.098004
1344.8688912921366,1.0000756,0.770208
1344.8702801576528,1.0003009,1.1707077
1344.8716690231681,1.0001954,0.9702811
1344.873057888684,1.0002465,0.8785181
1344.8744467542574,0.99997556,0.78349465
1344.8758356197727,1.0000439,1.117183
1344.877224485289,1.0000607,0.76245135
1344.8786133508045,0.99989814,0.82710093
1344.880002216319,1.000096,0.95467484
1344.8813910818353,1.0000851,0.9919735
1344.8827799473515,1.0003732,1.3244802
1344.8841688128664,1.0000008,0.6598113
1344.8855576783817,0.9999336,0.7114895
1344.886946543898,0.9998302,0.9923667
1344.8883354094132,1.0002224,1.0607198
1344.8897242749288,0.9999995,0.7601619
1344.8911131404443,0.9999873,1.0364274
1344.8925020059605,1.0001633,0.9614413
1344.8938908714765,1.000316,0.8900105
1344.8952797369911,0.9999189,0.9334333
1344.8966686025067,1.0001642,0.8814093
1344.8980574680227,1.0001385,0.88157994
1344.8994463335384,1.0003477,0.7682532
1344.9008351990537,1.0001068,0.67944634
1344.902224064569,0.99979573,0.70873094
1344.9036129300848,1.0000203,0.98842335
1344.9050017956008,1.0001941,1.2943858
1344.9063906610581,1.0001594,0.8593974
1344.9077795265728,1.0001507,0.7381151
1344.9091683920888,0.9999313,0.86797506
1344.910557257605,1.000161,1.2186782
1344.9119461231198,0.99996096,0.8414282
1344.9133349886351,1.0000772,0.95539415
1344.9147238541514,0.9999903,0.8050802
1344.9161127196094,1.0000206,0.85030997
1344.9175015851247,0.9999352,0.84536517
1344.9188904506395,1.0000257,0.96803904
1344.9202793161558,1.0002975,1.037947
1344.9216681816138,1.0002569,0.9852929
1344.9230570471284,1.0003024,0.87510633
1344.924445912644,1.0001947,1.1002635
1344.9258347781602,1.0000721,1.058579
1344.9272236436166,0.9999176,0.78817844
1344.928612509132,0.9998805,0.8219409
1344.9300013746483,1.0001082,0.8253595
1344.9313902401636,0.9999985,0.96886945
1344.9327791056207,1.000202,0.93154764
1344.9341679711363,1.0001546,0.92580664
1344.9355568366518,1.0000217,1.0885624
1344.9369457021098,1.0002381,1.0086435
1344.9383345676251,1.0001144,1.0693492
1344.9397234330822,0.99991417,0.8087209
1344.9411122985985,1.0000398,1.1986204
1344.942501164114,1.0001484,0.9245503
1344.9438900295713,1.0002378,0.80921084
1344.9452788950866,0.9999274,0.877422
1344.9466677605437,1.0002092,1.2200458
1344.94805662606,1.0002115,0.9390626
1344.9494454915755,1.0002724,0.89942825
1344.950834357032,1.0000985,1.1032327
1344.9522232225481,0.9999152,0.8366208
1344.9536120880061,1.0001613,1.0311104
1344.955000953521,0.9998835,0.79108465
1344.956389818978,1.0001618,0.9196321
1344.9577786844943,0.99999726,0.94861597
1344.9591675499514,1.0000954,0.7490635
1344.960556415467,1.0000142,0.71032256
1344.9619452809243,1.000052,0.9902991
1344.9633341464405,1.0000522,0.72417545
1344.9647230118983,1.0001907,0.79701835
1344.9661118773547,1.0001276,0.8889109
1344.9675007428705,1.0000691,1.1568288
1344.9688896083283,0.99988794,0.90713716
1344.9702784738438,0.99989986,0.91670585
1344.971667339301,0.9998685,0.84647715
1344.9730562047582,1.0002372,0.8560761
1344.9744450702738,0.99999195,0.9546647
1344.9758339357315,1.0000607,0.91482186
1344.977222801247,1.0000683,1.1596521
1344.9786116667037,1.0001745,0.7520901
1344.9800005321615,1.0000137,0.9953561
1344.9813893976775,1.0001569,0.8302978
1344.9827782631342,1.000182,1.0039488
1344.9841671285915,0.9998936,0.9663212
1344.9855559940493,0.9999309,0.8494247
1344.9869448595655,1.0000097,1.1726267
1344.9883337250228,1.0000676,0.8731917
1344.9897225904792,0.99990463,0.99874115
1344.9911114559372,1.0001634,1.0826267
1344.9925003214535,1.000183,0.9195038
1344.99388918691,1.0000324,0.8623841
1344.9952780523672,0.999998,0.5540828
1344.9966669178252,0.99991703,0.9137573
1344.9980557833399,1.0001096,0.71248484
1344.9994446487972,1.0000582,1.00709
1345.0008335142552,1.0000648,0.78091407
1345.0022223797123,1.0001266,0.80799866
1345.0036112451694,0.9999502,0.9412391
1345.005000110627,1.0001439,0.98030066
1345.006388976084,1.0000253,0.6953428
1345.0077778416003,1.0001044,1.1757808
1345.0091667070574,1.0000873,0.8528049
1345.0105555725147,1.0000063,1.1260788
1345.0119444379725,1.0001299,0.8440501
1345.0133333034298,1.0001456,0.98339117
1345.0147221688871,0.9999253,0.8219805
1345.0161110343442,1.0001545,1.1107742
1345.0174998998016,1.0000821,0.9172138
1345.0188887652594,1.0001162,0.9341985
1345.020277630717,1.0000066,0.83048594
1345.0216664961733,0.9999259,0.7890641
1345.0230553616311,1.0000947,1.0053159
1345.0244442270891,1.0001221,0.7720635
1345.0258330925458,1.0001781,0.8265109
1345.0272219580029,1.0000441,1.0432116
1345.028610823461,1.0000424,1.0902063
1345.029999688918,1.000029,0.9073106
1345.0313885543756,1.0000817,0.8629328
1345.0327774198327,1.0000399,0.8094349
1345.0341662852907,1.0000368,0.7215485
1345.0355551507487,1.0001159,1.0029122
1345.036944016205,0.9999154,0.9288147
1345.0383328816042,1.0001299,0.8848819
1345.039721747062,0.99998814,0.7947895
1345.0411106125193,1.0001683,1.0447968
1345.0424994779764,1.0002704,0.84521776
1345.0438883434338,0.99994165,1.1247884
1345.045277208891,1.0002099,1.1251749
1345.046666074291,1.0001982,0.8044046
1345.048054939748,1.0001003,0.6953176
1345.0494438052046,0.99982786,0.7736703
1345.0508326706627,0.9998518,1.100864
1345.0522215361204,0.99990547,0.71923816
1345.0536104015187,1.0001048,1.0863293
1345.054999266976,1.0001675,0.878067
1345.0563881324338,1.0001162,0.96457237
1345.0577769978913,1.0000736,0.7235669
1345.0591658632902,1.0000777,0.9686011
1345.0605547287473,1.0001254,0.9276085
1345.0619435942053,1.0001,0.7859139
1345.0633324596051,1.0002218,0.85904944
1345.0647213250618,0.99985206,0.87430346
1345.0661101905189,0.99993056,0.7847717
1345.0674990559187,1.0000598,1.2523588
1345.0688879213758,1.0002232,0.92108786
1345.0702767868331,1.0001942,1.0718185
1345.0716656522322,0.9999177,0.9804059
1345.0730545176893,1.0000676,0.98696434
1345.0744433831467,1.0000765,0.83695936
1345.0758322485458,1.0001156,0.8233775
1345.077221114003,0.9999658,0.677644
1345.0786099794027,0.99994403,1.0731133
1345.0799988448598,1.0002053,1.0513579
1345.0813877102582,1.0000527,0.93186957
1345.0827765757163,1.0001918,0.9617892
1345.084165441116,0.9999867,1.143828
1345.0855543065732,1.0001814,0.977731
1345.0869431720303,1.0001049,1.0818146
1345.0883320374296,0.99999547,0.72505593
1345.0897209028292,0.99996054,1.1259314
1345.0911097682865,1.0000567,0.80915046
1345.0924986336847,1.0001554,0.90380836
1345.0938874991425,1.0000175,0.8186238
1345.0952763645423,1.0001296,1.2240866
1345.096665229999,0.9999545,1.0874299
1345.0980540953979,1.0001243,0.93949455
1345.0994429608559,1.0001303,0.90326536
1345.100831826255,1.0000552,0.9521409
1345.102220691654,1.0002106,1.1877632
1345.1036095571112,1.0000576,0.9523244
1345.1049984225103,0.9999921,0.80619323
1345.10638728791,0.9998693,1.0055867
1345.1077761533672,1.0000634,0.96881604
1345.1091650187664,0.99997413,1.2187177
1345.1105538841662,1.0002017,0.98375535
1345.1119427496233,1.0000644,0.8902955
1345.1133316150222,0.99989945,0.7505107
1345.1147204804215,1.0000067,1.0039964
1345.1161093458786,1.0002067,1.1754111
1345.1174982112784,0.999999,0.95885354
1345.1188870766773,1.0000957,0.7230496
1345.1202759420758,0.99989027,0.8607937
1345.1216648075338,0.9999967,0.961082
1345.1230536729333,0.9998312,0.8294562
1345.1244425383316,1.0000333,0.93527627
1345.125831403731,1.0000054,0.8830569
1345.1272202691887,0.99991184,0.92831445
1345.1286091345878,0.99990046,0.94976604
1345.1299979999867,0.99987394,1.029359
1345.1313868653858,0.9999269,0.95185745
1345.1327757307854,0.999862,0.8290056
1345.1341645961852,1.0000018,0.7467296
1345.1355534615836,1.0000136,0.8927716
1345.1369423270407,1.0000231,0.85424113
1345.1383311924405,1.0001067,0.86941636
1345.1397200578394,1.0001687,0.76980233
1345.1411089232388,1.0000277,1.0739704
1345.1424977886377,1.0000757,1.1967019
1345.1438866540366,0.9999595,0.84120786
1345.1452755194364,0.9998438,0.64792013
1345.1466643848355,0.9999699,0.73926544
1345.1480532502337,0.9998235,0.8347012
1345.1494421156335,1.0000482,0.8708817
1345.1508309810324,1.0001204,0.9138137
1345.1522198464309,1.0000385,0.94457245
1345.1536087118307,1.0000225,1.0696379
1345.1549975772305,1.0003119,0.81327367
1345.1563864426294,1.0002289,1.2011966
1345.1577753080285,1.0000515,0.9963745
1345.1591641734276,1.0001174,1.0534251
1345.1605530388272,1.0000281,0.91434664
1345.1619419042263,1.000143,0.970436
1345.1633307696247,0.9999803,0.9127025
1345.1647196350243,1.0000439,0.9706317
1345.166108500424,1.0002933,0.8067503
1345.1674973657641,1.0000128,1.0037819
1345.1688862311632,0.99992675,1.100887
1345.1702750965628,1.0001428,1.0337313
1345.171663961962,0.9998919,0.83394945
1345.173052827361,1.00002,0.9511223
1345.17444169276,1.0001256,0.928329
1345.1758305581009,1.000025,0.94090146
1345.1772194235004,0.99978924,0.92167544
1345.1786082888998,0.99991035,1.0152191
1345.1799971542987,0.9999928,1.0217146
1345.1813860196985,1.0002363,1.161522
1345.1827748850392,1.0001818,0.9474082
1345.1841637504383,0.99999964,1.0271145
1345.1855526158374,0.9999463,1.0892645
1345.1869414812363,1.0000199,0.8648613
1345.188330346578,0.9998608,0.9565122
1345.1897192119768,1.0000918,1.0611184
1345.1911080773752,1.0000453,0.7390555
1345.1924969427168,1.0001149,0.8573982
1345.1938858081166,0.9999098,0.7950097
1345.1952746735149,1.0000813,0.9789094
1345.1966635388558,1.0001131,0.9116603
1345.1980524042556,1.0000886,1.155524
1345.1994412696545,0.9999924,0.8016523
1345.2008301349952,1.0002142,0.9422634
1345.2022190003943,1.000249,0.95298254
1345.2036078657356,1.0000987,0.95612144
1345.2049967311355,1.000096,0.8307511
1345.206385596534,1.0000968,1.0740963
1345.2077744618746,1.0000104,0.9624386
1345.2091633272744,0.99990815,0.7704814
1345.2105521926153,1.0000829,1.0321604
1345.2119410580144,1.0000122,1.0581669
1345.213329923355,0.99998814,1.0771564
1345.214718788754,1.0000312,0.9892801
1345.2161076540956,1.0002352,0.8398349
1345.2174965194947,1.0000235,0.96193445
1345.2188853848347,0.9999716,1.2090415
1345.2202742502345,0.9999888,0.80933267
1345.2216631155761,0.99998534,0.92279255
1345.2230519809746,0.9998563,0.9129058
1345.2244408463152,1.000197,0.7512305
1345.225829711715,1.0000925,0.9930426
1345.2272185770566,1.0001196,1.1288443
1345.2286074423973,1.0000175,1.0913798
1345.2299963077958,1.0001222,0.78701466
1345.2313851731374,1.0001614,1.060846
1345.2327740384787,1.000098,0.847849
1345.234162903877,0.99998385,0.8753668
1345.235551769218,0.9999486,0.9902276
1345.2369406345595,1.000114,1.0364777
1345.2383294999577,0.999672,0.7916194
1345.2397183652986,0.99979115,1.0018767
1345.24110723064,1.0000018,0.8737785
1345.2424960960393,1.0000191,1.0320262
1345.24388496138,0.99995685,0.8484299
1345.2452738267207,1.0000921,1.081538
1345.2466626920618,1.0000604,0.9434551
1345.2480515574614,1.0000808,0.93807447
1345.2494404228023,0.99971235,0.7134301
1345.250829288143,0.9998926,0.9211112
1345.2522181534846,1.0000733,1.0714633
1345.2536070188835,1.0002289,1.0904381
1345.2549958842244,0.9999589,0.79746157
1345.2563847495653,1.000148,1.007419
1345.257773614906,1.0002128,0.841525
1345.2591624802476,1.0003465,1.0616521
1345.2605513455883,0.9998951,0.90053725
1345.2619402109867,1.0001268,0.55927294
1345.2633290763283,1.0003119,0.8866727
1345.26471794167,0.9999921,0.9238433
1345.26610680701,0.99994165,1.0046451
1345.2674956723508,1.0001694,1.0919746
1345.2688845376924,1.0002095,0.9487863
1345.2702734030331,0.99998194,0.6014561
1345.2716622683738,0.9999313,1.0926996
1345.273051133715,0.9999639,0.61875117
1345.2744399990563,1.000096,0.8722612
1345.2758288643977,1.0001551,0.7899221
1345.277217729738,0.9999745,0.7746472
1345.2786065950786,1.000116,0.8052769
1345.2799954604202,1.0001456,1.1852663
1345.281384325761,1.0003259,1.1591437
1345.282773191102,1.000121,0.85664415
1345.2841620564427,1.0001478,0.6890757
1345.2855509217836,0.9998909,0.96372145
1345.286939787125,1.0000368,1.0020944
1345.2883286524661,1.0000886,1.0007147
1345.2897175178061,1.0002266,0.9512058
1345.2911063831475,1.0002108,0.8512118
1345.292495248489,1.0002381,0.8501167
1345.2938841138293,0.9999631,0.9133017
1345.2952729791118,0.999904,1.0131867
1345.2966618444534,0.99999297,0.7779949
1345.298050709795,1.0001551,0.9300575
1345.2994395751357,1.0001955,0.75529134
1345.300828440476,1.0000196,0.83241844
1345.3022173058175,0.99998593,0.9058858
1345.303606171101,1.0000128,0.7412838
1345.304995036441,1.0001307,0.96508604
1345.3063839017818,1.000073,0.65681005
1345.3077727671232,0.9999726,1.1883113
1345.309161632406,1.0000252,1.1450807
1345.3105504977466,1.0001411,0.72777385
1345.3119393630875,1.0001954,0.9241036
1345.3133282284284,1.0002236,1.0392566
1345.3147170937118,1.0001044,0.7342582
1345.3161059590525,1.0000074,0.97630954
1345.3174948243927,0.9999905,0.81065243
1345.318883689676,1.000132,0.8020053
1345.3202725550175,1.0001084,1.0662104
1345.3216614203584,1.0000871,0.7536993
1345.3230502856409,1.0000879,0.7360542
1345.3244391509816,1.0002396,1.0054944
1345.3258280163227,1.0000701,0.7063956
1345.3272168816052,1.0000302,1.2594754
1345.3286057469459,0.99987197,0.7176516
1345.3299946122293,1.0000062,0.8845481
1345.3313834775702,1.0002332,0.91603625
1345.3327723429102,1.0002034,0.77235955
1345.3341612081936,1.0000435,0.99400306
1345.3355500735352,1.0001006,1.0820819
1345.3369389388172,1.0001581,1.2302692
1345.3383278041579,1.0000311,0.8032197
1345.3397166694413,0.99999094,0.7057802
1345.341105534782,1.0000333,1.0829818
1345.3424944000647,0.9999141,0.72383714
1345.3438832654056,0.99998915,0.82413244
1345.345272130689,1.0000293,0.8056786
1345.3466609960303,0.9998637,0.5918877
1345.3480498613121,0.9997949,0.7598909
1345.349438726653,0.9998056,0.8884185
1345.3508275919362,0.9997225,0.60799503
1345.3522164572191,1.0002337,1.0180197
1345.3536053225598,0.99991316,0.9323138
1345.3549941878423,1.0001719,1.0022451
1345.3563830531834,1.0000407,0.6810417
1345.3577719184666,1.0000912,0.76508933
1345.3591607837493,1.000195,0.9490155
1345.3605496490893,0.9999309,0.9067734
1345.3619385143725,1.0001559,0.9171922
1345.3633273796559,1.0000733,1.0712869
1345.364716244996,1.0002228,1.0103425
1345.3661051102786,1.0002838,0.73434347
1345.367493975562,0.99988157,0.69893575
1345.3688828408447,1.0000824,1.0729163
1345.3702717061856,1.000066,0.8222448
1345.371660571468,1.0001132,0.91430616
1345.3730494367514,0.99989104,0.89294016
1345.3744383020348,0.99997526,0.8111589
1345.3758271673748,1.0001675,0.83779657
1345.3772160326575,1.0001442,1.058586
1345.378604897941,1.0000757,0.7240989
1345.3799937632234,1.0001849,0.93132704
1345.381382628506,0.99990046,0.9449508
1345.382771493847,1.0001651,0.8180035
1345.3841603591295,0.99998647,0.7571988
1345.385549224413,1.0000632,0.8856722
1345.3869380896954,0.99997777,1.1303128
1345.3883269549774,1.0000726,0.77444917
1345.3897158202608,1.0000893,0.8905692
1345.391104685544,0.9996392,0.7269087
1345.3924935508257,0.9997698,1.226552
1345.3938824161087,1.0000801,0.8646722
1345.3952712813918,0.9998364,0.81091356
1345.3966601467332,1.0000277,0.7762047
1345.398049012016,1.0001389,0.903746
1345.3994378772977,0.9999467,1.1988087
1345.400826742581,0.9999959,0.7795887
1345.4022156078645,1.0000976,1.1726158
1345.4036044731465,1.000119,1.2013026
1345.404993338429,1.000002,0.6014261
1345.4063822037124,1.0000433,0.90843654
1345.4077710689367,0.99985147,0.78971267
1345.4091599342196,0.9998954,0.876331
1345.410548799502,1.0000466,0.7826397
1345.4119376647845,0.9997778,0.57470703
1345.413326530068,0.99984074,0.94047236
1345.4147153953506,0.9999761,0.820706
1345.4161042606324,1.0002387,0.8604562
1345.4174931259158,0.9999863,0.8492935
1345.4188819911992,0.9999073,0.7951596
1345.4202708564817,1.0001568,0.7107085
1345.4216597217062,1.0000756,0.67145884
1345.423048586989,0.99995786,1.1486048
1345.4244374522723,0.9999927,0.79541147
1345.4258263175548,1.0002071,1.1483938
1345.4272151828368,1.000002,0.9066119
1345.42860404812,0.999965,0.8750717
1345.4299929133444,1.0001116,0.86815983
1345.4313817786265,1.0002631,0.93827176
1345.4327706439096,1.0001751,0.838276
1345.4341595091928,0.9999031,0.78763425
1345.4355483744166,1.0000656,0.667161
1345.4369372396993,0.9998695,0.889765
1345.4383261049825,0.99986917,0.8261728
1345.439714970207,0.9999227,1.063172
1345.4411038354897,0.9998697,0.78638947
1345.4424927007722,1.0001136,1.0044739
1345.4438815659973,0.9998735,0.750405
1345.4452704312807,0.99983454,0.7423718
1345.4466592965628,1.0000061,0.96993387
1345.448048161787,1.0001801,1.0291532
1345.4494370270704,1.0000414,0.74554896
1345.450825892353,1.000004,0.81323344
1345.4522147575774,0.99962723,0.71631896
1345.45360362286,0.9996933,0.68001807
1345.4549924880844,1.0001092,1.0514715
1345.4563813533678,1.0002878,0.8101867
1345.457770218592,0.9999093,1.0332252
1345.459159083874,0.99998677,0.84172785
1345.4605479490992,1.000082,0.99109375
1345.4619368143826,0.9999697,1.0692427
1345.4633256796644,0.9999448,0.81104267
1345.464714544889,1.0000526,0.8287212
1345.4661034101139,0.99984694,0.8372437
1345.467492275397,0.99997824,0.74488765
1345.4688811406218,1.0000383,1.0715381
1345.4702700059036,0.9999485,0.9855393
1345.4716588711285,0.99994904,0.5661892
1345.473047736412,1.0000291,1.197125
1345.4744366016357,1.0000669,1.0950745
1345.4758254669182,0.99985564,0.7303747
1345.4772143321434,0.99997824,1.2299699
1345.4786031973679,0.9999846,0.9636941
1345.4799920626506,1.0002636,0.9859227
1345.4813809278749,1.0001355,0.72188437
1345.4827697930991,1.000173,0.76922
1345.4841586583825,1.0000362,0.69811463
1345.485547523607,0.9999782,0.9053416
1345.4869363888306,1.0000772,0.70473164
1345.488325254114,1.0002255,0.8560389
1345.4897141193392,1.0000912,0.93732166
1345.4911029845634,0.9998836,0.67725873
1345.492491849788,1.0001346,0.9661975
1345.4938807150706,1.0000201,1.1425837
1345.4952695802958,1.0001625,0.8081894
1345.49665844552,1.0001955,0.92048776
1345.498047310744,1.0002372,0.7633298
1345.4994361760273,1.0000161,1.0395187
1345.5008250412523,0.9999494,0.9364407
1345.5022139064758,1.0001287,0.57102096
1345.5036027717006,1.000462,1.133705
1345.5049916369255,0.9997026,0.6271837
1345.50638050215,1.0001109,0.9027809
1345.5077693674325,1.0001218,0.99579763
1345.5091582326568,1.0001489,0.7649814
1345.5105470978815,1.0001287,0.8614197
1345.5119359631065,1.0000496,0.900035
1345.513324828331,0.9999589,0.7864994
1345.5147136935552,1.0000279,1.0577538
1345.5161025587804,0.99992436,0.9359946
1345.5174914240047,0.9999592,0.7003394
1345.5188802892292,1.0001489,1.0313736
1345.5202691544537,1.0003248,0.8440618
1345.521658019678,0.9997255,1.0799811
1345.5230468849031,0.99996066,0.9063674
1345.5244357501274,1.0000949,0.90237635
1345.5258246153512,0.99991953,0.742936
1345.5272134805764,0.99993193,0.84690464
1345.5286023458016,0.99982923,0.8798629
1345.5299912110252,1.0000696,1.0495014
1345.5313800762497,1.0001173,0.99320805
1345.5327689414748,1.0001311,1.5322164
1345.534157806699,0.99976146,0.42875192
1345.5355466719234,0.99991095,0.98207605
1345.536935537148,1.0002555,1.2796909
1345.538324402373,1.0002683,1.2014918
1345.5397132675976,0.9997306,0.8727307
1345.5411021327632,0.99972326,0.9928987
1345.5424909979881,0.9996907,1.2296749
1345.543879863213,0.99984777,0.8283213
1345.545268728437,1.0002227,0.90263796
1345.5466575936612,0.9999861,0.6882038
1345.5480464588863,0.99987656,1.2127086
1345.5494353240526,1.0001316,0.7036156
1345.5508241892771,1.0000021,0.9756485
1345.5522130545014,0.99991477,0.873737
1345.553601919726,0.99970585,0.7832004
1345.5549907848927,1.0000416,0.8597722
1345.5563796501174,1.0000075,0.99663043
1345.557768515341,0.9998625,1.0182892
1345.559157380566,1.0000921,1.0548068
1345.560546245733,1.000008,1.0552121
1345.5619351109572,0.99997324,1.1049595
1345.563323976182,1.0000108,0.95621306
1345.564712841348,1.0000668,1.4057747
1345.5661017065731,0.9998449,0.7388766
1345.5674905717974,1.0001496,0.7494962
1345.568879436963,1.0002049,1.0326177
1345.5702683021882,1.0001171,1.061479
1345.5716571673552,1.0001879,0.6966531
1345.5730460325788,1.0002922,1.2343527
1345.5744348978033,0.99996287,0.94841254
1345.57582376297,0.99999684,0.8359823
1345.5772126281945,1.0000551,1.3574334
1345.5786014933606,0.9999398,0.87790865
1345.579990358585,1.0000825,1.2428844
1345.5813792237514,0.9999456,1.0623037
1345.5827680889765,1.0000426,0.9077025
1345.5841569541426,0.9999063,0.92409664
1345.5855458193669,0.9997571,0.55522674
1345.5869346845338,0.99993193,0.97521627
1345.5883235497581,1.0000627,0.48228577
1345.5897124149246,0.99993783,0.91697955
1345.591101280149,1.0001599,0.68359387
1345.592490145315,0.9999935,0.9296224
1345.5938790105401,1.0001215,1.0586818
1345.5952678757064,0.9999618,0.96543133
1345.5966567408718,0.9998693,0.96066165
1345.598045606097,1.0001929,1.0129069
1345.599434471264,1.0000236,0.80262434
1345.6008233364296,0.9997301,0.9396596
1345.6022122016539,1.0001192,1.0931364
1345.6036010668208,1.0001738,0.90148175
1345.604989931987,1.0000628,0.76387775
1345.6063787972114,0.99995744,1.0866514
1345.6077676623777,0.9999262,1.0676409
1345.6091565275447,0.9998881,1.0852827
1345.6105453927696,0.9999052,0.98436964
1345.611934257935,0.9999846,1.0010091
1345.6133231231013,1.0001526,1.3176821
1345.614711988268,0.99995416,1.007923
1345.6161008534928,1.0001103,0.8174341
1345.6174897186588,0.99991286,1.0105702
1345.6188785838249,0.99966127,0.7517438
1345.6202674489914,0.99994206,1.4503521
1345.6216563142164,0.99998057,0.8659784
1345.6230451793826,0.9997715,1.1195804
1345.624434044548,1.0000418,0.74463564
1345.6258229097148,0.9999313,0.8988702
1345.6272117748817,1.0000678,0.9406787
1345.6286006400474,0.999806,0.95350087
1345.6299895052134,0.9999758,1.0132159
1345.6313783703804,0.9997451,1.0100491
1345.6327672356056,1.0000498,0.85544527
1345.6341561007716,0.9998513,1.0314468
1345.6355449659372,0.9995723,0.6988016
1345.6369338311042,0.99987495,1.0029048
1345.6383226962712,1.0000776,1.098448
1345.6397115614366,0.99982905,0.9312702
1345.6411004266029,1.0001444,1.1454436
1345.6424892917698,1.0000595,1.1054993
1345.643878156936,1.0001588,0.69826794
1345.645267022102,1.0002286,1.235209
1345.6466558872685,1.0003893,1.0045377
1345.6480447524345,0.99982435,1.2320181
1345.6494336176015,0.999856,1.0406365
1345.6508224827676,1.0000643,1.235062
1345.6522113479332,0.9999207,0.7512746
1345.6536002131002,0.9997222,0.8473663
1345.6549890782087,1.0000001,1.4476662
1345.656377943375,0.99987113,1.1008106
1345.657766808541,1.0000116,1.1732706
1345.6591556737073,0.9998512,1.3276731
1345.660544538874,1.0000125,0.6677834
1345.6619334040406,1.0000299,0.81606615
1345.663322269206,0.9998519,0.9976424
1345.6647111343145,0.999901,0.8638271
1345.6660999994815,0.9998098,1.0331994
1345.667488864647,0.99996537,0.9350171
1345.6688777298132,0.99970376,0.6344131
1345.6702665949801,0.9998417,1.1211497
1345.6716554600875,0.99996185,0.8856776
1345.6730443252536,1.0000242,0.7640757
1345.6744331904206,0.99969065,0.76586044
1345.6758220555867,1.0000305,1.0099655
1345.677210920695,1.000037,1.106601
1345.678599785861,1.0000949,0.9923394
1345.679988651027,1.0000194,0.9969182
1345.6813775161359,1.0000515,1.0031848
1345.682766381302,1.0001261,0.9477974
1345.6841552464684,1.0000935,0.7251464
1345.685544111577,1.0000918,1.3340024
1345.6869329767433,0.9997005,0.8688437
1345.6883218419093,1.0002493,0.83201814
1345.6897107070174,0.9999452,0.92091656
1345.6910995721837,0.9999373,0.9772619
1345.6924884372925,0.9995432,0.9751481
1345.6938773024585,0.9999642,1.0149131
1345.6952661676241,1.0000262,0.98294103
1345.6966550327327,0.99997073,1.1473151
1345.6980438978994,1.0000095,0.69074243
1345.6994327630068,1.000078,0.76976484
1345.7008216281731,0.99991137,0.8906808
1345.7022104932817,1.0000887,0.7597579
1345.7035993584482,1.0001358,0.9700041
1345.704988223556,0.9999573,1.2769498
1345.706377088722,1.0000418,0.64098716
1345.7077659538309,0.99971163,1.0033647
1345.7091548189978,1.000056,0.9733888
1345.7105436841052,0.9997664,0.84588987
1345.711932549213,1.0000724,0.74985117
1345.71332141438,1.0001215,1.0616444
1345.714710279488,1.0000246,0.9321629
1345.7160991446542,1.0000265,0.56738794
1345.7174880097623,1.0001224,1.1428779
1345.7188768748701,1.0001847,0.9896827
1345.7202657400371,1.000139,0.94827324
1345.721654605145,0.999999,1.1426291
1345.7230434702524,1.0000074,1.1578089
1345.7244323354194,1.0003194,1.0390812
1345.7258212005281,1.000037,0.7436328
1345.7272100656353,1.0000162,0.9524886
1345.7285989308016,1.0001478,1.4082187
1345.7299877959103,0.9998463,0.9303303
1345.7313766610189,0.99982435,1.2724286
1345.732765526127,0.99997073,0.95014066
1345.7341543912923,0.99982226,0.9235594
1345.735543256401,0.9998687,1.0299981
1345.7369321215097,0.9998306,0.8914022
1345.738320986617,1.0001016,0.92238057
1345.739709851725,0.99993384,1.157579
1345.7410987168919,1.0001627,0.51968336
1345.742487582,1.0000312,1.1185421
1345.743876447108,1.0001427,1.0986305
1345.745265312216,0.9998415,0.7788814
1345.7466541773238,1.0001976,0.6900824
1345.7480430424325,1.0001289,1.2138083
1345.7494319075406,0.9999786,0.9779035
1345.750820772706,0.99988306,0.91453445
1345.7522096378148,0.9999172,1.0180157
1345.7535985029235,1.0000829,0.66180485
1345.7549873680314,1.0000744,1.3307055
1345.7563762331397,1.0000087,1.0647031
1345.7577650982475,1.0000517,0.8114593
1345.7591539633563,0.99981415,0.9175052
1345.7605428284642,1.0000321,1.099885
1345.7619316935716,1.0001036,1.2008712
1345.7633205586803,1.0000024,0.7671888
1345.7647094237889,1.0000862,1.2263924
1345.766098288896,0.99994665,0.8722358
1345.7674871540044,1.0000273,0.81703067
1345.768876019113,0.9999351,1.0095012
1345.770264884221,1.000032,1.0185696
1345.7716537492706,0.9999251,0.9755155
1345.7730426143787,0.99984545,0.96477735
1345.7744314794868,0.99972737,1.0714024
1345.7758203445953,0.999892,0.837029
1345.7772092097034,0.9999944,0.91587675
1345.7785980748113,1.0001361,1.0631467
1345.77998693992,0.99991083,0.9724535
1345.7813758049697,1.0001029,0.7965275
1345.782764670078,1.0000284,1.0582172
1345.7841535351859,1.0000534,0.78451246
1345.7855424002937,0.9999525,1.1729411
1345.7869312654025,0.99981666,0.982203
1345.7883201304523,0.9996978,0.9922973
1345.7897089955595,0.99979275,0.59979504
1345.7910978606683,0.9999325,1.0847281
1345.792486725777,1.0001634,1.1884164
1345.7938755908262,0.99980044,1.0139745
1345.795264455934,0.99992526,1.1521899
1345.7966533210429,1.0000646,1.1800772
1345.7980421860925,0.9998739,0.9446882
1345.7994310512006,1.0002389,1.1320537
1345.8008199163087,0.9996151,0.71826404
1345.802208781359,1.0000681,1.1191903
1345.8035976464676,0.9999104,1.1947086
1345.804986511575,0.999775,0.782496
1345.8063753766248,1.0000153,1.0305591
1345.8077642417334,0.99987245,1.1270372
1345.8091531068417,0.99986076,0.95686877
1345.8105419718913,0.9999035,1.1683038
1345.8119308369992,1.0000495,0.93981737
1345.813319702049,0.99981505,1.0051936
1345.8147085671576,1.000495,1.0013344
1345.8160974322077,1.0000465,1.0791162
1345.8174862973149,1.0000736,0.91901076
1345.8188751623652,1.000017,0.93561155
1345.820264027474,0.99999064,1.2438508
1345.8216528925232,1.0001698,0.75875735
1345.823041757631,0.9998119,0.6779264
1345.8244306226816,0.9998334,0.7563066
1345.8258194877903,0.9998232,0.53184545
1345.82720835284,0.9999598,1.0221623
1345.8285972179474,0.9999811,1.1263593
1345.829986082998,0.9997372,0.8692032
1345.8313749480476,0.99991286,0.8212502
1345.832763813155,1.0001112,1.3016924
1345.8341526782056,1.0000654,0.80611825
1345.835541543256,1.0000615,0.8299378
1345.8369304083633,1.0000329,0.9345326
1345.8383192734132,0.9996431,0.8503503
1345.8397081384635,1.0000027,1.2339691
1345.8410970035716,0.99989486,0.7629894
1345.8424858686212,0.9999788,1.2138108
1345.843874733671,0.99985516,0.97804177
1345.8452635987792,1.0000091,0.86238694
1345.8466524638297,0.99984914,0.6157336
1345.8480413288794,0.9998078,1.4527582
1345.849430193929,0.9998108,0.80161107
1345.8508190590378,0.999994,1.0720023
1345.8522079240877,0.9996857,0.9284705
1345.8535967891376,0.9999478,0.69212735
1345.8549856541872,0.999959,1.1043242
1345.8563745192369,0.9998428,0.85796547
1345.8577633843456,0.99976236,1.1569442
1345.8591522493955,0.9999649,0.76777637
1345.8605411144445,0.9998084,0.85749197
1345.861929979495,0.9998872,0.9323975
1345.8633188445456,0.99979943,1.0908672
1345.8647077095948,0.9998558,0.64662886
1345.8660965746444,1.0003172,1.4799653
1345.867485439695,0.9998919,0.859079
1345.8688743047446,0.9998948,1.294464
1345.8702631698527,0.9999108,0.97851944
1345.8716520349026,0.9999959,0.8497046
1345.8730408999531,0.99995977,0.784307
1345.8744297650035,0.9999294,1.0775576
1345.8758186300524,0.9998364,1.0186883
1345.8772074951025,0.99998075,1.3473237
1345.8785963601529,0.9998924,0.83887315
1345.8799852252027,1.0000049,0.9494637
1345.8813740902524,1.0000812,0.7799964
1345.8827629552438,1.0002886,1.360772
1345.884151820294,0.9998871,0.83348286
1345.8855406853443,1.0000414,1.1763206
1345.8869295503941,1.0001484,0.6569179
1345.8883184154433,1.0001562,1.2340381
1345.8897072804937,0.9999908,1.2798934
1345.891096145544,0.99990934,0.8661245
1345.8924850105932,1.0000592,0.94298416
1345.8938738756428,0.9996893,1.243636
1345.8952627406352,1.0000979,0.8696656
1345.8966516056857,0.9998903,0.99091804
1345.8980404707354,0.99993575,0.90563834
1345.8994293357846,0.99992454,1.1501375
1345.9008182008351,1.0000219,0.92925954
1345.9022070658275,0.9999604,1.2812179
1345.9035959308767,0.9995718,0.8819833
1345.9049847959263,0.99990517,0.70023894
1345.906373660977,0.99989814,1.3061669
1345.9077625259683,1.0001916,1.1320323
1345.909151391018,1.0002978,1.1706148
1345.910540256068,0.99997216,0.71212804
1345.9119291211177,0.99994147,0.9305702
1345.91331798611,1.0000366,0.98036313
1345.9147068511597,1.000103,0.9930018
1345.916095716209,0.9996936,1.2276651
1345.9174845812013,1.0001972,1.151807
1345.9188734462518,0.99977666,0.93607837
1345.9202623113015,1.000083,0.9807899
1345.921651176293,0.9999689,0.9839785
1345.9230400413428,1.000037,0.89016056
1345.924428906335,1.0000892,0.9552525
1345.925817771385,0.9999279,0.8357407
1345.9272066363758,0.99980515,1.5057352
1345.9285955014261,1.0001798,0.880678
1345.9299843664767,0.9999458,0.7250962
1345.9313732314677,1.0001216,1.0562476
1345.9327620965173,0.99994963,1.4325812
1345.9341509615097,0.9999953,0.4246926
1345.9355398265593,0.999769,1.1671194
1345.9369286915512,0.9997619,0.7050122
1345.9383175565426,0.9999143,0.92290777
1345.9397064215923,0.9998938,1.0264043
1345.9410952865846,1.0000899,1.2271019
1345.9424841516345,0.9999404,0.9060472
1345.9438730166262,1.0001202,1.2140208
1345.9452618816767,0.9999714,0.9720317
1345.9466507466682,0.99993855,1.3420562
1345.9480396116596,0.99997795,0.6394126
1345.9494284767095,0.99960023,1.0816094
1345.9508173417012,0.99975646,1.0390049
1345.9522062066935,0.9997573,1.182901
1345.9535950717432,0.99985266,0.88775605
1345.9549839367342,0.99984235,1.155711
1345.9563728017265,0.9997859,1.0364972
1345.9577616667768,1.0003586,1.1268402
1345.9591505317676,1.0001806,0.7384721
1345.9605393967593,1.000117,1.3287953
1345.9619282617514,0.99978805,0.7901585
1345.9633171268015,1.000077,1.0191416
1345.964705991793,0.9997264,1.2570914
1345.9660948567844,1.0001899,0.7653209
1345.9674837217763,0.99999964,1.1026243
1345.9688725868266,1.000304,0.9970428
1345.9702614518183,1.0000705,0.84038615
1345.9716503168097,0.99988574,0.7560518
1345.973039181802,0.99991626,0.704985
1345.9744280467935,0.9999077,1.2078882
1345.9758169117852,0.99987286,0.6950655
1345.9772057767768,1.0001059,0.94176537
1345.9785946418265,0.9997984,0.97399724
1345.9799835068188,0.9997593,0.8577009
1345.9813723718103,1.000121,0.8172083
1345.9827612368013,1.0000366,0.83214974
1345.9841501017936,0.9998814,1.1146306
1345.985538966786,1.0000279,0.6164783
1345.9869278317767,0.99993336,1.155077
1345.9883166967684,1.0000628,0.67096347
1345.9897055617607,1.0001307,1.179565
1345.9910944267522,0.99988323,0.714756
1345.9924832917436,1.0000317,0.9694197
1345.9938721567355,0.99992007,1.2607607
1345.9952610217276,1.0001664,1.1800116
1345.9966498867198,0.9997874,0.8443463
1345.9980387517107,0.9999744,0.6540203
1345.9994276167024,1.0000385,0.81265604
1346.0008164816945,1.0001788,1.1662897
1346.0022053466862,0.9998483,0.7990816
1346.0035942116197,0.999773,0.76153135
1346.004983076611,0.9999297,1.100618
1346.0063719416028,1.0000228,0.83901095
1346.007760806595,1.0000043,0.9076445
1346.0091496715868,0.9998459,1.1350623
1346.0105385365775,0.9998998,0.4060624
1346.0119274015115,1.0003029,0.8029233
1346.0133162665038,0.99994373,0.7027255
1346.0147051314948,0.99997306,0.99103093
1346.0160939964862,1.0000061,0.7745104
1346.0174828614786,0.99987924,1.0223547
1346.0188717264127,1.0002633,0.8341571
1346.0202605914042,0.9997225,0.93951
1346.0216494563952,0.99979824,0.7954185
1346.0230383213875,0.9998436,0.79695904
1346.0244271863216,1.0000441,0.7209066
1346.0258160513124,0.9998025,1.0423893
1346.027204916304,0.9998539,1.1243148
1346.028593781238,0.9997926,0.6541244
1346.0299826462297,1.000007,0.70982254
1346.031371511221,0.9997451,1.1724286
1346.0327603761546,0.99988294,0.99198914
1346.0341492411462,0.9999136,0.8589263
1346.0355381060804,0.99992305,0.66031456
1346.0369269710718,0.99998426,1.0525769
1346.0383158360628,0.9997643,0.84535646
1346.039704700997,1.0001482,0.91858953
1346.041093565989,1.0001972,0.9235649
1346.0424824309225,1.0000957,0.8790289
1346.043871295914,0.9998344,0.89274126
1346.0452601608472,0.99994546,0.6567496
1346.0466490258395,0.99981934,1.0552268
1346.048037890773,1.0002266,0.9777659
1346.0494267557638,0.9998532,0.53370035
1346.050815620698,0.9999828,1.0167048
1346.0522044856903,0.9999398,1.1203839
1346.053593350623,0.9998895,0.74347305
1346.0549822156145,0.9999735,1.193486
1346.0563710805486,0.99993193,0.5203525
1346.0577599454818,0.99990225,0.85694706
1346.0591488104735,0.99977285,0.7404379
1346.060537675407,1.0000534,1.0178553
1346.0619265403402,0.9999436,0.86217296
1346.0633154053319,0.99989194,0.789836
1346.0647042702653,1.0001009,0.8644864
1346.0660931351995,1.000166,0.648308
1346.0674820001916,0.99988246,0.8829032
1346.0688708651242,0.99983793,1.017625
1346.0702597300576,0.99996084,0.82198966
1346.0716485950497,1.0002028,1.0815661
1346.0730374599834,1.0002229,0.84342927
1346.0744263249167,0.9998241,0.756912
1346.07581518985,1.0000182,1.333588
1346.0772040548418,1.0002012,1.0680691
1346.0785929197757,0.9998756,0.40824583
1346.0799817847092,0.99986684,1.009271
1346.0813706496417,0.99974406,0.72581494
1346.0827595145756,0.9998421,0.51857674
1346.084148379568,0.9999408,1.0362779
1346.0855372445008,0.9999063,1.1182652
1346.086926109434,0.99967885,0.5289657
1346.0883149743681,1.0001571,0.65391874
1346.0897038393023,0.99979174,0.9069649
1346.0910927042355,1.0001405,1.0318834
1346.0924815691683,0.9996484,0.6983294
1346.0938704341024,0.99967253,0.96419775
1346.0952592990948,0.9996646,0.6455655
1346.0966481640273,0.999793,0.84210014
1346.0980370289608,1.0000268,0.9650003
1346.099425893895,0.99978673,0.6877911
1346.1008147588282,0.99968904,0.7791544
1346.1022036237614,0.9999963,0.9370911
1346.103592488695,1.0000845,0.9647444
1346.1049813536283,1.0001987,0.8617462
1346.1063702185625,1.000054,1.0463208
1346.1077590834957,0.99981296,0.89497375
1346.1091479484285,1.0000863,0.83896685
1346.1105368133044,0.9997735,0.62638366
1346.1119256782383,0.9996735,0.79091775
1346.1133145431718,0.99997425,0.69593596
1346.114703408105,0.9999259,1.1681997
1346.1160922730385,0.999917,0.9342108
1346.1174811379724,1.0001777,0.7933152
1346.118870002906,0.9997011,0.8877289
1346.1202588678386,0.9998011,1.0809156
1346.1216477327143,0.9999701,0.8445544
1346.1230365976485,0.99995935,1.0672755
1346.1244254625813,0.99996746,0.7137504
1346.1258143275145,0.9999516,0.85843754
1346.1272031924486,1.0001072,0.796695
1346.1285920573237,0.99996954,0.8803867
1346.1299809222573,0.99990666,0.87515134
1346.1313697871906,0.99980986,0.96706915
1346.1327586521238,0.9999167,1.1050093
1346.1341475169997,0.99971974,1.0347096
1346.1355363819332,0.99995464,0.8817715
1346.1369252468667,0.999816,0.8173475
1346.1383141117424,0.99978805,0.8803396
1346.1397029766758,0.99980044,0.79903144
1346.141091841609,0.9998805,0.8795871
1346.1424807064843,0.9998938,1.0429928
1346.1438695714178,0.99959,1.092734
1346.145258436352,0.9999021,1.1512029
1346.146647301227,0.9998078,1.1472152
1346.1480361661597,0.99977165,0.8334452
1346.1494250310354,0.9999795,0.50517356
1346.1508138959693,0.9998674,1.1277014
1346.1522027609021,0.999817,0.97601473
1346.1535916257774,0.9997585,0.9500386
1346.1549804907113,1.0000837,0.7188866
1346.1563693555868,0.9998386,0.46356282
1346.15775822052,1.0001945,1.2261575
1346.159147085395,1.0000757,1.1674803
1346.1605359503292,1.0001187,0.93174744
1346.161924815205,0.99988294,0.7093478
1346.1633136800797,0.9997327,0.7380811
1346.164702545013,0.9999774,0.74685013
1346.1660914098888,0.9997934,1.1774281
1346.167480274822,1.0001633,0.9301034
1346.1688691396973,1.0002629,0.83969474
1346.1702580046308,0.99962556,0.9290129
1346.1716468695058,0.99977785,0.6914822
1346.1730357343818,0.9995411,1.060516
1346.174424599315,1.000002,0.9314443
1346.1758134641896,0.99981874,1.1022557
1346.1772023290655,0.9999977,0.67330766
1346.1785911939996,0.9998565,0.9566462
1346.179980058874,0.99985826,0.97158253
1346.1813689237492,0.9999684,0.8625611
1346.1827577886834,0.99985963,1.0850177
1346.184146653559,1.0001179,0.7530863
1346.1855355184343,0.99999464,0.74657816
1346.1869243833087,0.99971515,0.5445261
1346.1883132482426,0.99990547,0.7605089
1346.1897021131185,0.9998463,1.1218381
1346.191090977993,0.9997666,0.8189322
1346.1924798428681,0.99962014,0.7090322
1346.193868707744,0.9997052,0.96446264
1346.1952575726193,0.99982595,0.7242876
1346.1966464375528,1.0000362,1.1110872
1346.1980353024278,0.99985373,0.93051624
1346.199424167303,0.9999008,0.3653729
1346.2008130321788,0.99967414,0.71231985
1346.202201897054,0.9996395,0.74719036
1346.2035907619284,0.99995804,0.89155513
1346.2049796268043,0.9999227,1.3207891
1346.2063684916802,1.0001235,0.84562725
1346.2077573565552,1.0000739,1.0058678
1346.2091462214307,0.99948543,0.4456195
1346.2105350863058,1.0000937,0.98147404
1346.2119239511817,0.99970746,0.71492964
1346.2133128160567,0.9998357,1.031283
1346.2147016809313,0.999916,0.9415772
1346.2160905458072,0.9999953,0.90930796
1346.217479410683,0.9998726,0.8741215
1346.2188682755573,0.9997175,0.7142116
1346.2202571404328,1.000031,0.8773095
1346.2216460053085,1.000138,0.9936452
1346.2230348701837,0.9999525,0.5036641
1346.2244237350587,1.0000408,0.8951726
1346.225812599934,0.99994504,0.8695573
1346.2272014648092,0.99990565,0.67229754
1346.2285903296852,1.0001845,0.82176435
1346.229979194502,1.0001879,0.6861026
1346.231368059377,0.9999125,0.66100276
1346.232756924253,0.99963665,0.82644635
1346.234145789128,1.0000758,1.4024622
1346.2355346540035,0.999893,0.54761994
1346.2369235188203,0.9999987,0.73526895
1346.2383123836953,0.9998608,0.7146607
1346.2397012485712,0.9995133,0.7223878
1346.2410901134465,1.0002189,0.8789201
1346.2424789782626,0.9999784,1.1285604
1346.2438678431386,0.99998033,1.0062842
1346.2452567080145,1.0000337,0.99416625
1346.246645572889,0.9997447,1.2450632
1346.2480344377059,0.99988216,0.70603895
1346.2494233025818,0.9999905,0.958868
1346.2508121674568,0.99973804,0.7476846
1346.252201032274,0.999727,1.0860488
1346.2535898971491,0.99984545,0.8592764
1346.2549787619669,0.99993193,0.7332516
1346.2563676268426,0.99986434,0.91188276
1346.257756491717,1.0002989,0.8771316
1346.259145356534,0.99987537,0.8606321
1346.2605342214097,0.99979794,0.60949355
1346.261923086227,0.99983555,0.8501362
1346.263311951102,0.99980444,0.6083756
1346.2647008159188,0.99987453,0.9555253
1346.2660896807943,1.000047,0.6241013
1346.2674785456118,0.99999166,0.90632117
1346.268867410487,0.99995166,0.8833794
1346.2702562753032,0.9998528,1.0578395
1346.2716451401789,0.99993694,0.67980134
1346.2730340049966,0.9999672,1.1085495
1346.2744228698712,1.0000478,0.9152405
1346.275811734688,0.99999934,0.7647915
1346.277200599564,0.99997634,0.98779595
1346.278589464381,1.0001664,0.7687552
1346.279978329198,0.9999276,0.97244704
1346.281367194073,0.99990106,0.6027395
1346.2827560588908,0.99990416,0.890225
1346.2841449237085,0.9996919,0.71222705
1346.2855337885828,1.0000299,0.95185876
1346.2869226533999,0.9998811,1.1451522
1346.2883115182176,0.9998718,0.85055125
1346.2897003830926,0.9997775,0.87593484
1346.2910892479094,0.99998176,0.7876849
1346.2924781127267,0.9998674,0.5358006
1346.2938669776017,0.9998532,0.93100667
1346.2952558424195,0.99975234,0.9089668
1346.2966447072363,1.0001227,0.97690463
1346.2980335720526,0.9999351,0.6953958
1346.2994224368704,0.9999287,0.78308
1346.300811301746,1.0000774,0.7982141
1346.3022001665622,1.0000905,0.6866176
1346.3035890313795,0.9999591,0.8106121
1346.304977896197,0.9999262,0.62931544
1346.3063667610145,0.9999649,0.85696936
1346.3077556258315,0.99972045,0.865576
1346.3091444907059,0.99982077,0.8449381
1346.3105333555236,0.99990195,0.5262147
1346.3119222203413,0.9999097,0.94734156
1346.3133110851577,0.9997899,0.7276042
1346.3146999499745,0.9998868,0.60971975
1346.3160888147922,0.999995,0.92765874
1346.317477679609,1.0000374,0.8045992
1346.3188665444263,0.9996591,0.65661
1346.3202554092431,0.99992055,0.84180844
1346.32164427406,0.99988544,1.1356256
1346.3230331388777,0.9997735,1.0038801
1346.3244220036945,1.0000156,0.7688006
1346.3258108685109,0.9998098,0.8243346
1346.3271997333286,0.99945307,0.9309646
1346.3285885981463,0.99980485,0.7404276
1346.3299774629631,0.99973637,0.8553709
1346.3313663277802,0.9998707,0.5915506
1346.3327551925972,0.99993426,0.8808544
1346.334144057415,1.0001625,0.80316687
1346.3355329221736,0.9998622,0.939839
1346.33692178699,1.0001428,0.7947511
1346.3383106518074,0.99987763,0.92213833
1346.339699516625,0.9998119,0.6173752
1346.3410883814413,0.9999923,0.8590396
1346.3424772462583,1.0000058,0.5429554
1346.3438661110176,0.9997509,0.83634186
1346.345254975835,0.99996537,1.0073494
1346.3466438406517,0.99981815,0.9426092
1346.3480327054685,0.99991685,0.7842959
1346.3494215702274,1.0000237,0.87376416
1346.3508104350449,0.9996576,0.8329323
1346.3521992998621,0.9997861,0.4214982
1346.353588164679,0.99998397,0.98432934
1346.3549770294385,1.0000638,0.87065935
1346.3563658942553,1.000161,0.88134766
1346.3577547590723,0.99972767,1.071763
1346.3591436238312,0.99981576,0.7479533
1346.360532488648,0.99963135,0.48094323
1346.3619213534657,0.9999517,1.1067344
1346.3633102182243,0.9999422,0.76912266
1346.3646990830407,0.99989045,0.56084937
1346.3660879478002,0.9999719,1.060262
1346.367476812618,1.0001236,1.256272
1346.368865677434,0.9997019,0.6990435
1346.370254542193,0.99997246,0.99674034
1346.3716434070107,0.99994546,0.89133966
1346.3730322717693,0.9998183,0.77673626
1346.374421136586,0.99994296,0.86036074
1346.375810001345,0.99989647,0.80967164
1346.3771988661624,0.99981934,0.74223584
1346.378587730922,0.9996849,0.7333839
1346.3799765957383,0.99978787,0.8345813
1346.381365460497,1.0001743,0.838112
1346.3827543252564,1.000098,0.8222605
1346.3841431900735,0.9999261,0.72459507
1346.3855320548323,1.0000229,0.98598564
1346.3869209196491,0.99970675,0.68215144
1346.388309784408,0.99993336,0.9733478
1346.3896986491673,0.99995536,0.68599045
1346.3910875139843,0.9998146,0.7341447
1346.3924763787422,0.9998413,1.0048659
1346.3938652435018,1.0001358,0.7074152
1346.3952541083195,0.9999685,1.1386132
1346.3966429730776,0.99977744,0.38120997
1346.3980318378362,0.9998224,1.2021271
1346.399420702654,0.9998645,0.8973987
1346.4008095674135,0.99979657,0.8192882
1346.402198432172,0.9997613,1.0204823
1346.4035872969303,0.9997179,0.7137972
1346.404976161748,0.999857,0.39062154
1346.4063650265073,0.99990165,0.8925078
1346.4077538912652,0.9996997,1.1245167
1346.4091427560243,0.9999741,0.9206481
1346.4105316207836,0.9999744,0.74743646
1346.4119204856006,0.9998652,1.0740007
1346.4133093503592,0.9999192,0.59183383
1346.414698215118,0.9996193,0.44922656
1346.416087079877,0.9998222,0.78213984
1346.4174759446362,0.9999272,0.8714714
1346.418864809395,0.999724,0.9143059
1346.4202536741532,0.99955624,0.583598
1346.4216425389125,0.99989957,0.6708691
1346.4230314036718,0.999658,0.8762113
1346.4244202684308,1.0002898,0.9638784
1346.4258091332476,0.999728,0.7653167
1346.4271979980062,0.99996,1.0415008
1346.4285868627658,0.99969137,0.2909955
1346.4299757275246,0.9996437,0.9432103
1346.4313645922825,0.9997088,0.8158704
1346.4327534569838,0.99983346,0.96030366
1346.4341423217434,0.9999482,0.85479987
1346.4355311865015,0.9999771,0.93785703
1346.4369200512601,0.99988157,0.7161728
1346.4383089160197,0.9998778,0.7021526
1346.4396977807783,0.9999736,0.95843834
1346.441086645537,0.99994916,1.1432987
1346.442475510296,0.99978286,0.77584827
1346.4438643750545,0.9998662,0.99318755
1346.445253239814,0.9997882,0.57997036
1346.4466421045145,0.9999811,1.1574994
1346.4480309692733,1.000095,0.7914177
1346.4494198340326,0.9997755,0.77408236
1346.4508086987917,1.0001347,0.75961137
1346.4521975635503,0.99977434,0.70233387
1346.4535864282507,0.9995373,0.9524017
1346.4577530225279,0.9997936,1.0311074
1346.4591418872276,0.99979794,0.72365344
1346.4605307519869,0.9997343,0.9396988
1346.4619196167464,0.9999152,0.65200746
1346.4633084814463,1.0000727,0.8600563
1346.464697346205,0.9996215,0.7689533
1346.4660862109645,1.0000768,1.0425941
1346.467475075665,0.9998558,0.9880861
1346.468863940424,0.99983627,0.49168304
1346.4702528051826,0.9998125,1.0230561
1346.4716416698839,0.9998993,0.8261202
1346.4730305346434,0.9994842,0.798115
1346.474419399343,0.9998033,0.8039238
1346.475808264102,0.99965024,0.68085337
1346.4771971288615,0.9999784,0.8102528
1346.4785859935619,0.9998071,1.1204664
1346.4799748583205,0.9999409,0.7068752
1346.4813637230213,1.0000771,1.0143341
1346.48275258778,0.9998264,0.8458708
1346.4841414524813,0.9999785,0.91618174
1346.4855303172399,0.9999657,0.8694297
1346.4869191819398,0.99988896,0.6268294
1346.4883080466411,0.9998871,0.8151589
1346.4896969114004,0.9999579,0.75231576
1346.4910857761001,0.999856,0.92906487
1346.4924746408592,0.99956167,0.55273587
1346.4938635055603,0.9999157,0.95316446
1346.4952523702614,0.9997061,1.0654992
1346.4966412350202,0.99991494,1.1883
1346.49803009972,0.9995221,0.73124695
1346.4994189644794,0.99978924,1.0603248
1346.5008078291808,0.99960655,1.023101
1346.5021966938807,0.9998623,0.44198433
1346.503585558581,0.99991906,1.2621372
1346.5049744233406,0.9997372,0.5872837
1346.506363288041,0.99953115,0.52656317
1346.507752152742,1.0001671,1.0441859
1346.5091410175005,0.99986553,0.9243443
1346.510529882201,0.9997628,0.82342005
1346.5119187469022,0.9996309,0.8245799
1346.5133076116026,0.99998844,0.5337861
1346.5146964763026,0.9998948,0.8852596
1346.516085341062,0.99969864,0.7937993
1346.5174742057634,1.0000262,0.88800997
1346.5188630704638,0.9999023,1.0341107
1346.5202519351644,0.9999322,0.7426868
1346.521640799865,0.99992406,1.0901998
1346.5230296645664,0.9998175,0.66852736
1346.5244185292668,0.9998598,0.97291744
1346.5258073939667,1.0000174,1.013385
1346.527196258726,0.9996509,0.5184315
1346.528585123427,0.9998613,1.2831639
1346.529973988127,0.9995904,0.5737752
1346.5313628528277,0.99994504,1.0002228
1346.5327517175288,0.99991053,0.78695023
1346.5341405822296,1.0000569,1.0002352
1346.53552944693,0.9997303,0.44689938
1346.5369183116304,1.0000383,1.0573863
1346.538307176331,0.9997658,0.61736596
1346.5396960410321,0.9998056,0.9269829
1346.541084905733,0.9994097,0.72083855
1346.5424737703752,0.9996581,0.64940643
1346.5438626350765,1.0000876,1.0761561
1346.545251499777,0.9997803,0.6078127
1346.5466403644775,1.0002409,0.8531435
1346.5480292291782,0.9998146,0.93378866
1346.5494180938786,0.99988824,1.0843737
1346.5508069585799,1.0000165,0.8105179
1346.5521958232803,0.99957395,0.92670375
1346.553584687922,0.99982303,0.63922685
1346.5549735526233,0.9999562,0.76044244
1346.5563624173246,0.9998952,0.68112916
1346.5577512820244,0.9997758,1.0145389
1346.559140146725,1.0000004,0.9996048
1346.560529011368,1.0001103,0.65617275
1346.5619178760685,1.0001352,0.94941485
1346.563306740769,0.999532,1.1209852
1346.5646956054695,0.9997326,0.39190796
1346.5660844701124,0.99956816,1.1938511
1346.5674733348137,0.99986863,0.7381922
1346.5688621995137,0.999709,0.8906172
1346.5702510641559,0.9995179,0.7568155
1346.5716399288572,0.9999149,1.1373346
1346.5730287935578,0.99958354,0.7198938
1346.5744176582002,0.9999085,1.1442504
1346.5758065229006,0.9997859,0.84027743
1346.577195387543,0.999577,1.0450156
1346.5785842522441,0.9999577,0.7684878
1346.5799731169448,0.99996126,1.0465868
1346.5813619815863,0.99994177,0.5994979
1346.5827508462876,0.9998463,0.82613695
1346.5841397109307,0.9999537,0.8055782
1346.5855285756306,0.99982953,1.296213
1346.5869174402728,1.0003295,1.2031103
1346.5883063049741,0.99970424,0.6798829
1346.5896951696163,0.9998971,1.1034774
1346.591084034317,0.99994665,1.3693315
1346.5924728989594,1.0003086,0.74248946
1346.5938617636607,0.99964345,0.61702645
1346.5952506283036,1.0002025,1.3474692
1346.596639492945,0.9996793,0.936287
1346.598028357646,1.0000497,1.0896353
1346.5994172222888,0.9999983,0.9535704
1346.6008060869895,1.0000057,1.3239228
1346.6021949516316,0.9995418,0.83914757
1346.603583816274,0.9997157,0.836551
1346.6049726809747,0.99969196,1.202111
1346.6063615456176,0.99996656,0.88074374
1346.60775041026,0.9998867,0.9116726
1346.6091392749017,0.9999592,0.61308426
1346.6105281396028,0.9998745,1.1011217
1346.6119170042457,1.0001388,1.0470029
1346.6133058688874,0.99989676,0.78088915
1346.614694733588,0.99993694,0.8255743
1346.616083598231,0.9997235,0.8543459
1346.617472462874,0.9999587,0.7473028
1346.6188613275165,1.0000829,0.98507404
1346.620250192158,0.9999314,1.2975063
1346.6216390568593,1.000054,1.2642788
1346.6230279215024,0.99970144,1.1894219
1346.6244167861441,0.9996663,0.7696702
1346.6258056507863,0.99996537,0.91502243
1346.6271945154294,0.99991,0.8133687
1346.6285833800716,1.0000103,0.76567835
1346.629972244714,0.99981934,0.84380543
1346.6313611093565,1.0001358,1.0928138
1346.6327499739987,0.9998872,0.9574244
1346.6341388386418,1.0000874,1.1068741
1346.635527703284,0.99996203,1.1713746
1346.636916567984,0.999822,0.6571599
1346.638305432627,0.999736,1.4234742
1346.6396942972701,0.99975693,0.40134922
1346.6410831619123,1.0001785,1.4243369
1346.6424720264963,0.99992156,0.57174003
1346.6438608911387,1.0000368,1.0269102
1346.6452497557816,0.9996835,0.75048655
1346.6466386204243,0.999895,1.2498674
1346.6494163497086,0.9998573,0.53073204
1346.6508052143517,0.9995246,0.8361128
1346.6521940789935,0.99978447,0.75356394
1346.6535829436357,0.999773,1.0886474
1346.6549718082788,0.99974936,0.96613145
1346.656360672863,0.9998913,1.4911946
1346.6577495375054,0.9996161,0.53282785
1346.6591384021476,0.9999023,1.2883078
1346.6605272667898,0.9995959,0.986063
1346.661916131433,0.9997689,0.87460726
1346.6633049960178,0.9999508,1.079321
1346.66469386066,0.9998679,0.9429078
1346.6660827253027,0.9997581,0.8655919
1346.6674715899449,0.99929434,0.59771144
1346.6716381838137,0.99984115,1.2877816
1346.6730270483986,0.9998218,1.2470826
1346.6744159130415,0.99968183,0.9569783
1346.675804777683,0.9999684,1.0490916
1346.6771936422674,0.9997551,0.7242613
1346.6785825069103,0.9996996,0.8946089
1346.6799713715527,0.99987805,1.1356539
1346.6813602361367,0.99977183,0.8316697
1346.6827491007791,0.99944264,0.820277
1346.6841379653633,0.9995267,0.97216666
1346.6855268300064,0.9997447,1.388707
1346.6869156945904,1.000022,0.70495296
1346.6883045592326,0.9995596,0.7692685
1346.6896934238175,0.9999503,1.6160725
1346.6910822884597,0.9996507,0.6755905
1346.6924711530442,0.99978614,1.0626491
1346.6938600176863,0.9998626,0.90950924
1346.6952488822703,0.99958616,0.3606296
1346.6966377469134,0.99993813,1.1256241
1346.6980266114977,0.99982285,1.3637744
1346.6994154761392,0.999777,0.67710936
1346.700804340724,0.99978536,0.8998822
1346.7021932053672,0.99981993,1.1463407
1346.7035820699507,1.0000305,1.0784062
1346.7049709345347,0.9999932,1.233535
1346.7063597991778,0.9999691,0.43471137
1346.7077486637618,0.99991786,1.3203037
1346.709137528346,0.9999177,1.4100047
1346.7105263929884,0.9999403,0.5290269
1346.7119152575733,0.99959135,1.0546634
1346.713304122158,1.000072,1.3567725
1346.7146929867413,0.9996772,0.7955766
1346.7160818513837,0.9996332,0.546975
1346.7188595805528,0.9997896,0.978894
1346.7202484451368,0.9997296,1.3104708
1346.721637309779,0.9997733,0.78871214
1346.7230261743634,0.99981886,1.1162224
1346.724415038948,0.99981874,0.7754319
1346.7258039035323,1.0000821,0.87583965
1346.7271927681156,0.9999691,1.5038811
1346.7285816327003,0.999772,0.72002566
1346.731359361927,0.99987555,0.7865009
1346.732748226511,0.9999565,1.0787112
1346.7341370910958,0.9997808,1.2160158
1346.7355259556807,0.9998525,1.0853585
1346.7369148202647,0.9999203,0.64230657
1346.7383036848482,0.99947315,1.32858
1346.7396925494331,0.99995434,1.0791394
1346.741081414018,0.99972665,1.0612613
1346.7424702786013,0.99993265,1.1620654
1346.7438591431855,0.9998483,0.6171552
1346.7452480077704,0.99985415,1.5176333
1346.7466368723544,1.0000507,0.3785082
1346.7480257369384,0.9999572,1.236972
1346.7494146015229,0.99977386,1.2784256
1346.7508034661068,0.9998031,0.8776206
1346.7535811952175,1.0000048,0.42190313
1346.754970059801,0.99991,1.1194052
1346.756358924386,0.9997733,0.96871984
1346.7577477889706,0.99973637,0.79404235
1346.7591366535548,0.99971104,0.8111129
1346.7605255181388,0.9998612,1.2213434
1346.761914382723,0.999672,1.0398914
1346.7633032472495,0.9995864,1.0730675
1346.7646921118337,0.9996783,0.32057753
1346.766080976417,0.9998031,1.1041788
1346.767469841002,0.99984175,1.3893207
1346.7688587055286,1.0000111,0.6256649
1346.7702475701121,1.000051,1.1962174
1346.7716364346961,1.0000657,1.1990757
1346.773025299281,0.9995984,1.1678458
1346.7744141638068,1.0002081,0.9403485
1346.7758030283912,0.9998836,0.7854243
1346.7771918929752,0.9998326,1.143966
1346.778580757501,1.0002264,1.2484806
1346.779969622086,0.9998795,0.89775515
1346.781358486612,1.0001104,0.94773436
1346.7827473511961,0.99970293,1.0915768
1346.7841362157808,1.000007,1.062652
1346.7855250803068,0.9997524,0.8864846
1346.7869139448908,0.9999845,1.1084497
1346.7883028094168,0.9998448,0.9887724
1346.789691674001,0.9996231,1.2513924
1346.7910805385277,0.9997894,0.5649903
1346.7924694031117,0.99998045,1.2476515
1346.793858267637,0.9997247,0.7160437
1346.7952471322217,0.9996986,0.8623615
1346.7966359967481,0.99972284,0.82271945
1346.7980248613317,0.9998849,1.1591698
1346.7994137258577,0.99972534,0.8772906
1346.8008025904423,0.9998431,1.0611145
1346.8021914549686,0.9998015,0.41768703
1346.8035803194944,0.9999973,1.0565406
1346.8049691840783,0.99947506,0.680145
1346.806358048605,0.9998339,1.0110879
1346.80774691319,0.9997858,1.152985
1346.8091357777153,1.0000134,1.2237536
1346.810524642241,1.0000023,1.3558203
1346.811913506826,0.99985665,0.8654985
1346.8133023713517,0.99976915,1.2704352
1346.8146912358777,0.9998272,1.1638728
1346.8160801004037,0.9999479,1.0702014
1346.8174689649877,1.0001568,1.1216637
1346.8188578295144,1.0000825,1.0200979
1346.8202466940402,0.9999958,0.8579037
1346.8216355585655,0.9999371,0.9362161
1346.8230244231504,1.0001113,1.0359414
1346.824413287677,0.99970174,0.8874982
1346.8258021522022,0.99992216,0.7423555
1346.8271910167282,0.9999712,0.7300073
1346.8285798812549,0.99995637,1.1782403
1346.8299687457813,0.9999915,0.925397
1346.8313576103656,0.99987787,0.49782273
1346.8327464748907,0.9998347,1.5098792
1346.8341353394171,0.99958175,0.57331544
1346.8355242039438,0.99997157,1.3753178
1346.838301932995,0.99988586,1.0341412
1346.8396907975216,0.9999272,1.1801928
1346.8410796620476,0.99965626,0.6853021
1346.8424685265736,0.9995945,0.55092186
1346.8438573910994,1.0002337,1.2981838
1346.8452462556254,0.99972045,0.85584426
1346.8466351201519,0.999857,1.2480323
1346.8480239846779,0.9996569,0.59396076
1346.849412849203,1.0000359,0.777371
1346.8508017137297,0.99971247,0.92469096
1346.8521905782563,0.9998309,1.406658
1346.8535794427821,0.9998753,0.7741872
1346.8549683073084,0.9996536,1.1884447
1346.856357171776,0.9996601,1.0025305
1346.8577460363026,0.9998797,1.1016604
1346.8591349008284,0.99994177,0.77811503
1346.8605237653537,0.99959284,0.8576773
1346.8619126298804,0.9999174,1.1928442
1346.8633014944069,0.9999739,0.8513349
1346.8646903588738,0.99971354,0.85811543
1346.8660792234,0.99967515,1.1056994
1346.8674680879265,0.99980515,0.81363285
1346.8688569524525,0.99977666,0.8438289
1346.8702458169782,1.0000476,1.2388608
1346.871634681446,1.0000502,1.1473125
1346.873023545972,0.999728,0.7605269
1346.8744124104985,0.9999305,1.1691376
1346.8758012749663,0.9997009,0.3776994
1346.877190139492,0.9998587,1.2840979
1346.8785790040188,0.9996849,0.9068319
1346.8799678684863,0.9999509,1.3966655
1346.8813567330126,0.9997705,0.5984347
1346.8827455975384,1.0000007,0.9715426
1346.884134462006,0.999804,0.9303671
1346.8855233265326,1.0000261,1.094869
1346.8869121910004,0.9998129,0.7201445
1346.8883010555255,0.99974173,0.9326469
1346.889689919994,0.9999378,0.84030867
1346.8910787845207,0.99981356,1.033073
1346.8924676489878,1.0000709,0.893741
1346.8938565135136,0.99962515,1.0710746
1346.895245377982,0.9996805,1.181075
1346.8966342425078,0.9998026,0.8844029
1346.8980231069763,0.9999788,1.1104511
1346.899411971502,0.9998621,1.4904367
1346.9008008359692,0.99972785,0.71116316
1346.902189700496,0.99999666,1.2311547
1346.9035785649644,0.999676,0.62800276
1346.904967429432,1.000119,0.9657667
1346.9063562939577,0.9994904,0.77686286
1346.9077451584258,0.9998125,1.1685277
1346.9091340229522,1.0001369,0.92299294
1346.91052288742,0.9996744,1.179413
1346.9119117518871,0.9999136,0.91664517
1346.9133006164136,1.000096,1.2861072
1346.9146894808819,0.99968654,0.6607777
1346.916078345349,0.999702,0.9683196
1346.9174672098166,0.99972,1.1250516
1346.9188560743432,0.99967575,0.9087262
1346.920244938811,0.99979275,0.67624867
1346.9216338032788,1.0000162,0.8011863
1346.9230226677464,0.9995963,0.79554975
1346.9244115322724,1.0001783,1.1329829
1346.9258003967407,0.99991685,1.2099581
1346.9271892612085,0.9998525,0.7970973
1346.9285781256763,0.9999453,0.91590536
1346.9299669901447,0.99977386,1.1660482
1346.9313558546123,0.9998309,1.0516319
1346.93274471908,1.0002022,1.0766273
1346.9355224480737,1.0000017,1.1777843
1346.9369113125422,1.000135,1.2258154
1346.9383001770098,0.99971044,0.972237
1346.9396890414769,0.9997648,0.9880773
1346.9410779059453,0.9999195,1.4627414
1346.9424667704136,0.999959,0.9208399
1346.9438556348805,0.99973035,0.63081455
1346.9452444993485,1.0001485,0.87403375
1346.9466333638168,0.99964035,0.97584474
1346.9480222282846,0.99995357,0.95327604
1346.9494110927521,0.99981624,0.95653766
1346.95079995722,0.9997226,1.1022563
1346.9521888216882,0.99982387,0.7975657
1346.9535776861567,0.9998011,1.0923058
1346.9549665505656,0.99981433,0.9647532
1346.9563554150332,0.999663,1.0943615
1346.9577442795016,0.9997693,0.7923664
1346.9591331439692,0.9998477,1.1671413
1346.9605220084372,0.999999,0.7781912
1346.9619108729048,1.0000734,0.9722992
1346.9632997373142,0.99990624,1.1541915
1346.9646886017827,0.999859,0.99390507
1346.9660774662505,0.99982333,0.9190099
1346.9674663307173,1.0000336,0.7168852
1346.9688551951858,0.9999552,1.4273051
1346.970244059596,0.99979,0.91243017
1346.9716329240632,1.0001639,1.173107
1346.9730217885308,0.9996943,0.8221016
1346.974410652941,0.9999262,1.0913724
1346.9757995174095,0.9997638,0.81107783
1346.977188381877,0.99999505,1.7866757
1346.978577246286,0.99973184,0.58364046
1346.9799661107545,1.0000296,1.0634145
1346.9813549752228,0.9998717,0.98110116
1346.9827438396314,1.0001657,0.919966
1346.9841327040992,0.9996071,0.89345354
1346.9855215685675,0.999916,0.93750334
1346.9869104329773,0.9998517,0.9190992
1346.9882992974449,0.99963284,0.70645237
1346.9896881618542,0.999686,0.87420946
1346.9910770263223,0.99978614,0.9861307
1346.9924658907323,0.9996748,0.98354244
1346.9938547552001,0.999717,1.2126361
1346.9952436196088,0.999833,0.79404795
1346.996632484077,1.0000713,0.7112963
1346.9980213484873,0.99982786,0.81480527
1346.9994102129551,0.99993026,0.8796985
1347.0007990773647,0.99994797,1.106661
1347.002187941774,1.000047,0.8254848
1347.0035768062426,0.99986356,0.6867467
1347.004965670652,0.99990934,0.97541285
1347.006354535119,0.99981874,0.9446453
1347.0077433995293,0.99991333,1.0770892
1347.0091322639396,0.9999512,1.0420122
1347.0105211284065,0.99989915,0.9054899
1347.011909992816,0.9997457,0.79713833
1347.0132988572263,0.99977833,1.0868247
1347.014687721694,0.99968886,0.7951894
1347.0160765861033,0.9999991,0.8217219
1347.017465450513,0.99982053,0.9868907
1347.0188543149225,0.9999232,0.84853274
1347.020243179391,0.99992776,0.87033266
1347.0216320438003,0.9999334,1.1753784
1347.0230209082097,0.9998575,0.79336447
1347.02440977262,0.9998849,0.92677534
1347.0257986370295,0.9998382,0.82550013
1347.0271875014973,0.9997496,1.1222408
1347.0285763659067,0.9995198,0.86730564
1347.0299652303163,0.9997681,1.002768
1347.0313540947263,0.99936676,1.0877739
1347.0327429591362,1.0000592,0.9163117
1347.0341318235448,0.99999714,0.5052001
1347.0355206879549,1.000274,1.2571399
1347.0369095523652,1.0000308,0.9280786
1347.038298416774,1.0001221,1.0582876
1347.0396872811834,0.9997123,1.2511401
1347.0410761455937,0.99972516,0.31462997
1347.042465010003,0.99981534,1.754551
1347.043853874413,1.0000509,0.5311798
1347.0452427388223,0.9999755,1.3780297
1347.0466316032325,0.99972576,1.0827702
1347.0480204676428,0.9998216,0.8493742
1347.0494093320515,0.9999067,0.7026277
1347.050798196461,0.9999869,1.4486852
1347.0521870608711,0.9996223,0.9262291
1347.0563536541003,0.9996773,0.97060275
1347.0577425185093,1.000036,1.0905794
1347.0591313828613,0.9996043,0.6260085
1347.0605202472714,0.99981064,0.74361575
1347.06190911168,0.9999212,1.0471909
1347.0646868404997,1.0001031,1.0394884
1347.0660757048513,0.9998447,0.8940805
1347.0674645692607,0.9998241,0.96006155
1347.06885343367,0.9998374,0.902988
1347.0702422980803,1.0003047,1.2260877
1347.0730200268413,0.9997895,1.2499388
1347.0744088912506,0.99979085,0.9729961
1347.0757977556027,0.9998093,0.8468219
1347.077186620012,0.99991935,1.0104208
1347.0785754844217,0.9998965,0.9293761
1347.079964348773,0.9999286,0.82010984
1347.0813532131824,0.9997998,0.8071916
1347.0827420775345,1.0000042,0.92858076
1347.0841309419438,0.9999438,0.9421787
1347.0855198063527,0.9997472,0.7847916
1347.0869086707048,0.9999177,1.1809949
1347.088297535115,0.9998809,0.677436
1347.0896863994656,0.99997526,1.4543141
1347.0910752638752,0.99963075,0.6274712
1347.0924641282272,0.99982387,0.86901116
1347.0938529926373,0.99990374,0.9767504
1347.0952418569887,0.9995658,1.3834692
1347.0966307213976,0.9998399,0.75671864
1347.0980195857494,0.9997974,0.8360541
1347.0994084501594,0.99956423,0.87608397
1347.1007973145101,0.99993175,0.98994184
1347.1021861788613,0.99960023,1.2932981
1347.1035750432716,0.9997945,1.1182345
1347.104963907623,0.9998427,0.6616801
1347.1063527719743,0.9998456,0.8984961
1347.1077416363837,0.99981594,1.150143
1347.109130500735,0.99991626,0.74845934
1347.110519365087,0.9998285,1.1518562
1347.1119082294967,0.99986804,0.8648869
1347.1132970938472,1.00002,0.84012026
1347.114685958199,0.99984086,1.2673333
1347.1160748226093,0.9998061,0.626214
1347.1174636869605,0.99995375,1.1268703
1347.118852551312,0.9995077,1.0461049
1347.1202414156633,0.99958867,0.6983528
1347.1216302800153,0.9999527,1.1010493
1347.1230191444247,0.9999913,1.0754771
1347.1244080087754,0.99938864,0.86205304
1347.1257968731275,1.0001464,0.5800533
1347.1271857374795,0.99984276,1.1064954
1347.12857460183,0.99979126,0.99680567
1347.1299634661814,0.9997019,1.0203829
1347.1313523305332,0.9999734,0.66223216
1347.1327411948846,0.99972016,1.0932523
1347.134130059294,0.99969816,1.1510619
1347.1355189236453,1.0002277,0.9705936
1347.1369077879967,0.999799,1.6871203
1347.1382966523488,0.9998336,0.6428124
1347.1396855167,0.9997223,1.0029662
1347.141074381051,0.9997943,0.80347484
1347.1424632454032,0.9998608,0.772467
1347.1438521097546,0.9999182,1.09268
1347.145240974106,0.9998717,1.4079355
1347.146629838457,0.9998573,0.58588666
1347.14801870275,0.9995845,1.3623933
1347.1494075671021,0.9997496,1.0164539
1347.1507964314535,0.9999297,0.9032731
1347.152185295804,1.0000249,1.2082487
1347.153574160156,0.99994856,0.7972433
1347.154963024508,1.0000122,1.342686
1347.1563518888588,0.9996123,0.87389815
1347.15774075321,0.9997419,1.2432615
1347.1591296175038,0.9998272,0.89931893
1347.160518481855,0.99986386,0.8015782
1347.1619073462064,0.9994646,1.4553529
1347.1632962105577,0.9996936,0.9317722
1347.1646850748516,0.9995055,0.4419739
1347.1660739392034,1.0000618,1.1353846
1347.167462803554,1.0001537,0.94457126
1347.1688516679055,0.99985397,0.59969926
1347.1702405321992,0.99975663,1.3877875
1347.1716293965505,0.9999398,1.1057651
1347.1730182609017,0.99973947,0.7498261
1347.1744071251946,0.9997243,0.69114333
1347.1757959895463,0.9996376,0.9973979
1347.177184853898,0.99965656,1.4068588
1347.1785737181913,0.9996161,0.42496654
1347.179962582542,0.99986804,1.0798512
1347.1910734971216,0.9998648,1.012997
1347.1924623614727,0.99990314,0.37985644
1347.1938512257666,1.000003,0.63857436
1347.1952400900595,0.99987847,0.8143816
1347.196628954411,0.9999227,0.987826
1347.198017818704,0.99994195,1.1029152
1347.1994066830553,1.0000046,0.80086124
1347.2007955473491,0.9999585,0.8920609
1347.202184411642,1.00001,0.95670724
1347.2035732759928,0.999901,0.9235498
1347.2049621402866,1.0003182,1.1067791
1347.2063510045805,0.9998477,0.88678265
1347.207739868931,1.000111,0.98573005
1347.2091287332241,1.0001978,1.0019939
1347.2105175975178,0.9999987,0.9037478
1347.2119064618691,0.9999073,0.85819143
1347.213295326162,0.9999697,1.1678427
1347.2146841904553,1.0000246,0.7485227
1347.216073054749,1.0000575,0.93639934
1347.217461919101,1.0000929,0.91568613
1347.2188507833935,1.0000821,1.0355724
1347.2202396476864,1.0000837,0.96073884
1347.2216285119803,1.0000871,1.2955862
1347.2230173762734,0.9999726,1.079321
1347.2244062405666,0.99988323,1.2154433
1347.2257951048596,1.0000287,0.935776
1347.2271839692107,1.0000341,1.064266
1347.2285728335046,0.9999428,1.1033823
1347.2299616977978,0.9999771,0.7951395
1347.23135056209,1.00002,0.9945321
1347.232739426384,1.0001518,1.0030732
1347.2341282906777,1.0000702,1.0282162
1347.2355171549702,1.0003015,1.2815427
1347.2369060192632,1.0000814,0.91358083
1347.238294883557,1.0002196,0.81590605
1347.239683747851,1.0001061,1.154818
1347.2410726121439,0.9998595,0.6827698
1347.2424614764363,1.0000015,1.0813004
1347.2438503407302,1.0000539,1.0405363
1347.2452392050238,1.0002687,0.99093866
1347.246628069316,1.0000821,0.8543614
1347.2480169335513,0.99992174,0.9848865
1347.249405797845,1.0001131,0.95448333
1347.250794662138,1.0000821,0.8428967
1347.252183526431,1.0001513,0.9839078
1347.253572390724,0.99996084,0.9784211
1347.2549612550174,1.0000187,0.949162
1347.2563501192528,1.000038,0.85465777
1347.257738983546,1.0001972,0.9458864
1347.2591278478385,0.9999828,0.993855
1347.2605167121321,0.9999228,0.7884431
1347.2619055764258,1.000165,0.88147616
1347.263294440661,1.0002084,0.937372
1347.264683304954,1.000138,0.98999965
1347.2660721692469,1.0000323,0.86054343
1347.2674610334825,1.0001022,1.1541435
1347.2688498977755,0.9999309,0.7537192
1347.270238762068,1.0000782,0.8588889
1347.2716276263036,1.0001512,0.9975642
1347.2730164905975,1.0002954,1.0919383
1347.27440535489,1.0001633,0.9234669
1347.2757942191247,1.0000111,0.8656305
1347.2771830834185,0.99989593,0.7621039
1347.2785719476533,1.0000331,1.0336741
1347.2799608119462,1.0001405,0.8478864
1347.2813496761814,1.0000122,0.9667574
1347.2827385404744,0.9998973,0.761221
1347.28412740471,1.0002586,0.81284237
1347.285516269003,1.0001647,0.92737305
1347.286905133238,0.99991953,0.84673893
1347.2882939975316,1.0001184,0.8932842
1347.2896828617668,1.0001563,0.8177496
1347.2910717260597,0.9999125,0.80849075
1347.2924605902945,0.9999811,0.93106663
1347.2938494545876,0.99998295,0.77489185
1347.295238318823,1.0000399,0.9806886
1347.2966271830587,1.0000871,0.9615458
1347.2980160473512,1.0000935,1.1249659
1347.299404911586,0.99993545,0.7961328
1347.3007937758216,1.0002818,1.1135005
1347.3021826401148,0.99994195,0.7645411
1347.3035715043497,1.000037,1.0480255
1347.3049603685845,1.0001774,0.6493715
1347.3063492328774,1.0002426,0.9716253
1347.307738097113,0.99991417,0.68457186
1347.309126961348,1.0001581,0.8748555
1347.310515825583,1.0000054,0.88380885
1347.3119046898769,1.0000476,0.8308585
1347.3132935541116,0.999972,0.9757112
1347.3146824183464,1.0000108,0.73346436
1347.3174601468163,0.9999177,0.6892457
1347.318849011052,1.0001084,1.6285194
1347.320237875345,1.0003365,0.89947164
1347.3216267395792,1.0000966,1.0739403
1347.3230156038148,1.0001451,0.812047
1347.3244044680503,1.0001631,0.8290259
1347.3257933322843,1.0000806,0.76340985
1347.3271821965195,1.0001276,0.88135326
1347.328571060755,1.000327,1.0333468
1347.32995992499,1.0003767,1.0468751
1347.3313487892246,1.0002333,0.92456555
1347.3327376534594,1.0000929,0.8156934
1347.334126517695,1.0000716,0.87955797
1347.3355153819307,1.0002128,1.1202463
1347.336904246165,1.0000618,0.7464107
1347.3382931103997,1.0001527,0.7441154
1347.3396819746354,1.000143,0.85442287
1347.34107083887,1.0000389,1.1591997
1347.3424597031053,1.000068,0.8110435
1347.34384856734,1.0000637,0.72050524
1347.3452374315166,1.0001094,0.9633434
1347.3466262957522,1.0000005,0.6954801
1347.3480151599872,1.0000575,0.9207654
1347.3494040242213,0.99997723,0.8406099
1347.350792888457,1.0000159,0.863065
1347.3521817526926,1.0002196,0.9996383
1347.3535706168686,1.0001689,0.92115736
1347.3549594811034,1.0000598,0.66190743
1347.356348345339,1.0000552,0.8392648
1347.3605149379855,0.99988073,1.8591388
1347.361903802221,0.99961644,2.095896
1347.3632926663981,0.99981767,1.190468
1347.3646815306324,0.99972314,0.85390615
1347.3660703948674,0.99988586,0.923861
1347.3674592590446,0.9994538,0.6915996
1347.3688481232798,0.9997241,0.71682477
1347.3702369874563,0.9998156,0.86842346
1347.371625851691,0.9999083,0.79040456
1347.373014715926,0.99989146,0.9127436
1347.3744035801033,0.9998094,0.85778534
1347.3757924443385,0.9997973,1.0665225
1347.3771813085143,0.99963826,0.7315937
1347.3785701727497,0.9999206,1.0335047
1347.3869033579858,0.9997358,1.8857566
1347.393847678928,0.99953085,0.7241904
1347.3952365431633,1.0000837,0.7596804
1347.3966254073398,0.99997807,0.95873606
1347.3980142715172,0.99976534,0.8234998
1347.399403135752,0.9998086,0.85085475
1347.400791999928,0.99986523,0.79757476
1347.4021808641055,0.99968654,0.853703
1347.4035697282827,0.9998717,0.8494414
1347.4049585925177,0.999893,0.94255036
1347.4063474566942,0.9997031,0.9754368
1347.407736320871,1.0001063,0.6935276
1347.4091251850482,0.9995481,0.5681484
1347.4105140492252,0.9997035,0.7561453
1347.4119029134592,1.0000211,0.81189
1347.4132917776365,1.0001636,0.9868736
1347.414680641814,0.9994443,0.86911047
1347.41606950599,1.0000565,1.0448896
1347.4174583701665,0.9999336,0.96687466
1347.418847234344,0.9996044,1.1577355
1347.4202360985205,0.99974304,0.4365285
1347.4216249626975,1.000035,0.9623984
1347.423013826874,1.0000756,1.1570108
1347.4244026910505,1.0002025,0.95178735
1347.425791555228,0.99970055,0.9955833
1347.4271804194047,0.9998183,1.0882552
1347.4285692835815,0.9997833,1.4737726
1347.4299581477587,0.99952173,0.66153514
1347.4313470119355,0.9992337,0.7295527
1347.432735876112,0.99951506,1.1607411
1347.4341247402888,0.9998129,0.9477865
1347.4355136044655,0.9991006,1.1780168
1347.436902468643,0.9993195,1.0419427
1347.4382913328195,1.0000265,1.1530759
1347.4396801969956,0.9999639,0.6256527
1347.4410690611146,1.0001991,1.0003146
1347.4424579252918,0.9998023,0.8895719
1347.443846789468,0.99979156,0.9681051
1347.4452356536447,0.9998441,0.8523443
1347.4466245178219,0.9998528,0.9860594
1347.4480133819407,0.9996544,0.53461146
1347.4494022461172,0.99908435,0.8245642
1347.4507911102937,0.9995179,0.92953235
1347.4535688385904,0.9997297,0.7423606
1347.4549577027665,0.9995016,1.2159828
1347.456346566943,0.999269,0.21175821
1347.4577354310622,0.99953556,1.1595325
1347.4605131594155,0.998988,0.61741215
1347.4632908877106,0.9995549,0.9856831
1347.4688463443017,0.9997834,1.4159157
1347.4730129367736,0.99956673,0.88340676
1347.4744018008928,0.9997101,0.680984
1347.47579066507,0.9994878,1.0927975
1347.4771795291886,0.99977577,1.0078416
1347.4785683933646,0.9996964,0.6657972
1347.4813461216027,0.9997914,0.89596987
1347.4855127140745,0.9996902,0.6005838
1347.486901578193,0.9995974,0.8129604
1347.488290442312,0.99980193,0.9200071
1347.489679306489,0.99950266,0.7598721
1347.493845898845,0.9989234,0.80050063
1347.4966236271393,0.9994256,0.96795917
1347.4980124912586,0.9993901,1.3369815
1347.499401355377,0.9989811,1.3390805
1347.5035679477915,0.9992481,1.558638
1347.5105122684427,0.9990711,2.0649185
1347.514678860798,0.9990612,1.6966928
1347.5160677249173,0.9989888,0.7860285
1347.5174565890356,0.9997467,1.0978953
1347.5188454531535,0.99967647,0.7848147
1347.5202343172728,0.99921423,0.8445107
1347.5216231813918,0.99962324,1.1075306
1347.5230120455094,0.9998225,0.7588506
1347.524400909628,0.9995798,0.78072345
1347.525789773747,0.99989843,0.85591996
1347.5271786378662,0.999724,0.9072025
1347.5285675019265,0.9996698,0.6272462
1347.5299563660442,0.9994132,1.0692472
1347.5313452301634,0.9996079,0.7877541
1347.5327340942827,0.9997988,1.29344
1347.5341229584005,0.9998473,0.5433545
1347.5355118225189,0.9992163,0.96467394
1347.536900686638,1.0002681,1.1245428
1347.5382895506982,0.9996104,0.6646235
1347.5396784148168,0.999583,1.5529754
1347.5410672789353,0.9997505,0.5506488
1347.5424561430536,0.9995617,0.48283675
1347.5438450071147,1.00009,0.9006547
1347.545233871233,0.9995445,0.84952295
1347.5466227353509,0.9995856,0.8967368
1347.54801159947,0.9998166,1.1168587
1347.5494004635311,0.9997817,0.94952166
1347.5646779686026,0.99967647,0.773907
1347.566066832663,0.9997107,0.8434306
1347.567455696782,0.9996799,0.67885065
1347.5688445608425,0.9996738,1.0377705
1347.570233424902,0.99988306,1.1590406
1347.571622289021,1.0000017,0.98294914
1347.573011153082,0.9999038,1.184771
1347.5744000172006,0.9996743,0.6755452
1347.575788881261,0.99997526,1.7607895
1347.577177745321,0.9996718,0.6244991
1347.5785666094403,0.99954796,0.8521584
1347.5799554735004,0.99975914,1.4470371
1347.58134433756,0.99972725,0.79344636
1347.5827332016793,1.0003681,0.65039736
1347.5841220657403,0.99963886,0.60893863
1347.5855109297997,0.99964815,2.087472
1347.5882886579793,0.99935174,1.5524206
1347.5896775220394,0.9993698,1.3469902
1347.592455250218,0.9997827,1.5764567
1347.5952329783395,1.000375,1.0286689
1347.5966218423996,0.9999013,0.84222543
1347.5980107064597,0.99941105,0.89285487
1347.5993995705207,0.9994157,0.9990088
1347.600788434581,0.9992703,1.0236605
1347.6021772986996,0.99972636,0.9345915
1347.6035661627598,0.99912214,0.7346157
1347.606343890881,0.99940205,1.58478
1347.6077327549413,0.999715,0.95981055
1347.6091216190007,0.9993625,0.88599336
1347.6105104830617,0.9999987,0.86852634
1347.6118993471227,1.0001723,1.3029444
1347.6132882111824,0.9997244,0.9446128
1347.6146770752425,1.0000174,1.1778275
1347.6160659393036,1.0001367,0.9251003
1347.6174548033637,0.9999172,0.7076888
1347.6188436673658,1.0000192,0.7387169
1347.6202325314262,1.0001057,1.1667203
1347.6216213954872,0.99985445,0.9654347
1347.623010259548,0.99986,1.0281454
1347.6243991236074,0.99994045,0.7572223
1347.625787987668,0.9999701,0.87614393
1347.6271768517288,0.99928457,0.89164054
1347.628565715731,1.0000827,0.8857151
1347.629954579791,0.99988544,0.96169114
1347.6313434438512,0.9993051,0.583434
1347.6327323079117,0.99910843,0.90776825
1347.6341211719143,0.9995999,0.91211915
1347.6355100359747,1.0001142,1.2956873
1347.6368989000343,0.9998085,0.9190469
1347.6382877640951,0.9995509,0.8167795
1347.6396766280977,0.99946755,1.0171028
1347.6410654921574,0.99971205,0.5288459
1347.6424543562175,0.9994978,1.0178118
1347.6438432202203,0.9994843,0.98435926
1347.6452320842814,0.99933845,0.7273145
1347.6466209483424,0.99966764,1.3111783
1347.6480098123438,0.9998922,0.90399003
1347.649398676404,1.000271,1.0142834
1347.6507875404068,0.99997455,0.7151305
1347.652176404467,0.9998289,0.96570647
1347.653565268469,0.99964154,0.7981874
1347.6549541325294,0.99992746,1.068263
1347.6563429965313,0.99942154,0.7545748
1347.6577318605923,1.0000306,0.64827055
1347.6591207245942,0.99959254,0.9657836
1347.660509588654,0.9997586,0.77209044
1347.6618984526567,0.9998256,1.0888511
1347.6632873167177,1.0001434,0.8042605
1347.664676180719,0.9997498,0.7526596
1347.666065044721,0.9998988,0.75898015
1347.6674539087821,0.99993086,1.6910986
1347.6688427727847,0.9994221,1.1869248
1347.6702316367869,0.9992904,0.69641614
1347.6716205008463,0.9991501,1.1888558
1347.673009364849,0.99956423,0.98471737
1347.6743982288517,0.99981934,1.2417756
1347.6757870929114,1.0000722,0.91033626
1347.6771759569133,0.99947643,0.8988189
1347.678564820916,0.9994037,0.9302688
1347.6799536849182,0.9994255,1.5801533
1347.6813425489786,0.99956113,0.696125
1347.6827314129805,0.99960905,1.0673167
1347.6841202769826,0.999863,0.9839686
1347.6855091409852,0.9996775,0.86728376
1347.6868980049874,0.9996445,0.8945018
1347.6882868690468,0.9994704,1.4041108
1347.6896757330496,0.99966586,1.2848305
1347.6910645970524,0.9995666,0.8536623
1347.6924534610544,0.9994607,0.46323434
1347.6938423250567,0.9998278,1.2802213
1347.6952311890586,0.9997963,0.74500847
1347.6966200530615,0.9996354,0.697248
1347.6980089170634,0.9992486,0.76240116
1347.6993977810648,0.9997131,1.2267104
1347.7007866450676,0.9993978,1.3169967
1347.7035643730715,0.9993095,0.84355795
1347.7049532370738,0.9996683,1.2937564
1347.7063421010764,0.99965304,0.8597628
1347.7077309650786,0.99965024,0.7512049
1347.7091198290805,0.99985653,1.0992328
1347.7105086930826,0.9993498,1.0487732
1347.7118975570847,0.99966913,0.88818103
1347.7132864210873,0.9996384,0.7125265
1347.7146752850317,0.99976224,0.82733226
1347.716064149034,0.9996216,0.8874285
1347.717453013036,0.9997558,1.0217067
1347.718841877038,0.9996887,1.0086538
1347.7202307410407,0.999415,0.8482307
1347.7216196049847,0.9997355,0.92454636
1347.7230084689859,0.9994706,0.80576164
1347.7243973329887,0.9998528,0.9554759
1347.7257861969915,0.99961853,1.0551813
1347.7271750609348,0.99910676,0.72047776
1347.7563412044565,0.9988729,1.3714927
1347.757730068401,0.9995045,1.2558715
1347.7688409800699,0.9997942,0.876181
1347.7702298440718,0.9998056,0.86860144
1347.7716187080155,0.99984187,0.76014996
1347.7730075719596,1.0001944,1.0004297
1347.7743964359033,0.9993578,0.9197806
1347.775785299848,0.9997706,0.786502
1347.7771741638498,0.9994063,0.5386386
1347.778563027793,0.99960256,0.90611434
1347.7799518917377,0.9992976,1.0430439
1347.781340755682,0.99991685,1.1414207
1347.7827296196251,0.9995422,0.6014226
1347.7841184835693,0.99997056,0.87541807
1347.7855073475137,0.9996382,1.0802343
1347.786896211458,0.99969625,1.0368121
1347.7882850754027,0.9993657,0.89002705
1347.789673939346,0.99973774,0.7495973
1347.7910628032896,0.99959403,1.0725302
1347.7924516672342,0.99878734,1.1155409
1347.8091180345036,0.99935114,1.2991025
1347.811895762333,0.9993397,1.0721885
1347.813284626277,0.99969673,0.6402493
1347.8146734902216,0.9997757,1.0690901
1347.8160623541078,0.99963886,1.063712
1347.8174512180508,0.9996021,0.8257431
1347.818840081995,0.9994159,0.8334813
1347.8202289458811,0.9999017,1.0244169
1347.821617809825,0.9998523,0.8424051
1347.8230066737688,0.99964917,0.89129084
1347.8243955376543,0.9999684,1.2788342
1347.8257844015984,1.0001601,0.6975418
1347.8271732655428,0.99923587,0.85865986
1347.8285621294285,0.99966276,1.1291412
1347.8299509933718,0.9995982,0.730355
1347.831339857258,0.9996903,0.68259615
1347.8327287212023,0.9993948,1.5263256
1347.8341175850874,0.99938226,1.0181442
1347.835506449031,0.99977106,1.5368158
1347.8368953129175,0.99915904,0.47880605
1347.838284176862,0.99925435,1.2283584
1347.8396730407476,0.9996111,1.0014939
1347.8410619046908,0.9999998,0.7634642
1347.8424507685772,0.9994993,0.70404696
1347.8438396324636,0.9995537,0.8289975
1347.8452284964067,0.99965006,0.69919
1347.8466173602924,0.99927336,1.1214142
1347.8480062241788,0.999088,0.87517023
1347.8493950881225,0.9993212,1.0084625
1347.850783952009,0.99959,0.62057376
1347.8521728158944,0.9994773,0.73046243
1347.8535616798376,0.9994703,0.7153437
1347.854950543724,0.9996997,0.917205
1347.8563394076104,0.9995812,0.84031475
1347.8577282714953,0.999463,0.64024115
1347.8591171354392,0.99964404,1.0217403
1347.8605059993254,0.999279,1.3289179
1347.8618948632115,0.9996889,0.91178095
1347.8632837270975,0.9998302,1.3686923
1347.8646725909823,0.9996525,1.1335262
1347.8660614549267,0.99978405,1.0005786
1347.867450318813,0.9999177,0.8618747
1347.8688391826981,0.9996588,0.7945039
1347.8702280465836,0.9999401,0.7628064
1347.87161691047,0.99944264,1.0630435
1347.8743946382415,0.9996581,1.2904447
1347.875783502127,0.9992968,0.8335334
1347.8771723660125,0.9994003,0.5301321
1347.8785612298989,0.9996556,0.7429748
1347.8799500937846,0.9997005,0.91492516
1347.8813389576694,0.9993136,0.8314653
1347.8827278215558,0.99991643,1.0189189
1347.8841166854422,0.9995159,1.1675726
1347.8855055493277,0.99985397,0.8068169
1347.8868944132134,0.9993553,0.5697789
1347.8882832770992,1.0001054,1.2360597
1347.8896721409856,0.9999254,0.7016883
1347.8910610048129,0.99973905,1.0201709
1347.892449868698,0.999656,0.81187904
1347.8938387325843,0.99968415,0.77653307
1347.8952275964705,0.9998697,0.80476177
1347.8966164603553,0.99989545,0.848858
1347.898005324183,0.9986959,1.7055815
1347.8993941880692,0.99886584,1.1645194
1347.900783051955,0.9992176,0.9652641
1347.9021719158404,0.9986718,0.5729525
1347.9035607796677,0.9989512,1.410004
1347.9049496435537,0.99923,0.7106068
1347.9063385074398,0.9996107,1.2283992
1347.9077273712674,0.99958396,0.79447615
1347.9091162351529,0.9998424,0.8380936
1347.9105050990393,0.9999083,1.1519634
1347.9118939628665,0.9998685,1.5836908
1347.913282826753,0.9998764,0.8835518
1347.9146716906387,0.9995649,0.96599686
1347.9160605544653,0.9995146,0.76148486
1347.9174494183517,0.9997585,1.3593448
1347.9188382821799,0.9996146,0.70136774
1347.920227146065,0.99870634,0.94200855
1347.9271714653191,0.99944097,0.3382829
1347.9285603292046,0.99936986,0.59465486
1347.9299491930328,0.9992813,1.2992333
1347.93133805686,0.9993014,0.9382827
1347.9327269207458,0.9997544,1.2706883
1347.9341157845738,0.9989189,1.5026748
1347.9355046484015,0.99914926,1.2622255
1347.936893512287,0.99978787,1.0232463
1347.9382823761143,0.99906725,1.1901773
1347.939671239942,0.9998359,0.9647796
1347.9410601038282,0.9988826,1.0814179
1347.9424489676558,0.9994433,2.068958
1347.9438378314824,0.99962604,1.4305773
1347.9452266953103,0.9998162,1.0285866
1347.9466155591967,0.99956155,0.5818167
1347.9480044230236,0.9999222,1.1524384
1347.9493932868509,0.9991355,1.3629357
1347.950782150679,0.99988675,1.160057
1347.9521710145066,0.9996775,0.5377365
1347.9535598783923,0.99998134,0.62322545
1347.9549487422196,0.9997967,1.2085495
1347.9563376060478,0.9995032,1.1609184
1347.957726469876,0.9996899,0.9282594
1347.9591153337026,0.9992525,0.86090183
1347.96050419753,0.99979055,0.49857113
1347.9618930613583,0.9989151,0.7370707
1347.9632819251856,0.9990852,0.9961561
1347.9646707890129,0.99951833,0.7931999
1347.967448516668,0.99914056,0.7717173
1347.9702262443234,0.99937356,1.3530936
1347.9716151081502,0.99909186,1.0711919
1347.9730039719784,1.0001513,1.2774861
1347.9743928358064,0.9998654,0.787089
1347.975781699634,0.9997283,1.0400947
1347.977170563403,0.9997799,0.7588041
1347.9785594272305,0.999118,0.7720258
1347.9799482910585,0.9998647,1.3283137
1347.9813371548867,0.9992779,0.781458
1347.9827260187135,0.99947846,1.7704005
1347.9841148824826,0.9995567,0.9274437
1347.9855037463108,0.99926275,0.6410526
1347.986892610138,0.9992178,0.97951746
1347.9882814739658,0.99977094,1.37792
1347.9896703377349,0.9988489,0.8775364
1347.9910592015622,1.0001945,0.9574283
1347.9924480653904,0.99955887,0.562513
1347.9938369292179,0.9994974,1.3312509
1347.9952257929863,0.999036,0.8808544
1347.9966146568145,0.99949217,0.8053173
1347.9980035205845,0.99974716,0.8576486
1347.9993923844113,0.99951106,0.7075237
1348.0007812482386,0.9994428,1.1036805
1348.0021701120086,0.99934644,0.42721373
1348.0035589758368,0.99955386,1.0287584
1348.0882796659428,0.9999122,0.8498923
1348.091057393423,0.9994845,0.78342974
1348.1105014857285,0.99894315,0.49197122
1348.1118903494403,0.9987127,0.8000841
1348.113279213209,0.99928916,0.892699
1348.1146680769198,0.99993306,1.0462283
1348.1160569406316,0.9993394,0.6920497
1348.1174458043424,0.9988604,1.0233852
1348.1188346680535,0.99931335,0.7813721
1348.1202235318228,0.9997596,0.7748976
1348.1216123955337,0.9996453,1.2135087
1348.1230012592455,0.99979717,0.5645281
1348.1243901229564,0.9995575,0.7612077
1348.1257789866675,0.999872,1.2474116
1348.127167850379,0.99951434,0.92071235
1348.1285567140903,0.99959403,0.8429353
1348.1299455778012,1.0000837,0.7430204
1348.1313344415703,1.0000876,1.1262251
1348.1327233052814,0.9997608,0.8176857
1348.134112168993,0.9994903,0.6805258
1348.1355010327043,0.9996075,1.0103685
1348.1396676238378,0.99918944,1.3259106
1348.14105648749,0.9991483,0.77723384
1348.1424453512009,0.999364,1.7336928
1348.1438342149127,0.99937487,0.5595248
1348.1466119423353,0.99809813,0.9825747
1348.1577228519086,0.9986886,0.27755415
1348.1591117156195,0.99947876,1.4714473
1348.16050057933,0.99888307,0.5940778
1348.1618894430417,0.99956983,0.9869484
1348.163278306695,0.99950355,1.2200613
1348.1646671704052,0.99977404,0.70178354
1348.1660560341165,0.9993149,1.1791734
1348.1674448977699,0.99929845,0.63239026
1348.177166943573,0.99930423,0.73578286
1348.1785558072847,0.9994029,1.0979992
1348.1799446709374,0.9995196,1.2126604
1348.1813335346487,0.9992082,0.45925814
1348.1827223983014,0.999789,0.9040263
1348.184111261954,0.99943703,0.7387343
1348.1855001256658,0.9997949,0.9185275
1348.1868889893187,0.99957705,1.2849127
1348.188277853029,0.999577,0.61491275
1348.1896667166825,0.999728,0.94035834
1348.191055580336,0.99989325,1.258776
1348.1924444440465,0.9992039,1.5481318
1348.1966110350063,0.99907297,1.7162218
1348.1979998987179,0.9987235,1.0352196
1348.2007776260227,0.9995908,1.2205919
1348.202166489676,0.99974555,0.7012876
1348.2035553533874,0.999638,1.2374395
1348.20494421704,0.9989764,0.91557574
1348.2063330806927,0.9994646,1.2836578
1348.2077219443458,0.99924624,0.8508057
1348.2091108079992,0.99981433,0.92103255
1348.210499671652,0.99978155,0.95775217
1348.211888535304,0.99900496,1.0490267
1348.2132773990156,0.9987604,0.6048241
1348.22855489914,0.99960405,1.5483948
1348.2313326264461,0.9991384,1.0493017
1348.234110353752,0.9989843,0.8100219
1348.2396658083048,0.99913484,1.4675378
1348.2535544446027,0.9986507,1.3219855
1348.267443080841,0.99941146,0.61564237
1348.2716096717422,0.99964297,0.5110626
1348.2729985353367,0.99959534,0.89389074
1348.3174421704853,0.998585,0.68109137
1348.3216087612689,0.99961793,1.2497233
1348.3229976248058,0.9996196,0.57526255
1348.3243864884007,0.9996151,1.1558951
1348.3285530791268,0.99971396,1.6659033
1348.3299419427208,0.998849,0.6110533
1348.3327196698524,0.99885833,0.6043288
1348.334108533447,0.9991651,1.2254086
1348.3354973969836,0.99905246,0.34540555
1348.336886260578,0.99901825,1.302661
1348.3382751241152,0.9997835,0.9355842
1348.3396639877105,0.99984646,0.78916717
1348.3452194419724,0.999268,0.8574614
1348.3591080775705,0.99930054,0.9673767
1348.3632746682392,0.99996585,0.68402493
1348.364663531775,0.99945074,1.7147068
1348.3660523953113,0.99948263,1.190171
1348.3702189859796,0.9986285,0.9102855
1348.3716078495158,0.9994642,0.7941462
1348.372996713052,0.99962604,0.68501836
1348.3743855765892,0.99998677,1.0183386
1348.3757744401257,0.9993642,0.3487115
1348.3771633036613,0.99933356,1.0903252
1348.3785521671984,0.9991458,1.0333356
1348.3841076213448,0.9992682,1.7239672
1348.385496484882,0.9987055,1.0675055
1348.3868853484182,0.9992828,1.1061661
1348.388274211954,0.9993876,0.8721607
1348.3896630754912,0.9992593,1.0676202
1348.391051939028,0.9991076,0.6218155
1348.3924408025637,0.99991053,0.86480725
1348.3938296661001,0.9994144,0.47575822
1348.395218529637,0.99981064,1.3080157
1348.3966073931156,1.0000057,0.6240877
1348.3979962566525,0.9992705,0.82981175
1348.399385120189,0.9995945,1.3055488
1348.4007739837248,0.9994943,0.33997717
1348.4021628472617,0.99964887,0.70184684
1348.4035517107404,0.99987704,0.7315887
1348.4049405742762,0.99986005,1.29289
1348.4063294378125,0.99938834,0.22668652
1348.4077183012914,0.9996725,1.3500971
1348.4091071648286,0.99946135,0.7461589
1348.4118848918424,0.9991041,1.0198692
1348.4146626189167,0.99912363,0.8487508
1348.416051482394,0.999413,0.9750869
1348.4174403459306,0.9988675,0.7748631
1348.4188292094095,0.9994366,0.8759909
1348.4202180729458,0.9994542,0.8391868
1348.4216069364238,0.9996151,0.8822285
1348.4229957999605,0.9996388,0.97134507
1348.4243846634386,0.99907196,0.3188736
1348.4257735269757,0.9997106,1.1579454
1348.4313289810057,0.9982896,1.2240412
1348.432717844483,0.9990492,1.4785024
1348.4785503394432,0.9981971,0.7812456
1348.4799392029208,0.9987044,1.3578848
1348.48271692982,0.99853396,0.6974533
1348.4841057932986,0.9987206,0.7638899
1348.4868835202547,0.99885833,1.2378699
1348.4882723836754,0.99888825,0.7010824
1348.491050110632,0.99881804,0.6964655
1348.4938278375307,0.9989056,0.53364706
1348.4952167009506,0.99939287,0.93332016
1348.4966055644288,0.9993846,0.98914635
1348.497994427907,0.9990151,0.3645536
1348.499383291327,0.9995808,1.796037
1348.5007721548059,0.99920124,1.3802868
1348.5021610182257,0.99969923,1.351981
1348.5035498817033,0.99955213,0.7556448
1348.504938745124,1.0000445,0.67488
1348.506327608603,0.9995826,1.2593747
1348.5077164720228,0.9993348,0.87702644
1348.5091053355009,0.9998662,1.0414801
1348.5104941989212,0.99948406,0.5292401
1348.5118830623417,0.9993739,1.3371874
1348.51327192582,0.99910593,1.2249861
1348.514660789239,0.9991444,0.71634233
1348.5160496526596,0.999225,0.96003115
1348.5174385161386,0.9992817,0.9889394
1348.518827379558,0.99876046,0.97114956
1348.5202162429778,0.99926525,0.62358534
1348.5216051064567,0.99958223,0.95758253
1348.5229939698768,0.999228,0.79744077
1348.5243828332968,0.99967766,0.9182708
1348.5257716967167,0.99922097,2.135568
1348.5271605601365,0.9987648,0.72001606
1348.5493823749173,0.9990543,0.64378893
1348.552160101758,0.99925786,1.0979575
1348.553548965178,0.99930215,1.0659207
1348.5549378285978,0.99949837,0.9242007
1348.5563266920185,0.999279,1.48708
1348.5591044188004,0.99898565,0.7797962
1348.56188214564,0.9988009,0.8741908
1348.5632710090026,0.9997984,1.1035587
1348.5660487358418,0.99944985,1.2812823
1348.5674375992626,0.9993943,0.3863814
1348.568826462625,0.99857706,1.078502
1348.5702153260445,0.99910706,1.1471107
1348.5716041894061,0.9993356,0.5748159
1348.5743819162467,0.998533,1.5345026
1348.5757707796092,0.9990077,0.79590255
1348.577159643029,0.9994756,1.2083366
1348.5785485063911,0.99973637,1.1530455
1348.5799373698117,0.99947244,1.0390549
1348.6021591839512,0.9985753,1.5018358
1348.6077146374573,0.99919844,0.8121557
1348.6104923641806,0.998894,0.7016971
1348.6118812275427,0.99954367,1.7448059
1348.6132700909043,0.9996337,0.46627212
1348.6146589542668,0.9993244,0.9157443
1348.6160478176284,0.99904394,0.81704134
1348.6174366809896,0.9993425,0.58966583
1348.6202144077147,0.9998508,0.5401018
1348.6216032710763,0.9987672,0.9374198
1348.6243809977998,0.99906594,1.0815294
1348.6271587245246,0.9989791,0.79449064
1348.6285475878858,0.99941295,1.3027424
1348.6299364512474,0.9995959,0.95393676
1348.63132531461,0.99900585,0.8110006
1348.6327141779718,0.99967253,1.2004462
1348.643825084751,0.99903005,1.6246572
1348.73132347335,0.99937046,1.7360593
1348.7327123365953,0.99929345,1.0313754
1348.7341011998994,0.99870723,1.5881895
1348.7368789264483,0.9985474,0.56944233
1348.7563230121764,0.99929726,0.86174524
1348.8007666358585,0.99941146,1.001055
1348.807710951969,0.9990888,1.550662
1348.8090998152152,0.9995547,0.8636494
1348.8104886784022,0.99941635,1.250125
1348.8285439001288,0.9983957,0.6380818
1348.8299327633736,0.9988425,1.9105874
1348.8327104897485,0.9991248,1.1813792
1348.835488216123,0.998446,0.7232513
1348.83687707931,0.99907297,1.2783434
1348.8382659425552,0.9987813,0.43849996
1348.839654805743,0.998837,0.9916333
1348.8410436689303,0.9994517,1.3871769
1348.8424325321175,0.99916816,1.5937959
1348.860487753494,0.99803066,1.2053789
1348.8632654798691,0.99945694,0.89221346
1348.8646543430564,0.9996049,0.8414613
1348.8660432062434,0.99900144,0.15095963
1348.867432069373,0.99880266,0.9430727
1348.9021536483565,0.9987837,1.6456891
1348.9202088691513,0.99821556,1.6877261
1348.9229865954092,0.99870914,1.7696595
1348.9243754585382,0.9988623,0.95454013
1348.9271531847967,0.9986914,0.74501956
1348.9285420478668,0.9989738,1.8607043
1348.9299309109965,0.9991387,0.7304033
1348.931319774126,0.9989823,1.5384903
1348.932708637254,0.9994281,1.6861222
1348.9340975003834,0.99964005,0.43686035
1348.9354863635128,0.99962866,1.1790429
1348.9368752266423,0.99958134,0.7907997
1348.9382640897138,0.9994403,0.8142662
1348.9396529528422,0.9995154,0.87385607
1348.941041815971,0.9996219,1.2735775
1348.9438195421712,0.9994045,1.2587202
1348.9452084053005,0.99863267,0.3180858
1348.9479861314999,0.99948955,0.937443
1348.9493749946296,0.99875516,0.7308875
1348.9507638577586,0.9984096,0.29556775
1348.9590970363583,0.99929917,0.42541686
1348.9646524887585,0.9986437,1.3042445
1348.9660413518297,0.99898595,0.64909935
1348.9674302148997,0.9989315,0.9371851
1348.9688190780287,0.99934864,1.5219119
1348.9702079411,0.99931014,1.0624119
1348.971596804171,0.99885064,0.38025597
1348.9729856673005,0.9997121,1.4190837
1348.9743745303713,0.99867135,1.2411865
1348.9757633934414,0.99880314,0.5591687
1348.984096571984,0.9988533,0.52723205
1349.009096107202,0.9980753,1.7210013
1349.0146515594265,0.99883896,1.547153
1349.0368733681535,0.9992628,1.6102265
1349.0382622312236,0.999405,1.284927
1349.0493731354422,0.99829,1.2563871
1349.0507619984542,0.99889463,1.2312391
1349.0521508614672,0.9995211,0.97463405
1349.0535397245385,0.9996121,1.1115667
1349.0549285875504,0.99933803,0.80083233
1349.056317450563,0.9990166,1.0194619
1349.057706313576,0.9993293,0.9674037
1349.0590951765894,0.99883467,0.8316276
1349.060484039602,0.9991934,1.4172078
1349.0618729026137,0.99862623,1.0383494
1349.063261765627,0.99882096,0.90623933
1349.0840947107595,0.9992275,2.1440563
1349.0854835737714,0.99918586,1.2557898
1349.0882612997393,0.99942565,0.8826639
1349.0938167517313,0.9989303,0.81203854
1349.0993722036656,0.99793565,0.75702727
1349.10076106662,0.99923754,1.1439544
1349.1021499296317,0.9996196,1.1790539
1349.1035387925867,0.9993734,0.6779109
1349.1049276556,0.9995407,0.53725827
1349.1063165185542,0.9996179,1.2777587
1349.107705381567,0.99952245,0.5783304
1349.1104831075345,0.9994885,0.7932308
1349.1118719704896,0.99940836,1.2188975
1349.1146496964557,0.9994493,1.2265701
1349.118816285319,0.9990624,1.302845
1349.134093777935,0.99943244,1.632875
1349.1354826408894,0.9992889,0.53449005
1349.136871503843,0.99963933,0.8626152
1349.138260366798,0.9993647,1.2773573
1349.139649229753,0.99910784,0.9321599
1349.1993703356306,0.9988961,1.5435189
1349.2021480614235,0.99930954,1.5039289
1349.2035369243197,0.9992999,0.92441905
1349.2063146501118,0.9993787,0.8542357
1349.2090923759047,0.9992487,1.3674849
1349.2104812388009,0.9996781,0.65326446
1349.2118701016961,0.99914455,1.1971515
1349.213258964593,0.99930245,1.2314835
1349.2160366903859,0.99866474,1.1134192
1349.2174255532823,0.99868757,0.92990327
1349.2188144161782,0.99849266,0.94339526
1349.220203279016,0.9991342,1.6104916
1349.2257587305437,0.999845,1.2010494
1349.2285364563359,0.99918187,0.37410316
1349.2299253191738,0.9995883,1.4817024
1349.23131418207,0.99881536,0.92213213
1349.2340919078047,0.9997772,0.91750646
1349.2354807707002,0.9991423,0.66673446
1349.2382584964355,0.9992626,0.68407845
1349.2410362221688,0.99951214,1.6124455
1349.3063127756159,0.99917156,1.1187062
1349.3077016384545,0.99933684,0.77239656
1349.309090501234,0.9994256,1.5207409
1349.3104793640714,0.9988413,0.5485943
1349.3118682268519,0.99980694,1.5103413
1349.3174236780876,1.0000043,1.3514717
1349.3188125408678,0.9998438,0.8163098
1349.3202014037065,0.9996961,0.5637997
1349.3215902664856,0.9999182,1.1090705
1349.3229791292651,0.99975985,0.9594561
1349.3243679920456,0.9998481,1.2219807
1349.3257568548834,0.99985784,0.39152968
1349.3271457176634,0.9993687,0.8814136
1349.328534580443,0.9998038,0.98264694
1349.3299234432225,1.0001785,0.546328
1349.3313123060611,0.99970794,1.2454656
1349.332701168841,0.9996822,0.7888157
1349.3340900316198,0.999765,0.7880371
1349.3354788944002,0.999954,1.1850249
1349.3368677571807,0.99979293,0.7082073
1349.3382566199598,0.99983925,1.0604198
1349.3396454827393,0.99999964,0.6609963
1349.3410343455198,0.9998558,0.93673265
1349.3424232082994,0.99957937,0.7127605
1349.3438120710798,1.0001879,1.3549472
1349.3452009338594,0.99999213,0.9415475
1349.3479786594196,1.0002254,0.39894217
1349.3493675221994,0.9999977,1.6789186
1349.350756384979,0.9997646,0.6536063
1349.3521452477585,0.9998685,0.7864667
1349.3535341105385,0.99997735,0.8416448
1349.3549229732605,1.0000815,0.625682
1349.3563118360403,0.99989426,0.9268663
1349.3577006988194,0.999946,1.0027703
1349.3590895615996,1.0000174,0.7350497
1349.3604784243798,0.99987,0.698895
1349.3618672871007,1.0000992,1.537744
1349.3632561498803,0.9998436,0.92488545
1349.3646450126607,0.9997519,0.7246231
1349.3660338753823,0.9995629,1.2138982
1349.367422738162,0.9994367,0.7855391
1349.3688116009416,0.9998978,1.3155932
1349.3702004636639,0.9997663,1.1095254
1349.372978189165,0.99987787,1.1093637
1349.3743670519448,0.9996979,1.008009
1349.375755914667,0.99980193,0.723109
1349.3771447774466,1.0000783,0.8060629
1349.3785336401688,1.0000913,1.118346
1349.3799225029484,0.99974906,0.77880865
1349.3813113656693,0.9998175,1.3202555
1349.3827002284497,0.99967265,0.5841041
1349.384089091172,1.000017,1.5292645
1349.3854779538926,0.99957484,0.48586658
1349.3868668166724,1.0000095,0.99106514
1349.3882556793947,0.9999826,1.0662056
1349.389644542116,0.9999231,0.662892
1349.3910334048956,0.9999882,0.92911416
1349.3924222676171,0.99947727,0.8913211
1349.3938111303391,0.99962294,1.1150773
1349.3965888558405,0.99965644,1.2841536
1349.3979777185618,0.9999136,0.688141
1349.399366581284,0.99994814,1.0054616
1349.4007554440057,1.0000097,0.8926859
1349.4021443067272,0.99991435,0.94487953
1349.4035331694486,1.0000736,0.8874887
1349.40492203217,0.9997704,0.62215024
1349.4063108948922,0.9998847,0.7679695
1349.4076997576726,0.9998881,0.52819955
1349.4090886203935,1.0001432,0.8812164
1349.4104774831148,1.0001123,0.8227376
1349.411866345837,0.9999503,1.1869047
1349.4132552085002,1.0004333,0.9750533
1349.414644071222,0.9997548,0.5990599
1349.4174217966656,1.0001725,1.1299001
1349.4188106593876,0.9994972,1.0234118
1349.4201995221083,0.9997524,0.58933634
1349.42158838483,0.99967325,1.1448189
1349.4229772475521,1.0000395,0.74763715
1349.4243661102155,0.9998922,0.6792984
1349.4257549729368,0.99967146,1.4148421
1349.4271438356584,0.99993294,0.71933866
1349.42853269838,0.99976015,0.784425
1349.429921561044,1.0000566,0.80748427
1349.4313104237654,0.9998287,0.50617623
1349.4326992864862,0.9993833,1.0721078
1349.43408814915,0.99986476,0.7173119
1349.435477011872,1.0000651,0.63684005
1349.4368658745348,0.99996656,1.3276879
1349.4382547372563,0.99982095,1.0361931
1349.4396435999784,0.9998724,0.46892914
1349.4410324626424,1.0001776,0.8566605
1349.4424213253646,0.9996779,1.2239158
1349.4438101880273,0.99993014,0.7964574
1349.4451990507487,1.0001522,0.9365988
1349.4465879134127,0.9996554,0.7457632
1349.4479767760758,0.9997757,1.1151546
1349.4493656387974,0.99983984,1.0186938
1349.4507545014608,0.9999606,0.85079646
1349.4521433641821,0.99991953,0.99570596
1349.4535322268462,1.000133,0.9980043
1349.4549210895093,0.99982375,0.9385447
1349.456309952172,0.9997384,0.6631722
1349.4576988148942,0.99985266,1.1889673
1349.4590876775583,1.0000533,0.8620354
1349.4604765402207,0.99990463,0.8859141
1349.461865402884,0.9997113,0.74205214
1349.4660319909335,0.99991274,1.1412162
1349.4674208535962,0.99986595,0.8377317
1349.46880971626,1.0000408,0.91726327
1349.4701985789238,0.99998444,0.4196203
1349.4715874415872,1.0000452,1.0429224
1349.4729763042506,1.0000162,0.69868016
1349.4743651669137,1.0000962,0.8400289
1349.475754029577,1.0001932,1.3290198
1349.4771428922409,0.99982804,0.5459938
1349.4785317549045,0.99993265,0.80578333
1349.479920617567,1.0001333,0.96255183
1349.4840872055574,1.000136,1.1756316
1349.4854760682206,0.9999637,0.9312873
1349.4868649308846,0.9998094,1.0742408
1349.4896426561536,0.99988776,1.5611048
1349.4910315188163,0.9995661,0.8515918
1349.4924203814803,0.9996805,1.2579176
1349.4938092440862,0.99967563,0.5305408
1349.4951981067486,0.9999425,1.182667
1349.496586969412,0.99996686,0.6746932
1349.4979758320178,0.9996586,0.7184355
1349.499364694681,0.9998963,1.4741563
1349.500753557345,0.99970156,0.41434988
1349.50214241995,0.9999791,1.1984808
1349.5049201452184,0.99982846,1.1151919
1349.50908673315,1.0000684,0.7320322
1349.5104755957557,1.0002787,0.8661828
1349.5118644584195,0.9994642,0.74506223
1349.5132533210246,0.99997103,1.0092922
1349.514642183687,0.99974716,0.8263264
1349.516031046293,0.99976647,0.5383003
1349.5174199088988,0.99995786,0.87101376
1349.5188087715615,0.9998,1.6697274
1349.5201976341664,0.9997749,0.68996525
1349.5215864967722,0.99987715,0.620608
1349.5229753594353,1.0000031,1.0450727
1349.5257530846457,0.9997762,0.9878328
1349.5271419472506,0.9999342,0.6556058
1349.5285308098564,1.000115,1.1602062
1349.5299196725205,0.99982244,1.5552009
1349.531308535125,0.99975157,0.9202689
1349.5326973977299,0.99990976,0.9793463
1349.5340862603357,0.9999208,1.2472373
1349.5368639855465,0.9999761,0.6185914
1349.538252848151,0.99969757,1.0077087
1349.5396417107568,1.0000349,1.3838214
1349.5410305733624,0.99976206,0.49974993
1349.5424194359666,0.9999677,1.1861628
1349.5438082985718,0.9996069,0.7649904
1349.5451971611774,0.9997952,0.60006434
1349.5465860237828,0.99987847,0.60141015
1349.5493637489926,0.9997265,1.187122
1349.5507526115398,0.9994232,0.44257686
1349.5521414741454,0.9996959,0.9312674
1349.5535303367506,1.0001255,0.92116106
1349.5549191993548,0.99984837,0.83624023
1349.5563080619604,0.9999865,0.89474964
1349.5590857871139,0.999608,0.5039583
1349.5604746497188,0.99999404,0.8658821
1349.561863512265,0.9999265,0.7444805
1349.563252374871,0.99959886,1.3382735
1349.5646412374767,0.99981475,0.55960166
1349.5660301000228,0.99978286,0.8725022
1349.5688078251756,0.9994555,0.7235026
1349.5715855503272,1.0000584,1.252467
1349.5729744129326,0.99968183,0.5410373
1349.5743632754793,0.9998226,0.91544527
1349.5757521380851,0.99997926,0.77836394
1349.5771410006319,0.99990666,0.75587213
1349.5785298632363,0.9999697,1.4980103
1349.579918725784,0.99972636,0.6037444
1349.5813075883314,0.9998768,0.96599627
1349.5826964509365,0.9998588,1.3236922
1349.5840853134832,0.9996096,0.5653685
1349.5854741760302,1.0000515,1.2663653
1349.5868630386358,1.0000714,1.1142166
1349.5882519011834,0.99997073,0.70957804
1349.5896407637297,0.9993697,0.8339188
1349.5910296262764,0.9997476,0.98464704
1349.592418488824,0.99972266,0.9329081
1349.5938073514292,1.0000552,0.71979624
1349.5951962139761,1.0000061,0.98589027
1349.5965850765228,0.9999803,0.7100988
1349.5979739390696,0.9999952,0.74420977
1349.5993628016172,0.99992007,1.0216359
1349.6007516641641,0.9997638,0.45957223
1349.6021405267102,0.9994935,0.98600686
1349.6035293892578,0.99961674,1.1421903
1349.6049182518054,0.9998396,0.8001548
1349.6063071143521,0.99996924,0.7331909
1349.6076959768993,0.9995974,0.81843305
1349.609084839446,0.99984956,0.74885726
1349.6104737019937,0.9996401,0.7402965
1349.6118625645404,1.0000119,1.4461317
1349.6132514270867,0.99952847,0.7294963
1349.614640289576,0.99979824,0.4895037
1349.6160291521235,1.0001713,1.3143959
1349.6174180146704,0.99975944,0.7241892
1349.6188068772171,0.9995052,1.2188691
1349.6201957397059,0.999788,0.668834
1349.6215846022528,0.999999,1.0202323
1349.6229734648005,0.99991286,0.33480716
1349.6243623273472,0.9997152,1.3883904
1349.6257511898352,0.99982685,0.67131937
1349.6271400523826,0.9997864,0.8876087
1349.6285289148718,0.99967146,0.38925448
1349.629917777419,0.99978787,1.2965679
1349.6313066399657,0.9999122,0.8611616
1349.6326955024542,1.0000465,0.9266826
1349.6340843650019,1.0000814,0.7556157
1349.6354732274906,1.0001436,1.1694616
1349.6368620900366,0.999736,0.7476525
1349.638250952526,0.9997924,0.63207525
1349.6396398150155,0.99985933,1.538823
1349.6410286775617,0.99960274,0.62173593
1349.6424175400502,0.99943763,1.0142041
1349.6438064025979,0.9998928,1.5612204
1349.6451952650864,0.99979323,0.5773826
1349.6465841275758,0.9995208,0.36230537
1349.6479729901225,0.99957615,1.5060071
1349.6493618526106,0.99959517,0.6248883
1349.6507507151,0.9997973,0.8336315
1349.6535284401355,0.9997239,0.7912033
1349.6549173026242,1.0000468,1.0254271
1349.6563061651136,0.99971396,0.49917492
1349.6576950276028,0.9996514,1.246525
1349.6590838900916,1.0001246,1.248952
1349.6604727525796,0.9996805,0.6254153
1349.6618616150688,0.9999642,0.7274318
1349.663250477558,0.99998426,0.76795375
1349.664639340046,0.99976,1.015052
1349.6660282025346,0.99997526,1.078688
1349.667417065024,0.99996185,0.81639904
1349.6688059275127,0.99958974,0.6658528
1349.6701947900015,0.9999488,1.4933937
1349.67158365249,0.9997673,1.0484607
1349.6729725149787,0.99983305,0.6363126
1349.674361377468,0.9995316,1.0392611
1349.6757502399573,0.9996098,0.8790949
1349.6771391024454,0.99976265,0.39780882
1349.678527964934,0.99994403,1.6922717
1349.679916827365,1.000097,0.59388435
1349.6910277271593,0.99974906,0.72581774
1349.6924165895898,0.9999545,0.46388012
1349.6938054520783,1.0000879,0.6630255
1349.6951943145089,0.99999696,0.9811317
1349.6965831769976,1.0001633,0.82672095
1349.6979720394288,1.0001473,0.88666594
1349.6993609019173,1.0001602,0.8044685
1349.7007497643472,1.0000808,0.84106064
1349.7021386268366,1.0001961,0.7777612
1349.7035274892676,1.0000285,0.8280747
1349.7049163517568,1.0000225,0.60914683
1349.7063052141873,1.0000992,0.8488178
1349.707694076617,0.99990183,1.0017707
1349.7090829391063,0.999973,0.84923464
1349.7104718015376,1.0001445,0.7965722
1349.7118606639674,0.99998397,0.9971293
1349.7132495263977,0.9999475,0.9902102
1349.7146383888871,0.9997951,0.5708716
1349.7160272513174,1.0000744,1.0907797
1349.7174161137482,1.0003862,0.9368554
1349.7188049761785,1.0000739,0.90026665
1349.7201938386088,1.0000634,1.0372926
1349.72158270104,0.99976885,0.8868102
1349.7229715634703,0.99990755,1.1104659
1349.7243604259584,1.0000318,1.1581577
1349.7257492883896,0.99996036,0.70805764
1349.7271381508208,0.999867,1.0673555
1349.728527013251,0.9998913,0.9699317
1349.7299158756816,0.99993265,0.99335337
1349.731304738054,0.99999565,0.8555188
1349.7326936004852,1.0000167,0.9026901
1349.7340824629161,1.0000757,0.9096315
1349.7354713253458,1.0000787,0.8549966
1349.7368601877763,1.0000403,0.61883205
1349.7382490502073,0.9999657,0.9106744
1349.739637912638,1.0001901,0.7735777
1349.7410267750683,0.9999795,0.7650253
1349.7424156374404,1.0001442,0.89967304
1349.7438044998712,1.0001711,0.73097754
1349.7451933623022,1.000181,0.968426
1349.7465822246745,1.0001559,0.7168631
1349.7479710871041,0.9999774,0.7715317
1349.7493599495351,1.0000149,0.7984657
1349.7507488119081,1.0002441,0.8361497
1349.7521376743387,1.000078,1.0255431
1349.7535265367692,1.0000762,0.7529094
1349.7549153991413,1.0001028,0.8267896
1349.7563042615725,1.0001223,0.8754698
1349.7576931239446,1.000188,0.8531941
1349.7590819863744,0.9998932,0.9307165
1349.7604708487474,0.99999964,1.0040941
1349.7618597111787,1.0001955,0.8366443
1349.7632485735508,0.99986476,0.9403137
1349.7646374359229,1.0000637,0.7488337
1349.7660262983536,0.99998283,0.94819295
1349.7674151607257,1.0002134,0.81688917
1349.768804023157,1.0002282,0.85382605
1349.770192885529,1.000209,0.8462506
1349.7715817479007,1.0002395,0.957602
1349.7729706102737,1.0001671,0.9224633
1349.7743594727046,0.9999535,0.96041274
1349.775748335077,1.0000167,0.799515
1349.777137197449,1.0002425,1.0090837
1349.7785260598214,1.0001479,0.99914896
1349.7799149221942,1.0001506,0.8606168
1349.7813037845667,0.99988776,0.929855
1349.7826926469963,0.99987036,0.749611
1349.7840815093691,1.0002146,0.8706789
1349.7854703717421,0.9999045,0.90496665
1349.7868592341144,0.9998961,0.9794805
1349.7882480964868,0.99997103,0.79988766
1349.7896369588589,0.9999676,0.8925981
1349.791025821231,1.0002266,0.7088499
1349.792414683604,1.0002928,0.7830055
1349.7938035459763,0.999911,1.0285358
1349.7951924082895,1.0000087,0.7545446
1349.7965812706625,1.0001893,0.91741633
1349.7979701330355,1.0001689,0.9102113
1349.7993589954076,0.9999791,0.9082278
1349.80074785778,1.0001142,0.890658
1349.8021367201522,0.99994415,0.8568666
1349.803525582467,1.0001371,0.9538462
1349.8049144448391,1.0000129,1.0734342
1349.8063033072108,1.0001258,0.74198496
1349.8076921695256,1.0001434,0.8881464
1349.8090810318984,1.0000091,0.9084158
1349.8104698942698,1.000015,1.0093027
1349.8118587565841,1.0001537,1.0270306
1349.813247618957,0.99996,0.79260194
1349.8146364813292,1.0002966,0.99602747
1349.816025343644,1.0000963,0.7224512
1349.817414206016,0.99994415,1.037768
1349.8188030683295,1.0000746,0.873121
1349.8201919307023,0.99995476,0.8192597
1349.821580793017,0.99984574,0.7729684
1349.8229696553894,0.9999649,0.7793723
1349.8243585177033,0.99987406,0.8399873
1349.8257473800172,1.0000143,1.16452
1349.8271362423902,1.000127,0.75065947
1349.8285251047043,1.0000299,0.9444477
1349.8299139670175,1.0000727,0.7392335
1349.8313028293906,1.0000708,0.97071254
1349.8326916917053,0.9998923,1.0654398
1349.8340805540188,1.0001156,0.8887553
1349.8354694163327,1.0000943,0.9210738
1349.8368582787057,1.0000455,0.91175616
1349.8382471410196,0.99996686,0.97428
1349.8396360033337,0.9998038,1.0006145
1349.8410248656478,0.99986535,0.62853783
1349.8424137279617,0.9997755,1.053652
1349.8438025902765,1.0001518,0.958848
1349.8451914525913,0.9999813,0.8400459
1349.8465803149052,1.0000453,1.0181162
1349.847969177219,1.0000145,0.86381465
1349.8493580395334,0.999952,1.107014
1349.850746901848,0.9999737,0.9547783
1349.852135764162,1.0000962,0.72228473
1349.8535246264755,1.0000731,0.85876554
1349.85491348879,1.0000738,1.0349452
1349.8563023511047,0.99994427,1.013614
1349.857691213418,1.0001571,0.84132683
1349.859080075732,1.0001134,0.83773804
1349.8604689379886,0.9999898,0.9833176
1349.8618578003027,1.0002328,0.80685675
1349.8632466626168,1.000127,0.90700454
1349.8646355249307,0.9998788,0.7628317
1349.8660243871866,1.0001127,0.7401138
1349.8674132495012,1.0001049,0.9310616
1349.868802111816,0.99990183,0.755193
1349.8701909740719,0.9999706,0.8772671
1349.871579836386,1.0000746,1.0032105
1349.8729686986999,1.0000864,1.0236105
1349.8743575609565,0.9999475,0.96668166
1349.8757464232704,0.9999631,0.9353683
1349.8771352855256,0.9999342,0.8800772
1349.8785241478404,0.9999266,0.92207444
1349.879913010097,1.0000253,0.95716524
1349.8813018724102,1.0003043,0.9445421
1349.882690734666,1.0002224,1.0052415
1349.8840795969224,0.99997795,0.96071124
1349.8854684592366,0.9999903,0.87450063
1349.8868573214922,1.000044,0.8428446
1349.8882461837482,1.0002835,1.083104
1349.8896350460623,1.0001218,0.819825
1349.8910239083189,1.0000321,0.6845696
1349.8924127705745,0.9999965,0.96654975
1349.8938016328884,0.9999237,0.6981108
1349.895190495145,1.0001252,0.90085804
1349.896579357401,0.99993074,0.9468125
1349.8979682196573,1.0001836,1.0205747
1349.8993570819132,0.99997807,1.0120503
1349.9007459441682,1.000147,0.9510698
1349.9021348064248,1.0000216,1.0268353
1349.9035236686814,0.9999339,0.64549947
1349.9049125309948,0.9999229,0.8599645
1349.9063013932505,1.0000528,0.73723084
1349.907690255507,1.0002272,0.85255
1349.9090791177628,0.9997436,0.8610237
1349.9104679799607,0.999946,1.0365629
1349.9118568422164,0.99995106,1.1073247
1349.913245704472,0.99999267,0.8049003
1349.9146345667286,0.9999568,1.0681717
1349.9160234289843,1.000091,0.96988595
1349.9174122912405,1.00002,0.85271865
1349.9188011534968,1.0000436,0.7372551
1349.9201900156945,1.0001593,0.99201024
1349.921578877951,1.0000241,1.0169436
1349.9229677402068,1.000135,0.6727302
1349.924356602462,1.0000787,0.8754578
1349.9257454646604,1.0000077,0.8263676
1349.9271343269168,0.99996966,1.030495
1349.9285231891718,1.0000613,0.8694768
1349.9299120513695,1.0002123,0.679296
1349.9313009136258,1.0002538,0.81419265
1349.9326897758237,0.99995166,0.97436845
1349.9340786380794,1.0000166,1.0289782
1349.935467500277,0.9999737,0.79292214
1349.936856362533,1.0001862,0.84683454
1349.9382452247312,1.0002357,0.7083338
1349.939634086987,1.0001544,0.87726057
1349.9410229491846,1.0001198,0.7787826
1349.9424118114412,1.0000963,1.0287246
1349.9438006736386,1.0000423,0.8532146
1349.9451895358363,1.0002012,0.820804
1349.9465783980922,1.0001636,0.8153331
1349.9479672602897,0.9999527,1.1440314
1349.949356122488,1.0000563,0.9116109
1349.9507449847447,0.9999597,0.71210617
1349.9521338469415,1.0000912,0.941998
1349.9535227091392,0.99990875,0.9999815
1349.9549115713376,1.000029,0.95529747
1349.956300433535,1.0001532,0.87336254
1349.9576892957325,0.9999198,1.1086702
1349.9590781579886,1.000057,0.87826735
1349.9604670201861,1.000136,1.1241009
1349.9618558823845,1.0000179,0.63570523
1349.963244744582,0.9999428,0.89821523
1349.964633606779,1.0000236,1.052538
1349.9660224689774,1.0001565,0.8135821
1349.9674113311755,0.99986726,0.80542135
1349.9688001933732,0.9999398,0.84391725
1349.9701890555707,1.0001723,0.83316433
1349.9715779177684,0.9999527,0.9672569
1349.9729667799083,1.0000416,0.9245839
1349.9743556421067,1.0000056,0.7563725
1349.9757445043037,0.9999923,0.96308553
1349.9771333665012,1.0000845,0.8026857
1349.9785222286996,1.0000626,0.90826994
1349.979911090839,1.0002714,0.95615995
1349.9812999530368,0.999821,0.8113254
1349.9826888152343,0.9998263,0.76119566
1349.9840776773735,0.999968,0.8527533
1349.985466539572,1.0001385,0.89973414
1349.9868554017696,0.9999407,0.99249494
1349.9882442639082,0.9999624,0.88121
1349.9896331261066,0.9998284,0.85345316
1349.9910219882468,1.0000087,1.0170482
1349.9924108504442,1.0001397,0.68893516
1349.9937997125837,0.9999227,1.1128337
1349.9951885747814,0.9999139,0.679432
1349.9965774369216,0.99998885,1.0686563
1349.997966299119,1.0002463,0.89863896
1349.9993551612579,1.0000639,1.0201098
1350.0007440234563,0.9999459,1.2377263
1350.0021328855962,1.0000228,0.78336585
1350.0035217477357,0.9999823,1.11139
1350.0049106099332,1.0001991,0.82528704
1350.0062994720727,1.0002258,0.95473063
1350.0076883342122,1.0000801,0.900656
1350.0090771963523,1.0000308,0.76109076
1350.0104660585498,1.0003003,0.87080103
1350.0118549206886,1.0000933,0.9902898
1350.0132437828286,1.0000188,1.0419316
1350.0146326449685,1.0000978,0.709229
1350.0160215071082,1.0000901,0.9068359
1350.0174103692475,1.0000657,0.78519917
1350.0187992313868,1.0000722,0.8790628
1350.020188093527,1.0001513,0.9595486
1350.0215769556664,1.0000975,0.6898502
1350.022965817805,1.0000361,1.0001527
1350.0243546799452,0.9999565,0.98813224
1350.0257435420854,0.999954,1.0056354
1350.0271324042246,1.0001493,1.0433251
1350.0285212663641,1.0001287,1.00873
1350.0299101285036,1.0001656,0.93651104
1350.0312989906429,1.0001513,0.6515757
1350.032687852783,1.0001963,0.9949691
1350.034076714864,1.0000372,0.78656566
1350.035465577003,1.000397,0.84455913
1350.036854439143,0.9999322,1.1692127
1350.0382433012833,1.0000646,0.9141407
1350.0396321633643,0.9999913,0.86889875
1350.0410210255036,0.9999067,0.94673276
1350.0424098876433,1.0000199,1.0442467
1350.043798749725,1.0000974,0.9959643
1350.0451876118645,1.0001582,0.7717545
1350.0465764739452,1.0001745,0.87574035
1350.047965336085,1.0000756,0.8692356
1350.049354198225,1.0000582,1.028837
1350.0507430603056,1.0000206,0.7414703
1350.0521319223867,1.0001224,0.9890063
1350.0535207845269,1.0001493,0.86306447
1350.0549096466082,1.0003086,1.008491
1350.0562985087481,1.0002505,0.7771722
1350.0576873708296,1.0000272,1.0010642
1350.05907623291,1.0001991,0.6210903
1350.06046509505,1.000063,1.1135942
1350.061853957132,0.99993545,1.0595466
1350.0632428192132,0.999855,0.98729765
1350.0646316813527,0.9997563,1.0427049
1350.0660205434338,0.9998088,0.98562646
1350.0674094055157,0.99983776,0.75954926
1350.0687982675968,0.9999826,1.2237359
1350.0701871296774,0.99984777,0.5941208
1350.0715759917593,0.99997556,1.2825061
1350.0729648538995,0.9998944,1.0004574
1350.07435371598,0.9999408,0.8999575
1350.0757425780612,0.99992204,0.953537
1350.077131440143,0.9998382,0.7840173
1350.0785203022242,0.9999995,0.8244557
1350.0799091643062,0.9997955,1.0556471
1350.0812980263872,0.99985933,0.5799819
1350.0826868884678,0.999915,1.0574794
1350.0840757504916,1.0000012,0.7867321
1350.0854646125733,0.9999936,1.1613929
1350.0868534746546,0.9996047,1.1112372
1350.0882423367357,0.9998508,0.6423185
1350.089631198817,1.0000108,1.0287021
1350.0910200608987,0.9998936,0.81218773
1350.0924089229218,1.0002285,0.8175568
1350.0937977850022,0.9998907,0.82056594
1350.0951866470841,0.999889,0.94948936
1350.0965755091079,0.99990314,0.73206335
1350.0979643711885,1.0001677,1.0654781
1350.0993532332695,0.9999998,0.90331477
1350.1007420952933,1.000219,1.0840172
1350.1021309573744,0.99989897,0.847147
1350.1035198193981,1.0000601,0.86149013
1350.1049086814794,0.999909,0.805498
1350.1062975435016,1.0000464,0.9746989
1350.1076864055835,1.0001606,0.8707739
1350.1090752676073,1.0001265,0.8042711
1350.1104641296884,0.9999223,1.1632669
1350.1118529917114,1.0000764,0.9029823
1350.1132418537345,0.99981856,0.9281002
1350.1146307158165,0.9998085,1.2149186
1350.1160195778393,1.0001501,0.9936068
1350.1174084398617,1.0001646,0.9694599
1350.1187973019437,1.000052,1.1104279
1350.1201861639672,1.0002412,0.7246335
1350.1215750259894,1.0001624,0.987697
1350.1229638880125,0.99995255,0.76139206
1350.1243527500942,0.9998822,0.8244249
1350.1257416121175,1.0001473,0.96583736
1350.127130474141,1.0000256,0.8404273
1350.1285193361641,1.0001414,0.78542304
1350.1299081981865,0.999937,0.97512114
1350.13129706021,1.0001223,0.79489493
1350.1326859222336,1.000291,0.9486424
1350.1340747842567,1.0001286,0.9715375
1350.1354636462797,1.0000727,0.83237296
1350.1368525083026,0.9999904,0.73863685
1350.1382413703263,1.0001171,1.0476621
1350.1396302323492,1.0000397,0.8648021
1350.1410190943716,1.0001696,1.0196836
1350.1424079563371,1.0000885,0.7750083
1350.143796818361,1.0000228,0.9635641
1350.145185680383,1.0001502,1.0158058
1350.1465745424061,1.000017,0.9160608
1350.14796340443,1.0001198,0.75948495
1350.1493522663945,1.0000663,0.9473326
1350.1507411284174,0.9998575,1.0847721
1350.1521299904407,0.9999521,0.8604928
1350.1535188524053,0.99961793,1.0545294
1350.154907714429,1.0000979,0.7306016
1350.1562965763947,1.0000198,0.84201884
1350.1576854384175,1.0000402,1.1522942
1350.1590743003821,1.0001556,0.7603226
1350.1604631624052,0.99985206,0.9804431
1350.1618520243705,1.0000812,0.59449714
1350.1632408863939,1.0000049,1.037956
1350.1646297483578,1.0000689,0.9425785
1350.1660186103813,1.0002173,0.8124329
1350.167407472347,1.0002059,0.95904714
1350.168796334311,1.0001947,0.8665772
1350.170185196334,0.99975747,0.8292427
1350.1715740582995,0.9999701,1.0079038
1350.1729629202644,1.000188,0.85958993
1350.1743517822874,0.99988836,0.95912045
1350.175740644252,0.99990296,0.59093785
1350.1771295062167,1.0000395,1.0553175
1350.1785183681823,0.9999979,0.9123135
1350.1799072301478,1.0000939,0.96036005
1350.1812960921707,0.9998608,1.2457606
1350.1826849541358,1.0000165,0.9956517
1350.1840738161004,1.0002111,0.5962216
1350.185462678066,0.99977785,0.7027302
1350.1868515400306,0.99988323,0.82579505
1350.1882404019948,0.99998444,1.1905607
1350.1896292639603,0.9998722,0.8391162
1350.1910181259257,1.0000589,0.8404895
1350.1924069878896,1.0002187,1.0103357
1350.1937958497965,0.9999339,0.8995934
1350.1951847117618,1.0002428,1.125562
1350.1965735737267,1.0001836,1.029644
1350.1979624356914,1.0000657,0.6714468
1350.1993512976562,1.0000147,1.0452882
1350.2007401595629,1.0001597,0.7821388
1350.2021290215282,1.0001894,0.77887046
1350.2035178834935,0.9998036,1.0245395
1350.2049067454586,1.0001638,0.8871755
1350.206295607365,0.9999274,0.7623125
1350.2076844693297,0.9999044,0.96822256
1350.2090733312953,0.99993175,0.8596107
1350.210462193202,0.9998075,0.81614923
1350.2118510551659,1.000175,0.92804
1350.2132399170732,1.0000654,0.98121214
1350.2146287790388,0.9999003,0.77656937
1350.2160176409448,0.99987286,0.960132
1350.2174065029094,0.99994427,1.0020014
1350.2187953648167,1.0001265,1.1300495
1350.2201842267232,1.0000577,1.0629705
1350.221573088688,1.0000434,0.74714994
1350.2229619505947,0.99993116,1.0298094
1350.2243508125011,0.9999183,0.7882909
1350.2257396744667,0.99996823,1.069561
1350.227128536374,1.0002203,0.9570799
1350.2285173982805,0.99994665,0.8207675
1350.2299062601871,0.9997847,1.0031403
1350.231295122152,0.9997991,1.023531
1350.2326839840591,1.0001631,0.6160234
1350.2340728459658,0.9999771,1.324169
1350.2354617078718,0.999877,0.6863982
1350.2368505697789,0.99992704,0.8769119
1350.238239431686,1.0000919,0.890479
1350.239628293592,1.0000547,0.8991011
1350.2410171554986,0.9999115,0.9435567
1350.2424060174058,0.99983233,1.0637279
1350.2437948793124,1.0001652,1.1040657
1350.245183741219,0.9999935,0.6630224
1350.2465726031255,1.0000713,0.70029026
1350.2479614650322,1.0000458,1.070047
1350.2493503269393,1.0000432,0.73370385
1350.2507391887884,0.9997525,0.61486185
1350.252128050695,1.0000621,0.9288769
1350.2535169126018,0.99978447,0.83661276
1350.2549057745082,0.99975175,0.76663876
1350.2562946364155,0.99958724,0.906319
1350.2576834982638,1.000131,0.9889859
1350.2590723601697,0.99970895,0.95640063
1350.2604612220189,1.000119,0.9459577
1350.2618500839262,1.0000234,0.77336335
1350.263238945832,1.0001543,1.1178999
1350.2646278076804,0.9997439,0.6337316
1350.2660166695878,0.9998672,1.0539097
1350.267405531436,1.0000671,0.7968097
1350.2687943933424,0.9996465,0.86782503
1350.270183255191,1.0000169,0.9004892
1350.2715721170975,0.9999668,0.95190907
1350.2729609789467,0.9999135,1.1834773
1350.2743498407956,1.0000167,0.8336029
1350.2757387027013,0.9999515,0.91666985
1350.27712756455,0.9998588,0.90375364
1350.278516426399,1.000168,0.82440317
1350.279905288306,1.0000061,0.88468
1350.2812941501547,0.9998859,0.7375184
1350.2826830120023,1.0003757,0.892279
1350.2840718738512,1.0000943,0.91296303
1350.2854607357003,0.9999084,1.0144014
1350.2868495976063,0.9999589,0.97365797
1350.2882384594545,0.9999237,1.0830997
1350.2896273213037,0.99997795,0.6069151
1350.291016183152,0.99995255,0.872114
1350.2924050450006,1.000071,0.9191097
1350.2937939068488,0.9999444,0.8538079
1350.295182768697,0.9998865,0.9594542
1350.2965716305462,1.0001154,1.0925094
1350.2979604923953,0.9999509,1.1021385
1350.299349354243,1.000031,0.8078371
1350.300738216033,0.9998645,1.0211365
1350.3021270778822,0.99982,1.1028612
1350.3035159397314,0.99969137,0.7342024
1350.3049048015796,1.0000736,0.8555634
1350.3062936634274,0.99995416,0.995849
1350.3076825252183,1.0002567,1.0999051
1350.3090713870672,0.9999131,1.0170219
1350.3104602489148,0.99994045,0.72133636
1350.311849110705,0.9999523,1.0677648
1350.313237972554,0.99992037,0.67322254
1350.3146268344026,1.0001913,1.0529156
1350.3160156961926,1.0000077,0.8221507
1350.3174045580408,0.9997265,0.87244475
1350.3187934198313,0.9998859,0.9647149
1350.3201822816802,0.99987286,0.9391392
1350.321571143471,0.9999276,0.67284787
1350.3229600053187,0.999892,1.1167713
1350.3243488671087,0.9995881,0.9124887
1350.3257377288996,1.000096,1.0441815
1350.3271265907488,1.0001403,0.69755965
1350.328515452539,0.9998237,1.0059563
1350.3299043143284,0.99989194,0.8021287
1350.3312931761775,0.9998574,1.0826719
1350.3326820379684,1.0001372,0.9101479
1350.334070899758,0.99991065,0.86620367
1350.335459761548,0.99987096,0.7668463
1350.336848623339,0.99962354,0.9580724
1350.3382374851872,1.0000108,0.9047504
1350.3396263469774,0.9999085,1.0834659
1350.3410152087677,0.99990195,0.96509504
1350.3424040705577,1.0000086,0.85141695
1350.3437929323486,0.99989146,0.7401679
1350.3451817941395,1.0002471,1.0133363
1350.3465706559289,0.99982536,0.975052
1350.3479595177191,1.0002146,0.8419014
1350.34934837951,1.0001804,1.276669
1350.3507372413007,1.0001781,0.74831516
1350.3521261030328,1.0000519,0.8133311
1350.3535149648221,0.99996156,0.92525226
1350.3549038266128,1.0000695,0.92902815
1350.3562926884038,0.9997675,0.8150355
1350.3576815501933,1.0001742,0.8403026
1350.3590704119251,0.9999095,0.9172647
1350.3618481355063,1.0001435,0.82008934
1350.3632369972383,0.99976534,0.7866881
1350.3646258590284,0.9999284,0.8800336
1350.3660147208186,1.0001345,0.8916034
1350.367403582551,0.9997166,0.82394797
1350.368792444342,0.99999356,1.2588891
1350.3701813060734,0.9998503,0.9033243
1350.3715701678634,1.0000564,0.94368404
1350.3729590295961,1.0000864,0.90221334
1350.374347891387,1.0000693,0.706928
1350.3757367531189,1.0002913,1.0761777
1350.3771256148502,0.99989897,0.9971913
1350.3785144766412,0.9996984,1.0775863
1350.3799033383739,0.99998575,1.0957047
1350.381292200105,0.99966145,0.83250755
1350.3826810618953,1.0001816,0.81106615
1350.3840699236277,1.000139,0.94833183
1350.3854587853598,0.9999118,0.8489416
1350.3868476470916,0.99995774,1.1381315
1350.3882365088236,1.0000777,0.823668
1350.3896253706139,1.0001271,0.8078333
1350.3910142323466,1.0000497,1.0512626
1350.392403094079,1.0000454,0.77225435
1350.3937919558102,1.0000798,0.81501585
1350.3951808175423,1.0000523,1.0908784
1350.3965696792748,1.0000378,0.82193965
1350.3979585410075,1.0000552,0.93650836
1350.3993474027395,0.99987346,1.0275112
1350.4007362644707,1.0000542,0.8826653
1350.4021251262034,1.0001961,0.95651674
1350.403513987878,1.0001308,0.8278161
1350.4049028496092,1.0000473,0.9077805
1350.406291711341,0.99983835,0.9691739
1350.4076805730738,0.99994695,0.95933795
1350.4090694348056,1.0001532,1.1587095
1350.4104582964794,1.0001171,0.8696358
1350.4118471582115,1.0001327,0.98552215
1350.4132360199433,1.0001771,0.9496579
1350.4146248816178,1.0000551,0.9184966
1350.4160137433505,1.0000461,0.9665195
1350.4174026050237,1.0000803,0.94324553
1350.4187914667555,0.99984926,1.2093942
1350.42018032843,1.0000534,0.9746448
1350.4215691901627,0.9998565,0.99521816
1350.4229580518363,1.0000108,0.8256785
1350.4243469135677,1.000154,0.97025037
1350.425735775242,0.9997949,1.013892
1350.4271246369744,1.0001394,0.75988317
1350.4285134986476,1.000161,0.8361542
1350.4299023603214,1.0001694,0.86850864
1350.431291222054,1.0001416,0.84293914
1350.432680083728,1.0001563,0.81707025
1350.4340689454016,1.0003121,1.1129283
1350.4354578070752,1.0000858,0.94921213
1350.4368466688072,1.000024,0.9411349
1350.4382355304815,1.0002108,0.7698202
1350.439624392156,0.99993825,0.93305373
1350.4410132538292,0.99991685,0.7711176
1350.4424021155028,0.99983793,0.9724258
1350.4437909771773,0.9998978,0.6486454
1350.4451798388518,0.99986583,0.9662931
1350.4465687005254,0.99998057,0.92347205
1350.4479575621986,1.0000428,1.074191
1350.449346423873,1.0001407,0.9451202
1350.4507352855476,1.0000143,1.2245407
1350.4521241472205,1.0002906,0.8522587
1350.4535130088943,1.0001156,0.7995013
1350.4549018705106,1.0003219,1.2484708
1350.4562907321842,1.0000311,0.82404935
1350.4576795938578,0.99981934,0.65284026
1350.459068455532,1.0000855,1.1603885
1350.4604573171473,1.0000018,0.9596451
1350.4618461788218,1.0002718,1.0463237
1350.4632350404963,1.0002546,1.0836657
1350.464623902111,0.9999928,0.6064155
1350.4660127637849,0.999678,1.135318
1350.4674016254592,0.99993074,0.6820377
1350.4687904870752,1.000147,0.87746763
1350.4701793487493,0.9998866,0.8685212
1350.471568210364,1.0000817,1.0345703
1350.4729570720383,0.9996947,0.82272756
1350.4743459336546,0.9999276,0.69253695
1350.4757347952695,1.0000612,1.0837599
1350.4771236569431,1.0000162,0.87805074
1350.4785125185595,1.0000848,1.0423771
1350.4799013801749,1.0000725,0.8043713
1350.481290241849,0.9999374,1.1035528
1350.4826791034643,1.0000091,0.6313282
1350.4840679650797,0.9999635,1.0096465
1350.485456826696,1.0001444,1.0171715
1350.4868456883705,1.0000895,0.856023
1350.4882345499855,1.0000716,0.8699378
1350.4896234116009,0.99980086,1.0455558
1350.4910122732172,0.99995494,0.8506501
1350.4924011348335,0.9998421,1.1316915
1350.4937899964489,1.0002567,0.914317
1350.4951788580638,0.9996194,0.899419
1350.4965677196801,0.9999612,1.1235801
1350.4979565812962,1.0000833,0.90890527
1350.499345442911,0.99978673,0.8289484
1350.5007343045268,1.0000982,0.8940908
1350.5021231661428,1.0003021,1.1302716
1350.5035120277003,0.99994296,0.77564496
1350.5049008893156,1.000307,0.8365292
1350.506289750931,1.0001522,0.8337899
1350.507678612547,1.0001756,0.7485542
1350.509067474163,1.0002123,0.7637119
1350.5104563357208,0.99999994,0.9061335
1350.5118451973358,0.99998945,0.9536923
1350.5132340588932,0.99996674,0.92125845
1350.5146229205093,0.99989396,0.8284869
1350.5160117821256,0.9997986,0.99173844
1350.517400643683,0.9996633,0.97647965
1350.5187895052977,1.0000031,0.8373958
1350.5201783668558,0.9997401,0.8419483
1350.5215672284721,0.9998739,0.92636675
1350.5229560900289,0.9998185,0.96879995
1350.524344951586,0.99960506,1.0071994
1350.5257338132024,0.9997188,0.80845547
1350.5271226747595,0.9997188,1.0592928
1350.5285115363752,0.9997471,0.8184463
1350.5299003979326,0.9998804,1.0311153
1350.5312892594898,0.9998427,0.78760797
1350.5326781210479,0.99947286,0.9793267
1350.534066982606,0.9997101,0.9298703
1350.5354558442207,0.9999366,0.959667
1350.536844705778,0.9993943,1.0967885
1350.5382335673362,0.99955654,0.5920353
1350.539622428894,0.9996849,1.0851983
1350.5410112904515,0.9996504,0.98203146
1350.5424001520082,0.99971473,0.6442721
1350.543789013566,0.9997677,0.7799559
1350.545177875124,0.99972373,0.9299251
1350.5465667366807,0.9996671,0.9601496
1350.5479555982379,0.9996457,0.7599477
1350.549344459796,0.99940765,0.9537406
1350.5507333213534,0.99976295,0.9056182
1350.552122182853,0.9995358,1.0173197
1350.5535110444107,0.999605,0.869006
1350.5548999059672,0.9997038,0.8979567
1350.556288767525,0.99944395,0.87374735
1350.557677629025,0.9997855,0.79405546
1350.5590664905817,0.99986553,0.85360575
1350.560455352139,0.9996772,1.1995926
1350.5618442136388,0.99977285,0.4225233
1350.563233075196,0.99984014,1.2786005
1350.5646219367536,0.99983174,0.9696144
1350.5660107982526,0.9995011,0.7954871
1350.5673996598107,1.0000263,1.0915078
1350.5687885213106,0.9998431,0.74036235
1350.5701773828089,0.9994682,0.93350756
1350.5715662443663,0.99969625,1.1609954
1350.5729551058662,0.99971354,0.9333848
1350.5743439674234,0.99964607,0.8134205
1350.5757328289233,0.9994453,0.96972525
1350.5771216904222,0.99975127,1.0168645
1350.578510551979,0.9997646,1.0256981
1350.5798994134789,0.9994997,0.7941666
1350.5812882749785,0.99962646,0.74640834
1350.5826771364768,0.9996339,1.0046115
1350.5840659979763,0.9998906,0.72956985
1350.585454859476,0.99953187,1.0073513
1350.5868437210333,0.99964744,0.8936757
1350.5882325825323,0.99947375,0.90403664
1350.5896214440313,0.99986494,1.078408
1350.5910103055312,0.99967116,0.8591976
1350.592399167031,0.9996609,0.7412455
1350.5937880285296,0.9995865,0.8099673
1350.5951768899704,0.99973506,0.76029366
1350.5965657514703,0.999826,0.8507312
1350.5979546129693,0.9995582,1.1149452
1350.5993434744692,0.99933225,0.73233366
1350.6007323359684,0.9995606,1.1897118
1350.6021211974667,0.99969757,0.88238287
1350.6035100589083,0.9998225,0.926025
1350.6048989204082,0.9997308,0.987254
1350.6062877819068,0.9995704,0.99089503
1350.6076766433475,0.9995542,0.83318734
1350.6090655048474,0.9996836,1.0773805
1350.6104543663464,0.99929094,1.1593658
1350.6118432277874,0.9996368,0.7839295
1350.6132320892866,0.9993325,1.1062058
1350.6146209507283,0.99992305,0.92199504
1350.616009812228,0.9995182,0.93687165
1350.617398673668,0.99973774,1.1129283
1350.618787535109,0.99973017,0.63907623
1350.6201763966087,0.9998285,0.9017285
1350.62156525805,0.99971044,1.2090477
1350.6229541195496,0.99959856,0.7403617
1350.6243429809906,0.99960667,1.1570823
1350.625731842431,0.99977314,0.7688103
1350.6271207038724,0.9998627,0.9231303
1350.628509565372,0.99980515,0.8909888
1350.6298984268124,0.99991596,0.6696376
1350.6312872882531,0.9996474,0.9646564
1350.6326761496948,0.9999289,0.9664811
1350.6340650111358,0.9998112,0.90139925
1350.6354538725768,0.99967706,1.0317231
1350.6368427340176,1.0000302,0.71800953
1350.6382315954593,1.0002732,1.1982623
1350.639620456901,1.0000281,0.7544303
1350.6410093183417,1.0000181,0.8552377
1350.6423981797827,0.9999873,1.0435236
1350.6437870412237,1.0000361,1.0395997
1350.6451759026645,0.99985665,1.0206527
1350.646564764048,0.99976164,1.0661217
1350.6479536254888,0.99992406,1.0585908
1350.649342486929,0.9998952,1.0405912
1350.6507313483708,0.99986035,0.9708574
1350.6521202097542,0.999978,0.9588127
1350.6535090711943,0.99985933,1.0900799
1350.6548979326353,0.9999404,0.7783352
1350.6562867940188,0.9999009,0.9134908
1350.6576756554596,0.9998859,0.98451936
1350.6590645168421,0.9997795,0.87604845
1350.6604533782831,0.9999347,0.7329992
1350.6618422396664,0.9999494,0.8953936
1350.663231101108,0.9998629,0.879732
1350.6646199624909,0.9997536,0.83116615
1350.6660088239319,0.99990195,0.89945745
1350.6673976853144,0.99966025,0.8970727
1350.6687865466972,0.9998747,1.2464079
1350.6701754081387,0.99978137,0.64632404
1350.6715642695215,0.99986917,0.52990365
1350.6729531309034,0.9998928,1.0090698
1350.6743419922868,0.9998064,1.1528693
1350.6757308537285,1.0001011,0.7660413
1350.6771197151106,1.000287,1.095925
1350.6785085764932,0.99967563,0.83436716
1350.6798974378767,1.0001359,0.9045992
1350.6812862992592,0.9994715,0.8716302
1350.6826751606422,0.99957204,0.94842285
1350.6840640220248,0.99987954,0.64994484
1350.6854528834083,1.000119,0.9411887
1350.6868417447915,0.99986976,1.0035474
1350.6882306061743,0.9999411,0.68368304
1350.689619467557,0.9999011,1.1082715
1350.6910083288815,0.9998962,0.89423114
1350.6923971902643,1.0000743,0.96910024
1350.6937860516477,0.9999934,0.8125738
1350.6951749130303,0.9997367,0.9534831
1350.6965637744124,0.9999009,0.9341351
1350.6979526357377,1.0001489,1.0069624
1350.699341497121,0.99992824,0.8101465
1350.7007303584446,1.000095,0.9788449
1350.7021192198274,0.99978304,0.8930814
1350.7035080812107,0.9999209,0.8316181
1350.7048969425355,1.0000136,0.9597904
1350.7062858039187,0.9998888,1.212114
1350.7076746652433,0.9996887,0.5177887
1350.7090635266259,0.9996219,1.1249369
1350.7104523879511,0.99987656,0.90485555
1350.7118412492755,0.9998575,0.8736384
1350.7132301106583,0.9997102,0.7949426
1350.7146189719829,1.0000117,1.0704284
1350.7160078333072,1.0000011,0.76127976
1350.7173966946907,1.0000249,1.0411068
1350.718785556015,0.99991554,0.81219935
1350.720174417339,0.9999317,0.9487005
1350.7215632786642,0.9997296,1.0021387
1350.7229521399895,1.0003071,0.91898954
1350.7243410013132,0.99951476,0.885412
1350.725729862696,1.0000613,0.90652966
1350.7271187240212,0.99968237,0.795091
1350.7285075853456,1.0000764,1.0721358
1350.7298964466709,0.9996099,0.9469559
1350.7312853079952,0.9997974,1.007194
1350.7326741692616,0.9997952,0.9769217
1350.7340630305866,0.9997827,0.68945336
1350.7354518919115,1.0000352,0.7435719
1350.7368407532358,1.0001739,1.1144503
1350.7382296145602,0.9998571,0.8534583
1350.739618475885,1.0000302,0.9230183
1350.7410073371518,0.99995047,0.8418826
1350.7423961984764,0.99960905,1.2455152
1350.7437850598,0.9997374,0.6032946
1350.745173921067,1.0000767,1.2817309
1350.7465627823922,0.99990994,0.77685535
1350.747951643716,0.9997764,1.2408934
1350.7493405049822,0.999905,0.782657
1350.7507293663075,0.999863,0.9177059
1350.7521182275739,0.9997444,0.9862261
1350.7535070888407,0.9998187,0.58500135
1350.7548959501653,0.999782,1.1011094
1350.7562848114317,1.0001513,0.5651583
1350.757673672757,0.9997831,1.379762
1350.759062534023,0.99967647,0.63754946
1350.7604513952892,0.99989194,1.2237339
1350.761840256614,1.0000206,0.68364465
1350.7632291178802,0.99985296,0.9845798
1350.7646179791473,0.999937,0.9015781
1350.7660068404134,0.99972,1.037288
1350.767395701679,0.999961,1.0117947
1350.7687845629462,1.0001084,1.0281904
1350.770173424213,1.0000029,0.83404267
1350.7715622855376,1.0000876,0.91950154
1350.7729511468037,0.99989146,0.91734684
1350.77434000807,0.9999311,0.66400516
1350.7757288692783,1.0000207,1.0017855
1350.7771177305453,0.9998811,1.042428
1350.7785065918115,0.99983054,0.8389884
1350.7798954530776,1.000158,0.98414195
1350.7812843143447,0.99987924,0.88066304
1350.782673175611,0.9997419,1.0145277
1350.7840620368193,0.99997807,0.98644996
1350.7854508980854,0.9997981,0.8961543
1350.7868397593516,1.000041,1.0702386
1350.7882286206186,0.99999094,0.8702599
1350.7896174818268,0.9999324,1.1319544
1350.7910063430922,0.99970216,0.7292041
1350.792395204301,0.99976194,1.0177847
1350.7937840655682,0.9999019,0.79357964
1350.795172926776,0.9996148,1.1457407
1350.7965617880425,0.99982154,0.96686023
1350.7979506492507,0.99969316,0.9339632
1350.7993395105168,0.9998784,0.6656865
1350.8007283717257,0.99994755,0.85623395
1350.8021172329336,1.000091,0.88260365
1350.8035060942002,1.0000256,0.9689958
1350.8048949554088,1.0000514,1.0586741
1350.806283816617,0.999688,0.8801154
1350.8076726778831,1.0000817,0.68302816
1350.8090615390913,0.99966276,0.93040526
1350.8104504002995,0.9999279,0.8879329
1350.811839261508,0.9999508,1.0666598
1350.8132281227167,0.999973,0.68196464
1350.8146169839242,0.999586,1.299937
1350.8160058451324,1.0002266,0.76857543
1350.817394706341,1.0001017,0.99343896
1350.8187835675494,0.9999392,0.7286155
1350.8201724287574,0.9996885,0.8730328
1350.8215612899653,0.99969757,0.9607532
1350.8229501511735,0.99988025,0.83274305
1350.824339012382,0.99995464,0.80905837
1350.8257278735323,0.9999506,0.85064244
1350.8271167347402,0.9997049,1.0868133
1350.828505595949,0.9995164,0.8899272
1350.829894457157,1.0001178,1.0191567
1350.831283318307,0.99978447,0.85582006
1350.8326721795152,0.9996812,1.004969
1350.834061040723,0.99977225,0.5992848
1350.8354499018737,1.0000076,1.1649908
1350.8368387630826,1.0001029,1.0720528
1350.8382276242316,0.9996986,0.58973515
1350.8396164854398,0.99967873,0.854648
1350.8410053465905,0.9998345,1.5356168
1350.8423942077984,0.9997328,0.6791847
1350.8437830689481,0.99982786,1.2790682
1350.8451719300983,0.99951154,0.6983656
1350.8465607913063,0.99969655,0.91127527
1350.847949652457,1.000083,0.75799596
1350.8493385136067,0.9996822,0.98723197
1350.8507273747566,0.9998281,0.8692984
1350.8521162359652,1.0000256,0.9956199
1350.8535050971152,1.0000058,0.89686567
1350.8548939582656,1.0003866,0.69138783
1350.8562828194158,1.0002826,0.85821307
1350.8576716805649,1.0000168,0.9682865
1350.8590605417153,1.0000826,0.96219873
1350.860449402866,1.0001181,0.9085661
1350.8618382640152,0.99989325,0.5953915
1350.863227125165,1.0001435,1.215664
1350.8646159863156,0.9999297,1.1959977
1350.8660048474655,0.99961704,0.73354065
1350.8673937086155,0.99986666,1.1834042
1350.868782569707,0.9996194,0.7888404
1350.8701714308568,0.99955034,1.1616598
1350.8715602920074,0.99962825,0.8116517
1350.8729491530992,1.000049,1.1766963
1350.8743380142482,0.9998542,1.0622611
1350.8757268753989,0.99966437,0.75313985
1350.8771157364913,0.99979293,1.2280953
1350.878504597642,1.0000916,0.96392685
1350.8798934587335,0.999536,0.52513313
1350.8812823198828,1.0000042,1.2347244
1350.8826711809752,0.9997225,0.91534483
1350.8840600421256,0.99985963,0.58529425
1350.8854489032165,1.0001292,1.0277796
1350.8868377643666,0.9998137,1.0334588
1350.8882266254589,0.99971783,0.8692894
1350.8896154865506,0.9997585,0.91692924
1350.8910043477003,0.99986786,0.90331954
1350.892393208792,0.999766,1.2670478
1350.8937820698839,0.9998619,1.0823672
1350.895170930976,0.9995908,0.4810668
1350.8965597920683,0.99999267,0.9940846
1350.8979486531593,0.9999898,0.67185646
1350.8993375143093,0.9998702,1.3451716
1350.9007263754015,0.999759,0.47573796
1350.902115236494,0.9997897,1.1440858
1350.9035040975857,0.99972636,0.8633528
1350.9048929586183,0.99999446,0.73665524
1350.9062818197108,0.9998068,1.0773365
1350.9076706808032,0.9996984,0.8721099
1350.9090595418943,1.0002652,1.0213066
1350.9104484029858,1.000203,0.9626217
1350.9118372640783,0.9997942,0.89966226
1350.9132261251116,0.99980164,0.9387361
1350.9146149862033,1.0000086,1.0194474
1350.916003847295,0.9997407,0.77636826
1350.9173927083284,0.9999677,1.0449686
1350.9187815694208,0.9996641,0.85431814
1350.9201704305133,0.9998413,1.306678
1350.921559291546,0.9998815,0.62946826
1350.9229481526377,0.99983525,1.1363195
1350.924337013672,1.0000051,1.10042
1350.9271147357977,0.9998928,0.9306426
1350.9285035968305,1.0000178,0.864153
1350.9298924579227,0.99983793,0.8630094
1350.9312813189567,1.0000103,0.7838961
1350.9326701799896,0.99986553,0.8551057
1350.9340590410811,0.99994236,0.969782
1350.9354479021154,0.9997938,0.9557761
1350.936836763149,0.9995604,0.94739616
1350.938225624183,0.9996333,0.819996
1350.9396144852167,0.99993294,0.70375526
1350.9410033462493,0.99995047,1.2770239
1350.9423922072833,0.9998354,1.0254837
1350.9437810683175,1.0000839,0.83718944
1350.9451699293504,0.9999944,1.103138
1350.9465587903837,0.99947435,0.95072997
1350.947947651418,1.0002445,0.788461
1350.9493365124522,0.9998137,1.028223
1350.9507253734855,0.9996808,1.165024
1350.9521142345184,0.99988306,1.0306855
1350.9535030954944,0.9999788,0.8040788
1350.9548919565286,0.9997934,0.8944997
1350.956280817562,0.9997439,1.088606
1350.957669678537,1.0000134,1.0250313
1350.9590585395708,0.99974006,0.81140155
1350.9604474006042,1.0001659,0.88984734
1350.9618362615802,0.9998563,1.0684017
1350.9632251226135,1.0001075,0.79430366
1350.9646139835882,0.99986845,0.99967206
1350.9660028446224,0.9996917,0.6989326
1350.9673917055982,0.99981314,1.4773417
1350.9687805666308,0.9994509,0.709728
1350.9701694276064,0.99982285,0.68224114
1350.9715582885822,1.0000144,1.1287855
1350.9729471496162,0.9996133,0.8073263
1350.9743360105917,0.99980295,1.0279144
1350.9757248715662,0.99963146,0.7599207
1350.977113732542,0.9996099,0.80477667
1350.978502593518,1.000085,1.1645397
1350.979891454493,0.9997225,0.8679721
1350.9812803155269,0.999715,0.8009544
1350.982669176502,0.99963135,0.92346513
1350.984058037477,1.0000674,1.2196373
1350.9854468984531,0.9994929,1.0039262
1350.9868357594285,0.9997409,0.9310444
1350.9882246203447,0.9997098,1.0588565
1350.9910023422967,0.9998204,0.82993764
1350.9923912032714,0.99999547,1.1438035
1350.9937800642465,1.0000087,1.1515771
1350.9951689252225,0.99966246,0.78176105
1350.9965577861403,1.000076,0.8133547
1350.9979466471161,0.9997752,0.8499757
1350.9993355080906,0.99959016,0.7195736
1351.000724369008,0.9997245,1.1527237
1351.0021132299837,0.9998699,0.6243143
1351.0035020909008,0.99990606,0.8970251
1351.004890951876,0.9999483,1.2324215
1351.0062798127929,0.9998133,0.7106967
1351.0076686737684,0.9999836,0.9727198
1351.009057534686,0.9995174,0.74997866
1351.0104463956031,0.999336,0.9947237
1351.0118352565778,0.9996268,0.92286706
1351.0132241174954,0.99983776,1.1510551
1351.014612978413,0.9997594,0.7234762
1351.0160018393876,1.0000712,1.060599
1351.0173907003045,0.99984115,0.73406667
1351.0187795612223,0.99989325,1.1198553
1351.0201684221402,0.999806,1.0218043
1351.021557283058,0.99992776,0.7195855
1351.0229461439744,1.0000104,0.9150382
1351.0243350048913,0.99963737,0.66206396
1351.0257238658091,0.9996922,1.142019
1351.027112726726,0.99957514,0.95604706
1351.0285015876432,0.999886,0.8560603
1351.0298904485603,0.99984926,0.54520136
1351.0312793094772,0.99951655,1.260486
1351.032668170395,0.9997367,0.6970634
1351.0340570312537,0.99993306,1.1102445
1351.0354458921702,0.99947625,0.90689373
1351.036834753088,1.0000902,0.9417805
1351.0382236139476,0.9998036,0.69202894
1351.0396124748645,0.9997795,1.0957493
1351.0410013357814,0.9996795,0.8758708
1351.0423901966406,0.999904,1.0965796
1351.0437790575581,0.99949056,0.8882942
1351.0451679184175,0.9996245,0.5011795
1351.046556779334,0.999619,1.2377483
1351.0479456401927,0.9996636,0.93221396
1351.0493345010523,0.9999397,1.2044781
1351.0507233619694,0.9995828,0.47417852
1351.0521122228283,0.9995509,1.0940357
1351.053501083687,0.99972945,0.99760234
1351.0548899446042,1.0004464,0.85001236
1351.0562788054635,0.9994847,1.0668192
1351.0576676663231,0.99973464,0.9002464
1351.0590565271814,0.99996537,0.87692034
1351.06044538804,0.99966776,0.8303373
1351.0618342488997,0.999626,1.1443752
1351.0632231097584,0.9996241,1.1397854
1351.0646119706175,1.0001432,0.5003794
1351.0660008314762,0.9999627,0.7273095
1351.0673896923358,0.9999548,0.845728
1351.0687785531954,0.9995383,1.0068456
1351.0701674140535,0.99985933,0.8981009
1351.0715562749124,1.000012,0.80846083
1351.072945135772,1.0001487,0.8367833
1351.0743339965725,0.99961287,0.99991524
1351.0757228574312,1.0000572,0.91446793
1351.07711171829,1.000043,0.9520279
1351.0785005790908,0.99977905,0.86664283
1351.0798894399504,0.999608,0.6080404
1351.0812783008098,0.9995855,0.7204533
1351.0826671616096,0.99978423,1.2706957
1351.0840560224688,1.0002631,1.1059843
1351.08544488327,0.9997011,0.6435762
1351.0868337440706,1.0001494,1.5043838
1351.0882226049293,0.9995407,0.5596873
1351.0896114657298,0.9998252,1.1991268
1351.0910003265894,0.9998598,0.7288555
1351.0937780481909,0.9997066,1.0425766
1351.0951669089914,0.99953145,0.8085963
1351.0965557697928,0.99982786,0.9992653
1351.0979446306515,0.99960136,1.0906647
1351.0993334914529,1.0000383,0.8792701
1351.1007223522536,0.9999995,1.4171468
1351.1021112130534,0.9997961,0.65218335
1351.1035000738548,0.999686,0.914909
1351.1048889346562,0.9994858,0.84778315
1351.1062777954562,0.999585,1.29727
1351.1076666562567,0.9996671,0.7397467
1351.109055517,0.9998146,0.80489624
1351.1104443778004,0.99991083,1.0872854
1351.111833238601,0.99979526,0.8536757
1351.1132220994018,0.9997397,0.906316
1351.114610960145,0.99959517,0.9803822
1351.1159998209462,0.999541,0.4886547
1351.117388681747,1.0000976,1.0351804
1351.1187775424892,0.99960005,0.86297154
1351.1201664032897,0.9996024,0.83912885
1351.1215552640324,0.9999775,1.2296079
1351.1229441248336,0.9997231,0.7352072
1351.124332985576,0.99986804,0.95382893
1351.125721846376,0.9994136,1.1246694
1351.127110707119,0.99999267,0.4840581
1351.128499567862,0.99966997,1.5130264
1351.129888428662,0.99952024,0.5181278
1351.1312772894044,0.99977,1.1009549
1351.1326661501475,0.9999714,0.6880075
1351.13405501089,0.9996957,0.99092853
1351.1354438716912,1.0002233,1.1701226
1351.136832732434,0.99988216,0.93359834
1351.1382215931762,0.9999254,0.6956175
1351.1396104539194,1.0000231,0.98438597
1351.1409993146617,0.9998483,0.7764774
1351.1423881754042,1.0000613,1.2033051
1351.1437770361467,0.9995812,0.88390696
1351.145165896889,0.9996947,0.8056414
1351.1465547576322,0.9996196,1.0978678
1351.1479436183163,0.9997698,1.0288478
1351.149332479058,0.999961,0.75165683
1351.1507213398013,0.9999293,0.7117522
1351.1521102005445,0.99956954,1.0762959
1351.1534990612279,0.9998523,0.78305393
1351.1548879219704,0.9995848,1.2770873
1351.1562767827136,0.9995105,0.65642726
1351.1576656433976,0.9999915,1.181601
1351.1590545041408,0.9999875,0.9105539
1351.160443364825,0.9995932,0.80930495
1351.1618322255672,0.9998384,0.9461483
1351.1632210862522,0.99978733,1.2637527
1351.1646099469947,0.99962544,0.7151542
1351.165998807679,0.99965835,1.0350596
1351.167387668363,0.9998289,0.86539364
1351.1687765290474,0.9998996,1.1812576
1351.1701653897903,0.99963415,0.80551285
1351.1715542504746,0.9999257,0.8990474
1351.172943111158,0.99986184,1.1681907
1351.174331971843,0.9993142,0.92648524
1351.175720832528,0.9999821,0.6316237
1351.177109693212,1.0000389,0.81759286
1351.1784985538966,0.9998897,0.9391701
1351.1798874145807,0.9999028,0.9032668
1351.1812762752647,0.9996926,0.9207972
1351.1826651359497,0.9998385,0.8616919
1351.184053996634,0.99972564,0.9826608
1351.1854428573174,0.9999118,0.9300968
1351.1868317180024,0.9997965,1.211778
1351.1882205786292,0.9996218,0.41396368
1351.1896094393132,0.9999426,1.4775391
1351.1909982999975,0.99996114,0.98643804
1351.1937760213086,0.9997111,0.83890235
1351.1951648819934,0.99985564,0.94962466
1351.1965537426186,0.9999699,0.80381685
1351.197942603303,0.999716,0.86091065
1351.1993314639296,0.99972016,1.1842514
1351.2007203245557,0.9993555,1.033649
1351.2021091852398,0.99968797,0.81064075
1351.2034980458657,0.9994877,0.66166747
1351.2048869065502,1.0001112,1.1731948
1351.2062757671767,0.99979323,1.1036805
1351.2076646278028,0.9996519,0.7202825
1351.2090534884283,0.99991935,1.0034399
1351.2104423490548,0.99994344,0.8718843
1351.2118312096813,0.9997872,0.8077872
1351.2132200703663,1.0002685,1.1533091
1351.2146089309924,0.99988526,0.5361191
1351.2159977916176,0.9998245,1.0195591
1351.2173866522444,0.99970776,0.9142367
1351.218775512813,0.99979013,1.1405008
1351.2201643734384,0.9996057,0.7564797
1351.2215532340642,0.9997454,0.78995126
1351.222942094691,0.99973166,1.0976311
1351.2243309553169,0.9998227,0.8467461
1351.225719815943,0.99973685,0.78231585
1351.2271086765109,0.9997921,0.9867424
1351.2284975371367,0.9995737,1.0790133
1351.2298863977053,0.9997797,0.84804493
1351.2312752583312,0.9998013,1.1434596
1351.2326641189566,0.9991792,0.88601065
1351.2340529795251,0.99945366,0.7930378
1351.235441840152,0.999685,1.1393632
1351.2368307007202,0.9995627,0.8266435
1351.2382195612881,0.99956477,0.90965956
1351.2396084219135,0.999565,1.0620209
1351.2409972824819,1.0000814,0.6239698
1351.2423861430502,0.9998389,1.2845379
1351.2437750036756,0.9997715,0.75022596
1351.2451638642433,1.0002387,1.1022512
1351.2465527248119,0.99983495,0.69647
1351.2479415853797,0.9996905,0.76233554
1351.2493304459476,0.9998229,1.060556
1351.2507193065153,1.0000248,0.88734186
1351.2521081670832,0.9995843,0.8532254
1351.2534970276515,0.9997308,0.98860514
1351.25488588822,0.9992605,0.7245725
1351.2562747487873,0.99981666,0.845812
1351.257663609355,0.9998368,1.0997791
1351.2590524699235,0.99974203,0.87907094
1351.2618301910015,0.99965864,1.0164475
1351.2632190515687,0.99943346,0.78671956
1351.2646079121373,0.9998867,1.1645875
1351.2659967726477,0.9997868,0.8255889
1351.2673856332146,0.9997659,1.2627393
1351.2687744937243,0.99981785,0.4417836
1351.2701633542927,0.99982,1.2078924
1351.2715522148023,0.99973434,1.0186511
1351.272941075371,0.99994797,0.57978
1351.2743299358804,0.9998224,1.0437845
1351.2757187963894,0.9996548,0.8929796
1351.277107656958,0.9998365,1.267956
1351.278496517468,0.9998384,0.71570325
1351.2798853779768,0.9996897,1.2366707
1351.2812742384867,0.9997383,0.9756644
1351.282663099055,0.99976194,0.7455309
1351.2840519595652,0.99973506,0.78727156
1351.2854408200749,0.99976814,1.1433501
1351.2868296805837,0.9999083,0.98594415
1351.288218541094,0.9995623,0.8834436
1351.2896074016044,0.999723,0.82330793
1351.2909962621138,0.9997755,1.0043261
1351.2923851225655,0.9996887,0.58124095
1351.293773983075,1.0001904,1.4630004
1351.2951628435844,0.99982595,1.0995282
1351.2965517040948,0.99941236,0.7289974
1351.2979405646045,1.0000108,0.7648322
1351.299329425055,1.0001416,1.1935287
1351.3007182855654,0.9998319,0.85991174
1351.3021071460757,0.9997208,1.1829454
1351.3034960065265,1.0000976,1.0610034
1351.304884867036,0.9994744,0.7648704
1351.3062737274881,0.99978787,1.2104213
1351.3076625879985,0.9996721,0.6819626
1351.3090514484504,0.9998731,1.3055977
1351.3118291694107,0.9996059,1.0140823
1351.3132180298626,0.99960965,0.65248436
1351.3146068903143,0.9997685,1.1962596
1351.3159957507655,0.99973845,0.7759586
1351.317384611275,0.999815,0.99964285
1351.3187734717267,1.0000097,0.8048222
1351.32155119263,0.9996907,1.1731092
1351.3229400530806,0.9997538,0.5662053
1351.3243289135326,1.0001488,1.0951226
1351.3257177739847,0.9998208,0.706638
1351.3271066344362,0.99964654,1.005978
1351.3284954948294,0.9999612,1.3726369
1351.3298843552807,0.99934536,1.0837839
1351.3312732157328,0.99988055,0.473941
1351.3340509365776,0.9995487,1.042505
1351.3354397970288,0.9996482,0.8593211
1351.336828657481,0.99991834,1.2937123
1351.338217517874,0.9998396,0.8060218
1351.3396063783255,0.99967766,1.1683732
1351.3409952387187,0.9998946,1.28835
1351.34238409917,0.99974316,0.68398464
1351.343772959564,0.99997824,1.139564
1351.345161820016,0.9995044,0.97042954
1351.3465506804084,0.9997611,0.9547007
1351.3479395408017,0.999909,1.0490544
1351.3493284011956,0.999994,0.91969156
1351.3507172616469,1.0001789,0.6144171
1351.35210612204,0.9996484,1.2450243
1351.3534949824332,0.99987805,0.4834933
1351.354883842827,0.9998073,0.9566619
1351.3562727032208,0.99964505,0.8950252
1351.3576615636134,0.9998359,0.9519851
1351.3590504240065,0.9996793,0.86118495
1351.3604392844004,0.99929065,1.1314062
1351.3618281447937,0.9997297,1.069717
1351.363217005187,0.9993518,1.4866222
1351.3646058655218,0.99971664,1.406184
1351.365994725915,0.9995328,0.79454464
1351.3673835863087,0.99931467,1.0651698
1351.3687724467027,0.9995179,0.92327327
1351.370161307037,0.99979115,0.7857727
1351.37155016743,0.9997471,1.0182616
1351.3729390277658,0.99989295,1.2214235
1351.3743278881589,1.0000517,0.6328268
1351.3757167484941,0.9997559,0.9965867
1351.3771056088872,0.9998803,1.2283777
1351.378494469223,0.99965084,0.7902951
1351.3798833296169,0.99955773,1.3334061
1351.381272189951,0.99977624,0.68305284
1351.382661050286,0.99989665,1.296163
1351.3840499106216,0.99971783,0.5116681
1351.3854387710148,0.9997791,1.12448
1351.3868276313506,0.9999836,1.005643
1351.3882164916854,1.0000043,1.1135979
1351.3896053520198,0.9997025,0.8510847
1351.392383072691,0.9992803,1.2036443
1351.3937719330252,0.9994464,0.6007339
1351.3951607933602,0.99988216,0.98628426
1351.3965496536957,0.9996768,0.763636
1351.3979385139728,0.9995261,0.78466797
1351.3993273743076,1.0000502,1.0292686
1351.4007162346425,0.99964553,0.96521467
1351.4021050949782,0.9998195,1.040392
1351.4034939552557,0.99983823,0.96838987
1351.4048828155906,0.9999088,1.3205436
1351.4062716758676,0.9997757,0.8491109
1351.4076605362025,1.0000528,0.86089146
1351.409049396479,0.9998963,1.1885226
1351.4104382568148,0.9997581,0.81534666
1351.4118271170914,0.99989027,1.0217582
1351.4132159774258,0.99971724,0.9862765
1351.4146048377033,0.99978524,0.9355898
1351.4159936979809,0.9997807,0.8178103
1351.417382558257,0.99995583,1.2694274
1351.4187714185919,0.999725,0.8363818
1351.4201602788694,0.99988276,0.74297
1351.421549139146,0.99975693,0.72160876
1351.4229379994235,0.99983203,1.1739495
1351.4243268597002,1.0000648,0.9048374
1351.425715719977,0.9994652,1.0796399
1351.4271045802543,0.9997135,0.6705154
1351.4284934405314,0.99978924,1.1601967
1351.429882300808,0.9999762,0.8571707
1351.4312711610846,0.9994947,0.9365938
1351.4326600213035,0.99960977,0.8874732
1351.4340488815808,0.9998983,1.0042682
1351.4354377418576,0.99935114,0.865306
1351.4368266020754,0.99990314,1.0147314
1351.4382154623527,1.0000312,1.1416553
1351.4396043226302,0.99995816,1.1064824
1351.4409931828488,0.9999023,0.8211596
1351.4423820431257,0.9996752,1.3822508
1351.443770903344,0.99983925,0.9791523
1351.4451597635627,0.99967784,0.6827135
1351.44654862384,0.99988985,1.1167241
1351.447937484059,0.99954367,0.9737272
1351.4493263442773,0.9997056,0.74460334
1351.4507152045549,0.9998682,1.1912583
1351.4521040647733,0.99959546,0.8365006
1351.4534929249917,0.99976784,1.1445816
1351.4548817852105,0.9998587,1.1320692
1351.456270645429,0.9998473,0.7161306
1351.4576595056483,0.9999564,1.0584122
1351.4590483658676,0.9996982,0.7094416
1351.4604372260853,0.9995797,0.915657
1351.461826086304,0.9998113,1.0301896
1351.4632149465233,0.99994695,0.6924556
1351.4646038067417,0.99996096,1.3750693
1351.465992666902,0.999855,0.5728237
1351.4673815271206,0.99980694,1.1397666
1351.4687703873392,1.0000478,1.045016
1351.4701592475003,0.9998224,0.8921561
1351.4715481077187,0.9995322,0.875509
1351.4729369678785,0.99996203,1.3931769
1351.4743258280978,0.99961185,1.1241492
1351.4757146882587,0.9997049,0.74666125
1351.4771035484778,1.0000327,0.94611657
1351.4784924086382,0.99962455,1.3383763
1351.479881268856,0.9995995,0.61240053
1351.481270129017,0.999772,1.0992095
1351.4826589891782,0.99984664,1.1850312
1351.484047849338,0.99978787,1.0895818
1351.4854367094981,0.9995057,0.559323
1351.4868255697174,1.0000771,1.3674315
1351.4882144298776,0.9998976,0.9802543
1351.4896032900383,0.99966544,1.2895007
1351.4909921501985,0.99975294,0.7517669
1351.4923810103587,0.99954987,0.9275543
1351.4937698705198,0.99987507,1.1271881
1351.4951587306227,0.9998086,0.9347557
1351.4965475907825,0.99972683,0.9555065
1351.4979364509427,0.99959964,0.69941795
1351.4993253111038,0.9998571,1.1236458
1351.5007141712067,1.0001227,1.0908536
1351.502103031367,0.999636,1.0826417
1351.5034918915267,0.99952215,0.5185131
1351.5048807516296,1.0001005,1.3272983
1351.5062696117905,0.99955064,0.71628433
1351.5076584718918,0.99965656,0.6449425
1351.5090473320522,0.99986887,1.2342963
1351.5104361921549,0.9995134,0.98137474
1351.5118250522573,0.9999259,0.93808436
1351.5132139124182,0.999726,1.1968626
1351.5146027725204,0.9994951,1.1253439
1351.515991632622,0.9999088,0.9216966
1351.5173804927247,0.99956626,0.89141953
1351.5187693528273,0.9998863,1.0352943
1351.520158212929,0.99976665,1.2757895
1351.521547073031,0.9997925,0.7987803
1351.5229359331338,0.9993304,0.6693287
1351.5243247932367,0.99981016,1.2821963
1351.5257136533387,0.99966764,0.78078336
1351.5271025134402,0.99992174,1.7676834
1351.5284913735431,0.99945176,0.8875658
1351.529880233646,0.9996574,0.67204845
1351.5312690936898,0.99962455,1.187468
1351.532657953792,1.0000999,0.8400956
1351.5340468138943,0.99981046,0.8016139
1351.535435673938,0.999805,1.00916
1351.536824534041,0.9997177,1.0708762
1351.5382133940848,1.0000759,1.1042346
1351.5396022541863,0.9996372,1.0203509
1351.540991114231,0.9996668,0.88968486
1351.542379974334,0.9997084,1.0121993
1351.543768834377,0.9996034,0.99263966
1351.545157694421,0.99974823,0.9736874
1351.5465465544657,0.9996669,0.98356235
1351.5479354145684,0.9998501,0.808504
1351.549324274613,1.0002096,1.4779508
1351.5507131346562,0.99973494,0.56237656
1351.5521019947,0.99977314,1.1110831
1351.5534908547447,0.99929994,0.9227702
1351.5548797147887,1.0000057,1.2094038
1351.5562685748328,0.99973506,0.7964528
1351.5576574348765,0.9998674,1.0682827
1351.5590462949206,0.9994607,1.3375329
1351.5604351549068,0.9997411,0.40703744
1351.5618240149508,1.0000072,1.2752024
1351.563212874994,0.99981517,0.8208025
1351.5646017349804,0.9994511,1.6607224
1351.5659905950251,0.9992344,0.45650196
1351.567379455069,0.9998359,0.8856567
1351.568768315055,1.000058,1.2307212
1351.5701571750988,0.99981636,1.0834435
1351.5715460350852,0.9996892,0.7294683
1351.5729348950717,1.0000067,1.1480514
1351.5743237551148,0.99955034,1.3213285
1351.5757126151007,0.99989897,1.0984422
1351.577101475087,0.99993074,1.312883
1351.5784903350727,0.999766,0.42806378
1351.5798791951165,0.9998494,1.0858017
1351.5812680551023,0.99978656,1.2460345
1351.5826569150881,0.99988174,0.9002847
1351.5840457750746,0.99955904,0.9046309
1351.585434635061,0.9998936,0.7727832
1351.5868234950458,0.9998697,1.0793921
1351.5882123550318,0.9996444,0.9604914
1351.5909900749457,0.99988544,1.0366567
1351.5923789349313,0.99999446,0.730192
1351.5937677949169,0.99995285,0.87726426
1351.5951566548451,0.9997424,1.2186655
1351.5965455148316,1.0001764,1.201311
1351.5979343748168,0.9998032,0.84421766
1351.5993232347441,0.99961776,0.9055207
1351.6007120947306,0.9994771,1.0555059
1351.602100954658,1.0000077,1.0883726
1351.6034898145863,1.0000348,0.9571309
1351.604878674572,0.9994398,1.0781695
1351.6062675344988,0.9998553,1.3690217
1351.607656394427,0.9996532,0.80884963
1351.6090452543554,0.9997556,0.9384427
1351.6104341143405,0.9996019,1.1504673
1351.6118229742679,0.9996996,1.2238597
1351.6132118341961,0.999812,0.46990994
1351.6146006941235,0.9999282,1.3720065
1351.615989554051,0.9997488,1.0946548
1351.6173784139787,0.9996561,0.8594603
1351.6187672739068,0.9995184,0.48575196
1351.6201561337766,0.9999863,1.4578093
1351.6215449937044,0.99990916,0.8933588
1351.6229338536318,0.9997324,0.9035248
1351.6243227135592,0.9996554,1.1325567
1351.6257115734288,0.99985874,0.82177436
1351.6271004333569,0.99992883,1.5345101
1351.6284892932263,0.99971277,1.4444495
1351.629878153153,0.9993421,0.72647506
1351.6312670130228,0.9997689,1.2662325
1351.632655872951,0.9996077,0.44013473
1351.6340447328198,1.000069,1.7467506
1351.6354335927472,0.99967325,0.69590116
1351.6368224526173,0.9998252,0.9729928
1351.6382113124866,0.9999233,1.141431
1351.6396001723565,0.9999091,0.96283156
1351.6409890322261,0.99961877,0.7796398
1351.6423778920953,0.9997183,1.1775061
1351.6437667519654,0.9996791,0.743277
1351.6451556118345,0.9998675,0.77110195
1351.646544471704,1.0001156,1.2190372
1351.6507110513126,0.999892,1.0365151
1351.6520999111817,0.999923,0.91694146
1351.6534887709922,0.9996333,0.6482514
1351.6548776308623,0.9997061,1.4503556
1351.6562664907324,0.99983406,0.52695554
1351.6576553505433,0.9998259,1.3088838
1351.6590442104125,0.999901,1.1386579
1351.6604330702237,0.9998488,0.8258268
1351.661821930093,0.9997556,0.5667858
1351.663210789905,0.9997459,1.2205135
1351.664599649716,0.99987286,1.0329
1351.665988509585,1.0002152,0.8894038
1351.667377369397,0.9999197,0.9603969
1351.6687662292081,1.0000598,1.0398878
1351.6701550890198,0.9998252,1.0754927
1351.6715439488312,0.9998228,1.1599817
1351.6729328086997,1.0000579,0.8200789
1351.6743216685113,0.9999021,1.1244237
1351.675710528265,0.999812,1.2094313
1351.6770993880755,0.99986637,0.5760518
1351.6784882478864,0.999949,1.1282167
1351.6798771076983,0.9999788,1.0212246
1351.6812659675093,0.9999096,0.7306627
1351.6826548273207,0.9997675,0.82917297
1351.6840436870734,0.9996909,1.119361
1351.6854325468844,0.99990547,1.3016776
1351.686821406638,0.9993497,0.7741253
1351.68821026645,0.9996524,0.936883
1351.6895991262027,1.0000044,1.1157835
1351.6909879860139,0.99994147,1.2223334
1351.6937657055787,0.99978423,1.1238636
1351.6951545653314,0.9997,1.2626914
1351.6965434250837,0.99977833,0.9374932
1351.6979322848374,1.0000343,0.7745246
1351.6993211445908,1.0000795,1.1738611
1351.7007100044011,0.99996305,1.0544196
1351.702098864154,0.9996504,0.8486629
1351.7034877239075,0.99962455,1.1114854
1351.7048765836607,1.0000271,1.009239
1351.706265443356,1.0000837,1.272033
1351.707654303109,0.99963886,1.032203
1351.7090431628612,0.9998921,1.1526395
1351.7104320226147,0.9995541,0.8317391
1351.711820882368,1.0000341,1.0816871
1351.713209742063,0.9999347,1.2607166
1351.7145986018159,0.9997658,0.8750303
1351.7159874615104,0.99989456,1.1664099
1351.717376321264,0.99999416,0.84384584
1351.7187651809586,0.9998071,0.88573945
1351.720154040711,0.9998619,1.053773
1351.7215429004063,0.999862,0.9960078
1351.72293176016,0.9999274,0.9885973
1351.7243206198546,1.0000927,0.9831934
1351.7257094795493,0.9998861,0.936911
1351.727098339244,1.0001663,0.93179524
1351.7284871989386,1.0000402,1.0404632
1351.729876058634,0.99991614,0.7811023
1351.7312649183286,1.0001627,1.3884019
1351.7326537780227,0.9999535,0.6394968
1351.7340426377182,0.99993896,1.0673312
1351.7354314974136,0.9997071,0.95862633
1351.7368203571082,0.99989337,1.0820057
1351.7382092168027,0.9997139,0.802748
1351.7395980764977,0.9993508,1.3480959
1351.7409869361347,0.9997847,0.54631156
1351.74237579583,0.9999824,1.4683955
1351.743764655524,0.9999513,0.68242097
1351.7451535151604,0.99958533,0.9759978
1351.7465423748558,1.0000316,1.1324011
1351.7479312344924,1.000008,1.0455191
1351.749320094129,1.000267,1.320372
1351.7507089538235,0.9998691,0.963281
1351.75209781346,0.9997143,0.97516835
1351.753486673097,0.99983275,1.2488217
1351.7548755327339,0.99982905,0.49780604
1351.7562643924277,0.99988824,1.0821722
1351.759042111702,0.99976027,0.73878074
1351.7604309713392,0.999811,0.7563988
1351.7618198309756,0.99997723,1.0246332
1351.7632086906115,0.99995244,0.9845828
1351.7645975501905,0.99957126,0.8395896
1351.7659864098277,0.9999918,1.1698684
1351.7673752694634,0.9999097,0.7758932
1351.7687641291,0.99981266,1.2449269
1351.770152988679,0.9997984,0.8745332
1351.7715418483153,1.0002556,1.1588739
1351.7729307078935,1.0000062,1.1855103
1351.77431956753,0.9999664,1.1337315
1351.7757084271084,0.9998084,0.7379619
1351.7770972867456,0.9996748,1.0147598
1351.7784861463244,0.9998319,0.979844
1351.7798750059019,0.9998536,1.1861451
1351.7812638655387,1.0001252,0.95286095
1351.7826527251175,0.99992055,0.7287121
1351.7840415846963,0.9995934,1.2015744
1351.7854304442747,0.9997635,1.0553404
1351.7882081634311,1.0000178,1.3315661
1351.7909858825883,1.0001651,1.8992728
1351.7923747421669,0.99965394,1.4300307
1351.793763601745,0.9997021,0.5744374
1351.795152461265,0.9993854,1.4172286
1351.796541320844,0.99986666,0.9965584
1351.7979301804223,1.0000893,0.85681355
1351.7993190399416,0.9999309,1.0669453
1351.8007078995206,1.0001944,0.9231601
1351.8020967590414,0.9997469,0.99359334
1351.803485618619,0.9995547,1.0786229
1351.804874478139,0.9997641,0.9409869
1351.8062633376599,0.99985915,0.7768723
1351.807652197238,0.9999062,0.8750455
1351.8090410567588,0.99971396,1.3629204
1351.8104299162787,0.99967915,0.9293466
1351.811818775799,0.9999902,0.89061177
1351.8132076353197,0.9998319,1.0747077
1351.8145964948399,0.9997981,1.2988553
1351.8159853543598,0.99976957,0.75800127
1351.8173742138797,0.9998855,0.84966046
1351.8187630734,0.9997327,1.2184566
1351.8201519329207,1.0001211,1.0217894
1351.8215407924408,0.99960375,0.680091
1351.822929651902,0.9998119,1.6643863
1351.8243185114227,0.9996009,0.73219466
1351.8257073709433,0.9994057,0.86806023
1351.8270962304055,0.9997305,0.99584985
1351.8284850899254,1.0000932,0.8312707
1351.829873949387,1.000028,1.0239455
1351.8312628089072,0.9999032,1.092904
1351.8326516683696,0.99976784,0.87056005
1351.8340405278318,0.9998446,1.1261793
1351.8354293872935,0.9999428,0.76131344
1351.8368182468143,0.9995526,1.0433713
1351.838207106276,0.9997808,1.0450414
1351.839595965738,0.9998926,0.77331555
1351.8409848252,0.9998008,1.0982394
1351.8423736846617,0.99984396,0.8153345
1351.8437625441243,0.99988526,1.6807523
1351.845151403587,0.9999345,0.7413483
1351.846540263048,0.99987453,1.1605047
1351.8479291224517,0.9997971,1.073661
1351.8493179819143,0.9992754,1.0476093
1351.850706841376,0.99962145,0.78182566
1351.8520957007795,0.99988854,0.946967
1351.8534845602417,0.9996324,0.941954
1351.8548734196452,0.9996028,1.1762189
1351.8562622791078,0.9999624,0.619354
1351.8576511385113,0.99989456,1.3369995
1351.859039997973,0.9997387,0.8760047
1351.8604288573774,0.9998033,0.868011
1351.8618177167812,0.9998901,1.3994149
1351.8632065761853,0.99984986,0.945638
1351.8645954356475,0.99973303,1.2895881
1351.8659842950503,0.99979794,1.2327005
1351.8673731544545,1.0001103,0.6836081
1351.868762013859,0.99969256,1.3001925
1351.870150873262,0.9997444,0.9487492
1351.8715397326655,0.99977016,0.8320793
1351.8729285920117,0.99968696,1.0732647
1351.8743174514152,0.99987257,0.87002325
1351.8757063108196,0.99987656,1.1465276
1351.8770951702234,0.9997838,1.0665587
1351.878484029568,0.9999488,1.0350803
1351.8798728889724,0.99989796,0.9910971
1351.8812617483186,1.0000418,0.81377214
1351.882650607722,0.9998324,1.5388929
1351.8840394670676,1.0002071,0.7412561
1351.8854283264714,1.0001754,1.2023042
1351.8868171858176,0.999765,0.89877516
1351.8882060451629,1.000034,0.95409656
1351.8895949045077,0.99934447,1.178436
1351.8909837639121,0.9996725,0.9987862
1351.892372623258,0.9997411,1.1744891
1351.8937614826036,0.9998189,0.93087316
1351.895150341949,0.99997634,1.5140117
1351.8965392012944,1.000114,1.174902
1351.8979280605818,0.99995637,0.99799
1351.8993169199277,0.9998479,0.77048945
1351.9007057792733,0.9998784,0.99543285
1351.902094638618,1.0000966,0.97384727
1351.9034834979059,0.9999841,1.1590915
1351.9048723572519,0.9997069,0.99671996
1351.9062612165976,0.9998851,1.3262526
1351.9076500758847,1.0000306,0.7761438
1351.90903893523,0.999951,1.4091446
1351.910427794518,0.9997633,0.92064893
1351.911816653806,0.9997772,0.88940376
1351.9132055131508,0.9998948,1.2110674
1351.914594372438,0.99967515,0.929824
1351.915983231726,0.9999702,0.817323
1351.917372091013,1.0000904,1.1033715
1351.9187609503003,0.999675,1.1856378
1351.9201498095877,1.0001284,1.3899956
1351.9215386688747,1.0002396,0.9094069
1351.9229275281627,0.9996403,0.7597663
1351.9243163874498,0.9994847,1.134734
1351.9257052467365,1.0001175,1.1388675
1351.9270941059663,0.99994063,0.84095395
1351.9284829652543,1.0000005,1.1462007
1351.929871824542,0.99964815,1.1918434
1351.9312606837711,0.9999592,1.2190348
1351.9326495430578,0.99995065,0.8570484
1351.9340384022873,0.9999346,1.252545
1351.9354272615751,1.0000075,1.0676343
1351.9368161208035,0.9997079,0.7103153
1351.9382049800327,0.9996706,1.3544425
1351.9395938393204,0.999588,0.7398913
1351.9409826985495,1.0000563,1.1851603
1351.942371557779,0.9998274,1.2373703
1351.9437604170084,0.9996794,1.11773
1351.9451492762366,0.99984944,0.99928343
1351.9465381354662,0.999984,1.2036436
1351.947926994696,0.9999747,0.8790663
1351.9493158539244,0.99999225,0.6487684
1351.9507047131533,0.99984175,0.9176256
1351.952093572383,1.0000067,1.502401
1351.9534824315547,0.99987495,0.92758536
1351.9548712907836,0.999694,0.8554959
1351.9562601499538,0.99952257,1.3709663
1351.9576490091836,0.99973476,1.3972294
1351.9590378683552,1.0000032,0.7007454
1351.960426727584,0.9998083,1.1239144
1351.9618155867547,1.0000699,1.0250973
1351.963204445984,0.99978846,1.1848631
1351.9645933051547,0.9997283,0.67739826
1351.9659821643263,0.9998622,1.1301
1351.967371023497,0.9998337,0.9869261
1351.9687598826672,0.99999505,1.0342528
1351.9701487418388,1.0000443,0.88487935
1351.9715376010101,0.9997195,1.5624405
1351.9729264601801,0.9999977,0.8160273
1351.9743153193513,0.99964154,1.0334805
1351.9757041785226,0.9992133,1.246529
1351.977093037694,0.99999154,0.6950667
1351.9784818968074,0.99973905,0.93509084
1351.9798707559776,0.9998475,1.4402858
1351.9812596151482,0.99984694,1.380024
1351.9826484742616,0.9998156,0.5122588
1351.9840373334323,0.9998078,1.01641
1351.9854261925452,0.99970406,1.3607478
1351.9868150516577,0.99961174,0.71722066
1351.9882039108284,1.0000997,1.072831
1351.9895927699417,0.9998022,0.88192666
1351.9909816290544,0.9997559,1.5442017
1351.9923704881662,0.9998834,0.91739726
1351.9937593472796,0.9994542,1.1497284
1351.995148206393,0.99983037,0.9684087
1351.9965370655054,0.99996805,0.94782853
1351.9979259246181,0.99979526,1.1249347
1351.9993147837308,0.9997111,1.1535808
1352.0007036428442,1.000028,0.85593307
1352.0020925019573,0.99964255,1.1099473
1352.003481361011,0.9999384,0.7289954
1352.0048702201238,1.0000614,1.0315182
1352.0062590791788,0.9998646,1.2433501
1352.0076479382915,0.9996486,0.84703106
1352.0090367973467,0.99987715,1.1450193
1352.0104256564591,0.9998501,1.120942
1352.0132033745679,0.99989426,1.0117992
1352.014592233681,0.99983674,0.88862336
1352.0159810927348,0.9998307,1.2005309
1352.0187588108442,1.0000049,1.2939597
1352.020147669899,1.0000005,0.66149414
1352.0215365289532,0.99993545,1.5489157
1352.0229253880075,0.99998635,0.9066582
1352.0243142470626,0.9998287,1.048711
1352.0257031060596,1.0000755,0.79706407
1352.0270919651139,0.9997782,1.1163226
1352.0284808241684,0.9995341,1.0518644
1352.0298696831646,0.99980444,1.1812984
1352.031258542219,0.9997687,1.1642538
1352.0326474012159,0.9998357,0.99013245
1352.03403626027,0.9999913,1.4185833
1352.0354251192657,0.9997429,0.7853642
1352.0368139782627,1.0000933,1.0472728
1352.0382028373178,0.9997886,1.1808958
1352.0395916963132,0.99977386,0.89704895
1352.0409805553095,0.9998689,1.1017693
1352.0423694143064,0.99982893,1.0995071
1352.0437582733025,0.9996947,1.2100081
1352.0451471322995,0.999692,0.9128861
1352.0465359912955,0.9999326,1.1730741
1352.0479248502918,1.0000589,1.0293645
1352.0493137092885,0.99977404,1.1144927
1352.0507025682268,0.9999614,0.8447141
1352.0520914272229,0.9997563,1.1417179
1352.053480286219,0.99984926,1.1799499
1352.054869145157,0.999452,0.86961305
1352.0562580041537,0.99991065,1.9023455
1352.0576468630925,0.99978286,0.43295765
1352.0590357220299,0.9995883,1.130829
1352.060424581026,0.99976796,0.48623052
1352.0618134399647,0.9999115,1.6636441
1352.0632022989028,0.9997982,0.67732173
1352.0645911578408,0.9997086,0.7705979
1352.0659800167787,0.99967647,1.4411405
1352.0673688757165,1.0001072,1.1014794
1352.0687577346553,0.9999531,0.80322254
1352.0701465935933,0.9997986,1.4899825
1352.0715354525314,0.99980605,1.3062956
1352.0729243114702,0.9997191,1.1335638
1352.074313170408,0.9997394,0.86821175
1352.0757020292885,1.0000038,1.1233062
1352.0770908882264,0.99963903,1.1410636
1352.0784797471056,0.9998961,0.83428967
1352.0798686060443,1.0000994,1.1053205
1352.0812574649246,0.99968404,0.94756806
1352.0826463238618,0.9998351,1.3279691
1352.084035182742,1.000134,0.986832
1352.0854240416222,0.9998361,0.9293806
1352.086812900502,0.9996211,1.0305626
1352.08820175944,0.9997555,1.0678048
1352.0895906183198,1.0000077,1.0475597
1352.0909794771997,1.0003098,1.031414
1352.0923683360802,1.0000868,0.98211825
1352.0937571949605,0.9999502,1.1519073
1352.0951460537813,0.9997423,1.1294233
1352.0965349126611,0.99984646,1.209698
1352.0979237715414,0.999493,0.8584367
1352.099312630422,1.0001788,1.0965253
1352.1007014892436,0.99980813,0.7244727
1352.1020903481226,0.9996173,0.86794406
1352.103479206945,0.99994063,1.283201
1352.1048680658255,1.0002495,1.3254857
1352.106256924647,0.99992436,0.7613051
1352.1076457834686,0.9998639,1.0172253
1352.1090346422902,0.99953514,1.0918074
1352.1104235011699,1.0000173,1.1011974
1352.1118123599922,0.999769,1.1817932
1352.1132012188136,0.9995428,1.0956293
1352.1145900776346,0.9998963,1.1370318
1352.115978936457,0.99990296,0.81698024
1352.1173677952793,0.99972016,1.1036619
1352.1187566540418,0.9998731,1.1512818
1352.1201455128635,0.99982476,0.94030607
1352.1215343716858,0.99996555,1.2653666
1352.12292323045,0.99967885,0.7769925
1352.124312089272,1.000047,1.0935439
1352.1257009480346,0.99985045,1.0899899
1352.1270898068562,0.9997981,1.104053
1352.1284786656202,0.99978137,0.9533218
1352.129867524442,0.9996944,0.9597687
1352.1312563832053,0.9997882,0.9118072
1352.1326452419685,0.9992958,1.1530188
1352.1340341007322,0.99976796,0.80454487
1352.135422959496,1.0000424,1.2869902
1352.1368118182595,0.9998778,0.7859376
1352.138200677022,0.9999879,0.7090929
1352.139589535786,0.9998764,1.038533
1352.14097839455,0.9999817,1.3372177
1352.1437561120188,0.9999046,0.8785994
1352.145144970782,0.99990857,1.0611151
1352.1465338295461,0.9998038,1.2165228
1352.147922688252,0.99982035,0.91110456
1352.1493115470146,0.99977016,0.9808427
1352.1507004057198,0.9996325,0.79548186
1352.1520892644257,0.9996001,1.0995437
1352.153478123189,0.9997569,1.1973499
1352.1548669818949,0.9996216,0.99421155
1352.1562558406,0.9997683,1.0486732
1352.1576446993045,0.9999349,1.1841863
1352.1590335580104,0.99989074,0.8833277
1352.1604224167163,0.9998243,0.9116451
1352.1618112754206,0.9996243,1.0317134
1352.1632001341259,1.0000985,1.2129737
1352.1645889928316,0.99965894,1.1250242
1352.1659778514786,0.99987864,1.1218764
1352.1673667101836,0.9996922,1.0934697
1352.1687555688889,0.9996336,1.080857
1352.1701444275363,1.0001397,0.9130436
1352.1715332862423,1.0000743,0.9856715
1352.1729221448893,0.9996751,1.3210166
1352.1743110035363,0.99959636,1.2335502
1352.1756998622413,0.99953,0.57889324
1352.1770887208884,0.999841,0.82358634
1352.1784775795359,0.9994043,1.2194954
1352.179866438183,0.99992764,1.56769
1352.1909773073016,0.99991053,0.7897317
1352.1923661658905,0.9999349,0.62789416
1352.1937550245375,0.99996054,0.8823929
1352.1951438831268,1.0000062,0.8706776
1352.1965327417156,1.000031,0.91553116
1352.1979216003624,0.99996674,1.0534338
1352.1993104589512,1.0002275,1.0540549
1352.20069931754,1.0000145,1.1091036
1352.2020881761296,1.0000147,1.064689
1352.2034770347188,1.0000024,1.0967444
1352.2048658933068,0.9999029,1.1086081
1352.2062547518956,0.99997556,1.0212642
1352.2076436104849,0.9999515,0.9929174
1352.209032469074,1.0000972,1.0567746
1352.2104213276043,0.9999504,1.1191398
1352.211810186193,0.9998567,0.9141177
1352.213199044782,1.0000281,1.0357093
1352.214587903313,1.0000175,1.1276406
1352.2159767619019,1.0000873,1.185728
1352.2173656204322,1.0001022,0.9819566
1352.2187544789635,0.99978757,1.0278105
1352.2201433375521,1.0000176,1.2609173
1352.2215321960834,1.0000395,1.0608693
1352.222921054614,1.0000514,1.2169113
1352.2243099131438,1.0000192,1.1273831
1352.225698771675,1.0001669,0.8899828
1352.2270876302064,0.9999465,1.2734884
1352.2284764887363,0.9999391,1.1306423
1352.2298653472667,1.0001012,1.229161
1352.2312542057398,0.9999764,1.181809
1352.2326430642702,1.0000353,0.989306
1352.2340319228015,1.000043,1.1131092
1352.2354207812737,1.0000132,0.9968196
1352.2368096398036,1.0001204,1.0888841
1352.2381984982767,1.0001217,1.1184264
1352.2395873567498,1.0000514,0.93340784
1352.2409762152802,0.9999648,1.1534783
1352.2423650737524,0.99991137,1.0355569
1352.243753932225,1.0000567,0.9638139
1352.2451427906979,1.0000203,1.0021656
1352.2465316491703,1.0001279,1.0616235
1352.2479205076418,1.0000602,1.0165569
1352.2493093661146,1.0001341,0.86963415
1352.2506982245877,1.0000339,1.137287
1352.2520870830601,0.9997822,1.294257
1352.2534759414743,0.9997372,0.99540913
1352.2548647999465,0.9998606,1.1166742
1352.256253658419,0.999866,1.1310868
1352.2576425168336,0.99994445,1.1687055
1352.2590313753062,1.000138,1.0070944
1352.2604202337195,1.0001364,1.1437119
1352.2618090921342,1.0001382,1.1731594
1352.2631979506073,0.9997561,1.1872649
1352.2645868090221,0.99997324,1.1195146
1352.2659756674361,0.9999339,1.1531374
1352.2673645258496,1.000139,1.056697
1352.2687533842645,1.0001838,1.2814976
1352.2701422426794,0.99984914,1.0327097
1352.2715311010927,1.0000222,0.9997121
1352.272919959507,0.9998737,1.0089439
1352.2743088178636,0.9999577,0.8871031
1352.2756976762776,0.9999508,1.0728458
1352.2770865346915,1.0000542,1.1021883
1352.2784753930475,1.0002323,1.1235551
1352.2798642514617,1.0000951,1.0811938
1352.2812531098184,0.9998328,1.152203
1352.2826419681749,0.9997488,1.0887183
1352.28403082653,0.99984694,1.2015915
1352.2854196849444,1.0001618,1.0264081
1352.2868085433008,1.0000153,0.77566224
1352.2881974016573,1.0001636,1.1327657
1352.2895862600133,1.0001879,1.0837939
1352.2909751183684,1.0002252,1.1295378
1352.292363976725,0.9999239,0.9670043
1352.2937528350235,0.99977875,0.9884465
1352.2951416933793,1.0001342,1.2067424
1352.2965305517355,1.0000087,1.0883272
1352.297919410033,0.999933,1.029319
1352.2993082683888,0.9999909,1.0643843
1352.3006971266873,0.99975175,1.0764426
1352.3020859850433,0.99979895,1.0803543
1352.3034748433402,0.99997455,1.1147351
1352.3048637016386,0.9999988,1.0658103
1352.3062525599953,1.0000298,1.2921497
1352.3076414182924,1.0001566,1.0607048
1352.30903027659,0.9998456,1.1716267
1352.3104191348884,0.9997669,1.0437225
1352.311807993187,1.0001199,0.9610611
1352.3131968514851,1.0001003,1.0437346
1352.3145857097238,0.99982697,0.98691237
1352.3159745680218,1.0001436,1.140062
1352.31736342632,1.0002289,0.92960477
1352.3187522845597,1.0001762,1.0893716
1352.3201411428572,1.0000498,0.95567787
1352.3215300010966,1.0001501,0.96680164
1352.3229188593946,0.99990517,1.0858061
1352.3243077176346,0.99994004,1.159531
1352.3256965758746,0.99998903,1.1499258
1352.3270854341717,0.9999062,1.067828
1352.3284742924113,0.9999652,1.1300873
1352.3298631506514,0.99981475,1.0811117
1352.3312520088912,0.9998583,0.9746157
1352.3326408671305,0.99997556,1.1803675
1352.3340297253699,1.0000391,1.1123799
1352.335418583552,0.9998181,1.1157336
1352.3368074417922,0.9999545,1.1577654
1352.338196300031,0.9999774,1.0703212
1352.3395851582122,0.99997276,0.9895916
1352.3409740164525,1.0000134,0.99840796
1352.3423628746336,0.99994296,1.2290319
1352.343751732874,0.9998173,1.0908706
1352.345140591055,0.99997777,0.92142797
1352.3465294492357,0.99986315,1.0208212
1352.3479183074178,1.0000306,1.1586386
1352.3493071655998,0.99993795,1.0353539
1352.3506960237803,1.000191,0.9518362
1352.3520848819617,1.00034,1.1766487
1352.3534737401437,0.99992824,1.0485407
1352.3548625983249,1.0001521,0.911649
1352.356251456507,0.99998194,1.3076473
1352.357640314688,0.9997926,1.056695
1352.3590291728112,0.9995799,0.9806551
1352.360418030993,1.0000316,1.0448967
1352.3618068891162,0.9999936,1.0869721
1352.3631957472976,0.99997514,1.2643145
1352.3645846054205,1.0000776,1.2381243
1352.3659734635437,0.9998809,1.1279285
1352.3673623216673,0.9997551,1.1345083
1352.368751179849,0.9999622,0.9975966
1352.3701400379712,1.0001173,1.1853453
1352.3715288960948,1.0000339,1.0696818
1352.3729177542186,0.99982536,1.1594203
1352.3743066122836,0.99995315,1.0465909
1352.3756954704068,0.99993324,1.1603953
1352.3770843285297,0.99988246,1.1451026
1352.3784731866526,1.0000265,1.3401088
1352.3798620447183,0.9997909,1.1545907
1352.3812509028414,1.0000722,1.0419906
1352.3826397609064,0.9998665,0.96816784
1352.3840286190302,0.9999849,1.1884484
1352.385417477095,1.0000058,1.1414403
1352.3868063351597,1.0000943,0.96510315
1352.3881951932246,1.000348,0.99317753
1352.3895840512896,0.9999,1.1263992
1352.3909729093552,1.0001231,1.0466582
1352.3923617674207,1.000125,1.1689739
1352.3937506254847,1.0000527,0.96354306
1352.3951394835499,0.9998866,1.0806857
1352.3965283416153,0.9999614,0.75533044
1352.397917199622,1.000054,1.3171604
1352.3993060576868,0.9997807,0.938967
1352.4006949157517,1.0001236,1.1112531
1352.4020837737585,0.99980426,1.215485
1352.4034726317657,0.99988776,1.1014241
1352.404861489831,0.9999299,1.1679169
1352.4062503478372,0.9999157,1.2786063
1352.407639205844,0.99982554,1.0420228
1352.409028063851,1.0002464,1.2821742
1352.4104169218585,1.0000852,0.9751104
1352.4118057798653,1.0000389,1.152738
1352.4131946378711,1.0001748,1.1330537
1352.4145834958786,0.999906,0.9793079
1352.415972353886,1.0000942,1.3141798
1352.4173612118925,1.0001476,1.041778
1352.418750069841,0.9999391,0.9149081
1352.4201389278478,1.000033,1.1543223
1352.4215277857961,1.0001459,0.95451725
1352.4229166438035,1.0000374,1.0611358
1352.4243055017519,1.0000426,1.1275607
1352.4256943596997,1.0000137,0.9628088
1352.427083217649,1.0000129,0.96316624
1352.4284720756564,0.999998,1.1688164
1352.429860933604,0.99985564,1.0654237
1352.4312497915525,0.9997697,1.0141922
1352.4326386495018,0.9999739,1.1395994
1352.4340275073926,0.99994695,0.9526695
1352.4354163653416,1.0000045,1.1855214
1352.4368052232894,1.0001605,1.2511326
1352.4381940811797,0.99989176,0.9145654
1352.4395829391287,0.99972117,1.2004956
1352.4409717970775,1.0000038,1.1801167
1352.4423606549676,1.00011,0.9168556
1352.4437495128577,0.99999815,1.0748616
1352.4451383708063,0.99993074,1.3532909
1352.446527228697,1.0000806,1.0960184
1352.447916086588,1.0000125,1.0675603
1352.4493049444777,1.0000495,1.0474912
1352.4506938023678,1.0000271,1.2984549
1352.4520826602588,1.0001904,1.0455726
1352.4534715181492,1.0001274,0.99467814
1352.4548603759813,1.0002514,1.2311383
1352.4562492338714,1.0000844,1.0242183
1352.4576380917624,0.99998444,1.0625964
1352.4590269495952,0.99997723,1.1482157
1352.4604158074847,1.0000283,1.0196573
1352.4618046653168,1.0001897,0.9511745
1352.4631935232078,1.0002208,1.1119841
1352.4645823810397,1.0000912,1.1972624
1352.4659712388725,1.0000339,1.0005945
1352.4673600967044,1.0000147,1.2408055
1352.4687489545358,1.0000155,0.8823064
1352.4701378123686,0.9998451,1.1148463
1352.4715266702015,1.0001231,1.23106
1352.4729155280327,1.0000074,1.2034729
1352.4743043858648,1.0002236,1.2186729
1352.4756932436392,0.999863,1.1147645
1352.4770821014713,1.0000962,1.1584305
1352.478470959304,0.99996394,1.2700053
1352.4798598170778,1.000039,1.1443394
1352.4812486748515,1.0000378,1.0032197
1352.4826375326843,1.0000458,1.1350089
1352.4840263904582,1.0000818,1.1111639
1352.4854152482321,0.9999853,1.323325
1352.4868041060058,1.0000975,1.0086616
1352.4881929637795,1.0000877,1.0747184
1352.489581821554,1.0000987,1.0913516
1352.490970679328,0.99994344,1.2641084
1352.492359537101,1.0000355,1.0674822
1352.4937483948756,0.9999989,0.9334365
1352.4951372526502,1.0000476,1.1432766
1352.4965261103657,1.0000043,1.1211207
1352.4979149681399,1.00006,1.2618884
1352.4993038258553,1.000139,1.0624639
1352.500692683629,1.0000175,1.0319943
1352.5020815413454,0.99992007,1.051944
1352.503470399061,1.0000904,1.0995126
1352.5048592567769,1.0001829,1.2832223
1352.506248114493,1.0000601,1.2241293
1352.5076369722087,0.9999488,1.1581147
1352.5090258299251,0.9998455,1.0459932
1352.5104146876406,0.9998481,1.2507933
1352.5118035453556,1.0000806,1.1788789
1352.513192403072,0.9998195,1.0666746
1352.51458126073,1.0002816,1.2899498
1352.5159701184448,1.000037,1.0488945
1352.5173589761023,1.0000597,1.1468834
1352.5187478338185,1.0000546,1.0353123
1352.5201366914762,1.0000482,1.0205821
1352.5215255491917,1.0000912,1.1947886
1352.522914406849,1.0000092,1.3656772
1352.5243032645067,0.9999376,0.9308969
1352.5256921221646,1.000093,1.3192364
1352.5270809798226,1.0000864,1.0003563
1352.5284698374803,0.99998045,1.1909797
1352.5298586951376,0.9999719,1.0067561
1352.5312475527367,0.9999819,1.1736108
1352.5326364103948,0.9999685,1.1273371
1352.5340252680521,0.99975145,1.149917
1352.5354141256507,1.0000366,1.0212436
1352.536802983309,1.0000787,1.2107509
1352.538191840909,1.0002065,0.9685587
1352.5395806985662,1.0000055,1.2031366
1352.5409695561655,0.9998247,1.1598278
1352.5423584137648,1.0002403,1.1382782
1352.5437472713638,0.999951,1.2401143
1352.5451361289638,1.0000918,0.98701406
1352.5465249865629,0.9999961,1.136278
1352.5479138441615,1.0000893,1.1759471
1352.5493027017615,1.0000594,1.0577378
1352.5506915593032,1.0000557,1.2362489
1352.5520804169023,1.0001103,1.2183907
1352.5534692745014,1.0001495,1.0864786
1352.5548581320427,1.000024,1.3015503
1352.5562469896424,1.0000104,1.0615396
1352.557635847184,1.0000938,0.95822334
1352.5590247047244,1.0000812,1.1214266
1352.5604135623234,1.0000303,1.0932217
1352.5618024198652,0.9999162,1.1288729
1352.5631912774063,0.9999335,0.91216356
1352.5645801349474,0.9998993,1.067498
1352.5659689924883,1.0000116,1.3197259
1352.5673578499711,1.0001432,1.167969
1352.5687467075127,1.000011,1.1253704
1352.5701355650544,0.9999322,1.1992829
1352.5715244225948,1.0001335,1.1561633
1352.5729132800775,1.0000035,0.86219144
1352.5743021376193,1.000024,1.0342042
1352.5756909951028,1.000096,1.1387752
1352.5770798525855,1.000033,1.3109381
1352.5784687100677,1.0000911,1.1986718
1352.5798575676095,1.0000108,1.2470014
1352.581246425093,1.0000805,1.0747327
1352.5826352825757,1.0002841,1.2722917
1352.5840241400583,1.0003033,1.0337173
1352.5854129975412,1.0000851,1.0135736
1352.5868018549659,0.9999928,1.1421907
1352.5881907124494,0.99997276,1.223006
1352.589579569932,0.9999575,1.1579819
1352.590968427356,0.99992985,1.0436003
1352.5923572848396,1.0001534,1.0095184
1352.5937461422648,1.0000077,1.3736182
1352.5951349997467,1.0000069,0.88445926
1352.5965238571716,1.000192,1.1660581
1352.5979127145968,1.000115,0.9894303
1352.599301572022,1.0002142,1.1680802
1352.6006904294472,0.99986565,0.9900962
1352.6020792868712,1.0000389,1.1797795
1352.6034681442957,1.0000949,1.0514979
1352.604857001721,1.0000138,1.0282804
1352.6062458591455,1.0001302,1.1054417
1352.6076347165122,1.0001038,0.98238707
1352.6090235739366,0.99998397,1.0634863
1352.6104124313028,1.0000746,1.1470076
1352.6118012887282,1.0000064,0.9555579
1352.6131901460953,0.9999991,1.2831084
1352.6145790034611,1.0001961,1.2181083
1352.6159678608856,1.000163,0.91950715
1352.6173567182527,1.0000441,1.2757683
1352.618745575619,0.99985415,1.0540279
1352.6201344329854,1.0000275,1.1146911
1352.621523290352,1.0001255,1.2408341
1352.622912147719,1.0000689,1.2383597
1352.6243010050277,1.0002841,0.86694443
1352.6256898623933,0.9999575,1.2989534
1352.62707871976,1.0000592,1.3852599
1352.6284675770687,1.0001897,1.0358632
1352.6298564344352,0.99982154,1.196055
1352.6312452917439,1.0001098,1.2382627
1352.6326341490521,0.9999627,1.0228443
1352.634023006418,1.0000777,1.1464046
1352.6354118637266,1.000186,1.0472194
1352.6368007210353,1.0002018,1.0794698
1352.638189578343,1.0000814,0.99798715
1352.6395784356512,0.99996907,1.0704888
1352.6409672929599,0.999978,0.95779186
1352.64235615021,0.99994713,1.2495679
1352.6437450075186,1.0000429,0.8799361
1352.6451338648271,0.9999965,1.0494275
1352.646522722077,0.9998864,0.98018074
1352.647911579386,0.9998456,0.8863665
1352.6493004366357,0.99989605,1.3128573
1352.6506892938858,0.9999771,1.0601208
1352.652078151194,1.0001305,1.2777141
1352.6534670084438,0.99994147,1.1469401
1352.6548558656946,1.0000298,1.0134215
1352.6562447229453,0.99999696,1.2312734
1352.6576335801944,0.9997474,1.0455207
1352.6590224374445,0.9999849,1.0224148
1352.6604112946952,0.99979424,1.1438442
1352.6618001518868,0.99994296,1.0147614
1352.6631890091367,1.0002029,1.1648499
1352.6645778663287,1.0000212,1.0472406
1352.6659667235785,1.0000691,1.0355179
1352.667355580771,1.0001814,1.3487927
1352.668744438021,0.9999973,0.85572904
1352.6701332952125,1.0000186,1.2368407
1352.671522152405,0.9999139,1.007463
1352.6729110095969,0.99996585,1.1802028
1352.6742998667892,0.99993676,1.2389971
1352.6756887239812,1.0001544,1.137114
1352.6770775811722,1.0000445,0.9810399
1352.6784664383645,1.000276,1.0382177
1352.679855295557,0.99983305,1.0899374
1352.68124415269,1.0000196,1.2018963
1352.6826330098816,0.9999008,1.0760919
1352.6840218670159,0.9999737,1.0314194
1352.6854107242075,1.0000286,0.85034215
1352.6867995813418,1.0002614,1.178605
1352.6881884384754,0.99987787,1.1158849
1352.6895772956082,0.9998871,1.0976712
1352.692355009935,1.0000318,0.7613147
1352.6937438670684,1.0001765,1.0336117
1352.695132724144,1.0001584,1.238502
1352.6965215812775,1.0002688,1.1185716
1352.6979104384118,0.999856,1.0503837
1352.699299295546,1.0000905,0.94265926
1352.7006881526206,1.0001271,1.2642859
1352.7020770097542,0.9999351,1.1074376
1352.7034658668301,1.0000066,1.2727413
1352.7048547239638,0.99982935,1.1323341
1352.706243581039,1.0000972,0.9865663
1352.7076324381144,0.99988925,0.8637121
1352.7090212951898,0.9999343,1.1973495
1352.710410152266,0.99995464,1.1692427
1352.7117990093411,0.99994755,1.1943887
1352.7131878664159,0.9998548,0.9411503
1352.7145767234917,1.0001752,1.0829995
1352.7159655805676,1.0000225,1.3149109
1352.717354437585,0.9998598,1.1513543
1352.7187432946603,0.9999353,0.961329
1352.7201321516773,0.99977064,1.279562
1352.7215210087534,1.0001266,0.8668928
1352.7229098657713,1.0000917,1.2661356
1352.7242987227878,1.0000303,1.0068299
1352.725687579863,1.0001551,1.162654
1352.727076436881,1.0001007,1.2133338
1352.728465293898,1.0000702,1.1319219
1352.7298541509158,1.0002675,1.0279857
1352.7312430079328,1.0001287,1.1864785
1352.7326318649493,1.0002323,0.9368936
1352.734020721909,1.0000582,1.1526115
1352.735409578927,1.0000223,1.2731616
1352.7367984359435,1.0000312,1.3939574
1352.7381872929022,1.0001771,1.0054346
1352.7395761499201,0.999873,1.0089879
1352.740965006879,0.99976814,1.1685697
1352.7423538638377,1.000105,1.3440305
1352.743742720797,0.99992555,1.1043123
1352.7451315778146,0.99983203,1.0943323
1352.746520434774,1.0000626,0.9923762
1352.7479092917333,0.99974304,1.0479099
1352.749298148692,0.999931,1.1622326
1352.7506870055927,0.9998814,1.2135917
1352.752075862552,0.9997642,1.0441221
1352.7534647195114,0.9999258,1.0211018
1352.7548535764122,1.0000954,1.1371332
1352.7562424333703,0.999816,1.1687781
1352.7576312902715,0.9998245,1.040377
1352.7590201472312,0.99969983,1.0538942
1352.760409004132,0.9998405,1.0039797
1352.7617978610328,0.9999936,1.0642836
1352.7631867179334,0.99995077,1.1589557
1352.7645755748924,0.9998361,1.1162204
1352.7659644317937,0.9998237,1.404088
1352.7673532886363,0.9998431,0.92699003
1352.768742145537,0.9998757,1.1317226
1352.7701310024386,1.000146,0.89230734
1352.7715198593392,0.9999063,1.2174042
1352.7729087161824,1.0000966,1.1188459
1352.774297573083,1.0000504,1.0823033
1352.775686429925,0.9997032,1.0898759
1352.7770752868264,0.9999821,1.0423626
1352.7784641436697,0.999862,1.2328056
1352.7798530005114,0.9998558,1.2083962
1352.7812418574122,0.999995,0.9582082
1352.7826307142552,1.000033,1.1127449
1352.7840195710978,1.0001395,0.94960946
1352.7854084279402,1.0000881,1.2489818
1352.7867972847246,0.99985963,1.0857035
1352.7881861415672,1.0001473,1.1200303
1352.7895749984104,1.0000356,1.1009356
1352.7909638552535,1.0000901,1.105109
1352.7923527120379,0.9999911,0.99033546
1352.7937415688803,1.0000577,1.3086637
1352.7951304256646,0.99993896,1.1008197
1352.7965192824495,1.0001377,0.980369
1352.797908139292,1.0000736,1.1895257
1352.7992969960756,0.9998227,0.93401825
1352.8006858528606,1.0001184,1.3717668
1352.8020747096457,1.0001369,1.1092037
1352.8034635664299,1.0001148,1.2011706
1352.8048524232145,0.9998535,1.2090951
1352.8062412799986,1.0000497,1.0845382
1352.8076301367246,1.000024,1.2038053
1352.8090189935097,0.99976164,1.1064807
1352.810407850294,1.0000933,1.2980067
1352.8117967070193,0.9998536,1.17704
1352.8131855638044,0.9999266,1.0354618
1352.8145744205312,1.0001792,1.1261951
1352.815963277258,1.0000224,1.370228
1352.817352133984,0.99996,1.0635422
1352.8187409907678,0.99979776,0.9963552
1352.8201298474946,0.9999688,0.89164186
1352.8215187042213,1.0000439,1.2168175
1352.8229075609465,1.0000991,1.2043418
1352.8242964176147,1.0000402,1.0145638
1352.8256852743414,1.0000088,0.9981302
1352.8270741310675,1.0001236,1.2008926
1352.828462987736,1.0001543,1.0134841
1352.8298518444622,1.0000138,1.0402577
1352.8312407011294,1.0001625,1.1650873
1352.832629557856,0.9999254,1.0631784
1352.8340184145245,0.9999789,0.8427271
1352.8354072711918,0.99993646,1.3179094
1352.836796127918,0.9999919,0.9933845
1352.8381849845864,0.9998559,1.3810887
1352.839573841255,0.99981046,0.8279958
1352.840962697923,0.99983037,1.1500438
1352.842351554532,1.000142,1.1153605
1352.8437404112005,0.9999952,1.1131928
1352.8451292678692,1.0000254,1.1532997
1352.846518124537,0.9999893,0.9738754
1352.8479069811467,0.99972904,1.0812829
1352.8492958378147,1.0000954,1.3376436
1352.8506846944242,1.000068,1.2697356
1352.8520735510347,1.0000237,1.3244151
1352.8534624077024,0.99976325,1.2366792
1352.8548512643115,1.0000999,1.2292904
1352.856240120922,1.0000591,0.8611529
1352.8576289775324,0.9999918,1.1456101
1352.859017834142,1.0001447,1.0564107
1352.8604066907515,1.000085,1.1182483
1352.8617955473615,0.9999981,1.1290907
1352.8631844039717,0.99996245,1.070774
1352.8645732605237,1.0001453,1.1214511
1352.8659621171328,0.99996686,1.1555356
1352.867350973684,0.9999676,1.0945581
1352.8687398302945,1.0000161,1.1355091
1352.870128686846,1.000205,1.0060493
1352.8715175434563,0.9997123,1.1552757
1352.872906400008,0.9999224,1.1513921
1352.8742952565588,1.0001347,1.2248185
1352.8756841131108,0.99991685,1.0444387
1352.877072969663,0.9998876,1.336795
1352.8784618262139,1.0000522,1.1602076
1352.8798506827652,1.0000377,1.2597684
1352.8812395393174,1.0000066,1.1110538
1352.8826283958688,0.9999485,1.0593545
1352.8840172523624,0.99995536,1.0796888
1352.8854061089137,0.99994683,1.2969085
1352.8867949654077,1.000148,1.0792042
1352.88818382196,1.0000179,1.1850998
1352.889572678453,1.000017,1.4856442
1352.8909615350044,0.99982554,1.0511284
1352.892350391498,1.0000224,1.0852021
1352.893739247991,0.99984795,0.9927
1352.8951281044851,0.9998483,1.1082953
1352.8965169609783,0.999994,1.0211228
1352.897905817471,0.9998685,1.2849487
1352.899294673965,1.0000368,1.0616665
1352.9006835304588,1.0000414,1.0921088
1352.902072386894,0.99980754,1.1633265
1352.903461243387,0.9999847,1.1990234
1352.9048500998804,1.0000306,1.1103854
1352.9062389563155,1.0000659,0.89158773
1352.9076278128096,0.9998324,1.0945011
1352.9090166692445,0.9998961,1.0384303
1352.9104055256794,0.99995464,1.1041754
1352.9117943821734,0.9997996,1.1045401
1352.9131832386083,1.000106,1.4202895
1352.9145720950442,1.000088,0.9048711
1352.9159609514793,0.9999847,1.1483632
1352.9173498079135,0.99996936,1.1738362
1352.9187386643493,0.9999397,0.9438042
1352.9201275207852,0.99992424,1.1276532
1352.9215163771614,0.99987084,1.2851211
1352.9229052335963,1.0000618,1.0913519
1352.9242940900322,0.9998272,1.2961209
1352.9256829464089,0.99986684,1.0004709
1352.9270718028447,1.0000602,1.3149271
1352.9284606592214,1.000045,1.2885144
1352.9298495155977,0.99987996,0.83839303
1352.9312383720335,1.0000538,1.2923421
1352.932627228411,1.0001286,1.189552
1352.9340160847878,1.0001668,1.1287487
1352.9354049411647,1.0001596,1.0802883
1352.9367937975417,0.99994344,1.0673954
1352.9381826539193,0.9997699,1.1177847
1352.939571510296,0.9999311,1.1360348
1352.9409603666722,0.99976164,0.9344392
1352.9423492229914,0.9999351,1.422239
1352.9437380793688,0.9999106,0.9319992
1352.9451269356878,0.999923,0.9260744
1352.9465157920645,0.99994177,1.0927917
1352.947904648383,0.99983907,1.1568834
1352.9492935047601,0.9999503,1.1475619
1352.9506823610793,1.0000013,1.187489
1352.952071217398,0.99983454,1.1245514
1352.9534600737159,1.0000623,1.0852109
1352.9548489300932,0.9999258,1.1436241
1352.9562377864127,1.000019,1.265379
1352.957626642732,1.0000249,1.3199898
1352.9590154989924,0.99992037,1.2692026
1352.9604043553104,0.9999269,1.0115845
1352.9617932116298,1.0003299,1.2461346
1352.9631820679492,1.0001558,1.2375982
1352.9645709242088,1.0002196,1.3233068
1352.9659597805276,1.0003325,1.1990925
1352.9673486367888,0.9999028,1.0217494
1352.9687374931073,0.99984145,0.96253383
1352.9701263493685,0.99992305,1.2022642
1352.9715152056287,1.0000734,1.0132489
1352.9729040619468,0.9998021,1.170578
1352.974292918208,0.99983656,1.079012
1352.9756817744692,0.9999853,1.0678067
1352.9770706307288,1.0001123,1.0411465
1352.9784594869893,1.0000606,1.2978443
1352.9798483432503,0.9998461,1.0827692
1352.9812371995113,0.9999935,0.98180425
1352.9826260557143,0.9998264,0.89720154
1352.984014911974,1.0002104,1.2953624
1352.9854037682344,1.0000796,1.1908303
1352.9867926244374,0.9998309,1.4550098
1352.988181480698,1.0000204,1.114435
1352.9895703369002,0.99963534,1.4230788
1352.9909591931605,1.0001237,1.1193975
1352.9923480493628,1.000029,1.2154077
1352.9937369055656,0.9999919,1.0912426
1352.995125761768,0.9998953,1.0788724
1352.9965146179693,1.0000312,1.0386226
1352.9979034741723,1.000083,1.2946657
1352.9992923303753,1.000025,1.1849695
1353.0006811865774,0.99998915,1.3839608
1353.00207004278,0.9997067,0.94504416
1353.003458898982,0.9999612,1.307057
1353.004847755185,0.99983054,0.9590833
1353.0062366113298,1.0000985,1.0827826
1353.0076254675312,1.0001737,1.2088315
1353.0090143237335,1.000102,1.170276
1353.010403179878,0.9999958,0.972852
1353.0117920360804,0.9999102,1.1263884
1353.0131808922251,1.0001277,1.2237012
1353.014569748369,0.99964637,1.1738445
1353.0159586045124,1.0000017,1.084809
1353.0173474607154,1.0001019,0.98403394
1353.01873631686,0.99986595,1.0789456
1353.0201251730032,1.0001359,1.1573434
1353.0215140291475,0.99996114,1.0211467
1353.022902885292,0.99987197,1.2153487
1353.0242917414362,1.0001161,1.1366897
1353.0256805975225,1.0000526,1.2534032
1353.0270694536666,0.9999668,1.4567254
1353.02845830981,0.99995,0.96884966
1353.0298471658964,1.0000443,1.2857556
1353.031236022041,0.9998538,0.81833243
1353.032624878127,1.0001228,1.0208398
1353.034013734271,1.000041,1.4017155
1353.0354025903566,1.0000823,0.88952553
1353.0367914465014,1.0000535,1.2698121
1353.038180302588,1.0000242,1.0477654
1353.0395691586732,1.0002424,1.3877894
1353.0409580147589,1.0000781,1.1540867
1353.0423468708454,1.0000783,1.2816201
1353.0437357269311,0.9997322,0.89462775
1353.045124583017,1.0001743,1.112698
1353.046513439103,1.0001298,1.0689192
1353.0479022951886,1.0002011,1.2102349
1353.0492911512752,1.0001867,1.2844282
1353.0506800073608,1.000147,1.0154341
1353.0520688633878,1.0000201,1.4377406
1353.0534577194744,1.000153,1.2123038
1353.054846575561,0.9999705,1.1461349
1353.0562354315891,1.0002707,1.03349
1353.0576242876168,0.9999853,1.2479526
1353.059013143702,0.99987763,0.91686934
1353.0604019997302,1.00002,0.9755709
1353.0617908557583,0.9998372,1.1231323
1353.0631797118435,1.0002158,1.3430536
1353.064568567871,0.9998322,1.3287455
1353.0659574238994,0.99996936,1.1219459
1353.067346279927,1.0002532,1.2495288
1353.0687351359552,0.99992424,1.0865437
1353.070123991983,1.0001103,1.1239369
1353.07151284801,1.0002768,1.1727675
1353.072901704038,1.0002326,1.1130755
1353.0742905600664,1.0000067,1.170668
1353.0756794160352,1.0002733,1.0153425
1353.0770682720627,1.0001148,1.4410411
1353.078457128091,1.000276,1.2308141
1353.0798459840612,1.0001564,1.2079755
1353.0826236960581,1.000069,0.9795784
1353.0840125520276,1.0002356,1.1857064
1353.085401408056,1.0001776,1.1165173
1353.0867902640252,0.9999774,1.1267083
1353.0881791199945,0.99985063,1.2553767
1353.0895679760224,1.0001211,1.239604
1353.0909568319917,0.99997926,1.0376433
1353.0923456879618,1.0001456,1.3522085
1353.093734543932,1.0002005,0.9171804
1353.0951233999006,1.0000879,1.3327589
1353.09651225587,1.0001134,1.014109
1353.0992899678095,1.0001941,1.1542515
1353.1006788237205,1.0000784,1.3876543
1353.10206767969,1.0001397,1.1970141
1353.10345653566,0.9997152,1.1565281
1353.1048453915719,1.000333,1.2067972
1353.1062342475414,1.0001435,1.435495
1353.1076231034526,0.9999417,0.8901512
1353.1090119594219,1.000144,1.7576956
1353.110400815333,0.9996976,1.2212144
1353.111789671303,1.00032,1.1429788
1353.1131785272144,0.99998915,1.2983363
1353.1145673831247,1.0001894,1.2507602
1353.1159562390949,1.0001428,1.291825
1353.1173450950068,0.99975777,0.85299146
1353.1187339509174,0.99992746,1.0877038
1353.1201228068285,1.0000951,1.4672699
1353.1215116627404,0.9997673,0.9219445
1353.1229005186515,0.9998224,1.2473038
1353.1242893745634,0.9998501,1.2360533
1353.1256782304745,1.0000665,1.0594281
1353.127067086386,1.0000029,1.334896
1353.1284559422977,1.0000888,0.9417139
1353.1298447981508,1.0001409,1.2349784
1353.1312336540618,0.99988204,1.2059886
1353.132622509973,1.0000896,1.0712962
1353.1340113658262,1.000064,1.2415688
1353.135400221738,0.99975604,1.5422503
1353.1367890776498,1.0001944,1.2561892
1353.138177933502,1.0002526,1.0495741
1353.1395667894133,0.9999732,1.2814802
1353.1409556452668,1.0001327,1.2171218
1353.14234450112,1.0001436,1.1146523
1353.1437333570311,1.0002335,1.2712315
1353.145122212884,1.0000374,1.4739542
1353.1465110687373,0.9997438,0.886186
1353.1478999245908,1.0002558,1.3940364
1353.1492887805025,1.0001509,1.181915
1353.1506776363556,0.9999135,1.4588093
1353.1520664922086,1.0000966,1.1469964
1353.1534553480615,1.0001144,1.0590947
1353.1548442039152,1.0001705,1.2211725
1353.156233059768,1.0000172,1.148371
1353.1576219156204,1.0000385,0.9211099
1353.159010771416,0.99995935,1.099797
1353.1603996272697,1.0001938,1.1815143
1353.1617884831226,0.99988896,1.2567403
1353.1631773389756,1.0002463,0.99006045
1353.1645661947705,1.0000932,1.1394622
1353.1659550506233,1.0002173,1.1758226
1353.167343906477,1.0000046,1.1413183
1353.1687327622717,1.0000747,1.1631016
1353.170121618124,0.999766,0.8091339
1353.1715104739196,1.000051,1.0520893
1353.1728993297734,1.000039,1.4139605
1353.1742881855687,1.0002005,1.4089595
1353.1756770414217,1.0000491,0.79093146
1353.1770658972157,1.000151,1.4257413
