time_bjd,raw_flux,clean_flux
1325.2969604950604,0.99975544,0.9954578496219304
1325.2983493645327,0.9998463,1.0024340606702171
1325.299738234005,0.999765,1.0025599928243698
1325.301127103477,0.99978906,1.0023480866694756
1325.3025159730657,0.9997477,1.0045457138995937
1325.303904842538,0.99999195,1.0040640488535224
1325.3052937121265,0.9997951,1.0025580381825971
1325.3066825815986,0.9998353,1.0034803108351755
1325.3080714511873,0.99992955,1.0043988143394182
1325.309460320776,0.99993896,1.0043988114161637
1325.310849190248,0.9996012,1.0050892773265816
1325.3122380598365,0.99959904,1.0017910059110164
1325.3136269294255,0.999636,1.0034859538559933
1325.3150157990146,0.9997866,1.0047284064222073
1325.3164046686034,0.99997866,1.0026316201408634
1325.3177935381912,0.99965626,1.0038048273108642
1325.3191824077803,0.9998061,1.003240299515423
1325.320571277369,1.0001476,1.0032072833335581
1325.3219601469568,0.99977636,1.0048549024863276
1325.3233490165462,0.999938,1.0028671153725424
1325.324737886135,0.999819,1.0050874409915203
1325.3261267557227,0.9997167,1.002939917886439
1325.3275156254285,0.9999726,1.0038440427847444
1325.328904495017,0.99978304,1.0034674685455856
1325.3302933647215,0.99992436,1.0019755772842889
1325.3316822343108,1.0000017,1.0046978956059993
1325.3330711040164,0.99953115,1.0034065832758507
1325.3344599736051,0.99974924,1.002401393084987
1325.33584884331,0.9999039,1.003294617419803
1325.3372377130152,0.99995285,1.0055154160767263
1325.3386265826039,0.9997817,1.0036949038687215
1325.3400154523088,0.9999842,1.002765522114292
1325.3414043220137,0.9997775,1.004532806910971
1325.3427931917188,1.0000184,1.0031636063043219
1325.344182061424,0.99997807,1.0031713491921888
1325.3455709311288,0.9998392,1.0042037795593757
1325.3469598008346,0.99955356,1.0026334613695194
1325.3483486705395,0.9998092,1.0031536314553173
1325.349737540244,0.9996492,1.002920209276598
1325.3511264099498,1.0000646,1.0049482060849877
1325.3525152796547,0.9998502,1.0033915849279684
1325.3539041494755,1.0000405,1.0019921342188234
1325.355293019181,1.0000032,1.003264936936966
1325.3566818888862,0.99988896,1.0035479276845054
1325.3580707587068,1.0000074,1.004344562022628
1325.3594596284124,0.99977374,1.003324959554965
1325.3608484982342,0.99994713,1.00348016522712
1325.3622373679384,0.9998998,1.0037706312842365
1325.3636262377604,1.000029,1.0037708936918122
1325.3650151075826,0.99994105,1.0028626153820308
1325.366403977287,0.99988425,1.003101841693211
1325.3677928471084,0.99977934,1.0036879546389867
1325.3691817169306,0.9999834,1.0031067458636105
1325.3705705867512,0.99990046,1.0028362793852355
1325.3719594565728,0.99979424,1.0043576795923144
1325.373348326395,0.9998814,1.0029033984693019
1325.3747371962163,0.99994963,1.0019529588444394
1325.3761260660376,0.9998675,1.0033406047396143
1325.3775149358592,1.0000268,1.0031076082188017
1325.3789038056807,0.9999285,1.0034098208766267
1325.380292675502,0.99991953,1.0030043278346232
1325.3816815454397,0.9999104,1.005027206920056
1325.383070415262,1.000045,0.9998427235516727
1325.3844592850835,0.99983925,1.0020542250223694
1325.3858481550205,0.999893,1.0038489390852134
1325.3872370248428,0.9998484,1.0017213123772388
1325.3886258947805,0.999965,1.0042692310271866
1325.3900147646013,0.9998909,1.00360846283101
1325.39140363454,0.99992436,1.003521586775459
1325.3927925043613,0.99983054,1.0032360417941804
1325.3941813742986,0.9998809,1.002675760573252
1325.3955702442372,0.999945,1.0038025941338695
1325.396959114175,0.9998349,1.0030277821713591
1325.3983479841122,0.99992174,1.0033842868315024
1325.3997368539342,1.0001204,1.0021489364334748
1325.4011257238726,0.99981284,1.0025530974087131
1325.4025145938099,0.9999898,1.0027396248933078
1325.4039034637476,1.0000362,1.0038694186362473
1325.4052923336862,0.9999565,1.0030022380185388
1325.40668120374,0.9999438,1.0008020442872951
1325.4080700736777,0.9999405,1.0028190898813794
1325.4094589436163,1.0000756,1.002174918126419
1325.410847813554,0.9999771,1.0028432472976179
1325.4122366836084,0.9998483,1.0019607193473359
1325.4136255535464,0.99967647,1.0031256949372533
1325.415014423484,0.99973154,1.003927630553674
1325.4164032935382,0.99971396,1.0030884226970245
1325.4177921634764,0.9998839,1.0003023086756284
1325.4191810335312,0.99980044,1.0034728911970445
1325.4205699034692,0.99985164,1.0019383207258317
1325.4219587735226,0.99995047,1.0032015089145447
1325.4233476435775,1.0000027,1.0021620870806032
1325.4247365135154,0.9999475,1.0036782165558498
1325.426125383569,0.9999834,1.0009761801131527
1325.427514253624,0.9998557,1.003088555395635
1325.4289031236783,0.9999309,1.0030636006044158
1325.4302919937318,0.99989945,1.0025141716344617
1325.4316808637868,0.9999819,1.003558444134892
1325.433069733841,0.99999315,1.0002888706629582
1325.4344586038947,0.9998351,1.0028639279075233
1325.4358474739497,0.9999185,1.002341238450143
1325.4372363440045,0.99984735,1.0030864671533972
1325.438625214058,0.99971545,1.001968129244171
1325.440014084229,0.9999618,1.0022833825250144
1325.4414029542838,1.0000061,1.00252105673457
1325.4427918243373,0.9999741,1.0014892354537148
1325.444180694508,0.9997963,1.001412879855663
1325.445569564563,0.99980426,1.0041928949358825
1325.446958434733,0.99985963,1.001485651838855
1325.4483473047871,0.99961746,1.003746292037412
1325.4497361749586,0.99966997,1.003718249813499
1325.4511250450128,0.9996243,1.001795558101049
1325.4525139151838,0.9995868,1.0012198211185375
1325.4539027853543,0.9995619,1.0031854017693163
1325.4552916554094,0.9996248,1.002600581444651
1325.45668052558,0.999637,1.00264416511267
1325.45806939575,0.9996828,1.00181808751834
1325.4594582659213,0.99957645,1.0038540144442833
1325.460847136092,0.99978715,1.0015322299876734
1325.462236006262,0.99962497,1.0019473631420772
1325.4636248764332,0.9995632,1.0024192292082588
1325.4650137466042,0.99963903,1.0020442932851419
1325.466402616774,0.99956745,1.001862684552531
1325.4677914869453,0.99979097,1.0026316459768911
1325.469180357116,0.99969304,1.0040215017798892
1325.470569227286,0.9996121,0.9990757658837465
1325.4719580975739,0.9994642,1.0028390591695402
1325.4733469677453,0.99947894,1.0023294597897674
1325.4747358379152,0.9995614,1.002304251101539
1325.4761247082024,0.9996229,1.0025713739569375
1325.4775135783739,0.99979156,1.0013861302514258
1325.4789024486602,0.9996074,1.0018472531102511
1325.480291318831,0.9996538,1.0013323856713374
1325.4816801891186,0.99954,1.0027131045717836
1325.483069059405,0.9996846,1.003274392095111
1325.4844579295757,0.9995078,1.0011131454531699
1325.4858467998633,0.99976647,1.0040529969592826
1325.4872356701499,0.99987763,1.0013251186538694
1325.4886245404368,0.9995785,1.0035934434847458
1325.4900134106083,0.9996862,1.0011150231215802
1325.4914022808962,0.999634,1.0016435224654627
1325.4927911511832,0.9996009,1.0020359419842948
1325.4941800214697,0.9996909,1.0007302625144385
1325.4955688917576,0.9996141,1.0019721428359574
1325.4969577620445,0.99955523,1.0026628421601524
1325.498346632331,0.9996824,1.0026355951702546
1325.4997355027353,0.9994353,1.0019906565857681
1325.5011243730223,0.9994928,1.0009656820136918
1325.5025132433088,0.99971515,1.001589349721812
1325.5039021135965,0.9996924,1.0031387228856237
1325.505290984,0.9998623,1.0016539194092664
1325.5066798542864,0.9994822,0.999565908074273
1325.508068724574,0.9997225,1.0030887589086854
1325.5094575949784,0.9995987,1.0023764194731928
1325.5108464652649,0.999688,1.0011946341516191
1325.5122353356683,0.999733,0.9992595375981028
1325.5136242059561,0.9996003,1.0021463921390137
1325.515013076359,0.9996884,1.0026093732892802
1325.5164019467625,0.9997618,1.0013482787808927
1325.5177908170504,0.9999237,1.0000241404335068
1325.519179687453,0.99954534,1.001395360681414
1325.5205685578567,0.9998633,1.0017432514200917
1325.521957428261,0.99962544,1.0008980396206817
1325.5233462986637,0.9996434,1.00056005476302
1325.5247351689509,0.9997585,1.0016107638812695
1325.526124039355,0.99957764,1.0016030815030028
1325.5275129097586,0.9996967,1.0020031074078704
1325.528901780162,0.99966913,1.0005357834803237
1325.5302906505653,0.9996268,1.0015331611147151
1325.531679521086,0.99955505,1.00035587180212
1325.5330683914895,0.99979275,1.00185698053767
1325.5344572618924,0.9996325,1.0011802081910208
1325.5358461322967,0.9995122,1.0008340787520262
1325.5372350027,0.9996663,1.0020924077948719
1325.5386238732194,0.9995995,1.0024862260995275
1325.5400127436237,0.999666,1.0016167514191796
1325.5414016141435,0.9997638,1.0010628458619946
1325.5427904845465,0.9996627,1.0009628193992706
1325.5441793549508,0.99981624,1.002168594286613
1325.5455682254712,0.99945784,1.000622647624478
1325.5469570959904,0.99987286,1.0008043555204087
1325.548345966394,0.9999737,1.0011762778378033
1325.5497348369145,0.9998868,1.0011989109262212
1325.5511237074338,0.9998548,1.002022865514411
1325.5525125778372,0.999654,1.0002718639107475
1325.553901448358,0.99984276,1.0011058902683208
1325.5552903188773,0.9996159,1.0008316497779624
1325.556679189397,0.99987686,1.002089029952504
1325.5580680599178,0.9995584,1.0000771877262873
1325.5594569303212,0.9995037,1.0009474975643569
1325.5608458008412,0.99977064,1.0002713052313283
1325.5622346713612,0.99993694,1.0002984706552667
1325.5636235419975,1.000077,1.0005411884829747
1325.5650124125173,0.99989504,1.0023942748891241
1325.5664012830373,0.9996496,0.9998461472625072
1325.5677901535573,1.0001036,1.0007985036480203
1325.5691790240771,1.0000179,1.0012002517322731
1325.5705678945972,0.9999923,1.000017832533039
1325.571956765234,0.9999796,1.0029983230467607
1325.573345635754,1.0000557,1.0003769820717323
1325.5747345062732,0.99989676,1.0002860032664196
1325.5761233769103,1.0000856,1.0007030189558888
1325.577512247431,0.99995166,1.001268818103619
1325.5789011180666,0.9999624,1.0004378673156542
1325.5802899885866,1.0000626,0.9999949386686324
1325.5816788592238,1.0000917,1.001526829917095
1325.5830677297429,0.9999339,1.0010713913005718
1325.5844566003793,1.000032,1.0002018246683508
1325.5858454710162,0.9999987,1.000456162891236
1325.5872343415353,1.000005,1.000958795647884
1325.5886232121718,0.99995375,0.9996854227977304
1325.5900120828087,0.9999726,1.0010838559478064
1325.5914009534445,1.0000551,0.9999130740928394
1325.5927898240807,1.0001116,0.9997514540450996
1325.5941786946014,1.0001162,1.0006044135625525
1325.5955675652378,0.99998045,0.9995265743453574
1325.5969564358743,1.000191,1.0006185339331735
1325.5983453065105,1.000001,1.0011586562251023
1325.5997341771467,1.0000447,0.9991838359453341
1325.6011230478996,1.000049,0.9984522599058153
1325.602511918536,1.0001322,1.0014977774097493
1325.6039007891723,1.0001494,0.9995577213887281
1325.6052896598087,1.0002549,0.9993808408820998
1325.6066785304452,0.99994624,0.9995400319661787
1325.6080674011985,1.000187,0.9983141037418034
1325.609456271835,1.0000519,1.0024688390501826
1325.6108451424705,0.99981296,0.999721745180468
1325.6122340132238,0.9999483,0.9990829942064303
1325.613622883861,1.00007,0.9998133576804631
1325.615011754613,1.0001298,1.000911461440448
1325.6164006252493,0.999921,0.9986732245182416
1325.6177894960028,1.0001615,0.999928614195628
1325.6191783666386,0.99993813,1.0009836197931465
1325.6205672373912,1.000293,0.9992768506787207
1325.6219561080284,1.0001268,0.9984264230175753
1325.6233449787803,1.0001434,1.0009740275020258
1325.6247338495332,1.000036,0.9987845499883048
1325.6261227202867,1.0000433,1.0004930636274287
1325.6275115909223,0.99982154,0.9978462996074781
1325.6289004616751,1.0000293,1.0010583753519782
1325.6302893324284,0.9999335,0.9985801506991678
1325.6316782031813,0.9997573,1.0000389785294663
1325.633067073934,0.99983287,0.9988309698139838
1325.6344559446866,0.9999408,0.9993704789893642
1325.6358448154394,1.000254,0.9991759158019208
1325.6372336861923,1.0002427,1.0006622585697147
1325.638622556945,0.99995285,0.9986684333952552
1325.6400114276978,0.999952,0.9999820378790905
1325.641400298567,0.9999733,1.0000487521617158
1325.6427891693197,1.0000074,1.0002421408200695
1325.6441780400723,0.9998476,0.9996829187391624
1325.6455669108252,0.9999028,0.999119229465849
1325.6469557816945,0.99983925,0.9994166911409486
1325.6483446524478,0.99990225,1.0001269417731617
1325.6497335232011,1.0000738,1.000908834771164
1325.6511223940697,1.0000625,0.9986504624147902
1325.6525112648226,1.0000709,0.9996472622511522
1325.6539001356923,1.0001123,0.999915270538285
1325.6552890064445,0.99995273,0.9986576729293152
1325.6566778773135,1.000043,1.0006300658593286
1325.658066748067,0.9999391,0.9991964314703602
1325.6594556189357,1.0000787,0.9994785830215825
1325.6608444898047,1.0002232,0.9992295250913438
1325.6622333605583,0.9999896,0.9993927939776114
1325.6636222314269,1.0001949,0.9992328681907054
1325.665011102296,0.9999369,1.0009813351073602
1325.6663999731659,0.9999419,0.999391489907702
1325.6677888439185,0.9999894,0.9993659247428465
1325.6691777147876,0.99987143,0.998956346732295
1325.6705665856568,0.99997526,0.9989912674361509
1325.6719554565261,0.9999309,0.9980573772941204
1325.6733443273952,0.99993783,0.9995230301299174
1325.6747331982644,0.9998731,0.9994675612531153
1325.6761220691337,0.99996823,0.9987791839757286
1325.6775109400028,1.000039,0.998156598290227
1325.6788998108718,1.0000783,0.9986125330653471
1325.6802886818575,1.0000473,1.0013751423799129
1325.6816775527273,1.0000486,0.9989609484196235
1325.6830664235965,0.9998104,0.9977280540614993
1325.684455294465,0.9995777,0.9977939562144728
1325.6858441653349,0.9999918,1.0008651622585083
1325.6872330363205,1.0000987,0.998719045637052
1325.6886219071898,0.99986565,0.998750461097275
1325.690010778176,1.0001436,1.0000802121686676
1325.6913996490443,0.99994045,0.9984838169235859
1325.6927885199136,1.0001824,0.998783587063724
1325.6941773908998,1.0000559,0.998977396612311
1325.6955662617684,0.999915,1.0004105757687258
1325.6969551327538,0.9998899,0.9989036729971426
1325.6983440037402,0.999945,0.9997093104078518
1325.6997328746095,1.00011,0.997148286632168
1325.7011217455952,1.0000665,1.001471200231478
1325.7025106165806,1.0000638,0.997774511302676
1325.7038994874497,1.0000768,0.9974305741782417
1325.7052883584354,0.9999622,0.998248260211789
1325.706677229421,1.000233,0.9968803968414904
1325.7080661004065,1.0001403,0.9996482134348421
1325.7094549712758,0.99991053,0.9997786822844216
1325.7108438422615,0.99991685,0.9985335409633683
1325.712232713247,0.99989027,0.9994589180034072
1325.7136215842324,0.9998849,0.9982857058811389
1325.7150104552181,0.9998961,0.9992365768625436
1325.7163993262038,0.9999564,0.9991528567882398
1325.71778819719,0.99997014,0.9967580716639057
1325.7191770681757,1.0000783,1.0004409885985557
1325.7205659391607,1.0000572,0.9978462819025398
1325.7219548102632,0.9999796,0.999224548517929
1325.723343681249,1.0000008,0.9973200711817967
1325.7247325522337,1.0001574,0.99923772803853
1325.7261214232199,0.9999933,0.9997849858099137
1325.727510294322,0.9998703,0.9977392641652382
1325.7288991653077,1.0000758,0.9990834406071808
1325.7302880362938,1.0002005,0.9982189364548981
1325.731676907395,0.9999911,0.9999708636706997
1325.733065778381,1.0000437,0.9982103821358091
1325.734454649367,0.9999533,0.998480784531666
1325.7358435204692,0.99989295,0.9988665614154487
1325.7372323914547,1.0000231,0.9997142498385794
1325.7386212625565,0.99992037,0.9983885226680187
1325.7400101335422,1.0000234,0.9993225950030997
1325.7413990046443,0.9998828,0.9978666634326764
1325.7427878757462,1.0000517,0.9996644765973487
1325.744176746732,0.99974173,1.0006482058417066
1325.745565617834,1.0002061,0.9962124574067892
1325.746954488936,0.99999195,1.0011512365327262
1325.7483433599214,0.9999851,0.9970482864957728
1325.7497322310235,0.99989665,0.9983512289502883
1325.7511211021256,0.9998427,0.9989724615434855
1325.7525099732275,1.0000522,0.9988533223918662
1325.7538988443303,0.99998987,0.9986053738457398
1325.7552877154321,1.0000634,0.9997292006048577
1325.7566765865336,0.9998975,0.9975308232953248
1325.7580654576363,1.0000763,0.9988641661879228
1325.7594543287382,0.99989146,0.9992407598006816
1325.7608431998397,0.9999875,0.9986973501206627
1325.7622320709422,0.9999446,0.9989788388898648
1325.7636209420443,0.99999684,0.9990075229281269
1325.7650098131455,0.9999321,0.9988366055641485
1325.766398684248,0.9997948,0.9992509495816274
1325.7677875553504,0.9999317,0.9985523265255614
1325.7691764264523,0.9999386,0.9971549585870537
1325.7705652976715,1.0004884,0.9998629889401348
1325.7719541687734,1.0000474,0.9985690006436997
1325.7733430398753,0.9999907,0.9974542359834909
1325.7747319110938,1.0000634,0.9992388364621027
1325.776120782196,1.000051,0.9973985418547343
1325.7775096532978,1.0000691,0.9998311225969337
1325.7788985245163,1.0000416,0.9979036531373927
1325.7802873956184,1.000158,0.9986798859998576
1325.7816762668367,1.0001161,0.9975422226771937
1325.7830651379386,0.99996203,0.9994554253201461
1325.7844540091571,0.9998928,0.9976623778842852
1325.7858428802597,0.9999482,0.9988083255513154
1325.7872317514782,1.0000602,0.9982116544170768
1325.7886206226958,1.0001013,0.9976095868534948
1325.7900094937986,1.0003049,0.998335510782856
1325.7913983650171,1.0000337,0.9994243061428688
1325.7927872362347,1.0000037,0.9984728038978874
1325.7941761073375,1.0000001,0.9977608409136135
1325.7955649785558,1.0001781,0.9989427529392125
1325.7969538497737,1.000038,0.9987532425895452
1325.7983427209929,0.9997675,0.9983566508503223
1325.7997315922112,0.9999514,0.998454577715713
1325.801120463429,0.9999254,0.9981032337345646
1325.8025093345318,1.000019,0.999325119024093
1325.8038982057508,1.000032,0.9975417642462346
1325.8052870769693,1.000041,0.9998905495187465
1325.8066759481876,1.0001854,0.997160683979207
1325.808064819406,0.99992776,0.9982061638309706
1325.8094536907408,1.0001329,0.9984462186630545
1325.8108425619594,0.9999838,0.998433108259288
1325.8122314331777,1.0001156,0.9994007583660423
1325.813620304396,1.0000254,0.998339044875291
1325.8150091756147,1.0001011,0.9976262124422707
1325.816398046833,1.0000772,0.9993473613679223
1325.8177869181677,1.0000854,0.9981734275081258
1325.8191757893862,0.99970317,0.9984335985950953
1325.8205646606048,0.99993134,0.9992980318170798
1325.8219535318237,1.0001298,0.9988604416105173
1325.8233424031587,1.0000626,0.9962484516827752
1325.8247312743765,0.9998484,0.9998711160905742
1325.826120145712,1.0000736,0.9979103483419244
1325.8275090169304,1.0000476,0.996973414451538
1325.828897888148,1.0001538,0.9985715457587359
1325.8302867594834,0.99987805,0.9981556432998183
1325.831675630702,1.0001047,0.9969880221179838
1325.833064502036,0.9999597,0.9990511739635773
1325.8344533733716,0.99988157,0.998314914274628
1325.83584224459,1.0000618,0.9974071264730642
1325.8372311159242,1.0001117,0.9972821596348208
1325.8386199871434,0.9999816,0.9985409255673855
1325.840008858479,1.0000055,0.9988377156519629
1325.841397729813,1.0001812,0.9987690998755403
1325.842786601148,1.0000771,0.9978645812195
1325.844175472367,1.0000325,0.9970960111776229
1325.8455643437019,1.0000981,0.9977942449330547
1325.8469532150366,1.0000277,0.9989375349651126
1325.8483420863713,1.0001781,0.9982519594729344
1325.8497309577065,0.99990416,0.998090978776549
1325.8511198290412,0.99999,0.9972460847644651
1325.852508700376,1.0000237,0.9986594195258967
1325.8538975717108,0.99992555,0.9977211839491642
1325.8552864429294,0.9998859,0.9989771817117197
1325.8566753143805,1.0001117,0.9976466365349095
1325.858064185716,1.000039,0.9974253594085551
1325.8594530570508,1.000136,0.9982638471046612
1325.860841928385,1.0000863,0.9976372143669776
1325.8622307997207,0.9999589,0.9993815124104527
1325.8636196710554,1.0002037,0.9968881869805788
1325.8650085423897,1.0000232,0.9979020085344518
1325.866397413725,1.0001,0.9979327409518349
1325.8677862851764,1.0001829,0.9977073131568557
1325.8691751565104,0.99980545,0.9996043890074695
1325.8705640278458,1.0000341,0.9961016597033369
1325.8719528991815,0.9999614,1.0003166156691967
1325.8733417706321,0.9997889,0.9974049550142762
1325.8747306419668,0.999887,0.9971357645834605
1325.8761195133025,0.99998194,0.9978307828933906
1325.8775083847531,0.99986935,0.9982696305171903
1325.8788972560878,0.9999699,0.9986847940826005
1325.8802861275399,1.0000856,0.9968527193240692
1325.881674998874,0.99992055,0.99866323971535
1325.8830638703253,0.99992186,0.9984116630640856
1325.8844527416609,1.0000398,0.9976022312030735
1325.885841613112,0.9998363,0.9963564717585621
1325.8872304844467,1.0001365,0.9989603446496524
1325.888619355898,1.0000654,0.9985408626653692
1325.8900082273499,1.0000657,0.9975763907594262
1325.8913970986848,1.000083,0.9972006783840438
1325.8927859701353,1.000032,0.9982540230957326
1325.8941748415873,1.0000063,0.9973980017544184
1325.8955637130387,1.0000887,0.997353664742758
1325.8969525843727,1.0001104,0.9989594720224576
1325.8983414558247,0.9998448,0.9976941070270989
1325.8997303272758,0.99997884,0.9964217616649316
1325.9011191987265,1.0000254,0.9993440692246602
1325.9025080701786,1.0002352,0.996592545283636
1325.9038969416297,1.0000936,0.9983971611719439
1325.905285812964,1.0001141,0.9973327711119069
1325.906674684416,1.0001986,0.9973154900448481
1325.9080635558678,1.0001887,0.9979409817120544
1325.9094524273182,1.0001128,0.9970114973694505
1325.9108412987696,1.0000618,0.998046713211213
1325.9122301702214,1.0001754,0.9959983225609361
1325.913619041672,1.0002651,0.9986947845319728
1325.9150079132396,1.0000799,0.9970093694445064
1325.9163967846916,0.99995595,0.9986631619086417
1325.9177856561423,1.0000215,0.9938900826643806
1325.9191745275934,0.9998115,0.9975576215923513
1325.9205633990455,1.0001694,0.9996912852678612
1325.9219522704961,0.9999201,0.9978695627572092
1325.9233411420637,1.000096,0.9964759295438064
1325.9247300135157,1.0001426,0.9980472233155493
1325.9261188849675,0.9999436,0.9988792146352342
1325.9275077565353,0.999825,0.9984256234772998
1325.9288966279858,0.9997223,0.9964434123938329
1325.9302854994376,1.0001153,0.9989662532247323
1325.9316743710056,1.0001708,0.9977628318830458
1325.933063242456,1.0001749,0.9979126965311869
1325.9344521139078,1.0000511,0.997347105007737
1325.9358409854756,0.99986273,0.9989620267714162
1325.937229856926,1.0000652,0.997604327303108
1325.9386187284945,0.9999274,0.9982213804944046
1325.9400075999456,0.999995,0.9964364033891532
1325.9413964715127,0.9998503,0.9987274151290239
1325.9427853430811,1.0001718,0.997558999009656
1325.9441742145332,1.0001316,0.9975902283212152
1325.9455630861,1.0003533,0.9968120786565494
1325.9469519575514,1.0000536,0.9974354453963495
1325.9483408291196,1.000224,0.9977173893653847
1325.9497297006865,1.0000257,0.9976943897384969
1325.9511185722542,1.0002332,0.9981021040425533
1325.952507443706,1.0000795,0.9971459984965619
1325.9538963152731,1.0001988,0.9975486724514098
1325.955285186841,0.99990296,0.9987710989354672
1325.9566740584091,1.0001415,0.9981925701241645
1325.958062929977,1.0000334,0.9982905756437646
1325.9594518014283,1.0000589,0.9959592156571604
1325.9608406729958,1.0001138,0.9992815833350842
1325.9622295445633,0.9998784,0.9965390951508316
1325.9650072876989,1.0000144,0.9966614001570805
1325.9663961592673,1.0001103,0.9977861975269398
1325.9677850308349,0.9996919,0.9990796298670687
1325.969173902402,1.000098,0.9975819414191283
1325.9705627739702,1.0001576,0.9973540233606188
1325.971951645538,1.0001693,0.9977628879853696
1325.9733405171048,0.99978983,0.9954892429824499
1325.974729388673,1.0000302,0.9992239632629262
1325.9761182602415,0.9998104,0.9967441866239048
1325.977507131925,1.0000414,0.998686375509498
1325.9788960034925,1.0000665,0.9974620222699624
1325.980284875061,1.0000618,0.9976555902796301
1325.981673746628,0.9998948,0.9974016626929889
1325.983062618312,1.0000646,0.997870867401972
1325.9844514898805,0.9999257,0.9975665976935698
1325.9858403614473,1.0001748,0.9969346358329033
1325.9872292330151,1.000046,0.9989907936491801
1325.9886181047,1.000025,0.9980176823689642
1325.9900069762668,1.0000403,0.998422130941891
1325.9913958478346,1.0000167,0.9965675566399487
1325.9927847195192,1.0001572,0.9984023884353944
1325.994173591087,1.0000422,0.9974137953383381
1325.995562462771,1.0000513,0.9981937748047343
1325.9969513343385,1.0001068,0.9987929482019178
1325.9983402060227,0.99998116,0.9961775900094527
1325.9997290775905,0.99989796,0.9973587454312627
1326.0011179492744,1.000057,0.9983207787453272
1326.0025068208429,0.99979526,0.9991083159729482
1326.0038956925268,0.9999417,0.9968287926702545
1326.0052845642103,1.0000681,0.9974600893223776
1326.0066734357788,0.99999213,0.9972461079087681
1326.0080623074628,0.99985,0.9970851364772786
1326.0094511790298,0.9999849,0.9987291832385199
1326.0108400507147,0.9998992,0.9974180923676281
1326.0122289223993,0.999989,0.9963379888200925
1326.0136177940826,0.99989396,0.9986294493951439
1326.0150066656504,0.99994916,0.9971086118958093
1326.016395537335,1.000086,0.9975368311811987
1326.0177844090185,1.0000343,0.9964613321995065
1326.0191732807025,0.99993545,0.9972873442414565
1326.0205621523874,1.0000132,0.9963555741525791
1326.0219510239544,1.0001131,0.996360933396108
1326.0233398956384,1.0000961,0.9984957826923978
1326.0247287673233,1.000283,0.9967720011522792
1326.0261176390072,1.0000244,0.9966115923434532
1326.0275065106914,1.0000498,0.9969882139750592
1326.0288953823756,1.0001647,0.9971798676143335
1326.0302842540596,0.99998695,0.9964054140283167
1326.0316731257435,1.000041,0.9992262413096075
1326.0330619974277,1.0000899,0.9950226254255548
1326.0344508691119,1.0001994,0.9996622480241937
1326.0358397407958,1.000072,0.9961761969685566
1326.03722861248,1.0001464,0.9969810157755337
1326.0386174841642,0.99996936,0.997519004921619
1326.0400063558482,0.99990606,0.997456531118209
1326.0413952276485,0.9998521,0.9975677828890578
1326.0427840993334,1.0000517,0.9968304762236083
1326.0441729710183,1.000105,0.9972957071052724
1326.0455618427015,1.0000567,0.9981123603779934
1326.0469507143857,0.99984664,0.9954360285952262
1326.048339586187,0.9998548,0.9983761071133881
1326.0497284578703,0.99997014,0.9970265784542416
1326.0511173295545,1.0001838,0.9967099254389236
1326.0525062013555,0.99993575,0.997215458074368
1326.0538950730388,1.000032,0.9972132309913524
1326.055283944723,1.0001928,0.9986863692834217
1326.056672816524,1.0001136,0.9971341907188626
1326.0580616882075,1.0000147,0.9967202694663827
1326.0594505598915,1.0001814,0.996556013596318
1326.0608394316928,1.0000868,0.9976459994016753
1326.062228303377,1.0000665,0.9970398684314108
1326.0636171751776,1.0001854,0.9975350578590146
1326.0650060468615,1.0001808,0.9980245809767624
1326.066394918662,1.0001478,0.9960701606925823
1326.067783790346,1.000093,0.996953272618941
1326.0691726621467,1.0002899,0.9981760713633965
1326.0705615338306,1.0001556,0.996994424831358
1326.0719504056312,1.0001585,0.9969336229933573
1326.0733392774318,0.99999464,0.9972368875999166
1326.0747281491158,1.0000271,0.9971067249583269
1326.0761170209162,1.0000895,0.9969799273105527
1326.0775058927168,1.0001427,0.997820733357141
1326.078894764401,1.0001103,0.9954303397221254
1326.0802836362022,1.0002414,0.9983739575344248
1326.0816725080026,0.99986637,0.9970746658614895
1326.083061379803,1.0001959,0.9955658462950652
1326.0844502514879,1.0000975,0.9980114612689265
1326.0858391232878,1.0002437,0.9961711805668585
1326.0872279950881,1.0001769,0.9961674390685121
1326.0886168668894,1.0000354,0.9974264806281103
1326.0900057386891,1.0000066,0.9958523745898056
1326.0913946103733,0.99991,0.9971074975078569
1326.0927834821746,1.0000103,0.9974834997522862
1326.094172353975,0.9999475,0.9978892562508612
1326.0955612257753,1.0000756,0.9978202924579475
1326.096950097576,0.999939,0.9954899570277748
1326.0983389693765,0.99998325,0.996942712220965
1326.099727841177,0.999818,0.997726093454808
1326.1011167129773,0.9999774,0.9977253277961736
1326.1025055847779,1.000046,0.9973405658632263
1326.1038944565785,1.0002412,0.9967650254022703
1326.1052833283788,0.9999311,0.9980754057603825
1326.1066722001794,1.0001949,0.9950872093539965
1326.10806107198,1.0000998,0.998887979967561
1326.1094499437804,1.0000051,0.9968978026459041
1326.1108388156972,1.000041,0.9978610516723749
1326.1122276874985,1.0000478,0.9966197178533398
1326.1136165592989,1.0003054,0.9977695780365524
1326.1150054310988,1.0001881,0.995771346870428
1326.1163943029,1.0000321,0.9976356658046629
1326.1177831747004,0.9999761,0.9982292866490232
1326.1191720466168,1.0000383,0.9965589709029495
1326.120560918418,1.0000136,0.9963252388734849
1326.1219497902184,1.0000697,0.9971750347771791
1326.1233386621352,1.0000452,0.9975062317676732
1326.1247275339365,0.9999014,0.9961739306891314
1326.1261164057364,1.0003021,0.9966317435862926
1326.1275052775368,0.9999744,0.9987534409632267
1326.1288941494545,1.0000567,0.9959419736206343
1326.1302830212549,1.0003229,0.9965624778234693
1326.1316718931719,0.9998497,0.9966142856160475
1326.1330607649725,1.000048,0.9967397925590564
1326.1344496368893,1.0001184,0.9967053618386171
1326.1358385086896,1.0000395,0.9965898446700785
1326.1372273804902,1.0000849,0.9947229332209435
1326.1386162524072,1.0000935,0.9987612713515083
1326.1400051242076,1.0002382,0.9976771649693482
1326.1413939961246,0.99978566,0.99569793642879
1326.1427828680416,0.99999547,0.9954056386557631
1326.1441717398427,1.0000769,0.9984587731003767
1326.1455606117597,1.0001932,0.995630088130852
1326.1469494835594,1.0003679,0.9982574250886895
1326.1483383554769,1.0001576,0.9962336061616933
1326.149727227394,1.0001028,0.9975434840310121
1326.1511160991936,1.0001723,0.9969225845464399
1326.1525049711113,1.0001174,0.9985725309363331
1326.1538938430283,1.0001003,0.9967608417075711
1326.155282714828,1.0001961,0.9959174507978826
1326.1566715867457,0.99970293,0.994846094620997
1326.1580604586625,1.0000019,0.9987090085143606
1326.1594493304624,0.9999617,0.9963361181195269
1326.16083820238,1.0001626,0.9978855551871866
1326.1622270742978,1.0000507,0.996749308539656
1326.1636159462146,0.99988055,0.9959632558413078
1326.1650048181314,0.9999761,0.9978064132417844
1326.166393689932,1.000233,0.995791623807756
1326.167782561849,0.999931,0.9964872729430685
1326.1691714337658,0.9999715,0.996855213165874
1326.1705603056826,1.0002171,0.9977832515888068
1326.1719491775996,0.9999928,0.9944626598394845
1326.1733380495166,1.0000215,0.9984837373449397
1326.1747269214334,1.0001855,0.9976419729209121
1326.1761157933504,0.9999548,0.9961475056792788
1326.1775046652674,0.9999512,0.9953955767567779
1326.1788935371842,0.99993277,0.9968009886907263
1326.180282409102,1.0000693,0.9975791890438055
1326.1816712810187,0.999805,0.9956013593696883
1326.183060152935,1.0000236,0.9950816547153767
1326.1844490248527,0.99996406,0.997947936461001
1326.1858378967695,1.000108,0.9959757121257544
1326.1872267686858,0.99991935,0.9956325751919988
1326.1886156406033,1.0001241,0.9963992547963322
1326.1900045125203,1.0001842,0.997474138508279
1326.1913933845528,1.0000905,0.9959084785474389
1326.1927822564703,1.0000035,0.9971355891775637
1326.1941711283873,0.99997455,0.995659064777886
1326.1955600003034,1.0000254,0.9951387044852515
1326.1969488722211,1.0000062,0.9974142925495604
1326.1983377442552,1.000026,0.9953998640596873
1326.199726616172,1.0001196,0.9974734666640491
1326.201115488089,1.0001216,0.9970412896393134
1326.202504360006,0.9998371,0.9944133327387831
1326.2038932320393,1.000253,0.9954612336040638
1326.205282103956,0.9999867,0.9966609444745211
1326.206670975873,1.0000074,0.9979859601481466
1326.2080598479065,1.0001174,0.9971829968539392
1326.2094487198233,1.0002663,0.9940509838492708
1326.2108375917403,1.0001851,0.9961177862202619
1326.2122264637742,1.0000573,0.9962903896448615
1326.2136153356912,0.9999125,0.9954338212274558
1326.2150042076073,1.0001733,0.9964913199045191
1326.2163930796414,1.0001625,0.9965617838643372
1326.2177819515582,0.99987423,0.9973842040737347
1326.219170823591,1.0001336,0.9941565798750839
1326.2205596955087,0.9999719,0.9965148048619284
1326.2219485675419,1.0001328,0.9964471917065333
1326.2233374394582,0.99988616,0.996064048574776
1326.2247263114923,0.99994403,0.9946729615909716
1326.226115183409,1.0000291,0.9968946102275008
1326.2275040554418,1.00008,0.9966358077269372
1326.2288929274757,1.0000353,0.9948841874887447
1326.2302817993932,1.0002255,0.9971224032086432
1326.231670671426,1.0001478,0.9963365357994933
1326.2330595433427,1.0000564,0.9968580761908251
1326.2344484153768,0.99986166,0.9967195609603289
1326.2358372874096,1.0001978,0.9959877119727286
1326.2372261593264,0.99985474,0.9976885102332872
1326.2386150313605,1.0000926,0.9954704264334053
1326.2400039033937,0.9999446,0.9966823689181223
1326.2413927753107,1.000048,0.9975171059798991
1326.2427816473441,0.9999346,0.9961853129825256
1326.2441705193773,1.0000452,0.997490778257205
1326.2455593914108,1.0002862,0.9959625661130964
1326.2469482633278,1.0002588,0.9951642991528483
1326.2483371353617,0.9998687,0.9957825686927669
1326.249726007395,1.0001937,0.9959486397202993
1326.2511148794276,1.0003241,0.9963116887349965
1326.2525037514615,1.0001141,0.9968054152240077
1326.253892623495,1.000117,0.9966974776034637
1326.255281495411,0.9999702,0.9961208704025216
1326.2566703674452,0.999955,0.9959577046191811
1326.2580592394786,0.9998031,0.997026594964607
1326.2594481115111,0.99990416,0.9963403451700489
1326.2608369835452,0.9998583,0.9959740439858257
1326.2622258555793,1.0001162,0.9963961791355965
1326.2636147276119,1.0000639,0.997034428324829
1326.2650035996453,1.0002468,0.995252830784677
1326.2663924716794,1.0000769,0.9968350021644051
1326.267781343712,0.99999315,0.9953372576761196
1326.2691702157454,0.9998627,0.9977921377062027
1326.2705590877792,0.99993795,0.9966889421997407
1326.2719479598118,1.0000588,0.9947119998240094
1326.2733368318452,0.9998911,0.9978598372898823
1326.274725703879,1.0001829,0.996134843268505
1326.2761145759118,1.0001681,0.9958130852904612
1326.277503447945,0.9999261,0.9960632058347775
1326.2788923199791,1.0000871,0.9969398325812602
1326.2802811921297,1.0000296,0.9952344545628187
1326.2816700641629,0.9999652,0.996755185913993
1326.2830589361956,0.9999064,0.9976182101598451
1326.2844478082297,0.9999767,0.9958735953913059
1326.285836680263,1.0000067,0.9975631788519048
1326.2872255522957,1.0000458,0.9959598350690346
1326.2886144244462,1.0000361,0.9948893482102596
1326.2900032964794,0.9998434,0.9972925405031818
1326.2913921685122,1.0000154,0.9960689148546606
1326.292781040546,0.99992245,0.9960073702437138
1326.294169912696,1.0002253,0.9969064612889738
1326.2955587847284,1.0000921,0.9963236588487888
1326.2969476567623,1.0000136,0.9961436575357245
1326.2983365287964,0.999953,0.9957574269602137
1326.2997254009456,1.0000794,0.9955879208055147
1326.3011142729788,1.0000868,0.9956024880609211
1326.3025031451293,1.0001106,0.9969464102032489
1326.303892017162,1.0000323,0.9959434204247292
1326.3052808891953,1.0000677,0.9956050610301775
1326.3066697613458,0.9999426,0.9972579697281311
1326.3080586333783,1.0000644,0.9956224586397671
1326.3094475055282,0.99994934,0.9969184652008929
1326.310836377562,0.99991184,0.9959648624498639
1326.3122252495955,1.0000043,0.9960221116172752
1326.313614121745,1.0002062,0.9975473216154878
1326.3150029937785,1.000175,0.9956440974406269
1326.3163918659284,1.0000627,0.99633632956861
1326.3177807379616,1.0000336,0.9969544685546178
1326.3191696101112,1.0000324,0.9962591624200651
1326.3205584821453,1.0000683,0.9963969936822323
1326.321947354295,1.0000432,0.9962183827159744
1326.3233362263277,1.0003871,0.9947811961971718
1326.3247250984782,1.0000628,0.997122415308469
1326.3261139706278,1.0000557,0.9955677517543308
1326.3275028426606,1.0003684,0.9978067993433024
1326.328891714811,1.000089,0.995606091177246
1326.3302805869614,0.9999684,0.9957281901907451
1326.331669458994,0.999865,0.9972001242809354
1326.3330583311438,1.0000548,0.9954550382140921
1326.3344472031777,1.000158,0.9969767671912074
1326.3358360753268,0.9999259,0.9966934811045958
1326.3372249474764,0.9998538,0.996842834900546
1326.338613819627,1.0000377,0.995845755046648
1326.3400026916597,0.9999685,0.9968432346883374
1326.3413915638093,1.000272,0.9970268772809597
1326.3427804359599,1.0000688,0.9965840380011696
1326.344169308109,1.0001941,0.9934321734444199
1326.3455581801422,1.0001445,0.9949892971497561
1326.3469470522928,1.0000776,0.9970716743702936
1326.3483359244424,1.000209,0.9959378163328944
1326.3511136686257,1.000233,0.999957943606596
1326.3525025407753,1.0001522,0.9967678658221679
1326.353891412925,1.0001187,0.9974894860024639
1326.3552802850747,1.0001372,0.9961633340545865
1326.3566691572246,1.000019,0.996902988441419
1326.3580580293742,1.0001503,0.9969852974408226
1326.3594469015238,0.99997807,0.9970718285644992
1326.3608357736744,0.99998325,0.9957003452172866
1326.3622246458249,1.0000134,0.9964081326073468
1326.3636135178576,1.0000248,0.9965902288263492
1326.3650023900072,1.0001633,0.9954307039954984
1326.3663912621578,0.99999917,0.9973053165518028
1326.3677801343067,0.9998847,0.9946291730244857
1326.3691690064566,1.0000063,0.9959146958841033
1326.370557878607,1.0001123,0.996584351162792
1326.371946750756,1.0000921,0.9953240092076028
1326.3733356229059,0.99998194,0.995212302497605
1326.3747244950562,1.0002009,0.9976064214291595
1326.3761133673215,0.9997611,0.9953121135104942
1326.3775022394714,1.0002315,0.9964475006590596
1326.3788911116217,1.0002277,0.9961617346994817
1326.3802799837715,0.9999816,0.9955989465616865
1326.3816688559214,1.0000652,0.9968822142123105
1326.383057728071,1.0000126,0.9971150114669582
1326.3844466002208,0.99999815,0.9958590579185024
1326.3858354723707,1.0000063,0.9959237086838298
1326.3872243445203,1.0001394,0.9953754824411556
1326.3886132167863,1.000087,0.9961927519410688
1326.3900020889362,1.000075,0.9967186304234472
1326.391390961086,1.0000038,0.9959359912922797
1326.3927798332356,1.0001568,0.9967120433298189
1326.3941687053853,1.0000291,0.9965346103735391
1326.3955575776517,1.0001103,0.9958474156543778
1326.396946449802,1.0002127,0.9965631126716035
1326.3983353219523,1.0000141,0.9961313082145669
1326.3997241941015,1.0000452,0.9959138406625149
1326.4011130663675,1.0000561,0.9959761823743127
1326.402501938518,1.0000026,0.9964752934009383
1326.4038908106672,1.0002434,0.9950567991028709
1326.4052796828169,1.0000781,0.9953311651983231
1326.4066685550838,0.99998647,0.9966694649347122
1326.408057427233,1.0002506,0.9952602849171251
1326.4094462993826,1.0001636,0.9963406397937656
1326.4108351716495,1.000092,0.9962184474930752
1326.4122240437991,0.9999975,0.9955879200178243
1326.4136129159488,1.0000058,0.9955724455656475
1326.415001788215,1.0001032,0.9965842873198343
1326.4163906603649,1.0001234,0.996444139356989
1326.417779532631,1.0000648,0.9956731438936889
1326.4191684047807,1.0000685,0.9956455066414734
1326.420557277047,1.000083,0.9957232290566019
1326.4219461491966,1.0002538,0.9963430925523177
1326.4233350213462,1.0001681,0.9971153453286506
1326.4247238936125,1.0001948,0.9957808764781684
1326.4261127657624,1.0001318,0.9964458705397734
1326.4275016380284,1.0001502,0.9957352419583856
1326.428890510178,1.0000613,0.9942927889309664
1326.430279382445,0.9998287,0.9979845428351843
1326.4316682545948,1.0001415,0.9958736460394004
1326.4330571268601,1.0001386,0.9950406178757318
1326.4344459990107,1.0000335,0.9960600370799064
1326.4358348712767,1.0000565,0.995249411805458
1326.437223743543,1.0002013,0.9975226521619309
1326.4386126156933,1.0000312,0.9945687031941279
1326.4400014879589,0.9999276,0.9967274457983114
1326.4413903601085,0.9998876,0.9947650444801737
1326.4427792323754,1.000005,0.9942377135777329
1326.4441681046417,0.99990714,0.997146051459051
1326.4455569767915,1.0002646,0.9978118323859322
1326.4469458490576,0.9999011,0.9945163363495415
1326.4483347213236,0.9997787,0.9973679885967612
1326.4497235934734,0.99995977,0.9960242117347315
1326.4511124657397,1.0003057,0.9954820663508654
1326.4525013380057,1.0000694,0.9955308470562405
1326.4538902101556,1.0001473,0.9950958968841513
1326.4552790824218,1.0000414,0.9964142411942922
1326.4566679546879,1.0002254,0.9961566533672901
1326.458056826954,1.0002455,0.9949893117040032
1326.4594456991038,1.0001876,0.9966061804425567
1326.46083457137,1.0000868,0.9960094777881434
1326.4622234436367,1.0002229,0.9959687042207905
1326.463612315903,1.0000705,0.9956309105526553
1326.4650011880522,1.0000709,0.9960781289727276
1326.4663900603189,1.0001805,0.997329902354074
1326.4677789325851,1.0000948,0.9935357369997013
1326.4691678048505,1.0001681,0.9955341850688164
1326.4705566771172,1.0000174,0.9971948240846834
1326.471945549267,1.0000706,0.9954762787598649
1326.4733344215324,0.9997472,0.9951083822898709
1326.4747232937993,0.9998882,0.9952774086677277
1326.4761121660654,1.00002,0.9962787170782051
1326.4775010383319,1.0001158,0.9954938994589289
1326.4788899105986,0.9999732,0.9966228004110907
1326.4802787828648,0.99998325,0.9952376981318596
1326.4816676551309,1.0002086,0.9964313604146926
1326.483056527397,1.000058,0.9945904808212376
1326.4844453996632,1.0000356,0.9955273040236423
1326.485834271813,1.000001,0.9961716062266202
1326.487223144079,1.0001286,0.9957169494209309
1326.4886120163453,1.0002009,0.9970072527491293
1326.4900008886116,1.0000242,0.995520493259546
1326.4913897608776,0.9999676,0.9963594480384712
1326.4927786331436,1.0002179,0.9963916600391318
1326.4941675054106,0.9999676,0.99536462227504
1326.4955563776766,0.99995595,0.9958392687023063
1326.4969452499422,0.9999741,0.9955967402914562
1326.4983341222091,1.0000858,0.996298253184905
1326.4997229945916,1.0002385,0.9955096060457131
1326.5011118668572,0.99993753,0.9965240202478928
1326.5025007391241,1.0002096,0.9958031962971424
1326.5038896113902,1.0002395,0.9969705556729904
1326.5052784836557,0.99992186,0.9939000776343896
1326.5066673559224,0.9999426,0.9962451553562117
1326.5080562281887,1.0002725,0.9949508926355273
1326.509445100454,1.0001343,0.9959003046087974
1326.5108339727208,1.0001874,0.9958065023539048
1326.5122228449877,1.0002735,0.9953342488910482
1326.5136117173697,1.0000664,0.9975628130697841
1326.5150005896357,1.0001671,0.994585548903037
1326.5163894619027,1.0001706,0.9941998008602685
1326.5177783341687,1.0001119,0.9959917413774461
1326.519167206435,0.99991906,0.9980299421008606
1326.5205560787012,0.99995667,0.9944022991850747
1326.5219449510837,1.0001585,0.9956460830481656
1326.52333382335,0.99994665,0.9960450422123363
1326.5247226956162,1.0002851,0.9956748207342977
1326.526111567883,1.0000161,0.9968281000521659
1326.5275004402656,1.0001228,0.9959400153173122
1326.528889312531,1.0001365,0.9961771765255945
1326.5302781847977,0.99986005,0.995761262997619
1326.531667057064,1.000136,0.9958927853296989
1326.5330559294457,1.0001029,0.9957208661977763
1326.5344448017127,1.0002327,0.9946567554784213
1326.535833673979,1.0001013,0.9948765765563814
1326.5372225463607,1.0003401,0.9973035560769427
1326.5386114186276,1.000207,0.9958197715080357
1326.5400002908937,1.0001144,0.995224638946699
1326.5413891632757,0.99991786,0.9965877767020931
1326.5427780355426,1.0001733,0.9970627475865158
1326.5441669078093,1.0002587,0.9946410372114672
1326.545555780191,1.0002145,0.9946995685310706
1326.5469446524576,1.0001667,0.9959120553825465
1326.5483335247243,1.0002003,0.9949672175554054
1326.549722397106,1.0001427,0.9968702306569447
1326.5511112693723,0.99989676,0.9957626747890698
1326.5525001417554,1.000249,0.9956704497227946
1326.553889014021,1.000233,0.9964692506039667
1326.5552778864035,1.0001893,0.9960520035984498
1326.5566667586704,1.0003419,0.9957916810844465
1326.5580556309365,1.0001405,0.9950532569500942
1326.5594445033194,0.9999529,0.9957441097691853
1326.5608333755854,1.000038,0.9969973428554356
1326.5622222479687,0.99985415,0.9949983893496448
1326.5636111202348,1.0001452,0.9958981186606318
1326.5649999926168,1.0001096,0.9946903243651636
1326.5663888648835,1.0000339,0.9971739508996099
1326.5677777372662,0.99997497,0.9945462032948893
1326.5691666095317,1.0001019,0.9959361613967755
1326.5705554819149,1.0001489,0.9963381464478355
1326.5719443542976,1.0000771,0.9962178114985764
1326.573333226563,1.0000217,0.9957586187439437
1326.574722098946,0.99996907,0.996307255530955
1326.576110971213,1.0000912,0.9952123688816824
1326.577499843595,1.0002234,0.9953793889144109
1326.578888715861,1.0000725,0.9951712718808529
1326.5802775882444,1.0004103,0.9968038403700046
1326.5816664606264,1.0001817,0.9949808902440532
1326.5830553328924,1.0002005,0.9941745907413436
1326.5844442052758,0.9999821,0.9956415058314424
1326.5858330776575,1.0002075,0.9972806714645329
1326.5872219499238,1.0000716,0.9956548167821329
1326.588610822307,1.0002364,0.9959649615423081
1326.5899996945723,1.0001866,0.9961561220166212
1326.591388566955,1.0000273,0.9967388948625703
1326.592777439338,1.0000966,0.9956707940362849
1326.5941663117214,1.0001594,0.9952224519308792
1326.5955551839877,1.0002216,0.9949200243241032
1326.5969440563695,0.9999227,0.9970026171906499
1326.5983329287528,1.0000352,0.9956999863207818
1326.5997218010189,0.9998685,0.9959471778652605
1326.6011106734009,1.0000887,0.9965082894160737
1326.6024995457842,1.0000547,0.9948314086803904
1326.6038884181667,0.9999411,0.9950218989940526
1326.6052772904322,1.0002,0.9959131060127759
1326.6066661628156,1.0001178,0.9974707229482906
1326.6080550351987,1.0002502,0.9956625629524278
1326.6094439075805,1.0001507,0.9939474444007701
1326.6108327798468,0.99992734,0.9954031882375707
1326.61222165223,0.9999598,0.9962758350993308
1326.6136105246119,1.0000626,0.9950527529003873
1326.6149993969943,0.99998915,0.9951154577647421
1326.6163882693777,1.0000808,0.9965568954439998
1326.6177771417597,0.99987787,0.9960503133642616
1326.6191660140257,1.0000058,0.9962085133559324
1326.620554886409,1.0001918,0.9954925167403705
1326.621943758791,1.0001981,0.995095242161818
1326.6233326311735,1.0000677,0.9958430113170684
1326.6247215035569,1.0000058,0.9953523474103189
1326.6261103759393,1.0000428,0.9958763508842778
1326.6274992483218,0.9999646,0.9964004090327232
1326.6288881205883,1.0001054,0.994961074015975
1326.6302769929707,1.0001477,0.9948189875231814
1326.6316658653532,1.0002857,0.9954702849297901
1326.6330547377358,1.0003834,0.9950780981951876
1326.634443610119,0.99994934,0.9953349496655709
1326.6358324825017,1.0001556,0.9975072583362294
1326.6372213548834,1.0000277,0.9949363820425438
1326.6386102272668,1.0001361,0.9955837473353503
1326.6399990996495,1.0001957,0.9954899937855525
1326.6413879720312,1.0002514,0.995550935115953
1326.6427768444146,0.99998945,0.9959119940102821
1326.644165716798,1.0002011,0.9959914953545785
1326.6455545891797,1.0000743,0.9956695929018577
1326.6469434615624,1.0000484,0.9960514230071393
1326.6483323339455,1.0000155,0.9945334581015166
1326.6497212063273,1.0002056,0.9972757926353805
1326.6511100787102,1.0000648,0.995086488977422
1326.6524989510933,1.0002103,0.9957026386063047
1326.653887823475,0.9998714,0.9965204110929523
1326.6552766958578,1.0001427,0.9957144562843165
1326.656665568241,0.99985516,0.9947675425382734
1326.6580544406236,0.99995184,0.9965931439862927
1326.6594433130062,1.0001103,0.996510030454014
1326.6608321853887,1.0000796,0.9940490584269884
1326.6622210577711,1.0000905,0.9962678311729112
1326.6636099302705,1.0002005,0.9955010298346858
1326.664998802653,1.0002457,0.995994394479321
1326.6663876750354,1.0002367,0.9956463435151822
1326.667776547418,1.0000926,0.9968573236223301
1326.6691654198007,1.0000893,0.9943842168511237
1326.6705542921832,1.0000883,0.9975584614983222
1326.6719431645656,0.9999434,0.994230989647107
1326.6733320369483,1.0000783,0.9943106777729693
1326.6747209094478,1.0001369,0.9966290671314835
1326.6761097818312,1.0001605,0.99432332951961
1326.6774986542132,1.000045,0.9968646080133394
1326.6788875265956,0.99998564,0.9958604939440991
1326.680276398979,0.9999649,0.9940636257944444
1326.681665271361,1.0000787,0.9959690038716131
1326.6830541438599,1.0001285,0.9947549917715882
1326.6844430162432,1.000092,0.9940097847089832
1326.6858318886252,1.0001202,0.9968927863702803
1326.6872207610077,1.0002148,0.993952498959982
1326.68999850589,1.000089,0.9954259158588493
1326.6913873782723,1.0000926,0.9958212493065188
1326.692776250655,0.9999261,0.9947443256636683
1326.6941651230377,0.9999871,0.9977706449868932
1326.6955539955366,0.9999512,0.9952720136469563
1326.696942867919,1.0000234,0.9954252505168403
1326.698331740302,0.9999237,0.996589014705952
1326.6997206128008,1.0002028,0.9938488638791092
1326.7011094851832,1.0000552,0.9963284175810913
1326.702498357566,0.9999525,0.9965322775100589
1326.703887230065,1.0001137,0.9956853455760353
1326.7052761024474,1.0001032,0.9954563882287231
1326.70666497483,0.9998131,0.9957606447247159
1326.7080538472133,1.0001217,0.9958926417133497
1326.7094427197123,1.0000651,0.9944129398946041
1326.710831592094,1.0002624,0.9954962239586735
1326.7122204645939,0.9998702,0.996194122938872
1326.714998209359,0.99993086,0.9967157312395275
1326.7163870818586,1.0000727,0.9960471303483955
1326.7177759542406,0.999998,0.9947372084136996
1326.719164826623,0.9999276,0.9964632791014609
1326.7205536991228,0.9999376,0.9957607322155543
1326.7219425715055,1.0002679,0.9950380422425643
1326.7233314440045,1.0003386,0.9960886487437783
1326.724720316387,0.9999876,0.9939767238580789
1326.7261091887694,1.0001189,0.9964087915459325
1326.7274980612685,0.99990505,0.9954985410603873
1326.7288869336512,1.000283,0.9952089799316834
1326.73027580615,1.0001673,0.9954493968097782
1326.7316646785325,1.0002258,0.9960983530645948
1326.7330535510318,1.0001166,0.9952516054057523
1326.7344424234143,1.0001445,0.9958503045859965
1326.7358312959132,1.0000648,0.9938495499091783
1326.7372201682958,1.0000702,0.9972154465703226
1326.738609040795,1.0000967,0.9946880884561133
1326.739997913178,1.0001801,0.9962399979792828
1326.7413867855607,1.0001621,0.9953558278413701
1326.742775658059,1.0002942,0.9960159497484008
1326.7441645305585,1.0000895,0.9959022460487934
1326.7455534029414,1.0001913,0.9946674782545649
1326.7469422754396,1.0002314,0.9986546112513071
1326.7483311478227,1.0000532,0.9924866197833023
1326.7497200203218,0.99992216,0.9949970371801989
1326.7511088927035,1.000058,0.9960156026766064
1326.7524977652033,0.99994797,0.9964025550507005
1326.7538866375858,0.9998513,0.9935367138104011
1326.755275510085,1.0001892,0.9967663874835654
1326.7566643824682,1.0001181,0.9952037090018311
1326.7580532549673,1.0001756,0.9960948636782059
1326.7594421274662,1.0000561,0.9943207104444024
1326.7608309998486,1.0001742,0.9962815643815289
1326.7622198723477,1.0001196,0.994255048600923
1326.7636087447304,0.9999873,0.9966609849627609
1326.7649976172293,1.0001601,0.9955163934731683
1326.7663864897281,0.9999878,0.9954774630970219
1326.767775362111,1.0002592,0.9959724977844528
1326.76916423461,1.0000691,0.9954091791089806
1326.7705531069923,1.0002992,0.9947335446169007
1326.771941979492,1.0001739,0.996332101344688
1326.773330851991,1.0001167,0.9950885612914978
1326.774719724373,0.99994946,0.9956020292579213
1326.7761085968727,1.0002006,0.9955968450792274
1326.7774974693716,1.000145,0.996017249840011
1326.7788863417536,1.0001427,0.996355517685055
1326.7802752142534,1.000119,0.9953671837108284
1326.7816640867522,1.0000744,0.9939715483728483
1326.7830529591342,1.0001373,0.9958062064124648
1326.7844418316338,1.0005286,0.9960997723337361
1326.7858307041329,1.0000707,0.9957722416921793
1326.7872195765146,0.999966,0.9949872305818356
1326.7886084490142,0.9999313,0.996127839541309
1326.789997321514,1.0002445,0.9958871520440218
1326.791386194013,1.0000702,0.994927369336206
1326.7927750663957,1.00022,0.9959825052559569
1326.7941639388946,0.9998934,0.9952254180853796
1326.7955528113935,1.0001818,0.9956150103396826
1326.7969416838926,1.0001599,0.9967490046709682
1326.7983305562752,0.9999361,0.9955639573841576
1326.799719428774,1.0002625,0.9959114645948632
1326.801108301273,1.0000509,0.9951530774553935
1326.8024971737723,1.0000051,0.9951108544190728
1326.8038860461554,1.0000283,0.9953505553831233
1326.8052749186545,1.0000159,0.9966080096829145
1326.8066637911527,1.0001203,0.9958798874118016
1326.8080526636522,1.0003612,0.9956192998223425
1326.8094415361513,1.0003393,0.9949291911212687
1326.810830408533,0.9998078,0.995536685204806
1326.8122192810329,1.0000589,0.9956075035317439
1326.813608153532,1.0001796,0.9959927542479696
1326.8149970260301,1.0001792,0.9939215043121126
1326.81638589853,0.9999577,0.997508369747939
1326.8177747709124,1.0001853,0.9949883099326785
1326.8191636434108,1.0001495,0.9946411211731652
1326.8205525159105,1.0002706,0.9972935185656253
1326.82194138841,0.99988425,0.9931327141341275
1326.8233302609083,0.9999789,0.9941773229054365
1326.8247191334076,0.99988556,0.9943791788646796
1326.8261080059071,1.0000135,0.9967439990491481
1326.827496878289,1.0000162,0.9930553510918629
1326.828885750788,1.0000907,0.9967387957443854
1326.8302746232876,1.0001236,0.99400350131918
1326.8316634957866,0.9999461,0.9960682131183319
1326.8330523682857,0.999955,0.9944604396810989
1326.8344412407846,1.0000979,0.9958846835711495
1326.8358301132844,1.0001711,0.9935276456347527
1326.8372189857832,1.0000727,0.9955158981205805
1326.8386078582816,1.0001875,0.9961539116740666
1326.8399967307814,1.0001726,0.9970252784519078
1326.8413856032803,1.0000829,0.9945825932872344
1326.8427744756623,1.0000099,0.9942881203364337
1326.8441633481618,1.0002071,0.9969433394530236
1326.845552220661,1.0000777,0.9951635865379275
1326.846941093159,1.0001258,0.9943317308168316
1326.8483299656586,1.0000769,0.9959424859969488
1326.849718838158,1.0003445,0.9924710773300792
1326.8511077106562,1.0000602,0.9958015013626887
1326.8524965831557,0.99996823,0.9949557263543288
1326.8538854556555,0.99996084,0.995046596925171
1326.8552743281539,1.000105,0.9973104157427709
1326.8566632006527,1.0000612,0.9955513425536029
1326.8580520731525,1.0000561,0.993968002850979
1326.8594409456507,1.0002369,0.9956345941481213
1326.8608298181498,1.0001411,0.9967044068985002
1326.8622186906496,0.9999938,0.9958801622142499
1326.8636075631478,1.0000051,0.9940904769975006
1326.8649964356468,0.9999003,0.9949753224424797
1326.8663853081464,1.000132,0.9960803832255386
1326.8677741806455,1.0001503,0.9956669559546292
1326.8691630531443,1.0002959,0.9958994643604123
1326.8705519256432,1.0002218,0.9965241695195971
1326.871940798143,1.0002117,0.9943720366061943
1326.873329670642,1.0001581,0.9951487203338581
1326.8747185431403,1.0002468,0.9957916179717351
1326.87610741564,1.000281,0.9964721564545906
1326.8774962882553,1.0001874,0.9956625917791213
1326.8788851607537,1.0000231,0.9969783816981288
1326.8802740332535,1.0002081,0.9945260273783076
1326.8816629057524,1.0000995,0.9974697544985802
1326.8830517782508,1.0000328,0.9949275140375634
1326.8844406507505,1.0000863,0.9957299512296869
1326.88582952325,1.0000739,0.9967776552971526
1326.8872183957483,1.0001069,0.994038254858762
1326.8886072682474,1.0002447,0.9964450672616714
1326.889996140747,1.0000232,0.994410944871075
1326.8913850133617,1.0003552,0.9954007393074591
1326.8927738858606,1.00014,0.9974249388255185
1326.8941627583604,1.000147,0.9925199438605398
1326.8955516308588,1.0001206,0.9964486053060381
1326.8969405033577,1.0003036,0.9957278918209084
1326.8983293758574,0.99996096,0.9950683348972947
1326.8997182483563,1.0001639,0.993416489291109
1326.9011071208554,0.99991626,0.9968805994424251
1326.902495993471,1.000037,0.9948013889232967
1326.9038848659698,1.0001565,0.9955327735544232
1326.9052737384686,1.0000478,0.9931980075767319
1326.906662610968,0.9999828,0.998420652984422
1326.9080514834668,1.000095,0.9925263952391671
1326.9094403559657,0.99991804,0.9999366356851522
1326.9108292285812,1.0001978,0.9940874695654539
1326.9122181010807,1.0000436,0.9939152802125854
1326.9136069735798,0.99996185,0.9968720532934825
1326.914995846078,1.0000008,0.9930191479996417
1326.9163847185778,1.0000172,0.9967057694914172
1326.917773591194,1.0004923,0.9974773435229732
1326.9191624636924,0.9997921,0.993299483691242
1326.9205513361912,1.0000834,0.9947310358048695
1326.921940208691,1.0000716,0.9958232810317464
1326.9233290813056,1.0000619,0.9961459902069598
1326.9247179538047,1.0001316,0.9929092165987022
1326.9261068263042,1.0001061,0.9959664231670317
1326.9274956988024,1.0002402,0.9954593499100084
1326.9288845713018,1.0001144,0.9966941424311819
1326.9302734439177,1.0001221,0.9958389981729988
1326.9316623164168,1.000184,0.9951377238948425
1326.9330511889157,0.99990994,0.9952778920698879
1326.9344400614145,1.0001775,0.9944047316810537
1326.93582893403,1.0000764,0.9968885366707939
1326.9372178065291,1.0000938,0.9941341086973579
1326.938606679028,1.0000457,0.9968967676392172
1326.9399955516433,1.0001493,0.9941620514938998
1326.9413844241426,1.0001489,0.9964303043571545
1326.9427732966415,1.0003082,0.9949988886357325
1326.9441621691403,1.0000079,0.9947135250771892
1326.9455510417558,0.99999446,0.9951455823376547
1326.946939914255,1.0000066,0.9956376742593291
1326.9483287867538,1.0000212,0.9954990865011167
1326.94971765937,1.0000622,0.9953112125002312
1326.9511065318688,1.0002308,0.9953018488528195
1326.9524954043677,1.0002713,0.9955437253829224
1326.953884276984,1.0000898,0.9961539902557393
1326.9552731494823,0.99990296,0.9955642000190398
1326.9566620219812,1.000134,0.9936187936720039
1326.9580508945974,1.0000248,0.997552665564794
1326.9594397670958,0.99994105,0.9960616916894734
1326.9608286395946,1.0000535,0.9960434546342983
1326.9622175122108,1.0001855,0.9940103502292735
1326.9636063847097,0.99989146,0.9971469817476067
1326.9649952572088,1.000036,0.9952430593204123
1326.9663841298243,1.0002011,0.9952159521616545
1326.9677730023232,0.99983495,0.9959738488774281
1326.969161874822,1.0000309,0.9956478188837183
1326.9705507474375,0.99988556,0.9954037214141134
1326.9719396199366,0.9998811,0.9959310020556861
1326.973328492552,1.0002011,0.9948717133598945
1326.9747173650508,0.9999948,0.9956627234661479
1326.97610623755,1.0000719,0.9954075238487133
1326.9774951101654,1.0001218,0.9963769186309775
1326.9788839826642,1.0002236,0.995170266096537
1326.9802728552797,0.99992186,0.9962132631890088
1326.9816617277793,1.0000123,0.9948030544020067
1326.9830506002784,1.0001442,0.9952209828243931
1326.984439472893,1.0001758,0.9947224428215025
1326.9858283453927,1.0002731,0.9959003838923075
1326.9872172180083,1.0001314,0.9971323923809349
1326.9886060905073,1.0001862,0.9939537118449809
1326.9899949631233,1.0000181,0.9959375161849817
1326.9913838356215,1.000232,0.9945922237894296
1326.9927727081206,1.000102,0.996299364563303
1326.9941615807365,1.0001743,0.9962204745673001
1326.9955504532356,0.9999562,0.9966648364601953
1326.9969393258511,1.0001451,0.9933281891228146
1326.99832819835,1.0000669,0.9973743965040002
1326.9997170709655,1.0001557,0.9913332129310328
1327.0011059434646,1.0000616,0.9965357073328582
1327.00249481608,1.0002081,0.9943313078840699
1327.0038836885788,0.99994695,0.9969127882593458
1327.0052725611943,1.0001166,0.9957910491798158
1327.0066614336934,1.0000386,0.9958771215909394
1327.0080503063086,0.99976397,0.9948895958596304
1327.0094391788075,1.00011,0.9942722553314802
1327.0108280513068,1.0001683,0.9974337307876925
1327.012216923922,0.99990463,0.9939321434883923
1327.0136057964219,1.0000899,0.9965874913875057
1327.0149946690372,1.0001807,0.9938888196319706
1327.0163835415356,1.0002193,0.9971517729154801
1327.0177724141515,0.99969804,0.9957173628387198
1327.0191612866506,1.0002327,0.994165460663138
1327.0205501592652,1.0002378,0.9959489552652087
1327.0219390318812,1.0001974,0.9960119319798103
1327.0233279043805,1.0000108,0.9935309634912838
1327.024716776995,1.0002084,0.9959514635959453
1327.0261056494946,1.0002804,0.9955251174318502
1327.0274945221108,1.000126,0.9960663834520795
1327.0288833946097,1.0002398,0.9955116323858993
1327.0302722672252,1.0001235,0.9959149605367869
1327.0316611397243,1.0002563,0.9945267150714696
1327.0330500123396,0.99988323,0.9951338805425461
1327.0344388848387,1.0001383,0.9978052936435435
1327.0358277574542,0.9999878,0.9948685129875033
1327.037216629953,1.0002491,0.9970505715440476
1327.0386055025683,1.000224,0.9928404563272933
1327.0399943751838,0.99985296,0.9960520086753881
1327.041383247683,1.0000018,0.9960527566224157
1327.0427721202982,1.0000402,0.996466054226956
1327.044160992797,1.000342,0.9933552851758151
1327.0455498654132,1.0000325,0.9943830075582477
1327.0469387379123,1.0000018,0.9963562288860253
1327.048327610527,0.9999751,0.9947630409430358
1327.0497164831431,0.9998824,0.9961042291954335
1327.051105355642,1.0000775,0.9935876884739527
1327.0524942282568,1.0000845,0.9951085114922489
1327.0538831007566,1.0001756,0.9968473346955602
1327.0552719733719,1.0001402,0.9929339572626095
1327.0566608459867,1.0001806,0.9977549728963413
1327.0580497184865,1.0000868,0.9919005544621756
1327.0594385911024,1.0001936,0.9952827743986452
1327.060827463717,1.0000716,0.9914454680186094
1327.0622163362161,1.0000466,0.997185247095026
1327.063605208832,0.9998911,0.9972445129907997
1327.0649940813305,1.0002817,0.9944650352961107
1327.0663829539458,1.0002575,0.9952748407168035
1327.067771826562,0.9998574,0.9945859736716689
1327.069160699061,0.9999391,0.9966547640608189
1327.0705495716766,1.0001184,0.996043127314008
1327.0719384442918,1.0002296,0.9931375714051239
1327.0733273167916,1.0002406,0.9961993327917684
1327.074716189407,1.0002297,0.9954467289588017
1327.0761050619053,1.0001502,0.9946128266333409
1327.0774939345213,1.0002257,0.9971839906192909
1327.0788828071368,1.000177,0.9951232536240715
1327.0802716796352,1.0000887,0.9972264970581926
1327.0816605522512,1.0002955,0.9941177785578894
1327.0830494248667,1.0001316,0.9947211946681527
1327.0844382973648,1.0000327,0.9969000477499433
1327.0858271699808,1.0001378,0.9955454960064165
1327.0872160425963,0.9999094,0.9931175919776377
1327.088604915211,0.9997631,0.9975361093119348
1327.0899937877107,0.9999853,0.9959629435242144
1327.0913826603269,1.0000414,0.9950914363063221
1327.0927715329417,1.0001277,0.9956880852665012
1327.0941604054406,1.0001594,0.9970563945941903
1327.0955492780568,0.9999164,0.9939538235351759
1327.0969381506713,1.0000312,0.9952533109121082
1327.0983270231704,1.0001117,0.9935713598889153
1327.0997158957864,1.000045,0.9960970975478745
1327.101104768401,0.99993026,0.9960576340664927
1327.1024936409003,1.0000377,0.9963217206525017
1327.1038825135163,1.0000871,0.9944053654856005
1327.1052713861318,0.9999229,0.9964683135588861
1327.108049131246,1.0001366,0.9967035268465388
1327.1094380038621,1.0000428,0.9902004966988056
1327.1108268764774,1.0001101,0.9978012608586451
1327.1122157490922,1.0001082,0.9967179715531853
1327.113604621592,1.000114,0.9956758870375597
1327.1149934942073,1.0004162,0.9940420749156346
1327.116382366822,1.0002738,0.9951501729095525
1327.1177712393219,1.0000366,0.9958747878017186
1327.1191601119372,1.0001994,0.9974888358327054
1327.120548984552,1.000295,0.9942414295499177
1327.121937857168,1.0001187,0.9971452924028491
1327.1247156022823,1.0000722,0.997994446816044
1327.1261044748976,1.0004274,0.9957336387570587
1327.1274933475138,1.0001816,0.995418579432854
1327.1288822201286,1.0002445,0.9949304867403567
1327.1302710926275,1.0002077,0.9972837459484162
1327.1316599652437,1.000042,0.9948745162186411
1327.1330488378585,0.9998836,0.9960344189544401
1327.1344377104738,1.0001478,0.993578618935388
1327.1372154555888,1.0001605,0.996034358983495
1327.138604328204,1.000175,0.9949402177619643
1327.1399932008198,1.0000736,0.9942751030700482
1327.1413820734351,1.0001497,0.9959496786609593
1327.142770945934,1.0002241,0.9948159321790131
1327.1441598185495,1.0002053,0.9940555459132147
1327.1455486911655,1.0001997,0.9982660473802424
1327.146937563781,1.0001311,0.9940535447876472
1327.1483264363956,0.9998911,0.9953024486148346
1327.1497153088953,0.99989426,0.9941735701207817
1327.1511041815108,1.0001299,0.997345797821561
1327.1524930541254,0.9997924,0.9947336622942818
1327.1538819267416,0.99997777,0.9952737332007867
1327.1552707993578,0.99999607,0.9936011068704478
1327.1580485444715,0.9999617,0.9942657540529967
1327.1594374170875,1.0001421,0.9939057352419566
1327.160826289702,1.000049,0.9961021006629268
1327.1622151623178,1.0001353,0.996229432006259
1327.1636040349338,1.0000576,0.9957121923468534
1327.1663817800475,0.9999147,0.9984257823004613
1327.1677706526634,1.0001078,0.994922560179989
1327.169159525279,1.000165,0.9951545257502261
1327.1705483978944,1.0001798,0.9965189735419543
1327.1719372705097,1.0000979,0.9959164283296954
1327.1733261430086,0.99996066,0.9939711753547285
1327.1747150156243,1.0002122,0.9974689637794929
1327.1761038882396,1.0001211,0.9953909879350374
1327.1774927608549,1.0000881,0.9951690647579045
1327.1788816334704,1.0000856,0.9955018124399204
1327.180270506086,1.0002445,0.9961478468074829
1327.1816593787012,1.0001594,0.9940453841482912
1327.1830482512,1.0000801,0.9962840578855177
1327.1844371238158,1.0002068,0.9963258787503201
1327.1858259964317,0.9999801,0.9946176116757349
1327.1872148690477,1.0000664,0.9968150124267655
1327.1886037416625,1.0001936,0.9929113909468272
1327.1899926142778,1.0001671,0.9971491827943343
1327.191381486894,1.0001515,0.9945112893830523
1327.1927703595088,1.0001076,0.9939743601611447
1327.1941592320077,1.0001181,0.9970384583201356
1327.1955481046239,1.0001047,0.9947670722934353
1327.1969369772387,1.0000628,0.9940625303267568
1327.198325849854,1.0000273,0.9962708639498826
1327.1997147224702,1.0000389,0.9940892082062996
1327.2011035950854,1.0001953,0.9960308838672339
1327.2024924677007,0.9999525,0.9964957862559256
1327.2038813403162,1.0000721,0.9944885628341656
1327.2052702129317,1.0000618,0.9951099257121416
1327.2066590854306,1.0000732,0.994524162964302
1327.2080479580459,1.0001173,0.9966222248776313
1327.2094368306616,1.0000393,0.9950961075168414
1327.210825703277,1.0002471,0.9942477187097464
1327.2122145758922,0.9999139,0.996847171748938
1327.2136034485077,1.0000427,0.9944532264950607
1327.2149923211236,0.9997869,0.9959275488231538
1327.2163811937392,1.000225,0.9966667413834862
1327.2177700663538,1.0001246,0.9942290384738575
1327.21915893897,1.0001813,0.9962104794416053
1327.2205478115854,1.0002244,0.9952707219148802
1327.2219366842,0.9999646,0.9973119966489026
1327.2233255566998,1.0000536,0.993485536144735
1327.224714429315,1.0000522,0.9950205544592056
1327.2261033019306,1.0000746,0.9929955527959389
1327.2274921745466,1.0002115,0.995629532769058
1327.2288810471614,0.99984056,0.9948405424553517
1327.2302699197767,1.0001885,0.9964600470784866
1327.2316587923929,1.0001377,0.9934243075901716
1327.2330476650084,1.0002527,0.9945378379794776
1327.2344365376239,0.99992186,0.9939750411218565
1327.2358254102392,1.0000015,0.9984027969700756
1327.2372142828544,1.0000129,0.9935895426095829
1327.23860315547,0.99995524,0.9923397084770429
1327.2399920280855,0.9999589,0.9974415228108893
1327.2413809007007,1.0002855,0.9947670759692768
1327.242769773316,0.9998486,0.9939721470987932
1327.2441586459317,1.0000144,0.9965330892607228
1327.245547518547,1.0001296,0.994920099743637
1327.2469363910468,1.0001882,0.9943492342476332
1327.248325263662,0.999861,0.9953998993493065
1327.249714136277,0.99984026,0.9981779780263127
1327.2511030088929,0.9999765,0.9916513709484235
1327.2524918815084,0.9999627,0.9964670664702743
1327.253880754123,1.0000565,0.9960474950367834
1327.255269626739,0.99996144,0.9959148084997028
1327.2566584993547,1.0000525,0.9946651099835099
1327.2580473719693,0.99993694,0.9948576531119692
1327.2594362445852,1.0000812,0.9954743689525829
1327.2608251172007,1.0000968,0.9959345577245929
1327.2622139898153,1.0000182,0.992764539366088
1327.2636028624315,1.0002966,0.9976791244484399
1327.2649917350477,1.0000066,0.9925037474674687
1327.266380607663,0.9998787,0.9929652278306206
1327.2677694802785,0.9999278,0.9967065187945011
1327.269158352894,1.0000169,0.9940115855867204
1327.2705472255093,1.0001453,0.9952111299828378
1327.2719360981246,0.9999264,0.9956295148329017
1327.27332497074,0.99996674,0.9956488891064864
1327.2747138433556,0.9999014,0.9958973572664949
1327.2761027159709,1.0000318,0.9944933586703109
1327.2774915885861,1.0001558,0.9952079540331872
1327.2788804612023,0.99999154,0.9958453240713262
1327.2802693338178,1.0000232,0.9960786150612558
1327.2816582064324,0.9999714,0.995797564170468
1327.2830470790486,1.0001386,0.9960071173798876
1327.284435951664,0.99998635,0.9939423839592341
1327.2858248242787,1.0000722,0.9963782161934156
1327.287213696895,1.0002569,0.9956835998364343
1327.2886025695102,1.000021,0.995226594997713
1327.289991442125,0.9999538,0.9948073307823116
1327.2913803147412,0.9998859,0.9956964963909976
1327.2927691873565,1.0000181,0.9961538635771886
1327.2941580599713,1.0001323,0.9950338836588599
1327.2955469325873,1.0000167,0.9936746354900845
1327.2969358052032,0.9998884,0.9966449446928053
1327.298324677818,1.0000668,0.9959124154817408
1327.2997135504334,1.000159,0.9943382592847592
1327.3011024230495,1.0001066,0.9949274595362222
1327.3024912956644,0.9998089,0.9954448170399628
1327.3038801682796,1.000142,0.9960202140611083
1327.3052690408958,0.99998707,0.9967868608795672
1327.3066579135111,0.9999828,0.9947634512484737
1327.3080467861266,1.000175,0.9965885447902275
1327.3094356587421,1.0002209,0.9965594749690391
1327.3108245313583,0.99987555,0.9923718748185449
1327.31221340409,1.0003346,0.9968569684734132
1327.3136022767048,0.9999475,0.9943980856260494
1327.3149911493208,0.9999264,0.9950251998977739
1327.3163800219363,1.0001336,0.9949394283390375
1327.317768894551,1.0000958,0.995829638671601
1327.3191577671669,1.0001762,0.9959698650541311
1327.3205466397824,1.0002549,0.9945575017947214
1327.321935512397,0.99999833,0.9952532182817038
1327.3233243850132,1.0000527,0.9963731078156143
1327.3247132576294,1.000054,0.9949654405473803
1327.3261021302442,1.0001622,0.9968759605529752
1327.3274910028595,1.0002196,0.995261003829238
1327.3288798754756,1.000001,0.9960051081594371
1327.3302687480902,1.0000652,0.9933303495962627
1327.3316576207058,1.0002071,0.994495127141786
1327.3330464933217,0.99989176,0.9947027201720138
1327.3344353659363,1.0000842,0.9990531263466251
1327.335824238552,1.0000613,0.9943669743417384
1327.337213111168,1.0000079,0.9949850886095205
1327.3386019837826,1.0000358,0.9942318497897399
1327.3399908565145,1.0001022,0.9970742915913593
1327.3413797291305,0.99995464,0.9932302859601253
1327.3427686017467,0.9999867,0.9977605721972609
1327.344157474362,1.000274,0.9948809707459153
1327.3455463469768,1.0001425,0.9949324735267433
1327.346935219593,1.0000342,0.9952385984662846
1327.3483240922083,0.9999704,0.9970428152236959
1327.349712964823,0.9997649,0.996438702220717
1327.3511018374393,0.9999592,0.9961029509083034
1327.3524907100546,1.0000571,0.9952929216085679
1327.3538795826694,0.999968,0.9949032177142428
1327.3552684552853,1.0001717,0.9952781023119875
1327.3566573279013,0.99981993,0.9968513692442756
1327.3580462005161,0.9998811,0.9912785935575262
1327.3594350732478,1.0000952,0.9974343729825921
1327.360823945864,1.0001223,0.9940983012938471
1327.3622128184788,1.0000072,0.9959234603460936
1327.3636016910941,1.0001485,0.9944518495386316
1327.3649905637103,0.9997768,0.9958969854904127
1327.3663794363251,1.0000731,0.9927546856132629
1327.3677683089404,1.0001895,0.9957775857149498
1327.3691571815566,1.000097,0.9957062514746051
1327.3705460541719,1.0002401,0.9959518714791968
1327.3719349267874,1.0000095,0.994773187961569
1327.373323799403,1.0001171,0.9933546973282391
1327.3747126720182,1.0000646,0.9932218370779301
1327.3761015447499,1.000054,0.9947128153222227
1327.3774904173654,1.000304,0.9953397715035651
1327.378879289981,1.0001621,0.9950802648005239
1327.3802681625962,1.0000836,0.996161591498293
1327.3816570352114,1.000057,0.9967402138337715
1327.3830459078276,0.9999861,0.9957265297289205
1327.3844347804431,1.000005,0.9953054464487947
1327.3858236530577,0.99987423,0.9968318671756486
1327.387212525674,0.9999685,0.994214800308939
1327.3886013982901,0.99998426,0.993348338553968
1327.3899902710211,0.9997807,0.9979126783990057
1327.3913791436366,1.0000259,0.9960436989516213
1327.3927680162528,0.99999976,0.9907926605319971
1327.3941568888674,0.99996287,0.9980317981399379
1327.395545761483,0.9999033,0.994825775588654
1327.396934634099,0.99987686,0.9952386845277225
1327.3983235067135,1.0000416,0.9953227284650096
1327.399712379329,1.0000633,0.9937782245106347
1327.401101251945,0.99997276,0.9950788485899779
1327.402490124677,1.0001824,0.9972941201269238
1327.4038789972924,0.99995464,0.9964715103349354
1327.4052678699077,1.0000815,0.9942785329798384
1327.4066567425232,1.0001162,0.9967465786948131
1327.4080456151387,0.99991053,0.995098789747824
1327.409434487754,1.000195,0.9948880343144534
1327.4108233603692,0.9999125,0.9964035373954732
1327.4122122329848,0.99988025,0.993857430299989
1327.4136011056003,1.0001522,0.9958562824541959
1327.414989978332,1.0004753,0.9975866799609467
1327.4163788509472,1.0000751,0.9948362905131942
1327.417767723563,1.000205,0.9964399451347205
1327.4191565961783,0.9998633,0.9956149487978283
1327.4205454687944,1.0001165,0.9954599745159638
1327.4219343414097,1.000071,0.9958070482354633
1327.423323214025,1.0002348,0.9962757530147158
1327.4247120866412,1.0000049,0.9948428285823318
1327.426100959256,1.0002072,0.995773724678681
1327.4274898319877,0.9999592,0.9945679256857931
1327.428878704604,1.0000762,0.9962523564817131
1327.4302675772187,0.99989897,0.9941873645276698
1327.4330453224502,1.0002894,0.994230149879654
1327.4344341950655,0.9999313,0.996706238227485
1327.4358230676808,1.0000924,0.9951178741028912
1327.4372119402963,1.0001184,0.9982243860695593
1327.4386008130282,1.0003635,0.9937176104692561
1327.4399896856435,1.0000366,0.9969233348740799
1327.441378558259,1.0001827,0.9945146219271369
1327.4427674308745,1.0003829,0.9968361628581394
1327.4441563034898,1.0000204,0.9958576040944865
1327.445545176105,0.99997133,0.9928771321897045
1327.4469340487205,1.0001785,0.9962541105553064
1327.448322921453,1.0000405,0.9948647006614044
1327.4497117940684,1.0000145,0.9969471317332912
1327.451100666683,0.9999632,0.9971336483965468
1327.4524895392992,0.9998859,0.9951891324122747
1327.4538784119147,0.99991083,0.9936143066720696
1327.4552672845293,1.000367,0.9963826339480159
1327.4566561571455,1.0001241,0.9966158711282018
1327.4580450297608,1.0001812,0.9948520039425021
1327.459433902492,1.0002137,0.9944809016390269
1327.4608227751082,0.99981296,0.9976700130926967
1327.4622116477235,1.0000335,0.9957346980465046
1327.4636005203388,0.9998599,0.9944110648795356
1327.464989392955,1.0000392,0.9955750586751886
1327.4663782655705,0.9999863,0.9955459616959189
1327.467767138186,1.0000346,0.9948753412091859
1327.4691560109177,1.0001229,0.9953613973413449
1327.470544883533,0.9999464,0.9970882980963831
1327.4719337561485,1.000123,0.9958203573510654
1327.473322628764,1.0002072,0.9957555966392168
1327.4747115013793,1.0003477,0.9956279149797761
1327.4761003739948,1.0000383,0.9962925696477631
1327.4774892466103,1.0000261,0.9949471773994973
1327.478878119342,1.0002882,0.996687952511562
1327.4802669919582,1.0002425,0.9945774233214445
1327.4816558645734,1.0001556,0.997194556698762
1327.4830447371883,1.0001667,0.9948534532212744
1327.4844336098045,1.0000627,0.9962743779731239
1327.4858224824197,0.99989295,0.9959587445859734
1327.4872113550346,1.0001099,0.995081550547799
1327.488600227767,1.0000063,0.9957913595052467
1327.4899891003824,1.0002056,0.9956816668094095
1327.491377972997,1.000038,0.9958834841543018
1327.492766845613,1.0000691,0.9955758211638563
1327.4941557182292,0.9999311,0.9953992264818462
1327.495544590844,1.0000124,0.9954027814817805
1327.4969334634593,1.0000505,0.9966117953034913
1327.498322336192,1.0000949,0.9950012148182577
1327.4997112088067,1.000064,0.9960887707655158
1327.501100081422,1.0000091,0.9956641695253837
1327.5024889540382,1.0000994,0.994148983463972
1327.5038778266535,1.0001053,0.9965482816672482
1327.5052666992688,1.0002273,0.9960715484159606
1327.5066555720007,1.0001453,0.9966687712548398
1327.5080444446162,0.9999608,0.9955447904661082
1327.5094333172315,1.0000912,0.9960757158824264
1327.510822189847,1.000054,0.9957120263209209
1327.512211062463,1.0000385,0.9944659124919456
1327.5135999350784,1.0000958,0.995660859734959
1327.514988807693,1.0004442,0.9927911471763823
1327.5163776804256,1.0000187,0.9965243182612833
1327.517766553041,0.99993294,0.994301772846377
1327.5191554256558,1.0001434,0.9959838025092819
1327.520544298272,1.0000932,0.9952381199291382
1327.5219331708872,1.0000733,0.9933396771396128
1327.523322043502,1.0001745,0.9976330879338657
1327.5247109161182,1.00021,0.9955014683527459
1327.5260997888506,1.0002605,0.9946597807376275
1327.5274886614652,1.000305,0.9952615387046171
1327.5288775340807,0.99986374,0.9977150986574607
1327.5302664066967,0.99996936,0.9949726015356176
1327.5316552793115,0.9998826,0.9946276957000763
1327.5330441519268,0.99991137,0.9973304178375888
1327.5344330246594,1.0001204,0.9923525146538383
1327.5358218972742,0.9999635,0.9957373374846762
1327.5372107698895,0.99992657,0.9955072418547192
1327.5385996425057,1.0001752,0.9955864364247373
1327.5399885151219,1.0001423,0.995994787999466
1327.5413773877372,1.0002546,0.9952507027318788
1327.542766260352,1.0000696,0.9970069721498158
1327.5441551330846,1.000013,0.9948594688301369
1327.5455440056999,1.0000873,0.9952686175273449
1327.5469328783147,0.9999332,0.9971166454844914
1327.5483217509307,1.0002053,0.9929643638997997
1327.5497106235462,1.0002372,0.997412335279344
1327.5510994961608,1.0001677,0.9941483746666901
1327.5524883688931,1.0002534,0.9949238411488404
1327.5538772415086,1.0001404,0.9967084795717075
1327.5552661141232,1.0003138,0.994774883549302
1327.5566549867394,0.9999774,0.9953447856400366
1327.5580438593556,0.9999637,0.9959628117741524
1327.5594327319704,1.000258,0.9969593211536939
1327.5608216045857,1.0002388,0.9940574027906651
1327.5622104773183,1.0003489,0.9963491771102803
1327.563599349933,1.0001308,0.9951613658124125
1327.5649882225484,1.0000256,0.9953942458794987
1327.5663770951646,0.99999195,0.9970170563625561
1327.5677659677792,1.0003439,0.9940726702798109
1327.5691548403947,1.0002434,0.9956203261596382
1327.570543713127,1.0002108,0.9936557651001299
1327.5719325857426,0.9998983,0.9965704497859589
1327.573321458358,1.0003136,0.9945430382980411
1327.5747103309732,1.000179,0.994846600123443
1327.5760992035887,1.000079,0.9965758281156146
1327.5774880762042,0.99993885,0.9956693143394086
1327.5788769488195,1.000125,0.9954059274747737
1327.580265821552,1.0001439,0.9961735153296614
1327.5816546941674,1.0002208,0.9964473189094857
1327.5830435667822,1.0000671,0.9944343780159357
1327.5844324393984,1.0001439,0.9949531989060417
1327.5858213120143,1.0000447,0.9946540785033395
1327.587210184629,1.0001162,0.9955035654822992
1327.5885990572444,1.0002983,0.9948564872364388
1327.5899879299768,1.0002128,0.9953163490276188
1327.5913768025916,1.0001186,0.9952470986715761
1327.5927656752071,1.0001069,0.9965279526966484
1327.594154547823,1.0000151,0.9965222938482112
1327.595543420438,1.0002027,0.9949855380559308
1327.5969322930532,1.0001028,0.9959848241102893
1327.5983211657858,1.0001041,0.9955360388848601
1327.5997100384006,1.0000896,0.9944131497229118
1327.601098911016,1.0000206,0.9975111929350512
1327.6024877836321,1.0001549,0.9936837590808156
1327.6038766562474,0.9998599,0.9959955065274385
1327.605265528863,1.0001037,0.9955450300835551
1327.6066544014784,1.0001729,0.99775988464701
1327.60804327421,1.0003916,0.9948527369238295
1327.6094321468254,0.9999647,0.9953844092074007
1327.610821019441,1.000228,0.996274201165969
1327.6122098920564,1.0001986,0.9970385403186974
1327.6135987646717,1.0002493,0.9947170724634896
1327.6149876372872,1.0002934,0.9954491853932207
1327.6163765099027,0.9998819,0.9944781037213749
1327.617765382635,1.0000142,0.9957339643317887
1327.6191542552506,1.0001335,0.9951838129172272
1327.6205431278659,0.99979526,0.993231858675078
1327.621932000482,1.0001123,0.9945016405689604
1327.6233208730966,1.0000273,0.9957030579797634
1327.6247097457122,1.000063,0.9950385950702327
1327.6260986183283,1.000073,0.9958646805631437
1327.6274874910594,1.0000787,0.99549068037902
1327.6288763636749,1.000197,0.9963222967152746
1327.6302652362908,1.0001273,0.9962801970616297
1327.6316541089063,1.0001199,0.9947464759042393
1327.6330429815216,0.9999799,0.9962977288693229
1327.634431854137,1.0002218,0.9952681713486556
1327.6358207267524,1.0001596,0.9961521836718993
1327.6372095994843,1.0001571,0.994829833653779
1327.6385984720996,0.9999235,0.9958736776447257
1327.639987344715,0.9999347,0.9943883011705092
1327.6413762173306,1.0000885,0.994304160368718
1327.642765089946,1.000249,0.994798461284864
1327.6441539625612,1.0000539,0.9963931834959423
1327.6455428351767,1.0001426,0.9961425478757165
1327.6469317079086,1.0001451,0.9953824174195592
1327.648320580524,1.0001742,0.9963552132189074
1327.64970945314,1.0002061,0.996418473711651
1327.6510983257554,1.0000838,0.9955451480834869
1327.6524871983702,1.00024,0.995804791284215
1327.6538760709864,1.0000265,0.9956259542483042
1327.6552649436017,1.0003377,0.9940359167962387
1327.6566538162165,1.0000228,0.9978472635481387
1327.6580426889489,0.99989074,0.9944945314837882
1327.6594315615644,0.99994045,0.9964728319031427
1327.6608204341796,1.0002984,0.9952173534198893
1327.6622093067958,1.0001453,0.9930713993490247
1327.663598179411,0.99988467,0.9977300703568063
1327.6649870520266,1.0000254,0.9944474544989965
1327.6663759246421,0.9998606,0.994448704784627
1327.6677647972574,1.000034,0.9970873763693872
1327.669153669989,0.99971867,0.9974344349411974
1327.6705425426046,1.0001041,0.9932197667237702
1327.6719314152201,0.9999289,0.9965400257111158
1327.6733202878354,1.0000758,0.9959513508451447
1327.674709160451,1.0000525,0.9949971021493809
1327.6760980330664,1.0001199,0.9939713445742515
1327.6774869056824,0.9999998,0.9965583780495273
1327.6788757782979,1.000193,0.9945571279883492
1327.680264651029,1.0000536,0.9961817214548561
1327.6816535236449,0.99981296,0.9947754238155018
1327.6830423962606,1.0000436,0.9916394665364782
1327.6844312688752,1.0001571,0.9965937684250152
1327.6858201414911,1.0001086,0.9946243151077963
1327.6872090141067,1.0001893,0.9952515306446318
1327.6885978867213,1.0001928,0.9950909259474169
1327.6899867593374,1.0000492,0.9955824230025289
1327.692764504684,0.9999823,0.9967292921743508
1327.6941533773002,0.9999341,0.997088813698173
1327.6955422499163,0.9999342,0.9963553958231607
1327.696931122531,1.0000297,0.9949941085714142
1327.6983199951464,1.0000902,0.9950610780313264
1327.6997088677624,1.0000546,0.9956974398655932
1327.701097740378,0.9999936,0.9942928740155721
1327.7024866129932,1.0000597,0.9978380352565187
1327.703875485725,1.0000932,0.9949281155817028
1327.7052643583404,1.0002058,0.9946612413683884
1327.706653230956,1.0003484,0.9958940585845141
1327.7080421035712,1.0000551,0.9973426032144171
1327.7094309761874,1.0000725,0.9930630029746838
1327.7108198488027,1.0000159,0.9972205523185201
1327.7122087214175,1.0001746,0.9964899173725804
1327.7135975940337,1.0001782,0.995088662360303
1327.714986466649,1.0000465,0.9956776317734003
1327.7163753393802,1.000172,0.9967040019838224
1327.7177642119964,0.999771,0.9954268196634543
1327.7191530846117,1.0002275,0.9939098531668409
1327.7205419572265,1.000078,0.9961720754230781
1327.7219308298424,0.99981683,0.9967236048515149
1327.7233197024584,1.0003271,0.9937687223086284
1327.7247085750732,1.0000439,0.9934979190223523
1327.7260974476885,1.0000734,0.9972688176960426
1327.7274863203047,0.99994904,0.9948012813966068
1327.7288751929195,1.0001355,0.9937485452920871
1327.7302640656512,1.0001868,0.996186114667137
1327.7316529382674,0.9999457,0.9948369767693077
1327.7330418108822,0.99983364,0.9974164201964598
1327.7344306834975,0.9998824,0.9962724125539837
1327.7358195561137,1.0000657,0.9948892841221623
1327.737208428729,0.9999177,0.9960961870824768
1327.7385973013443,1.000105,0.9926272952209886
1327.7399861739598,1.0000287,0.9954094436272118
1327.7413750465757,1.0001291,0.9966641484107206
1327.7427639191915,1.0002059,0.9941399495331187
1327.744152791806,1.0001912,0.9963804175808862
1327.7455416645385,1.000118,0.9954126975938309
1327.746930537154,1.0003446,0.996867452580616
1327.7483194097686,1.0003177,0.9963782592698041
1327.7497082823847,1.0001383,0.9950628575421998
1327.751097155,0.99997985,0.996986259690204
1327.7524860276149,1.0001855,0.9952242165369246
1327.753874900231,1.0002096,0.9951268096605327
1327.7552637728472,1.0002241,0.9964224678893898
1327.7566526454618,1.0001518,0.994273376326634
1327.7580415180773,1.0000806,0.9966962440988318
1327.7594303906933,1.0001531,0.9949463853621436
1327.760819263308,1.0000654,0.9944869176898425
1327.7622081359234,0.99994546,0.9949048964442717
1327.7635970086558,1.0000498,0.9947918133817781
1327.7649858812706,1.0003194,0.9965535944438738
1327.766374753886,1.0000539,0.9933865233969417
1327.767763626502,1.0001467,0.9945590823671644
1327.7691524991176,0.9999534,0.9960548006327075
1327.770541371733,1.0000432,0.99615750490984
1327.7719302443484,1.0000303,0.9943808184666453
1327.7733191169636,1.0003011,0.9959289329438761
1327.7747079895792,1.0001305,0.9949296326759584
1327.7760968621947,0.9998797,0.9961711618286876
1327.7774857348109,1.0001022,0.995332050603885
1327.780263480041,1.0002779,0.9934609763198691
1327.781652352657,1.0000304,0.9970107234397829
1327.7830412252729,1.0001022,0.994489491239323
1327.7844300980041,1.0000808,0.9956988748716227
1327.7858189706194,1.0001464,0.995308092139131
1327.7872078432356,0.9999784,0.9970289730100282
1327.7885967158504,1.0000814,0.9963228888689688
1327.7899855884657,0.9999768,0.9954052038965913
1327.791374461082,1.0000898,0.995697118239161
1327.7927633336967,1.0001471,0.9964649194568231
1327.794152206312,1.0002664,0.9956009351273749
1327.7955410789282,1.0001085,0.9954544170150468
1327.7969299515428,0.99998313,0.9961517359039321
1327.7983188241583,1.000178,0.9948496193601142
1327.7997076967745,0.9997853,0.9953948228895468
1327.8010965693898,1.0001243,0.9956727990383941
1327.802485442005,0.9999879,0.9962835106623114
1327.8038743146205,1.0000974,0.9965822345121595
1327.805263187236,1.0001045,0.9958507494648473
1327.8066520598513,1.0001471,0.993535234716181
1327.8080409324666,0.9999137,0.9954387149373239
1327.8094298050821,1.0000302,0.9973392308990183
1327.8108186776976,1.0001221,0.9973186388786961
1327.812207550313,1.0001843,0.9965864248564617
1327.8135964229284,1.000083,0.9967606134734378
1327.8149852955444,1.0000381,0.9950324233715737
1327.8163741681599,1.0001049,0.9965784185375177
1327.8177630408918,1.0001295,0.9957507241077838
1327.8191519135078,1.0001106,0.995976102186168
1327.8205407861224,1.0002998,0.9951499156553347
1327.821929658738,1.000162,0.9975759237006525
1327.823318531354,1.000171,0.9931728390405097
1327.8247074039687,1.0002733,0.9958525772981848
1327.8260962765842,0.9999373,0.9945502132363072
1327.8274851492001,1.0001535,0.9968448432736129
1327.8288740218156,1.00011,0.9953539938839612
1327.8302628944311,1.0000987,0.9946010997995033
1327.8316517670464,1.0001452,0.9960453913945206
1327.8330406396617,1.0000229,0.9937744599254157
1327.8344295122774,0.999789,0.995824305430463
1327.8358183848927,0.9999687,0.9971979226030759
1327.837207257508,1.0000088,0.9970577359297782
1327.848318238432,0.9998871,0.9879120751279011
1327.8497071110469,1.000087,0.9916837788959033
1327.8510959836628,1.0001779,0.9947097009771615
1327.8524848562784,1.0000765,0.9958974567621186
1327.853873728893,1.0003198,0.9960249580671314
1327.855262601509,1.0001633,0.9951763087368732
1327.8566514741244,1.0000032,0.9964987314853294
1327.85804034674,1.0000346,0.9955610007226348
1327.8594292193561,1.0001683,0.9972125667998776
1327.8608180919714,1.000183,0.9945869097827216
1327.8622069645867,1.0000198,0.9961020405717805
1327.8635958372022,1.000097,0.9956815941218214
1327.8649847098177,1.0000895,0.9965384077191134
1327.866373582433,1.0000316,0.9918534151115153
1327.8677624550483,1.0000528,0.9974598563218398
1327.869151327664,1.0001049,0.9967826760804585
1327.8705402002793,1.0001142,0.9940342436271402
1327.8719290728945,1.0004339,0.9945431873950655
1327.87331794551,1.000089,0.9955201200562549
1327.874706818126,1.0000846,0.9945363132772039
1327.8760956907415,1.0001277,0.9963349223226978
1327.8774845632397,1.0000746,0.9955576220192156
1327.878873435856,1.0000726,0.9924891657296117
1327.8802623084714,1.0000473,0.9978588051125307
1327.881651181086,1.0001204,0.9954757280320352
1327.8830400537022,1.0000024,0.9967754692259535
1327.8844289263175,1.0001992,0.9962908283778469
1327.8858177989323,1.000131,0.9945542550743621
1327.8872066715485,0.99982035,0.9961709295996977
1327.8885955441644,1.0001731,0.9963144757382175
1327.889984416779,1.0000787,0.9954401394338985
1327.8913732893948,1.0001341,0.9963619001009054
1327.8927621620107,1.0000191,0.9955974673566799
1327.8941510346253,1.0000125,0.9953603552105151
1327.8955399072408,1.000015,0.9967555137554156
1327.8969287798568,1.0001696,0.9958370067406196
1327.8983176524723,1.0002037,0.9955312536949321
1327.8997065250878,1.0002759,0.9962242735976755
1327.901095397703,1.0002196,0.9960810974755531
1327.9024842703184,1.0004297,0.9959570007682335
1327.9038731429341,1.0001719,0.9952344005221163
1327.9052620155494,1.0001024,0.9952954180470862
1327.9066508880492,1.0002929,0.9954898534468948
1327.9080397606645,1.0002092,0.9962966532307211
1327.9094286332793,1.0000472,0.9962904094305335
1327.9108175058952,1.0001439,0.9964624157543185
1327.9122063785107,1.0001692,0.9959118339255302
1327.9135952511253,1.0001918,0.9965177198849696
1327.9149841237413,0.9999321,0.9957217150820363
1327.916372996357,1.00008,0.9957558678640338
1327.9177618689716,1.0000348,0.9967049143411966
1327.9191507415876,1.0001241,0.9956246698226364
1327.9205396142038,0.99997413,0.9946728684912071
1327.9219284868186,0.99990016,0.9957494666882813
1327.923317359434,0.9998888,0.9969979084356354
1327.92470623205,1.0002573,0.994805885588475
1327.9260951045483,1.0001103,0.9945746343608085
1327.9274839771638,1.0003,0.997112229116919
1327.92887284978,1.0002168,0.9959807887679534
1327.9302617223946,1.0002546,0.9967478461625718
1327.93165059501,1.0001941,0.9948208965865015
1327.933039467626,1.0002521,0.9959782481448969
1327.934428340242,1.0002543,0.9954224838569381
1327.9358172128575,1.0001103,0.9960782350916292
1327.937206085472,1.0001156,0.9964411143649383
1327.9385949580883,0.9999413,0.9968533263730074
1327.9399838305874,1.0002695,0.9942446047683179
1327.941372703202,1.0003529,0.9971656494703374
1327.9427615758182,1.0001793,0.9952462881889012
1327.9441504484334,0.99996924,0.9960116697765615
1327.9455393210483,1.0001526,0.9963599193984373
1327.9469281936645,0.9999251,0.9970677643973292
1327.9483170662807,1.0000291,0.9938774058723353
1327.9497059388952,1.0000688,0.9962412606842693
1327.9510948115108,1.0002135,0.9966440631984497
1327.9524836840103,1.0001318,0.9963168776475013
1327.953872556625,1.0000573,0.9954581866040751
1327.9552614292404,1.0001775,0.997270257663186
1327.9566503018564,1.0002315,0.9940906895330607
1327.9580391744712,1.0001824,0.9963825175771308
1327.9594280470865,1.000092,0.9956692436552383
1327.9608169197027,1.0000203,0.9948974490411444
1327.9622057923182,1.000082,0.9988092089013144
1327.9635946648173,0.99998707,0.9953575695807914
1327.9649835374325,1.0001473,0.9970480144314977
1327.9663724100478,1.0000811,0.9952108391369264
1327.9677612826633,0.99999094,0.9952642743799628
1327.9691501552788,1.000075,0.9972887890258936
1327.9705390278941,1.0000883,0.9939524191028843
1327.9719279005094,1.0000716,0.9969201417776351
1327.9733167731251,1.0000159,0.9961650187617649
1327.9747056456247,1.0002135,0.997463572052616
1327.9760945182402,1.0001733,0.9955057855207133
1327.9774833908548,1.0000079,0.9965884728066857
1327.9788722634707,1.0001012,0.994676391660175
1327.980261136087,1.0001215,0.9961107746463979
1327.9816500087018,1.0000517,0.9953527314182082
1327.9830388812006,0.9999359,0.9951403871070534
1327.9844277538168,1.0000862,0.997541721792602
1327.9858166264316,1.0002303,0.9967218649295743
1327.987205499047,1.000202,0.9954437124453827
1327.988594371663,1.0001005,0.9943426243824167
1327.9899832442777,1.0000924,0.9944883003899836
1327.9913721167768,1.0000805,0.9961521158855494
1327.9927609893928,0.99999356,0.9973922498706057
1327.9941498620083,1.000076,0.9964702485720364
1327.9955387346236,1.0002503,0.9950967347455502
1327.996927607239,1.0000257,0.9968581529529247
1327.9983164798546,1.0002702,0.9960808928724443
1327.9997053523534,1.0001482,0.9955462394864922
1328.0010942249687,1.0001439,0.9963144739433201
1328.0024830975842,1.0001994,0.9968265171147211
1328.0038719701997,1.000356,0.9956783551738316
1328.005260842815,1.0002247,0.9968657936241471
1328.0066497153139,1.0002751,0.9964109944337043
1328.00803858793,1.0001398,0.9963774914651111
1328.0094274605456,1.0002056,0.9955351700929073
1328.0108163331602,1.0002115,0.9963719901152994
1328.0122052057764,1.0001241,0.9946829984716422
1328.0135940782752,1.0000103,0.9959092957350064
1328.0149829508907,1.0001258,0.9966443951561468
1328.0163718235067,1.000172,0.996658114962237
1328.0177606961215,1.0001456,0.995788725145307
1328.0191495687368,0.9999401,0.9952500020903321
1328.0205384412366,1.0001484,0.9964486359853355
1328.021927313852,0.9998415,0.9948151501506147
1328.0233161864676,1.0000851,0.9972487213187872
1328.0247050590829,1.0000077,0.9946724426719998
1328.0260939316981,1.0002042,0.9960110692599927
1328.0274828041972,1.0000497,0.9943359153174691
1328.0288716768127,1.000115,0.9948793389407784
1328.030260549428,1.0001296,0.9962841475532033
1328.0316494220435,1.000181,0.9968602641715981
1328.0330382945426,1.000053,0.995892806102784
1328.034427167158,0.9999335,0.9940638159971755
1328.0358160397732,0.9999915,0.996734992738526
1328.0372049123887,1.0002024,0.995326534155373
1328.0385937848878,1.0001,0.9957082185631948
1328.0399826575037,1.0001711,0.9966330294918551
1328.0413715301192,1.000127,0.9953314117191597
1328.042760402734,1.0002675,0.9955579616001027
1328.04414927535,1.0002177,0.9977175779085747
1328.0455381478491,1.0000769,0.9952628201609842
1328.0469270204637,1.000193,0.9963727930495277
1328.0483158930797,1.0003519,0.9957291304711317
1328.0497047656952,1.000271,0.9961214446618645
1328.0510936381934,1.0002087,0.994446933603367
1328.0524825108096,0.99996305,0.9968213931861757
1328.0538713834258,1.000209,0.9967730040369375
1328.0552602559246,1.0000114,0.9954812221864684
1328.0566491285401,0.99999684,0.9974439867365211
1328.0580380011556,1.0002285,0.9960769152080127
1328.059426873771,1.0001702,0.9961359556434246
1328.0608157462698,1.0001729,0.9951916468390765
1328.0622046188853,1.0001084,0.9962376023063524
1328.0635934915008,0.9999751,0.9963497181983445
1328.064982364116,1.0001285,0.9966567729614396
1328.0663712366152,0.99999106,0.9955715730473945
1328.0677601092311,1.0001618,0.9961855572227105
1328.0691489818466,1.0001385,0.9966442281314275
1328.0705378543448,1.0002697,0.9954777871071987
1328.071926726961,1.0000451,0.9964415244952067
1328.0733155995763,0.9999961,0.9955767758351609
1328.0747044721911,1.0000643,0.9967760954651004
1328.076093344691,1.0000943,0.9960404031628484
1328.0774822173062,1.0001252,0.9958583832515663
1328.078871089921,1.000079,0.9948332080825436
1328.0802599624208,1.0000179,0.9958344380844758
1328.0816488350367,1.0001609,0.9946607586986305
1328.0830377076513,1.0001843,0.9972400342100592
1328.0844265801504,1.0000383,0.9948057885374301
1328.0858154527664,0.9999191,0.9969447924986661
1328.0872043253812,1.0001082,0.9938291179197019
1328.0885931979965,1.0001589,0.9977286760389343
1328.0899820704963,1.0002426,0.9941872790387669
1328.091370943111,1.000073,0.9976337625948043
1328.0927598157264,0.9999647,0.9947556093086246
1328.0941486882261,1.0000901,0.9959552039244022
1328.0955375608423,1.000187,0.9965629949044379
1328.0969264334576,1.0001183,0.9924132070088643
1328.098315305956,1.0000646,0.9985813878193771
1328.0997041785722,1.0003295,0.9959816167578848
1328.1010930511875,0.9998319,0.994453929373988
1328.102481923686,1.0000315,0.9957545438575296
1328.1038707963019,1.0000541,0.9974284853828743
1328.1052596689174,1.0001915,0.9959535655518235
1328.1066485414156,1.0002156,0.9956329028700743
1328.1080374140315,0.99989545,0.9961642288849284
1328.109426286647,1.0001589,0.9968288397405529
1328.1108151591452,0.99993193,0.9958968335214169
1328.1122040317614,1.0001642,0.9951918680307237
1328.1135929042612,1.0000192,0.9955084895607328
1328.114981776876,1.0000463,0.997654565633725
1328.1163706494913,1.0000992,0.9947669277220036
1328.117759521991,1.0002605,0.99718512599177
1328.1191483946056,1.0000858,0.9948701788897387
1328.1205372672212,1.0001445,0.9963664902677167
1328.1219261397207,1.0001054,0.9961514733590243
1328.1233150123353,0.99991184,0.9941184803119792
1328.124703884951,1.000126,0.9946663892801695
1328.1260927574506,1.0000008,0.9987241993185189
1328.127481630066,0.9999799,0.9956147078724319
1328.128870502565,1.0002191,0.9951068485166159
1328.1302593751802,1.0001527,0.9957238879802089
1328.1316482477964,1.000105,0.9968242826848817
1328.1330371202953,1.0003722,0.9953843941911706
1328.13442599291,1.0000577,0.9946629846601169
1328.1358148654099,0.99997824,0.9960068195145121
1328.1372037380252,1.0002047,0.9969608311557008
1328.13859261064,1.0001011,0.9965608030508232
1328.1399814831398,1.0001609,0.9949444260110082
1328.1413703557557,1.0000257,0.9951969111142752
1328.142759228254,1.0003849,0.9971271258374318
1328.1441481008694,1.0002208,0.993928318953727
1328.1455369734854,1.0002812,0.9974160136240527
1328.1469258459838,1.000067,0.9952288955269079
1328.1483147185993,1.0002469,0.9957688934452581
1328.1497035910988,1.0001328,0.9949797009424285
1328.1510924637137,1.0001798,0.9957888680753059
1328.152481336329,1.0000285,0.9968885516910183
1328.1538702088287,1.0001589,0.9962246266653658
1328.155259081444,0.99998176,0.9947445652826693
1328.156647953943,0.99997467,0.9953701101880126
1328.1580368265586,1.0002106,0.9965818209200074
1328.1594256990575,1.0000567,0.9958973549244569
1328.160814571673,1.0000943,0.9961914836156495
1328.162203444172,1.000042,0.9948161324960898
1328.1635923167873,1.0002339,0.9969178216099925
1328.1649811894026,1.0003837,0.9942421150210003
1328.1663700619017,1.0002606,0.9980417049406353
1328.1677589345172,1.0000896,0.9948710677968966
1328.169147807017,1.0001693,0.9938813822682198
1328.1705366796323,1.0001534,0.9971448075952516
1328.1719255521311,1.0001534,0.9949805814586644
1328.1733144247473,1.0001159,0.9953935889765888
1328.1747032972457,1.0000927,0.9946442701803232
1328.176092169861,1.0000908,0.9955636632222921
1328.1774810423608,1.0001336,0.9963307801969737
1328.1788699149754,1.0001673,0.9951137315669012
1328.180258787591,1.0002056,0.9973277095947992
1328.1816476600907,1.0001851,0.9944798452961504
1328.1830365327053,0.99993294,0.9952888975647228
1328.1844254052044,1.0001094,0.9954295410252426
1328.1858142778203,1.0000261,0.9962888203687555
1328.1872031503194,1.0002937,0.9967084841488034
1328.1885920229347,1.0002437,0.9959911872001517
1328.1899808954336,1.0001462,0.9946901246386857
1328.191369768049,1.0002236,0.9958517513342656
1328.1927586405482,1.0002257,0.9958033001866686
1328.1941475131634,0.9998876,0.9958686997404781
1328.1955363856625,1.000065,0.9972245069301712
1328.196925258278,1.0001012,0.9956827909206116
1328.198314130777,0.9999988,0.9950915521202086
1328.1997030033922,1.000141,0.9967689637930528
1328.201091875892,1.0003003,0.994663710770935
1328.2024807485072,1.0002012,0.9966294152956509
1328.2038696210057,1.0001482,0.996031964031507
1328.2052584936218,1.000184,0.9961122728261419
1328.2066473661207,1.000265,0.9960294790951444
1328.2080362387355,1.0002998,0.9960096479956476
1328.2094251112353,1.000093,0.9948359894009697
1328.2108139837342,1.0000302,0.9966407974609989
1328.2122028563494,1.0000899,0.9961512701060737
1328.2135917288492,1.0001078,0.9959303806609535
1328.2149806014645,1.0002141,0.995152860568722
1328.2163694739638,1.0000386,0.9950728125524837
1328.217758346579,0.9999135,0.9974131151156198
1328.219147219078,0.9999025,0.9961077893372641
1328.2205360916935,1.0001003,0.9954279305101827
1328.2219249641926,1.0000149,0.9972141342756585
1328.2233138368078,1.0000069,0.9950031501674028
1328.2247027093067,1.0001495,0.9940913284371136
1328.2260915818058,1.0000726,0.9975875415544836
1328.2274804544213,1.0001308,0.9953745480005831
1328.228869326921,0.99990815,0.9947088404165128
1328.2302581995364,1.0002177,0.9978325576519487
1328.2316470720348,1.0000099,0.9952351424598432
1328.2330359446507,1.000201,0.9960556086908509
1328.2344248171498,1.0002062,0.99561390740233
1328.235813689648,1.000161,0.9964126976693194
1328.237202562264,1.0001407,0.9947311019858753
1328.238591434763,1.0000826,0.9970891218297554
1328.2399803073777,1.0002322,0.9946856628854086
1328.2413691798774,1.0001042,0.9956874249820317
1328.2427580524936,1.0001751,0.9960012350630962
1328.244146924992,1.0001653,0.9961596377061196
1328.245535797491,1.000217,0.9960972444336144
1328.246924670107,1.0000364,0.996131512744652
1328.2483135426053,1.0001303,0.9956504745345729
1328.2497024152208,1.0001167,0.9969281011731692
1328.2510912877206,1.0000253,0.9946900275495971
1328.2524801602194,1.0001574,0.9967769501805467
1328.2538690328347,1.0001636,0.9964583343749426
1328.2552579053338,0.9999456,0.9966337670584007
1328.2566467778329,1.0000839,0.9974254270473282
1328.2580356504482,1.0002021,0.995800871856882
1328.259424522947,1.0002712,0.9955590605047597
1328.2608133955632,1.0002297,0.9961513724494049
1328.2622022680623,1.0000622,0.9966304670970026
1328.2635911405605,0.99990773,0.9966859493193112
1328.2649800131767,1.000184,0.9965581140870668
1328.2663688856755,1.0001771,0.9956351006063677
1328.267757758174,1.0001577,0.994688946487297
1328.2691466307901,1.0002371,0.996775771228811
1328.270535503289,1.0000063,0.9963541749724754
1328.2719243759038,1.0003071,0.99610412350506
1328.2733132484036,1.0000206,0.997013778679563
1328.2747021209032,1.0001903,0.9940776425759539
1328.2760909935178,1.0000597,0.9955137811894206
1328.2774798660168,1.0000358,0.9961818163895915
1328.2788687385164,1.0002986,0.9952163614503124
1328.2802576111312,1.0000954,0.997220939317634
1328.28164648363,1.000103,0.9955433238588692
1328.2830353561299,1.0002451,0.9959046154571236
1328.2844242287447,0.9999594,0.9946493878191254
1328.2858131012435,0.9999077,0.995875036587309
1328.2872019737433,1.0000187,0.9953536701199337
1328.2885908462422,1.000092,0.9959069302466474
1328.2899797188577,1.0001804,0.9963749090023939
1328.2913685913568,0.99994653,0.9955471772477641
1328.2927574638563,1.0000985,0.9964007303649363
1328.2941463364718,1.0001733,0.9950075392288904
1328.29553520897,1.0001723,0.9967904441802694
1328.2969240814696,1.0001547,0.9946363311262142
1328.2983129540853,1.000176,0.9966296133512591
1328.2997018265835,1.0000412,0.994935314056272
1328.301090699083,1.0001708,0.997615810115639
1328.3024795716992,1.0001103,0.9958120677240946
1328.3038684441976,1.0000814,0.9960407040591098
1328.3052573166965,1.0001092,0.9955837651244501
1328.3066461891963,1.0003669,0.9945626110208503
1328.3080350618109,1.0002044,0.9970861499836018
1328.30942393431,1.0000159,0.9949663791442365
1328.3108128068097,0.9999811,0.9962952685353272
1328.312201679308,1.0000547,0.9971924434931327
1328.3135905519234,1.0001739,0.9936903924034918
1328.314979424423,1.0000951,0.9967203558860736
1328.316368296922,1.0000464,0.9953065440407682
1328.317757169421,1.000208,0.9959514613404044
1328.3191460420362,1.0002315,0.9969875498187868
1328.3205349145355,1.0001909,0.9951430051783596
1328.3219237870344,1.0002352,0.9951366663758122
1328.3233126595333,1.0000998,0.9970950496745578
1328.3247015321488,1.000001,0.9952528660612919
1328.3260904046479,1.0002126,0.9970729475021519
1328.3274792771467,1.0003175,0.9957451283535308
1328.3288681496465,1.0001094,0.9964575058646092
1328.3302570222627,1.0002228,0.9949761623617172
1328.3316458947609,1.0001897,0.9947468447287483
1328.33303476726,1.0002486,0.9944736236819403
1328.3344236397595,1.0001341,0.9955112818672107
1328.335812512374,1.000231,0.996361312644867
1328.3372013848732,1.0003617,0.9968386771346468
1328.3385902573727,1.0002822,0.996842842313618
1328.3399791298712,0.9999886,0.9965508015281748
1328.34136800237,1.0000846,0.9953383177890633
1328.3427568749862,1.0001451,0.9952686528547741
1328.3441457474853,1.0002979,0.9962931823678755
1328.3455346199844,1.0001199,0.9962619837074207
1328.3469234924833,1.0000077,0.9961088435512553
1328.3483123649821,0.99983764,0.9961048459571907
1328.3497012375976,1.0002493,0.9957259604731654
1328.3510901100967,0.999951,0.9966822976837194
1328.3524789825956,1.0001271,0.9934480214237721
1328.3538678550944,1.0001693,0.9979408426707594
1328.3552567275938,1.0000132,0.9960954192083642
1328.3566456000926,1.0001655,0.995929266075604
1328.358034472708,1.000037,0.9966142639264324
1328.359423345207,0.9999514,0.9954072962483143
1328.360812217706,1.0001538,0.9952411089854131
1328.3622010902056,1.0002518,0.9954649181521581
1328.3635899627047,0.99996,0.996286873475749
1328.364978835203,1.0000571,0.9975075406060488
1328.3663677078189,1.000114,0.9959100628666498
1328.3677565803182,1.0000234,0.9944268376887042
1328.369145452817,1.000094,0.9962653306945745
1328.3705343253168,1.0000889,0.9965379141592068
1328.371923197815,1.0002385,0.9950797538259767
1328.3733120703141,0.9999698,0.9980296221914995
1328.3747009428137,1.0003144,0.9946756597965101
1328.3760898154292,1.0002872,0.9960451518286321
1328.377478687928,1.0000579,0.9964529948716573
1328.3788675604271,1.0000329,0.9948486085710601
1328.3802564329262,1.0002449,0.996449837589481
1328.381645305425,1.0001041,0.9966336490962303
1328.383034177924,1.0001059,0.9952969077682591
1328.384423050423,1.0001248,0.9972863764527465
1328.3858119229221,1.0002204,0.9964252847063526
1328.387200795421,1.0002176,0.9942865255776098
1328.3885896680363,1.0002848,0.995981872112858
1328.389978540536,1.0000653,0.9961588026984708
1328.3913674130351,0.9999803,0.9970002455269977
1328.3927562855333,1.000133,0.9950288894104692
1328.394145158033,1.0001689,0.9954796010347253
1328.395534030532,1.0002376,0.9953522634398554
1328.3969229030304,0.9999952,0.9949870447236233
1328.3983117755301,0.99991536,0.9971507578554384
1328.399700648029,1.0000029,0.9966813857175415
1328.4010895205274,1.0001099,0.995793852430564
1328.4024783930272,1.0001104,0.9960981741104236
1328.4038672655267,0.9999135,0.9964722689387396
1328.4052561381413,1.0001134,0.9958746379615645
1328.4066450106404,1.0000361,0.9956087120357726
1328.40803388314,0.9999535,0.9971336432123369
1328.409422755639,1.0002215,0.9953052760802835
1328.4108116281382,1.0000607,0.996541028207909
1328.412200500637,0.99999964,0.9949143990506951
1328.4135893731361,1.0001775,0.9976476665960081
1328.4149782456352,0.9999112,0.9930632561648233
1328.416367118134,0.9998811,0.9971453370875357
1328.4177559906339,1.0000691,0.9973600738183577
1328.4191448631327,1.0000484,0.9961642717371005
1328.4205337356311,0.9999533,0.9940014337469352
1328.4219226081307,1.0002078,0.9959247603458444
1328.4233114806298,1.0000142,0.996943661956777
1328.4247003531282,0.9999254,0.9954456318696918
1328.4260892256277,1.0001749,0.9966372980356623
1328.4274780981268,1.0001613,0.9969148961720282
1328.428866970625,1.000054,0.9961343596399131
1328.4302558431245,1.0001179,0.9951889314050408
1328.4316447156243,1.0000525,0.9942717600318873
1328.4330335881227,1.0000739,0.9960757672197231
1328.4344224606216,1.0001907,0.9969123287073145
1328.4358113331214,1.0000644,0.9964603971468989
1328.4372002056198,1.0002689,0.9962354802209915
1328.4385890781186,1.0000407,0.9955535030978943
1328.4399779506184,0.9999436,0.995426359674501
1328.4413668231166,1.0002377,0.9966193529077472
1328.4427556956157,1.0002179,0.9966264027340247
1328.4441445681152,1.0003198,0.9939093415714502
1328.4455334406143,0.9999827,0.9964147283443731
1328.4469223131132,1.0002462,0.9960592015855864
1328.4483111856123,1.0000535,0.9958477370298604
1328.4497000581118,1.000198,0.9964665285374874
1328.451088930611,1.0001588,0.9956331741933878
1328.452477803109,1.0000414,0.9954953050959162
1328.4538666756089,1.0000237,0.9955647772553312
1328.4552555481077,1.0003284,0.9973958563379614
1328.4566444206062,1.0001738,0.9955935963628763
1328.458033293106,1.0000287,0.995259590451366
1328.4594221656048,1.0001278,0.9955007749368084
1328.4608110379868,1.0002509,0.9960587259720013
1328.4621999104866,1.0001543,0.9963003048071922
1328.463588782986,1.0001847,0.9960004380564821
1328.4649776554843,1.0001931,0.9965045204969268
1328.4663665279834,1.0002385,0.994939633267687
1328.467755400483,1.0001684,0.9979979904974923
1328.4691442729813,1.0001018,0.9943730841777652
1328.4705331454802,1.0003282,0.9957483831005005
1328.47192201798,1.0000736,0.9957549247009283
1328.4733108904784,1.0000694,0.9965821931060285
1328.4746997629773,1.0000365,0.9958964415580348
1328.476088635477,1.0001318,0.9969159765613053
1328.4774775078595,1.0002084,0.9946080394108991
1328.4788663803586,1.0000437,0.9969478956033831
1328.4802552528577,1.0002904,0.9950644297174643
1328.4816441253565,1.0003003,0.9952074516895402
1328.4830329978556,1.0001476,0.9953688720152246
1328.4844218703547,1.0001364,0.9952321809529755
1328.4858107428536,1.0001813,0.9963064320310379
1328.4885884877351,1.0000083,0.9965694603673568
1328.4899773602347,0.99998057,0.9975020814364058
1328.4913662327344,1.0000393,0.9952737585003729
1328.4927551052328,1.0000639,0.9965206552562546
1328.4941439777317,1.0003995,0.9959578580630076
1328.4955328502315,1.0000521,0.9957036255311223
1328.49692172273,1.0001465,0.9970236543536993
1328.4983105951123,1.0002221,0.9956047346562368
1328.4996994676121,1.0001333,0.9960078878926439
1328.5010883401103,1.0002738,0.9941307003479224
1328.5024772126094,1.0001994,0.9970201596513149
1328.503866085109,1.0000777,0.995634336347012
1328.505254957608,1.0002049,0.9962920880881883
1328.5066438299905,1.0000937,0.9958794130104274
1328.5080327024896,1.0000477,0.9944947005099909
1328.5094215749887,1.0001473,0.9971805549400656
1328.5108104474875,1.0002079,0.9980072448245184
1328.5121993199864,1.0002983,0.9957820920218665
1328.513588192369,1.0000192,0.9940269169079187
1328.5149770648682,1.0001111,0.9964598624063024
1328.516365937367,0.99998176,0.9961496660429762
1328.517754809866,1.0000099,0.995633544745662
1328.5191436823657,1.0000229,0.9959387447798644
1328.5205325547483,1.0000755,0.9973199929331049
1328.5219214272465,0.99999833,0.9960780057541717
1328.5233102997463,1.0000856,0.9957039032572853
1328.5246991722452,1.0001966,0.9964092503141786
1328.5260880447443,0.9998927,0.9960570906639402
1328.5274769171274,1.0000236,0.9967428184222664
1328.5288657896258,1.0000544,0.9958907521102137
1328.530254662125,0.99998176,0.9964258634648189
1328.5316435346244,1.0002605,0.9955013756986787
1328.533032407007,1.0001911,0.9950669035959412
1328.5344212795062,0.9999602,0.9960957522021116
1328.535810152005,1.0000038,0.996726495853605
1328.537199024504,1.0000407,0.9954726104091134
1328.5385878968866,1.0002577,0.99633368864462
1328.5399767693857,1.000373,0.9957887902679546
1328.5413656418846,1.0002495,0.9962531568092577
1328.5427545143837,0.99990046,0.9965027809674247
1328.5441433867663,0.99992436,0.9954955511756071
1328.5455322592652,1.0001063,0.9967317109488583
1328.546921131765,1.00001,0.9950105467175484
1328.5483100041474,1.0000095,0.9968236127642394
1328.5496988766458,1.0001708,0.9956988375515886
1328.5510877491456,1.0000254,0.9958315245023809
1328.5524766216445,1.000185,0.9955544664696585
1328.5538654940265,1.000277,0.9967291861245372
1328.555254366526,0.9999653,0.9955646264923362
1328.556643239025,1.0001569,0.9969594900329294
1328.5580321114069,1.0000229,0.995470203189399
1328.5594209839064,1.0000982,0.9940380995992988
1328.5608098564062,0.99994296,0.9975054995237841
1328.5621987287882,1.000136,0.9968054339174085
1328.563587601287,1.0000899,0.9960253919970815
1328.5649764737868,1.000042,0.99387665039236
1328.5663653462857,1.0002124,0.9976399060654638
1328.5677542186684,1.0001758,0.9947364537769313
1328.5691430911675,1.0002179,0.9963283825460189
1328.5705319636663,1.000278,0.9956171594755299
1328.5719208360488,1.0000714,0.9960960324285675
1328.5733097085479,1.0001243,0.9962682459381369
1328.574698580931,1.0000169,0.9968293338734368
1328.5760874534303,1.0003153,0.9955787476414217
1328.5774763259285,1.000156,0.9970125700704864
1328.5788651983116,1.0001315,0.994048854402491
1328.5802540708107,1.000222,0.9950356893848806
1328.581642943309,1.0000427,0.99667277616451
1328.5830318156923,1.000139,0.9954955322785863
1328.5844206881911,0.99992925,0.9952177750913507
1328.5858095606895,1.0000584,0.9959092280845459
1328.587198433073,0.99999976,0.9955421874079755
1328.5885873055718,1.0002216,0.996074342556644
1328.5899761779538,1.0000559,0.995538955897539
1328.5913650504535,1.0003752,0.9937891220480806
1328.592753922953,1.000187,0.9977379799884448
1328.5941427953348,1.000195,0.9962689779100037
1328.595531667834,1.0000877,0.9951766492166075
1328.596920540217,1.0000461,0.9968578212038225
1328.5983094127155,0.9998797,0.9948404907010074
1328.5996982852143,0.99998945,0.9963693739735676
1328.6010871575977,1.0000614,0.9961166686526824
1328.602476030096,1.0000254,0.9970661872510445
1328.6038649024786,1.0002697,0.99556509953573
1328.6052537749783,1.0002424,0.9966330495594082
1328.6066426473617,1.0001497,0.995122749857698
1328.6080315198606,1.0002347,0.9963049915733713
1328.609420392359,1.0002129,0.9943569489995818
1328.6108092647423,1.0000933,0.996890345663535
1328.6121981372412,1.0001884,0.9950554532563185
1328.6135870096232,1.0000627,0.9960531370182606
1328.6149758821227,1.0001761,0.9979814892764666
1328.6163647545054,1.0002053,0.9939062198626247
1328.6177536270036,1.0000346,0.9974563461781792
1328.6191424993867,1.0001713,0.9963320115704665
1328.6205313718865,1.0001016,0.9951143676847906
1328.6219202442685,1.0001614,0.9947244524410763
1328.6233091167674,1.0000374,0.9964353212203448
1328.6246979892671,1.0000333,0.994316985555288
1328.6260868616491,1.0000951,0.9972560088939516
1328.627475734148,1.000288,0.9955578095686882
1328.6288646065314,1.0003102,0.9950713422127396
1328.6302534790295,1.0002614,0.9965375747129545
1328.6316423514122,1.0002698,0.9963989244559193
1328.633031223912,1.0001273,0.9955551914094573
1328.6344200962944,1.0001273,0.9958305756575881
1328.6358089687933,1.0002136,0.995865574294696
1328.637197841176,1.0001091,0.9957601513432062
1328.638586713675,1.000178,0.9953050238024893
1328.6399755860575,1.0001453,0.9959667183148309
1328.6413644585564,1.0001034,0.995900512543137
1328.642753330939,1.0001754,0.9954885283031347
1328.6441422033217,1.000085,0.995181281993405
1328.6455310758206,1.0002786,0.9969806317697985
1328.646919948204,1.0001787,0.9963213745280489
1328.6483088207037,1.0001378,0.9954111211936095
1328.6496976930855,1.0000772,0.9953942962538518
1328.6510865655846,1.0001549,0.9968601161245316
1328.6524754379677,0.99992675,0.9972256893412279
1328.653864310466,1.0000929,0.9949518393102109
1328.6552531828488,1.0001202,0.9976768467317271
1328.656642055232,1.0000634,0.99433514637366
1328.6580309277301,1.0000424,0.9964061411955094
1328.6594198001128,1.0003613,0.9968669896894825
1328.6608086726123,1.0001137,0.9948107559975266
1328.662197544995,1.0001798,0.9956171121464928
1328.6635864174941,1.0001147,0.9966587958101769
1328.6649752898766,1.0002443,0.9950133428624018
1328.666364162259,1.0003294,0.9956607643994437
1328.6677530347583,1.0004382,0.996599690172454
1328.6691419071408,1.0002406,0.9958567967608728
1328.6705307796396,1.0003262,0.9957093534454688
1328.6719196520223,1.0002162,0.9951762646043683
1328.673308524405,1.0001341,0.9958308316861775
1328.6746973969039,0.9999371,0.99710111058449
1328.6760862692872,0.99985623,0.9944519895785823
1328.677475141786,1.000089,0.9974015630284069
1328.678864014168,1.0001577,0.9961697915293417
1328.6802528865514,1.0002904,0.9945310974170164
1328.6816417590503,1.0001144,0.9955181234620706
1328.6830306314323,1.0003899,0.9971035314653293
1328.6844195038154,1.00008,0.9956139915627802
1328.6858083763145,1.0000565,0.9966476012331608
1328.687197248697,1.0001966,0.9958136392046069
1328.6885861210803,1.0000651,0.9947886938791893
1328.6899749935792,1.0004065,0.9971780768312571
1328.6913638659619,1.0001323,0.9948668014618622
1328.692752738461,1.0001312,0.9960473753814935
1328.6941416108434,1.0001487,0.9963861616438516
1328.6955304832259,1.000142,0.9937331832262081
1328.6969193556085,1.0000075,0.9971271246518743
1328.6983082281076,1.000046,0.9960683880226476
1328.69969710049,1.000205,0.9959140833664766
1328.7010859728725,1.0002224,0.9968447215607452
1328.7024748453719,1.0001054,0.996421342485073
1328.703863717755,1.0001401,0.993893316573803
1328.7052525901377,1.0000725,0.9963677400038915
1328.7066414626358,1.0000871,0.997697212410901
1328.708030335019,1.0001934,0.9952716071101806
1328.7094192074017,1.0000929,0.996587020288725
1328.7108080798998,1.0000589,0.9942814205529176
1328.7121969522832,1.0002059,0.9963195275079905
1328.7135858246659,1.0000321,0.9961098659668862
1328.7149746970476,1.000025,0.9955495112611876
1328.7163635695474,1.0002154,0.9955656843411002
1328.7177524419308,1.000205,0.9963895691254558
1328.7191413143125,1.0002065,0.9961020254708793
1328.7205301866952,1.000346,0.9949877866865742
1328.7219190591948,1.0000246,0.9973442570548308
1328.7233079315774,1.0000026,0.9963876675783412
1328.72469680396,1.0002025,0.9966531651529191
1328.7260856763426,0.99991554,0.9957223586667036
1328.7274745488417,1.0002911,0.994665945687555
1328.728863421224,1.0001956,0.9964901259781453
1328.7302522936066,0.999949,0.9959645095175239
1328.73164116599,1.0000707,0.9957800864211347
1328.7330300384888,1.0002376,0.995015210500817
1328.7344189108708,1.0001382,0.9946527827208546
1328.7358077832541,1.0002283,0.9976172975495279
1328.7371966556366,1.0001885,0.9952496937441139
1328.7385855280186,1.0000123,0.9976347078378496
1328.7399744005183,0.9999378,0.9945808441970829
1328.7413632729008,1.0000775,0.9960867765302746
1328.7427521452828,1.0000756,0.9972566493107895
1328.744141017666,1.0003293,0.9949863318074601
1328.745529890049,1.0000719,0.9968505906600059
1328.7469187625475,1.0001391,0.9942083180531054
1328.74830763493,1.0003381,0.9962533125443466
1328.7496965073133,1.0003129,0.9960932310725736
1328.7510853796953,1.0003399,0.9959342133977325
1328.7524742520777,1.0001813,0.9958201979432258
1328.753863124461,1.0003726,0.9960952022766719
1328.7552519969595,0.9998847,0.9953728290838589
1328.756640869342,1.0002573,0.9948352568325128
1328.7580297417253,1.0001358,0.9956544707657394
1328.7594186141077,1.0000399,0.997060289180921
1328.7608074864904,1.0000796,0.9979392871763756
1328.762196358873,1.0002316,0.9950718296313712
1328.7635852313726,1.0000846,0.9900652424786526
1328.7649741037553,1.0002842,1.000272551835192
1328.766362976137,1.0000727,0.996229599491988
1328.7677518485202,1.0000287,0.9961101543360622
1328.769140720903,1.000246,0.9933842126005702
1328.7705295932847,0.99996805,0.9971665874700701
1328.771918465668,1.0002115,0.9948014862085858
1328.7733073380514,1.0001503,0.994945582774535
1328.7746962104334,0.9999212,0.9961773918514153
1328.7760850829322,1.0002302,0.9968660705828026
1328.7774739553156,1.0000834,0.9957401638169491
1328.7788628276974,0.9999722,0.9970489062600945
1328.78025170008,1.0003417,0.9950284356610685
1328.7816405724634,1.0000864,0.9952117166344578
1328.7830294448452,1.0000926,0.9966091951256648
1328.7844183172278,1.0003586,0.9940731582736362
1328.785807189611,1.0003254,0.9982430256787073
1328.7871960619937,1.0000857,0.9944052361140915
1328.788584934376,1.0000256,0.9962944843908849
1328.7913626791412,1.0001673,0.9949010973754039
1328.792751551524,1.0000534,0.9952438087289228
1328.7941404239064,1.0003182,0.9976186472631893
1328.7955292964054,0.99976856,0.9958034473243481
1328.7969181687881,1.0001651,0.997841343739894
1328.7983070411706,1.0002124,0.9950726259720195
1328.799695913553,0.9998608,0.9954291501059861
1328.8010847859357,1.0001459,0.9980326503890932
1328.8024736583184,1.0001994,0.9942115434183663
1328.8038625307015,1.0000638,0.9950086502406383
1328.8052514030846,1.0001843,0.9961229695026121
1328.8066402754666,1.0002704,0.9952785516112895
1328.8080291478493,1.0000339,0.9962941622522679
1328.8094180202324,1.0002049,0.9967221509576333
1328.8108068926144,1.0002338,0.9948783449917994
1328.8121957649969,1.0001879,0.9972481405348798
1328.8135846373802,0.99999744,0.9956733498531436
1328.8149735097622,1.0000159,0.9960733852038601
1328.8163623821447,1.0002824,0.9960118049814539
1328.817751254528,1.0001926,0.9965693813330663
1328.8191401269105,1.0001551,0.9938340927074439
1328.8205289992932,1.0001737,0.9967759776791129
1328.8219178716759,1.0001245,0.9960392430905206
1328.8233067440583,1.0001955,0.99429869066253
1328.8246956164407,1.0001944,0.9960500253001588
1328.826084488707,1.0001261,0.994483591246644
1328.8274733610897,1.0000153,0.9966180705725807
1328.8288622334721,1.0002598,0.9975724703774477
1328.8302511058548,1.000176,0.9951296760121697
1328.8316399782375,1.0001454,0.9959532694646793
1328.8330288506206,1.0000178,0.9958438437619022
1328.8344177230033,1.0000609,0.9946216195844041
1328.835806595385,1.0001678,0.9979042481367112
1328.8371954677682,1.0002692,0.9933659796185607
1328.8385843401509,1.0002068,0.9964979694827196
1328.8399732125326,1.0000803,0.9951834489377805
1328.841362084916,1.000045,0.9948860636809795
1328.8427509572987,1.0001528,0.9993043702764158
1328.8441398296814,1.0002768,0.995231150927392
1328.845528701948,1.0004355,0.9929026697759166
1328.8469175743307,1.0000044,0.9960237066135397
1328.8483064467132,1.0000478,0.9952986979081776
1328.8496953190956,0.9999963,0.9959579503344907
1328.8510841914783,1.000135,0.9956818011171906
1328.852473063861,1.0001997,0.9956040211270171
1328.8538619362434,1.0000821,0.995652762641474
1328.8552508086261,1.0001491,0.9956914902230377
1328.8566396808924,1.0002389,0.9971916950769465
1328.8580285532748,1.0002714,0.9963402600392325
1328.8594174256573,1.0002207,0.9959721607746082
1328.8608062980406,1.0000323,0.9964077662157397
1328.862195170423,1.0003021,0.9946472519765794
1328.863584042805,1.0001352,0.996065431094462
1328.8649729151884,1.0000632,0.99471040821164
1328.8663617874545,1.0002334,0.9966958820709426
1328.8677506598365,0.99994296,0.9966839915457114
1328.8691395322198,1.0002422,0.9952114716846626
1328.8705284046023,1.0001366,0.9948506610805326
1328.8719172769843,1.0001992,0.9976868729184731
1328.873306149251,1.0001109,0.9956743341431524
1328.8746950216341,0.99998355,0.9971526067699493
1328.8760838940161,1.0002098,0.9942652005253821
1328.8774727663988,1.0002568,0.9944071962026853
1328.878861638782,0.99999714,0.994683089900404
1328.8802505110475,1.0001348,0.9940038420873645
1328.88163938343,1.0001718,0.9951709165900683
1328.8830282558133,0.99987787,0.996253827768493
1328.8844171281958,1.0000727,0.996382543068064
1328.8858060005784,1.0001203,0.9959110374036052
1328.8871948728447,1.0001334,0.9940508756613907
1328.888583745228,1.0001763,0.997575939291115
1328.8899726176105,1.0002278,0.9936749479513967
1328.8913614899925,1.0000119,0.9967775123556841
1328.8927503622592,1.0001489,0.9965046179862278
1328.894139234642,1.0003477,0.9952020251155964
1328.8955281070237,0.9999992,0.9968046674728834
1328.8969169794068,0.99999684,0.9934021551407904
1328.8983058516733,1.0001507,0.9952581289571356
1328.899694724055,1.0000689,0.9979248017494484
1328.9010835964382,1.000334,0.9964589536555908
1328.9024724688215,1.0000548,0.9948167956515207
1328.9038613410871,0.9999027,0.9958284675991405
1328.9052502134696,1.0000435,0.9964522217557623
1328.906639085853,1.0001192,0.9958727149361468
1328.9080279581183,1.0003816,0.9956798838350405
1328.909416830501,1.0000403,0.9955749458348918
1328.9108057028843,1.0002141,0.9948639404833898
1328.912194575266,1.0001945,0.9952937612029611
1328.9135834475323,1.0000489,0.99768493790173
1328.9149723199155,1.0001866,0.9956727792622108
1328.9163611922982,1.0000958,0.9957717861634814
1328.9177500645642,1.0001463,0.9968014978294828
1328.9191389369466,1.0001385,0.9942030469707177
1328.92052780933,1.0001162,0.9968316122660154
1328.9219166815963,1.0001178,0.9955606899529041
1328.923305553978,1.0002149,0.9967871766860125
1328.9246944263614,1.0002414,0.9962508785280917
1328.9260832986274,0.9999453,0.9958706555158581
1328.9274721710094,1.0002444,0.9956210153342935
1328.9288610433928,1.0001421,0.9947569642058083
1328.9302499156595,1.0001826,0.9974777790994703
1328.9316387880413,1.0000106,0.9953904993196215
1328.9330276603077,1.0002767,0.9973253816659318
1328.9344165326909,1.000175,0.9937386272275427
1328.9358054050726,0.99999064,0.998090487076713
1328.937194277339,1.0000701,0.9932055720352393
1328.938583149722,1.0002804,0.9979123170486589
1328.939972022104,1.000093,0.9946666907574148
1328.94136089437,1.0001271,0.9935367673274088
1328.9427497667534,1.000266,0.9967165937359631
1328.9441386390195,1.0002439,0.9967853756675822
1328.9455275114024,1.0000983,0.9964901387895186
1328.9469163836684,1.0003194,0.9949683396696475
1328.9483052560508,1.0001785,0.9953258761254261
1328.9496941284335,1.0002687,0.9963501444845517
1328.9510830006998,1.00009,0.9968958404876741
1328.9524718730822,0.9997389,0.9953480553272812
1328.9538607453483,0.9999987,0.9948902691267251
1328.955249617731,1.0001926,0.9936631388608509
1328.9566384899972,1.0001445,0.9979450794450171
1328.9580273623806,1.0001693,0.9950645933835269
1328.959416234763,1.0000697,0.9955561399167079
1328.960805107029,1.0001874,0.9958583017455979
1328.9621939794124,1.000173,0.9946427411885445
1328.963582851678,1.0001167,0.9985092557195793
1328.9649717240604,1.0001581,0.9945719546041362
1328.9663605963274,0.9999587,0.9964027533597544
1328.9677494687091,1.0001442,0.9963486357063132
1328.9691383409754,1.0000659,0.9940967336389239
1328.9705272133588,0.9998459,0.9983577653663374
1328.9719160856248,1.0001596,0.993513142409606
1328.9733049580072,0.9999908,0.9962050842963762
1328.9746938302735,0.9999259,0.9973446164990932
1328.9760827026562,1.0001646,0.994413769383714
1328.9774715749222,1.0002208,0.9970979804851087
1328.9788604473047,0.99989355,0.9944657989357892
1328.9802493195712,1.0003121,0.9980187760759607
1328.9816381919536,1.0000452,0.9939319826306028
1328.9830270642196,1.0000505,0.9967259680873729
1328.9844159366023,1.0002992,0.9971882859119351
1328.985804808869,1.0002648,0.9942726877654756
1328.9871936812517,1.0000405,0.9957336372711114
1328.988582553517,0.9999871,0.9963392588965935
1328.9899714259004,1.000385,0.9949879887967639
1328.9913602981667,1.000147,0.9963625263778745
1328.992749170432,1.0001873,0.9945775098888906
1328.9941380428154,1.0002903,0.9962847709322117
1328.9955269150814,1.0000092,0.9966300741571811
1328.9969157874634,1.0001305,0.9948791281440927
1328.9983046597304,1.0001837,0.996273303877686
1328.9996935321135,1.0001167,0.9975921053814865
1329.0010824043798,1.0000725,0.9951525409218602
1329.0024712766458,1.0000447,0.9958408753456426
1329.0038601490285,1.0002078,0.9968858307981004
1329.0052490212947,1.0001407,0.9927813919134773
1329.0066378936772,1.0000784,0.9979784955437359
1329.0080267659432,1.0001596,0.9954707340569171
1329.0094156382095,1.0000731,0.9949895406502646
1329.0108045105922,1.0001743,0.995779714528227
1329.0121933828582,1.0000683,0.9973438540733488
1329.0135822552415,1.0001941,0.9945866312487994
1329.0149711275076,0.99999154,0.9948971821612429
1329.0163599997732,1.0002012,0.9955971366628666
1329.0177488721565,1.0003606,0.9954978200350122
1329.0191377444226,1.0001668,0.9961685851540635
1329.0205266166881,1.0002339,0.9971308581134745
1329.0219154890713,1.0001746,0.9939410920871857
1329.0233043613375,1.0002602,0.9974312331659471
1329.0246932336029,1.0001131,0.9951228170987818
1329.026082105986,1.0001616,0.997435090378944
1329.027470978253,1.0000186,0.9947471953062822
1329.0288598505185,0.99987406,0.9977490310882976
1329.030248722901,1.0000013,0.9939324753069035
1329.031637595168,1.0000346,0.9972173240712809
1329.0330264674335,1.0001688,0.9954107232967898
1329.034415339816,1.0000705,0.9960782186352762
1329.035804212083,1.0001106,0.9959374440872537
1329.0371930843482,1.0003011,0.9968380621302572
1329.038581956731,1.0001363,0.9956370625960711
1329.0399708289979,1.0001469,0.9951855014652985
1329.0413597012646,1.0001503,0.9962198088919542
1329.0427485735308,0.9999785,0.9973067442179735
1329.0441374459126,1.0000747,0.9926900815389006
1329.0455263181793,1.0000187,0.9961924262948241
1329.0469151904456,1.0000728,0.9965981471534429
1329.048304062711,1.000117,0.9942454956137586
1329.0496929350943,1.0001324,0.9957105721900122
1329.0510818073606,0.9999649,0.9974396042345266
1329.052470679626,1.000049,0.9957212004312668
1329.0538595518929,0.99977136,0.9958968728497531
1329.0552484242762,1.0001125,0.9961000390511786
1329.0566372965416,1.0001664,0.9951353578642639
1329.0580261688078,1.0001187,0.9960269542920053
1329.0594150410748,0.9998976,0.9956056800350892
1329.0608039134565,0.9999152,0.9959678271858308
1329.0621927857228,1.0000924,0.9949266972685479
1329.0635816579895,1.0000237,0.9999968326359898
1329.0649705302549,0.99998385,0.9923701068225792
1329.0663594025211,0.99999684,0.9961489664167972
1329.0677482749043,1.0002459,0.9937165118128223
1329.0691371471705,1.0001352,0.9981967943819973
1329.0705260194368,1.000122,0.9962467813749979
1329.0719148917028,1.0002735,0.9939026244321817
1329.073303763969,1.0002353,0.9960920374003682
1329.0746926363518,1.0001738,0.9970591217163316
1329.0760815086178,1.0003244,0.9976148413829011
1329.0774703808847,1.000141,0.995394053702167
1329.0788592531508,1.0001767,0.9966374643265172
1329.0802481254163,1.0000366,0.9941122615217723
1329.0816369976833,1.0000315,0.9965459552691124
1329.0830258700664,1.0000345,0.9946743537925236
1329.0844147423318,1.0001137,0.9965059280929196
1329.085803614598,1.0001302,0.9961801230438109
1329.0871924868648,0.9999848,0.9947469732257869
1329.0885813591303,1.0001271,0.9973881182397542
1329.0899702313964,1.000268,0.9959325084537045
1329.0913591036633,0.9999935,0.9945505523629119
1329.0927479760453,1.0002791,0.9955123174672442
1329.0941368483113,1.0001123,0.9967911431709817
1329.0955257205783,1.0000862,0.9963811747469791
1329.0969145928443,1.0000107,0.9949120307102544
1329.0983034651106,1.000196,0.9961258760896485
1329.0996923373768,1.0001154,0.995837578318475
1329.1010812096429,1.0000862,0.9934318249787251
1329.102470081909,1.0000318,0.9976465314239384
1329.1038589541752,1.0000606,0.9938044073359479
1329.1052478264414,1.0000236,0.9967624751956009
1329.1066366987075,1.0000758,0.9956475603634599
1329.1080255710901,1.0001923,0.994188321414487
1329.1094144433564,0.99995166,0.997211764209061
1329.1108033156231,1.000312,0.9962006747328741
1329.1121921878894,1.0001353,0.9956524905303615
1329.1135810601547,1.0001453,0.9956717875934213
1329.1149699324214,1.0001706,0.9955807614041599
1329.1163588046877,1.0000561,0.9928972421498021
1329.117747676954,1.0000542,0.9969085200418887
1329.119136549221,1.0000887,0.9971435996160298
1329.1205254214863,0.999998,0.9942864421861145
1329.1219142937525,1.0001414,0.9956180934689536
1329.1233031660192,1.0000823,0.9982612831639788
1329.1246920382855,1.000103,0.9945545979155996
1329.1260809105515,1.00008,0.9961141181209615
1329.1274697828176,1.0001942,0.996377227285778
1329.128858655084,1.000326,0.9969818898956108
1329.13024752735,1.0001985,0.9950401879207184
1329.1316363996161,1.0000658,0.9946029361751965
1329.1330252718824,1.0001693,0.9930886953757272
1329.1344141441486,1.0000248,0.9978034718942063
1329.1358030164147,1.000139,0.9940663529047047
1329.1371918886807,0.99999446,0.9968420903195525
1329.1385807609477,1.0002788,0.9959711425951917
1329.1399696332137,1.0000539,0.9940516798175302
1329.1413585054793,1.0001336,0.9980947569162899
1329.1427473777462,1.0000926,0.9953675310452128
1329.1441362500123,1.0002205,0.9946632557522684
1329.1455251222778,1.0002605,0.9959277653567004
1329.1483028666944,1.0003214,0.9977903872466627
1329.14969173896,1.0001118,0.9957438476836711
1329.1510806112267,1.000283,0.9953398654303172
1329.1524694834934,1.0001605,0.9957191850732654
1329.153858355759,1.0000473,0.9957946721238549
1329.1552472280252,0.9999697,0.99549208454549
1329.156636100292,1.0001153,0.9942493072006284
1329.1580249725582,1.000184,0.9975158541036858
1329.1594138448245,1.0001434,0.9961283623420076
1329.1608027170905,1.0004851,0.9954222368392606
1329.1621915893566,0.9999555,0.9953774231215099
1329.1635804615066,0.99985397,0.9941981561789431
1329.1649693337727,1.0000095,0.9947754289384212
1329.1663582060396,1.0001926,0.9946053952313197
1329.1677470783056,1.0000505,0.9982452380728569
1329.1691359505712,0.9998531,0.9932619963985374
1329.170524822838,1.000485,0.9964283367442792
1329.1719136951042,1.0002047,0.9951248438710648
1329.1733025672531,0.9999851,0.9938042630305252
1329.1746914395198,1.0000695,0.9943951783126844
1329.1760803117863,1.0002005,0.9962637723708849
1329.1774691840517,1.0000668,0.9943505757315322
1329.1788580563184,0.99998856,0.9968369742830847
1329.1802469285853,1.0000851,0.9964199842101937
1329.1816358007345,1.000156,0.9952440969552174
1329.1830246730005,1.0001335,0.9955225962774514
1329.1844135452675,1.0002874,0.9957343756558739
1329.1858024175328,1.0001829,0.9957275825432877
1329.187191289799,1.000105,0.9955551725956485
1329.1885801619496,1.0000719,0.9968391376962964
1329.1913579064812,1.000172,0.9941432455464143
1329.192746778748,0.9999957,0.996724312120024
1329.1941356510142,1.000037,0.9975471618573295
1329.1955245231638,1.0001742,0.9942151452382314
1329.1969133954299,1.0002084,0.995992229667846
1329.1983022676968,1.0000938,0.9980489909642183
1329.199691139963,1.0001405,0.9954539319962539
1329.201080012112,1.00002,0.9948080457023184
1329.203857756645,1.0002716,0.9997231107153045
1329.2052466289106,1.0000119,0.9944741341961991
1329.206635501061,1.000262,0.9956129499968167
1329.2080243733278,1.0001487,0.9959893704841769
1329.2094132455932,1.0002468,0.9970169410625062
1329.2108021178597,1.0000201,0.9936768941285717
1329.21219099001,0.99980646,0.9976968540682929
1329.2135798622753,1.000042,0.9963311622977556
1329.2149687345416,1.0001603,0.9945787628780156
1329.2163576066919,1.0000794,0.995817358272947
1329.2177464789581,1.0001302,0.994649777356664
1329.2191353512244,1.0002759,0.9965143137433361
1329.220524223374,1.0000472,0.9956859017253601
1329.22191309564,1.0001221,0.9964924183453155
1329.2233019679065,0.99994147,0.9955215669870467
1329.2246908400562,1.0001099,0.9962462974541557
1329.2260797123222,1.0002143,0.9956517853733678
1329.2274685845885,1.0001621,0.995030049548126
1329.2288574567383,1.0001398,0.9962061100089467
1329.2302463290043,1.0000515,0.9930296809553428
1329.2316352012713,1.0000206,0.9952535144469532
1329.233024073421,0.9999973,0.9946891796632584
1329.2344129456865,1.0003046,0.995011672897644
1329.237190690103,1.0002578,0.9955858083411389
1329.238579562369,1.0002218,0.9960656654270537
1329.239968434636,1.000224,0.9973102903516481
1329.2413573067852,1.0001982,0.9947140610505819
1329.2427461790512,1.0001745,0.9955323123465236
1329.2441350512017,1.0000306,0.9969501859772654
1329.2455239234678,1.0000657,0.994977174329239
1329.246912795734,0.99979895,0.9952568100283381
1329.2483016678839,1.0000912,0.9915980491751498
1329.24969054015,1.0000204,0.9964905955964887
1329.2510794122995,1.000076,0.995837030160382
1329.2524682845658,1.0001246,0.9963547398267358
1329.2538571567156,1.000138,0.9954022239736043
1329.2552460289817,1.0002325,0.9948192271507712
1329.2566349012477,1.0003102,0.9970133053257589
1329.2580237733978,1.0001152,0.9962833870312607
1329.2594126456645,1.0002348,0.9943351746892227
1329.2608015178143,1.0002102,0.9942529207305755
1329.2621903900797,1.0002412,0.9961742300674663
1329.26357926223,1.0000055,0.9957344025370509
1329.2649681344963,1.0000569,0.9961171861430506
1329.2663570066452,1.0001566,0.997509347011358
1329.2677458789121,1.0003903,0.993737624584013
1329.269134751062,0.99993235,0.9963936484685567
1329.2705236233273,0.99981934,0.9969623744100218
1329.2719124954779,1.0002213,0.9942325663284304
1329.2733013677448,1.0001673,0.9964196882872149
1329.2746902398944,1.0003695,0.9966975231272438
1329.2760791121605,1.0001495,0.9956333181863043
1329.2774679843103,1.000484,0.9941106502357426
1329.2788568565766,1.0001218,0.9972266832299149
1329.2802457287262,1.0002471,0.9926530771985211
1329.2816346009924,1.0002662,0.9966859972591342
1329.2830234731423,1.000066,0.9948330110310206
1329.2844123454083,1.0001658,0.9941499246521829
1329.285801217558,1.0000316,0.994985379197498
1329.287190089825,1.0000935,0.9976076858461423
1329.2885789619745,1.0000051,0.9929043521188969
1329.28996783424,1.000294,0.995171222842844
1329.2913567063906,1.0000018,0.9961771169149876
1329.2927455785402,1.0002096,0.9959211106600971
1329.2941344508058,1.0001717,0.9962933574902489
1329.2955233229563,1.0001584,0.99530171377129
1329.2969121952224,1.0002959,0.9959687545916304
1329.2983010673715,0.9999888,0.9966064329439357
1329.2996899396383,1.0001936,0.9941944998822271
1329.3010788117886,1.0002062,0.9960164597357453
1329.3024676839377,0.9999399,0.9942937760755796
1329.3038565562038,1.0001136,0.996476721206007
1329.3052454283543,1.0000885,0.9955879945728003
1329.3066343006199,1.0001005,0.9984638212237278
1329.3080231727695,1.0000515,0.9941129461297378
1329.30941204492,0.99993813,0.9947383610837301
1329.3108009171856,1.0002781,0.9954803443233984
1329.3121897893352,1.0000553,0.995865299220394
1329.3135786614857,1.0000223,0.9948184955861279
1329.3149675337527,1.0004435,0.9963293526877454
1329.3163564059023,1.0001183,0.9963293873230692
1329.3177452780515,1.0000917,0.9955639028692743
1329.3191341503182,1.0001045,0.9960435044474375
1329.320523022468,1.0002389,0.996966727545102
1329.321911894617,1.0003798,0.9955088163815922
1329.3233007668837,1.0001745,0.9970078708711132
1329.3246896390335,1.0000865,0.9959107478982631
1329.3260785111825,1.0002455,0.9964717862327669
1329.3274673834494,1.0002191,0.994778506156627
1329.3288562556,1.000103,0.9964255183750097
1329.330245127749,1.0002186,0.9954235280720927
1329.3316340000151,0.9999801,0.9943610385808942
1329.3330228721657,1.0002575,0.9969131619855408
1329.3344117443146,1.0001632,0.9951983105606782
1329.3358006164644,1.0003225,0.9959188807869537
1329.3371894887314,1.0004413,0.9950467884672844
1329.3385783608803,0.9999514,0.9958803078450996
1329.3399672330302,1.0002267,0.9957768132311372
1329.3413561052969,1.000025,0.9971130403410332
1329.3427449774467,1.000154,0.9964403791993776
1329.3441338495963,1.0000556,0.994806351820045
1329.345522721746,1.0001159,0.9969055498991075
1329.3469115940122,1.0002917,0.9967249420493738
1329.348300466162,1.00039,0.9960536250797841
1329.3496893383117,0.999973,0.9961940738836974
1329.3510782104615,1.000202,0.9945506301756284
1329.3524670826114,1.0000715,0.9948168705555692
1329.3538559548774,1.0001906,0.9970528850050994
1329.355244827028,1.0001569,0.9954714026430492
1329.3566336991782,1.0001723,0.9969988056707552
1329.3580225713272,1.0001893,0.9951605245409197
1329.3594114434773,1.0000592,0.9967093316927229
1329.360800315744,1.0002053,0.995657310837891
1329.362189187893,1.0001215,0.9978862452506561
1329.3635780600428,1.0001664,0.9948541582403128
1329.364966932193,1.0003268,0.9959859944685303
1329.3663558043422,1.0001107,0.9967597419652705
1329.3677446766083,0.999709,0.9954334842917811
1329.3691335487588,1.0001714,0.9951660209479074
1329.3705224209084,1.0000167,0.9976134001621016
1329.3719112930585,1.0002073,0.9957945584369976
1329.373300165208,1.0001969,0.9958133250669527
1329.3746890373577,1.0001302,0.9966644056880114
1329.3760779095076,0.99984914,0.9954760653465157
1329.3774667817738,0.9998923,0.9956213202455063
1329.3788556539234,1.0000916,0.9960122595809405
1329.380244526073,1.0000857,0.9959187554004317
1329.381633398223,1.0001383,0.9939015280329746
1329.3830222703727,1.0002011,0.9984253677109496
1329.3844111425233,1.0002372,0.9949039639616669
1329.385800014673,1.0002532,0.9955546701944568
1329.387188886822,1.0002974,0.9969219882787719
1329.3899666312386,1.000137,0.9970787355867349
1329.3913555033876,1.000096,0.996499293904901
1329.3927443755379,1.0001751,0.9963347961819318
1329.3941332476877,1.0001882,0.9966994356373793
1329.3955221198376,1.0001941,0.9968177202351413
1329.396910991988,0.99992305,0.99545816178971
1329.3982998641377,1.0002028,0.9964115335240992
1329.3996887362873,1.000083,0.9965570880033784
1329.4010776084372,1.0002818,0.9939425613557465
1329.402466480587,1.0001055,0.9982473861791443
1329.4038553527366,1.0000918,0.9947506099912506
1329.4052442248862,1.0000024,0.9969184059930241
1329.4066330970363,0.9999089,0.9958560792825404
1329.408021969186,1.000122,0.9971652964963259
1329.4094108413356,0.9999573,0.995985535415386
1329.4107997134854,0.9998527,0.9967536546621174
1329.4121885856357,1.0001608,0.9959900290024954
1329.4135774577855,1.0001986,0.996369161601676
1329.4149663299345,1.000185,0.9968081626823924
1329.416355202085,1.0003601,0.9963959896912108
1329.4177440742349,1.0000181,0.9959122153783464
1329.4191329463838,1.0001851,0.9949130648561919
1329.4205218185343,1.000215,0.9962100854692252
1329.4219106906849,0.9998901,0.9943587217350912
1329.4232995628338,1.0003991,0.9979923454067611
1329.4246884349836,0.9999712,0.9966105102087977
1329.426077307134,1.0002034,0.9950219400804274
1329.4274661792829,1.0000601,0.996887092555639
1329.428855051433,1.0000436,0.9963068530391418
1329.4302439235832,1.0002673,0.9962173401368194
1329.4316327957322,1.0002906,0.9969691916964275
1329.433021667882,1.0001423,0.9952500998948789
1329.4344105400323,1.0000266,0.9938559703592623
1329.4357994121829,1.0001335,0.99634654488595
1329.437188284216,1.0000713,0.9967852497152988
1329.4385771563652,1.0000061,0.9967212664015421
1329.4399660285158,0.99991,0.9960054504313082
1329.4413549006654,1.0000526,0.9945558607056594
1329.4427437728145,1.0001047,0.9942598567906952
1329.444132644965,1.0001324,0.9974118494863544
1329.4455215171147,1.0002788,0.9957160427661279
1329.4469103892638,0.9999886,0.9968373887239984
1329.4482992614141,0.9999199,0.9953925731965027
1329.449688133448,1.0000899,0.9970116666438297
1329.4510770055972,0.9999146,0.9972719972502984
1329.4524658777468,1.0000259,0.9962703145148962
1329.4538547498973,1.0003129,0.9960836464466082
1329.4552436220465,0.99989325,0.9962808364262468
1329.4566324941961,1.0000716,0.9955607613874733
1329.4580213663467,1.0001549,0.9964773519170451
1329.4594102383794,1.0002979,0.9966898330010693
1329.460799110529,0.9999287,0.9965142883230831
1329.4621879826796,1.0001464,0.996699955213799
1329.4635768548292,1.0002416,0.996199648967342
1329.464965726979,1.0001138,0.9958347994356475
1329.4663545990124,0.9996997,0.9972770317951813
1329.467743471162,1.0000092,0.9940287444890338
1329.4691323433117,1.0001253,0.9953850004758504
1329.4719100876118,1.0000079,0.9987868003860847
1329.4732989596453,1.0002,0.9949000742779773
1329.4746878317942,1.0002837,0.9948451765965375
1329.4760767039447,1.0001252,0.9968065487175174
1329.4774655760953,1.0004131,0.995753889311309
1329.478854448128,1.0002689,0.9974962104797143
1329.4802433202776,1.0002033,0.9961399453067119
1329.4816321924282,1.0002017,0.9972580477878723
1329.483021064577,1.0001613,0.9963561348733243
1329.4844099366105,1.0000621,0.996471672890412
1329.4857988087608,1.0001068,0.9938177520513997
1329.4871876809098,1.0000955,0.9980115675248009
1329.4885765530598,1.000081,0.996267112764306
1329.4899654250937,0.99990165,0.9972882452809197
1329.4913542972436,1.000183,0.9954831853055801
1329.4927431693932,1.0001398,0.9956433143977057
1329.4941320414264,1.0001563,0.9965760584487047
1329.4955209135762,1.0000812,0.9990766165395579
1329.496909785726,0.9999627,0.9959591299909982
1329.4982986578757,1.000007,0.995527172861132
1329.4996875299091,0.99999046,0.9964977860837068
1329.501076402059,1.0000727,0.9943887733956447
1329.5024652742086,0.99996555,0.9974008943850777
1329.5038541462418,1.0001111,0.997417026537051
1329.5052430183923,0.99999315,0.9957796561542835
1329.506631890542,0.99999434,0.996952249855732
1329.5080207625747,1.0000843,0.9960644785623589
1329.5094096347252,1.0003293,0.9965128485583276
1329.5107985067584,1.0001202,0.9964960905003658
1329.5121873789083,1.0001117,0.9960519144423984
1329.5135762510586,1.0000021,0.9978038227711548
1329.5149651230913,1.0002967,0.9938260684150245
1329.516353995241,1.0003407,0.9964282199013331
1329.5177428673915,1.0003766,0.9964095428207144
1329.5191317394247,1.0001547,0.9945431149492083
1329.5205206115745,0.99981934,0.9961198107070113
1329.521909483608,1.0001212,0.9973878375806515
1329.5232983557576,0.9998133,0.9956048557901264
1329.5246872279074,0.9998757,0.9943104674200236
1329.5260760999408,1.0000026,0.9914268007869724
1329.5274649720905,0.99990916,0.9961292624616985
1329.5288538441237,0.999968,0.9977727283239411
1329.5302427162735,1.0003026,0.9963953797077377
1329.531631588307,0.99999046,0.9958240588257008
1329.5330204604575,1.0000945,0.9964231438160345
1329.534409332607,1.0000569,0.9954680210399487
1329.5357982046398,1.0001618,0.9947652439308952
1329.5371870767901,1.0001148,0.995510479465131
1329.5385759488236,1.0001696,0.9970834479986573
1329.5399648209725,0.9999862,0.9961650355620835
1329.5413536930064,1.0001221,0.9933274483241964
1329.5427425651562,1.0000165,0.998705730526593
1329.5441314371888,1.0002038,0.993004543568542
1329.5455203093393,1.0001394,0.9956224956763337
1329.5469091813734,1.0003176,0.9964721703783094
1329.5482980535226,1.0001762,0.9968594768825262
1329.5496869255558,1.0002236,0.9962657398433907
1329.5510757977063,1.0000812,0.9957999156963566
1329.5524646697395,0.99991864,0.9964576986219512
1329.553853541889,1.000214,0.9956770462192194
1329.5552424139225,1.0002676,0.9966608347582759
1329.5566312860728,1.0001439,0.9948936347610318
1329.5580201581065,0.9999232,0.9951731849681371
1329.5594090302554,1.0002841,0.9971901791733914
1329.5607979022893,0.9999147,0.9961341234669604
1329.5621867743228,1.000038,0.9972003586832403
1329.5635756464717,0.99983203,0.9931389849814469
1329.5649645185058,1.0001692,0.9964127998946224
1329.5663533906554,1.0000374,0.9965551227694993
1329.5677422626882,1.0001125,0.9963156662514416
1329.5691311348387,1.000244,0.997498003637338
1329.5705200068728,1.0001879,0.9971549445958124
1329.5719088789053,1.0001752,0.9976356895226313
1329.5732977510552,1.0000336,0.9948427221972738
1329.574686623089,1.000094,0.9955054617324395
1329.576075495238,0.99997276,0.9961306618398484
1329.5774643672714,1.0001991,0.9967021764883736
1329.5788532393053,1.0001967,0.9956405967270682
1329.5802421114545,1.0002695,0.9966099896260231
1329.581630983488,1.0001373,0.99775548388473
1329.5830198556382,1.0002832,0.9962642965421232
1329.5844087276716,1.000153,0.9957783483918552
1329.585797599705,1.0001364,0.997071382711975
1329.5871864718547,1.0001495,0.9958444887262918
1329.588575343888,1.0000399,0.9971874923929763
1329.5899642159213,1.0001271,0.9953612402035117
1329.5913530880712,0.99996936,0.9941103009694797
1329.5927419601053,1.0000702,0.9953625665454551
1329.5941308321385,0.99994177,0.9972316740372507
1329.5955197042877,1.0003016,0.9946471470350764
1329.5969085763215,0.99981225,0.9961062699228581
1329.5982974483554,1.0002784,0.9961876838832955
1329.5996863203882,1.0000846,0.9970432619366714
1329.6010751925378,1.000124,0.9972732712849052
1329.602464064572,1.000031,0.9941095789920996
1329.6038529366047,1.0000204,0.9966288762865897
1329.6052418087543,1.000214,0.9957572015398372
1329.6066306807884,1.0000646,0.9972129097011987
1329.6080195528211,1.000042,0.9954646285532236
1329.6094084248543,1.0000924,0.9954455410214338
1329.6107972970049,1.0002081,0.9971448833395015
1329.612186169038,1.0001627,0.9958057346735519
1329.6135750410713,1.0003275,0.9960543596091324
1329.614963913105,1.0000545,0.9964809436780903
1329.6163527852545,1.0000924,0.9975683271870808
1329.6177416572878,0.99994665,0.996289715601349
1329.6191305293212,1.0000365,0.9957845103269312
1329.6205194013546,1.0002468,0.9942790582915605
1329.6219082735042,1.0001464,0.9978964151157667
1329.6232971455374,1.0001268,0.9951081923539666
1329.6246860175709,0.99994045,0.9983066267165023
1329.6260748896048,1.0001358,0.9944969375930052
1329.6274637616384,1.0001838,0.9986583194697201
1329.6288526337873,0.9999796,0.9946115620468539
1329.6302415058212,0.99985814,0.9971340516632332
1329.6316303778547,0.99994934,0.9966580244967927
1329.633019249888,1.0002086,0.9972215609686752
1329.634408121922,1.0001854,0.9952137540301091
1329.6357969939545,1.0000225,0.994822700348396
1329.6371858661046,0.999968,0.9974717239150295
1329.6385747381385,0.9999065,0.9966991553800756
1329.639963610172,1.0001297,0.9948064392475889
1329.641352482205,1.0004253,0.9969046196397451
1329.6427413542383,1.0001379,0.9969417239121957
1329.6441302262717,1.0000368,0.9959911964060305
1329.6455190983052,1.0003006,0.9948065184007473
1329.6469079704548,0.99997073,0.9948894871717084
1329.648296842488,1.0000801,0.9980815585418049
1329.6496857145216,1.0002457,0.9977787510088575
1329.6510745865548,1.0000827,0.9956695567365993
1329.652463458588,1.0000169,0.9969439231262863
1329.6538523306222,1.0001291,0.997135495008268
1329.6552412026554,1.0000714,0.9951283090727987
1329.656630074688,0.9998318,0.9959581293141208
1329.6580189467222,1.0000963,0.9964175521322598
1329.6594078187554,1.0001341,0.995819211759787
1329.6607966907882,0.9999771,0.9957435516069876
1329.6621855629387,1.0001212,0.9972005403921383
1329.6635744349726,1.00017,0.9955866312294877
1329.664963307005,0.99997884,0.9966877396845115
1329.6663521790385,1.0001688,0.9957194503696595
1329.6677410510724,1.0003122,0.996386341285278
1329.6691299231059,1.0003397,0.9948776322140199
1329.6705187951393,1.0002034,0.9976768524168881
1329.6719076671725,1.0000128,0.9969977025818457
1329.673296539206,0.99984896,0.9938587355546193
1329.6746854112394,1.000003,0.9954339783651414
1329.6760742832726,0.99977165,0.9987200819999512
1329.6774631553067,0.999915,0.9931107705980029
1329.6788520273399,1.0004456,0.9965827733781851
1329.6802408993726,1.0001167,0.9956764589281886
1329.6816297714067,0.99998593,0.997064469589673
1329.68301864344,1.0002104,0.9960669851348668
1329.6844075154727,1.0002855,0.996816374224483
1329.6857963875066,1.0000728,0.9942301309842482
1329.68718525954,1.0000942,0.9963253044514154
1329.6885741315725,0.9999458,0.9963157638081439
1329.6899630036064,0.9999653,0.9957775338977034
1329.6913518756405,1.0002868,0.9976370999176132
1329.6927407475569,1.000184,0.9960444033600903
1329.69412961959,1.0000635,0.9958402023710887
1329.6955184916242,1.0000937,0.9981880201617015
1329.696907363657,1.0001613,0.9962035761607267
1329.6982962356901,0.9999873,0.9961866726450349
1329.6996851077242,0.999953,0.9973748327499573
1329.7010739797568,0.9999279,0.9957938834762273
1329.7024628517902,1.0000416,0.9955188161278412
1329.703851723824,1.0002474,0.9977059099546485
1329.7052405958575,1.0000665,0.9952628838268867
1329.7066294678907,0.9999917,0.9941505353695269
1329.7080183398077,1.0002913,0.9956164655629648
1329.7094072118416,0.9999774,0.9970153850180491
1329.710796083875,1.0000396,0.9963865112949569
1329.7121849559076,0.9999632,0.9958571025332926
1329.7135738279417,1.0003096,0.9965221018605162
1329.7149626999749,1.0001271,0.9942578232218885
1329.7163515720076,1.000186,0.9972863105139487
1329.7177404440417,1.0002459,0.9975391337101494
1329.7191293159594,1.0002588,0.9969219799140442
1329.7219070600254,0.9999555,0.9950574300404575
1329.7232959320593,1.0000279,0.9979188896078928
1329.7246848040918,1.0000181,0.9952624118278953
1329.7260736760088,1.0002537,0.9967907085413513
1329.7274625480427,1.0000072,0.9961366177428703
1329.7288514200754,1.000126,0.9963577412646788
1329.7302402921086,1.0000443,0.996619291820496
1329.7316291641428,1.0000386,0.9940057758732588
1329.7330180360598,1.0001867,0.9964445403989097
1329.7344069080932,1.0002419,0.9966837509740952
1329.7357957801264,1.0000348,0.9972549389695061
1329.7371846521596,1.0001436,0.9935522303999337
1329.7385735240766,0.99999654,0.9953535883361907
1329.73996239611,1.0000069,0.9967043667309451
1329.7413512681433,1.000092,0.9971157005687339
1329.7427401401767,1.0000306,0.9971349034261836
1329.7441290120937,1.0000638,0.9964893789275606
1329.745517884127,1.0001385,0.9933705851355761
1329.746906756161,1.00031,0.9980535055487716
1329.7482956281942,1.0000414,0.9940328842025014
1329.749684500111,1.0000945,0.9968212499139554
1329.7510733721451,0.99996036,0.9952852174027329
1329.7524622441779,1.0000391,0.99782486472682
1329.7538511160947,0.99999416,0.9957572327006706
1329.7552399881288,1.0002104,0.9957440881418081
1329.756628860162,1.0001343,0.9967746751451438
1329.7580177321954,1.000177,0.9951053764790287
1329.7594066041124,1.0000169,0.9954091020051661
1329.7607954761456,1.0001582,0.9967228187476492
1329.7621843481788,1.0000379,0.9956254781165933
1329.763573220096,1.0000265,0.9960812277788609
1329.7649620921293,1.0000758,0.9954664297968716
1329.7663509641625,1.0000749,0.9965658962790848
1329.7677398360795,1.0001019,0.9954629923729849
1329.769128708113,0.99982023,0.9972704773877107
1329.7705175800304,1.0001796,0.99707588885564
1329.7719064520638,1.0000972,0.994435458318769
1329.7732953240964,0.9999015,0.9941401947495303
1329.7746841960138,0.99999714,0.9973542390147183
1329.7760730680475,1.0001701,0.9960697934713526
1329.77746194008,1.0000324,0.9966947581719386
1329.7788508119975,1.0002117,0.9963789747022159
1329.780239684031,0.99986565,0.9967598768746124
1329.781628555947,0.9999893,0.9966189052748202
1329.7830174279811,0.9997633,0.9960144972569562
1329.7844062998988,1.0002772,0.9964750291772062
1329.7857951719313,1.0000592,0.9966257905471397
1329.7871840439648,0.9999724,0.992632197863589
1329.7885729158825,1.000195,0.9962838178967843
1329.7899617879157,1.000026,0.9944949199202779
1329.7913506598325,1.0002779,0.9983110218753992
1329.792739531866,1.0000165,0.9948904443439831
1329.794128403783,1.0002472,0.9980712578264288
1329.795517275816,0.9999533,0.9951439330193662
1329.796906147733,1.0002627,0.9952454005647955
1329.798295019767,1.0002489,0.9952311311893339
1329.799683891684,1.0002227,0.9974541939433056
1329.8010727637165,1.0002707,0.995861145658292
1329.8024616356342,1.0000675,0.9967517832844175
1329.8038505076674,1.0001743,0.995724080427249
1329.8052393795838,1.0001245,0.9961868012315621
1329.806628251618,0.9998783,0.9961682564084707
1329.8080171235347,1.0000566,0.998426593337518
1329.8094059955674,1.0000094,0.9957153353969659
1329.8107948674851,1.0000207,0.9964068223385961
1329.812183739519,1.0000495,0.9959297788926772
1329.8135726114351,1.0002054,0.9967203323880744
1329.8149614834686,0.99988204,0.9958377409938296
1329.816350355386,1.0002892,0.9964947020352768
1329.8177392274188,0.99996,0.9952503120342908
1329.8191280993356,1.0002257,1.0004634449386574
1329.8205169713697,0.99987805,0.9943524979675591
1329.821905843286,1.0003145,0.9966808737155401
1329.8232947152028,1.0000997,0.9939970700911002
1329.824683587237,1.0001907,0.9976978206933055
1329.8260724591537,1.000227,0.9949089097382935
1329.8274613311871,1.0003086,0.9991383070457407
1329.8288502031041,1.000114,0.9927315806018169
1329.8302390750216,0.99993944,0.9985680187650897
1329.831627947055,0.999777,0.9979194982326776
1329.8330168189711,1.000177,0.9957867272808786
1329.834405691005,1.0006917,0.9963916849505856
1329.8357945629227,1.0001612,0.9949733201383338
1329.837183434839,1.0000211,0.9967045662478589
1329.8385723068723,0.9999538,0.9943941006091424
1329.83996117879,1.0002842,0.995712113165624
1329.8413500507063,0.99994904,0.9963439002288428
1329.8427389227395,1.0000045,0.9960115320088349
1329.8441277946572,1.0000631,0.9973448555725593
1329.8455166665735,0.99988693,0.9965450891099937
1329.8469055386067,1.0001464,0.9973306625994174
1329.8482944105244,0.9998561,0.9941991759752341
1329.8496832824412,1.0000839,0.9979597452816835
1329.8510721544744,1.000042,0.9951111496252079
1329.8524610263914,1.0001655,0.996830311832033
1329.8538498983085,1.0001725,0.9944300036522172
1329.8552387703417,1.0000466,0.9960011132140809
1329.8566276422584,1.0000191,0.9943182089411622
1329.8580165141757,1.000132,0.9988298592405963
1329.8594053860925,0.9999668,0.9944257825041674
1329.8607942581257,1.0001221,0.9985703981744335
1329.8621831300427,1.0000147,0.9962078063409925
1329.8635720019602,1.0000153,0.9955597192897615
1329.8649608738772,1.0001737,0.9949499606509091
1329.8663497459106,1.0003129,0.9977918370709262
1329.8677386178283,1.0000963,0.994916321104611
1329.8691274897444,0.9999635,0.9965831894760173
1329.8705163616614,0.99987704,0.9954640508453678
1329.8719052336953,0.9999724,0.9976990004423812
1329.8732941056114,1.0000416,0.9958382706865224
1329.8746829775284,1.0000883,0.9947499732115033
1329.876071849446,1.0000393,0.9987213788954596
1329.877460721363,1.0000904,0.9959239757826677
1329.8788495933964,1.0000572,0.9967899423778754
1329.8802384653131,1.0002513,0.9951018250117448
1329.8816273372302,1.000146,0.998636994378978
1329.8830162091472,0.99995834,0.9952246249504993
1329.884405081064,1.0003,0.9940700142253165
1329.8857939530972,0.99993896,0.9975349205447742
1329.8871828250142,1.0000327,0.9965859326665859
1329.8885716969312,1.0001894,0.9967170365024137
1329.889960568848,0.99984944,0.9945159889244141
1329.8913494407657,1.0002168,0.9952534496660435
1329.8927383126825,1.0000501,0.9947274767510274
1329.8941271845988,1.0001514,0.9967413305811735
1329.895516056633,0.99995047,0.9957685708810338
1329.8969049285497,0.99989593,0.9965238453875188
1329.898293800466,0.9997833,0.9968460520158714
1329.8996826723835,0.9998225,0.9957583786887053
1329.901071544301,1.0000271,0.9971940669391823
1329.9024604162173,0.9999632,0.9976541952493783
1329.903849288134,1.0000551,0.9952455406259622
1329.9052381600518,1.0000818,0.995331687094429
1329.9066270319688,1.0000418,0.9968584705960003
1329.9080159038858,0.99998087,0.9967403168995986
1329.909404775919,0.99990183,0.9978736190856577
1329.9107936478358,1.0000045,0.9961540036753186
1329.9121825197528,1.0000881,0.9948186958967777
1329.9135713916698,0.999849,0.9952137431501448
1329.9163491355043,1.0000323,0.996458567457222
1329.9177380074207,1.0000943,0.9973630141749027
1329.9191268793381,0.99972945,0.9964412705571543
1329.9205157512552,1.0003208,0.9964591975575623
1329.9219046231713,1.0000067,0.9938059625785038
1329.9232934950887,1.0002387,0.9976649381193939
1329.9246823670057,0.9999863,0.9940385559966268
1329.9260712389218,0.99997056,0.9978576727368518
1329.9274601108395,1.0001563,0.9964400366925614
1329.9288489827572,0.9999287,0.9954858103114612
1329.9302378546736,0.9997454,0.9984566136907269
1329.9316267265904,1.0001034,0.992406155289278
1329.933015598508,1.0000548,0.9946049760636588
1329.9344044704242,1.0001822,1.000032258419116
1329.9357933423412,0.99997497,0.9975030590389802
1329.9371822142589,1.0001159,0.9932029860287951
1329.938571086175,1.000205,0.9959813580858327
1329.939959958092,0.99994487,0.9987803396578909
1329.9413488300095,1.000128,0.9949762996014795
1329.9427377019265,1.0001452,0.995964005005346
1329.9441265737269,1.000201,0.9981157311043288
1329.9455154456437,1.0001489,0.9963038039936681
1329.9469043175613,1.0000654,0.9964703922064516
1329.9482931894784,1.0003102,0.9970128371535377
1329.9496820613945,1.000037,0.9953195881654054
1329.9510709333122,0.99994916,0.9971043504238909
1329.952459805229,1.0001932,0.9948323378688748
1329.9538486771453,1.0002549,0.997182614918151
1329.955237549063,1.0003281,0.9961122994142774
1329.9566264209805,1.0000715,0.9955991326995833
1329.9580152927801,1.0000714,0.9968747613479065
1329.9594041646974,1.000172,0.9962794179347078
1329.9607930366149,1.0002482,0.9954397997371206
1329.962181908531,1.0001019,0.9978033297255834
1329.963570780448,0.9999877,0.9951931469805221
1329.9649596523655,1.0001302,0.9953355576007344
1329.9663485242825,0.9999809,0.9964900405737309
1329.967737396083,0.9999336,0.994645451571868
1329.9691262679999,1.0001514,0.9974974834925332
1329.9705151399166,1.0001116,0.9962110052520027
1329.9732928837507,1.0000647,0.9944311108249526
1329.974681755551,1.0002037,0.9965741050741892
1329.976070627468,1.0000266,0.9937001915696733
1329.977459499385,1.0000855,0.9955079463832776
1329.9788483713019,0.9999338,0.996639814463773
1329.9802372432196,1.0001729,0.9980364790151516
1329.98162611502,1.0000024,0.9944186486265303
1329.9830149869363,1.0001167,0.9978928816002062
1329.984403858854,1.0002004,0.9968219275914102
1329.9857927307708,0.9998507,0.9970182254610427
1329.9871816025711,1.0001589,0.9950654467641943
1329.9899593464052,1.0002365,0.9964097133944803
1329.991348218322,0.9998044,0.9964684936501655
1329.9927370901232,1.0001148,0.9971912398063879
1329.995514833957,0.9996708,0.9957572765362632
1329.9969037057576,1.0000693,0.995703205327169
1329.9982925776744,1.0000749,0.995277982022334
1330.0010703215082,1.0001712,0.9940136732734317
1330.0024591933088,0.9997446,0.9962231575667654
1330.0038480652256,1.0001041,0.99437429878483
1330.0066258089432,1.0001571,0.9948546687044829
1330.0107924245774,1.0000991,0.9958321267382358
1330.0121812964949,1.0001469,0.9976766856507846
1330.013570168412,1.0000683,0.99585404891823
1330.0149590402116,1.0000162,0.997356860733581
1330.0163479121293,1.0000333,0.9972989867217991
1330.0177367839299,1.0000361,0.9956095177602574
1330.0205145277637,0.9999527,0.9979268124917415
1330.021903399565,0.9999192,0.9987842778848776
1330.023292271481,0.9999278,0.9931784612611901
1330.0246811432817,1.0000918,0.9982752946494632
1330.0260700151991,1.0000159,0.994455860496647
1330.0274588871162,1.0001007,0.997140538036286
1330.0288477589165,1.0000943,0.998498635970135
1330.0302366308335,1.0001513,0.9967299366576325
1330.0316255026346,0.9999555,0.9939499139015919
1330.0330143745516,1.0002494,0.9953900983676505
1330.0344032463513,0.9997984,0.9985360934642129
1330.035792118269,0.9998263,0.9944588738628652
1330.0371809901858,1.0000539,0.9958055099911662
1330.0385698619857,1.0002713,0.9959368385033329
1330.0399587339034,1.0002056,0.9958886503725657
1330.04273647762,1.0000858,0.9965448222904152
1330.0441253494214,1.0002489,0.9972648661468917
1330.0455142213389,1.0000898,0.9950465589721028
1330.0469030931386,1.0001069,0.9961462928832088
1330.0482919650556,1.0000818,0.9970722539145424
1330.0496808368566,1.0002522,0.9982107226249881
1330.051069708773,0.9998787,0.9950178041147651
1330.0524585805733,1.0000147,0.9968381359137045
1330.053847452491,1.000078,0.9985325994678221
1330.055236324291,0.9998444,0.9957663935605485
1330.0566251960913,1.0000262,0.9964335542147917
1330.058014068009,1.0001142,0.9945334822416512
1330.0594029398094,0.99997866,0.9982015589004029
1330.0607918117264,0.99988323,0.9949168361269478
1330.062180683527,1.0000174,0.9972616093711385
1330.0635695554447,0.99988854,0.9950023195385951
1330.064958427245,1.0000829,0.9959076116674995
1330.0663472991614,1.000251,0.9988569287704262
1330.0677361709625,1.0001079,0.9949463232926707
1330.069125042763,1.0000666,0.996720641170509
1330.0705139146792,1.0002826,0.999037457010561
1330.0719027864802,1.0000889,0.9968368354197313
1330.073291658398,1.0001483,0.9955886214359645
1330.0746805301978,1.0000684,0.9955592990290463
1330.0788471457158,1.0001422,0.9982402564020766
1330.0802360175162,0.9999685,0.9966956848234922
1330.081624889434,1.0002444,0.9967587738231799
1330.0830137612336,1.0002382,0.9984258772212524
1330.0844026330342,0.99993813,0.9963959269056373
1330.0857915049517,1.0000998,0.9966490040571889
1330.0871803767523,0.9999848,0.9968991825313441
1330.0885692485526,1.0000147,0.9956208082958405
1330.0899581204696,1.0001122,0.9963576954009115
1330.0913469922702,1.0000781,0.9969906078320923
1330.0927358640706,0.99998313,0.9966517589000642
1330.0941247359874,0.99992263,0.9967317260091607
1330.095513607788,1.000148,0.9965412711975061
1330.096902479589,1.0000321,0.9971816173568179
1330.09829135139,1.0000631,0.9979701426295997
1330.099680223306,0.9998697,0.9955977131449281
1330.101069095107,1.0001308,0.9969390909879025
1330.1024579669077,0.9999235,0.9946443998867834
1330.1038468388247,0.9999403,0.9963206201274193
1330.1052357106257,1.0000615,0.9980709920073274
1330.1066245824254,0.99963385,0.99537165766165
1330.108013454226,1.0000029,0.9922254563944729
1330.1094023261435,1.0000876,0.9985749288258305
1330.1107911979443,1.0001274,0.9974909634290133
1330.1121800697447,1.0000099,0.9956813027159257
1330.113568941545,1.0000378,0.9986384075571851
1330.1149578133457,0.999996,0.9975745426080171
1330.1163466852627,0.99990684,0.995394699860718
1330.117735557063,1.0000069,0.994083644752456
1330.1191244288634,1.0001904,0.9982096687573011
1330.120513300664,1.0000935,0.9949390255106283
1330.1219021724646,1.0003145,0.9971073192656044
1330.1232910443814,1.0001273,0.9962603504538778
1330.1246799161827,1.0000693,0.9962651815925395
1330.126068787983,0.99994063,0.9955466346947364
1330.127457659783,1.0001975,0.9949508419329072
1330.1288465315843,0.99986625,1.0005740809507007
1330.1302354033846,1.0001007,0.9952601190119794
1330.1316242751845,1.0001526,0.9981753440961365
1330.1330131471022,1.0002053,0.9946056602463564
1330.1344020189026,1.0001718,0.9982983634485235
1330.1357908907025,1.000147,0.9953501580054208
1330.1371797625036,1.0001829,0.9961895444943735
1330.1385686343046,1.0000688,0.9976354941062108
1330.1399575061046,1.0000606,0.9989330880314312
1330.141346377905,1.0002742,0.9952670710006921
1330.1427352497062,0.9999384,0.9965551160015556
1330.1441241215066,0.9999301,0.9952604463620064
1330.1455129934238,0.99994504,0.9991776577898202
1330.1469018652242,0.99985194,0.9934682627589745
1330.1482907370255,0.99999756,0.996256721287349
1330.1496796088259,1.0000057,0.9981632326559589
1330.1510684806258,1.000139,0.9971915634904369
1330.1524573524268,0.99999124,0.9947744774500246
1330.1538462242274,1.0000006,0.9967037413203326
1330.1552350960271,1.0000895,0.9968703643752748
1330.1566239678282,1.0000812,0.9963112310711943
1330.158012839629,1.00009,0.9959480704910669
1330.1594017114287,1.000082,0.9976747172072862
1330.1607905832298,1.0003011,0.9944186384852254
1330.162179455031,0.99992925,0.9923715020085512
1330.163568326831,1.0001606,0.9922778482943636
1330.1649571986313,0.99997723,0.9966622511451161
1330.1663460704326,1.0000026,0.9960852427770908
1330.1677349422323,1.0000851,0.9985715471049252
1330.169123814033,1.0002222,0.9930461044750165
1330.1705126858342,1.0002387,0.9988232275068569
1330.1719015576339,1.000102,0.9947774440528322
1330.1732904294345,0.9998699,0.9970032245054938
1330.1746793012355,0.99993277,0.9966089709867171
1330.1760681730361,1.0000333,0.996722865819787
1330.1774570448365,1.0002434,0.9968071485215219
1330.1788459166369,0.99990684,0.9965358438779749
1330.1802347884377,0.9999039,0.9977530314851047
1330.181623660238,1.0002922,0.9959569444570071
1330.1844014037233,1.0001211,0.9896886499691866
1330.1857902755237,0.9999842,0.9977052195959264
1330.1871791473236,0.99996924,0.9969308322002888
1330.188568019125,0.9999036,0.9956215600337175
1330.1899568909262,1.0003779,0.9993746806518243
1330.1913457627259,1.0000834,0.9956481873751877
1330.1927346345265,1.0002096,0.9970780266526742
1330.1941235063275,1.0000225,0.9953123279149024
1330.1955123780108,0.99992865,0.9961421303582498
1330.1969012498114,1.0000714,0.996948331935484
1330.1982901216124,0.9999814,0.9965964327412876
1330.199678993413,0.9998629,0.9951794140013579
1330.2010678652136,1.0001689,0.9985309277256537
1330.202456737014,1.0002081,0.9972841700232755
1330.2038456088146,0.9997869,0.9954050275461079
1330.2052344804988,1.0000176,0.9955667134441081
1330.2066233522992,0.99986553,0.9951592885939433
1330.2080122240995,0.9999091,0.9990211137797661
1330.2094010959001,0.9998274,0.997827016081892
1330.2107899677007,1.0000134,0.9955049880777271
1330.2121788393847,0.99995834,0.9951064595077915
1330.213567711186,1.0000871,0.9969509271722813
1330.2149565829864,1.000019,0.9951455900949169
1330.2163454547863,1.0001134,0.9971459329295079
1330.2177343264711,0.9998608,0.9966948729281601
1330.2191231982715,1.0001519,0.9963987705946391
1330.2205120700714,1.0001988,0.9969832738552
1330.2219009418725,0.999995,0.9976753906303845
1330.2232898135567,1.0002519,0.9943209379486264
1330.224678685357,0.99995834,0.9947448048391804
1330.2260675571583,0.9998509,0.993033257005613
1330.2274564289587,0.99997723,0.9982805091982836
1330.228845300643,1.0000483,0.9917703432387927
1330.2302341724435,1.0001689,1.0000669148728765
1330.2316230442439,1.0002396,0.994361220734754
1330.2330119160442,1.0000545,0.9949462336942047
1330.2344007877284,1.0002093,0.9932354487451652
1330.235789659529,1.0000978,0.999201122783325
1330.2371785313294,0.99983674,0.9946384452781305
1330.2385674030136,1.0002699,0.9934487532221308
1330.2399562748142,1.0001897,1.0011868066615162
1330.2413451466152,0.9999886,0.9947106093093321
1330.2427340182994,0.99980754,0.9936159341599166
1330.244122890099,0.9996156,0.9874306799481116
1330.2455117619002,1.0002087,0.9975313633473757
1330.2469006335843,1.0002275,0.9968989755365604
1330.248289505384,0.99995023,0.9943931940606334
1330.249678377069,1.0001415,0.9980461714147038
1330.2510672488702,1.0001417,0.9942015607586422
1330.25245612067,1.0000597,0.9971955463410339
1330.253844992354,0.9999093,0.9959526140207628
1330.2552338641553,0.9999649,0.9970252051692894
1330.256622735955,1.0001208,0.99867377231211
1330.2580116076392,0.9998587,0.994173598308906
1330.2594004794405,1.0001011,0.998058173389565
1330.2607893511245,0.9998617,0.9961041771813777
1330.2621782229248,0.99997103,0.9975224232764494
1330.263567094609,1.0000389,0.9970888663906189
1330.26495596641,1.0002457,0.995673332354964
1330.2663448382107,0.99999684,0.9962062102787022
1330.267733709894,1.0001669,0.9956056711168595
1330.2691225816952,1.0000215,0.9968333093774995
1330.2705114533792,1.0002213,0.9970545259522107
1330.271900325179,1.0000725,0.9948291662561772
1330.273289196864,1.000092,0.9982979052012212
1330.2746780686643,1.0002459,0.9940032423666988
1330.2760669403478,1.0001277,0.9995169139671982
1330.2774558121491,0.9998799,0.9954997887126397
1330.2788446838338,0.9997705,0.9966812504968211
1330.2802335556335,1.0000191,0.9947212696006412
1330.2816224273179,1.000228,0.9973076640495786
1330.283011299119,1.00021,0.9950160025556637
1330.2844001708022,0.9999326,0.9949842367945751
1330.2857890426028,1.0000043,0.9986822890906126
1330.2871779142874,1.0000472,0.9923206133027205
1330.2885667860874,0.99999446,0.9962542159148021
1330.2899556577713,1.0001501,0.9964507546331998
1330.2913445295726,1.0000174,0.9966994431472411
1330.2927334012566,1.0001409,0.9975593016956489
1330.294122272941,1.0,0.9959386235094335
1330.2955111447413,0.9999701,0.9986552035963139
1330.2969000164253,1.0003116,0.9952673398978492
1330.298288888226,1.0001795,0.9968219782369667
1330.29967775991,1.0000144,0.9970503383622707
1330.3010666317111,1.0001041,0.9970309569547512
1330.3024555033958,1.000013,0.9952327825902398
1330.3038443750793,1.0002244,0.9976230246234811
1330.3052332468797,0.9998042,0.9954065488084689
1330.3066221185645,0.9999023,0.9948029881477836
1330.308010990248,0.9999597,0.9983402819226881
1330.3093998620484,1.0000495,0.996083843054601
1330.3107887337333,1.0001847,0.9985041777668222
1330.3121776055332,1.0002202,0.995187753895181
1330.3135664772171,1.0000635,0.99546060957891
1330.314955348902,0.99998045,0.9993020541346425
1330.3163442207024,0.9999586,0.9964830108039896
1330.3177330923866,1.0000705,0.9961099015927803
1330.3191219640707,1.0001,0.9956529757361975
1330.3205108358711,1.000195,0.9979166517538856
1330.321899707555,1.0001785,0.9972825369488778
1330.3232885792393,1.0000068,0.9981372639485184
1330.3246774509234,1.0000567,0.9947973790555082
1330.3260663227238,1.0000219,0.9931527885389494
1330.3274551944078,1.0003484,0.9975055849796639
1330.3288440660922,1.0002799,0.9965740193279329
1330.3302329378932,1.0000677,0.9956392330338274
1330.3316218095774,1.0000173,0.9953416052598909
1330.3330106812607,1.000092,0.9986096723064115
1330.3343995529453,0.9997163,0.9939427386140933
1330.335788424746,0.9999195,0.997668825715543
1330.3371772964292,1.0000689,0.9969728724470226
1330.3482882701362,0.9999627,0.9884485285650235
1330.3496771418204,0.9999666,0.9929442789720544
1330.3510660135044,0.9999623,0.9948017690722691
1330.3524548851885,0.9999964,0.9967589146557322
1330.3538437568732,1.0000519,0.9963344182048331
1330.3552326285574,1.0000902,0.9963095586163975
1330.356621500357,1.0001411,0.9976411860807896
1330.358010372042,1.0000492,0.9985966025954712
1330.3593992437259,0.99994856,0.9973491831541974
1330.3607881154094,0.99997926,0.9966192101681102
1330.3621769870942,1.0001489,0.9967941621541084
1330.3635658587782,1.0000198,0.9979689812230987
1330.3649547304617,0.99995506,0.9950358977958957
1330.366343602263,1.0002255,0.9998850518035081
1330.3677324739476,1.0000608,0.9954614155593795
1330.369121345631,0.9999811,0.9977582578354447
1330.370510217315,0.9999844,0.9961716164798583
1330.3718990889997,1.0000546,0.9969700342670023
1330.3732879606832,1.0002959,0.9964984286711914
1330.3746768323672,1.0001394,0.9960413253927924
1330.376065704052,1.0000447,0.9965776039160968
1330.3774545757356,1.0003012,0.9972090799869476
1330.3788434474195,1.0000818,0.9978308974092954
1330.3802323191044,0.9999842,0.9966081456005979
1330.3816211907892,1.0000808,0.9958542043077977
1330.3830100624732,1.0000763,0.9979264575195513
1330.3843989342731,1.0000988,0.9983583967478507
1330.385787805958,1.000185,0.9955843092071056
1330.387176677642,1.000027,0.9956956525425865
1330.3885655493254,1.0001811,0.9979314121399553
1330.38995442101,1.0000694,0.9979632000387317
1330.3913432926943,0.9999925,0.995200428962895
1330.3927321643775,1.0001982,0.9972905268626413
1330.3941210360622,1.0000851,0.9965447925834604
1330.395509907747,1.0000672,0.9972346048917239
1330.3968987794306,1.0000949,0.9969815315952635
1330.3982876511145,1.000066,0.9966934609344746
1330.399676522683,0.99997073,0.9967953374932903
1330.4010653943665,0.9998434,0.9971919817905832
1330.4024542660504,1.0000818,0.9979552283053035
1330.4038431377353,1.0001409,0.9960504700666004
1330.4052320094193,1.0002406,0.9975943488126662
1330.4066208811032,1.0000153,0.9971561797626908
1330.4080097527874,0.9999189,0.996901911536884
1330.4093986244716,0.99989545,0.9968194693002965
1330.4107874961555,0.9999115,0.9962903264909789
1330.4121763678397,1.0002464,0.9956777129671001
1330.413565239524,1.0001011,0.9960885741037084
1330.4149541112079,1.0000942,0.9975079944612293
1330.4163429828918,1.0000397,0.9965267755138218
1330.4177318544596,1.0000705,0.996619211789979
1330.4191207261442,0.9999702,0.9972445178716655
1330.4205095978284,1.0001324,0.9965777973367671
1330.4218984695126,1.000061,0.9963988557553196
1330.4232873411975,1.0000315,0.9971249096525393
1330.4246762128807,0.99981266,0.9965631480529556
1330.426065084565,1.0000234,0.996321228757104
1330.4274539562496,0.9999635,0.9978624419361986
1330.4288428278164,1.0000031,0.9958473189873487
1330.4302316995006,1.000058,0.9964075625289777
1330.4316205711852,1.0000832,0.9961128397164636
1330.4330094428697,0.9999681,0.9964485751344336
1330.4343983145536,1.0000517,0.99696174084817
1330.4357871861212,1.0002437,0.9973073992211192
1330.4371760578053,1.0000151,0.9963846272110927
1330.4385649294895,1.000029,0.9973169092404355
1330.4399538011735,1.0002061,0.9975826750737063
1330.4413426728574,0.9999754,0.9982845571184565
1330.442731544426,0.9998957,0.9948474083416036
1330.44412041611,1.0001817,0.9964720406743341
1330.4455092877934,0.9998185,0.9979773117627578
1330.4468981594782,1.0003202,0.9959659671906942
1330.4482870310458,1.0000453,0.9978068850672259
1330.4496759027293,1.0001947,0.9971339412282403
1330.4510647744141,1.0001776,0.9959188077049742
1330.452453646098,1.0000129,0.9964397344160748
1330.4538425176652,0.9999957,0.9966440050807923
1330.45523138935,1.0000776,0.9976721769185127
1330.4566202610347,1.0001184,0.997826427577351
1330.4580091326025,0.9999803,0.9929054042230231
1330.4593980042864,1.0001158,0.9953610009322498
1330.4607868759704,1.0000767,0.9962930121712708
1330.4621757476546,1.0000854,0.9966958020025966
1330.4635646192223,1.0000435,0.9974138715576196
1330.4649534909063,0.99997675,0.9967233447884304
1330.4663423625902,0.99992406,0.9969983422815799
1330.4677312341582,1.000089,0.9962221202064137
1330.4691201058422,1.0000992,0.9977063562104285
1330.470508977527,0.999983,0.9957961794086857
1330.4718978490946,1.0001643,0.9964460825160271
1330.473286720778,1.00007,0.9964243203442547
1330.4746755923463,0.9999799,0.9971942713098801
1330.4760644640305,0.99984074,0.997254993402462
1330.4774533357138,1.0001287,0.9967196512199826
1330.478842207282,0.99996245,0.9957850765294189
1330.4802310789669,1.0001497,0.9980099384568688
1330.481619950534,1.0000963,0.9961331659472888
1330.483008822218,0.9999918,0.9979426440172668
1330.4843976939028,1.0000087,0.9958519769823935
1330.4857865654699,1.0001422,0.9976343004150259
1330.4871754371538,1.00022,0.996409671370339
1330.4885643087223,1.0000492,0.997177809000446
1330.4899531804056,0.99995464,0.9952374521935778
1330.4913420519733,0.99994123,0.9982024688249207
1330.4927309236582,0.9998838,0.997018707020746
1330.4941197953422,1.0000246,0.9959772613817186
1330.4955086669097,0.99999547,0.9960510068256787
1330.4968975385939,1.0001843,0.9987635585494472
1330.498286410162,1.0000589,0.9963154273274993
1330.4996752818463,1.0001243,0.9967723090410446
1330.5010641534132,0.999952,0.9950144001921384
1330.502453025098,1.0002286,0.9978642387081289
1330.5038418966658,1.0001606,0.9962424149271646
1330.505230768349,1.0002884,0.9969273731478779
1330.5066196399175,1.0001119,0.996135029868504
1330.5080085116024,1.0000241,0.9979949089499927
1330.5093973831692,1.0000648,0.9953314559562741
1330.5107862548534,1.0002787,0.9975123944204667
1330.5121751264219,1.0000795,0.9970146240601938
1330.5135639979887,1.000249,0.9961720590349662
1330.514952869673,1.0000732,0.9963749923608866
1330.5163417412411,1.0000947,0.9964415007475076
1330.5177306129244,1.0001059,0.9960879098719378
1330.5191194844922,1.00002,0.996136474950222
1330.5205083561768,0.99992055,0.9964914882336071
1330.5218972277446,1.0000328,0.9974450258467775
1330.5232860993124,1.0001627,0.9976846065285425
1330.5246749709963,1.000153,0.9979713706420298
1330.526063842564,1.0001055,0.996951593932993
1330.5274527142483,1.0000108,0.9970391039502478
1330.5288415858158,1.0000241,0.9964990705137478
1330.5302304573834,1.0001389,0.9971374187738635
1330.5316193290682,1.0000262,0.9964316749239706
1330.5330082006358,1.0000492,0.9980141080658473
1330.5343970723193,1.0000721,0.9971844839246566
1330.5357859438877,0.9999525,0.9964551991955705
1330.5371748154553,1.0001382,0.9973249623042411
1330.5385636871395,0.9998564,0.9965864904282197
1330.5399525587077,1.0000727,0.996303983980341
1330.5413414302748,1.0003436,0.9980934277281952
1330.5427303019587,1.0000466,0.9952727512330332
1330.5441191735272,1.0002137,0.9976175128249122
1330.5455080450947,1.000038,0.9967640114368532
1330.5468969166627,1.0000097,0.9967655408443977
1330.5482857883467,0.999954,0.9981488555570691
1330.5496746599142,1.0001084,0.9980204718149492
1330.551063531482,1.0002195,0.9958213159377327
1330.5524524031662,1.0001106,0.997481467662165
1330.5538412747337,0.9999077,0.9984160610466812
1330.5552301463013,1.0005071,0.995686350191593
1330.556619017869,1.0000818,0.9978438959809873
1330.5580078895532,1.0002419,0.996316972248658
1330.5593967611217,1.0000817,0.9980443423851456
1330.5607856326892,1.0001957,0.9956911468304783
1330.5621745042563,1.0000752,0.9982074172570935
1330.563563375941,0.99998575,0.9959279923841011
1330.5649522475087,1.0000656,0.9954081074046787
1330.5663411190756,1.0000602,0.9981049421830123
1330.5677299906438,1.0001937,0.9967574166080093
1330.5691188622122,1.000293,0.9974471774649525
1330.5705077338957,0.9999807,0.9968706142343619
1330.5718966054633,0.99997824,0.9963154236526894
1330.5732854770317,0.9997986,0.997335555040508
1330.5746743485988,1.0000713,0.995851176860427
1330.5760632201664,1.0001243,0.9970881551140213
1330.5774520917348,1.0000592,0.9964396327327727
1330.5788409634188,0.9998589,0.9982491709521595
1330.5802298349863,0.99992776,0.9970563349277258
1330.5816187065543,0.99998176,0.9967158530494566
1330.5830075781225,1.0001776,0.9963156998386612
1330.5843964496903,1.0001271,0.996011887210125
1330.5857853212572,1.0000204,0.9969855770297598
1330.5871741928254,0.9999923,0.9967911425326081
1330.5885630643932,1.0004519,0.9957529411838526
1330.5899519360764,1.0000503,0.9986239762509347
1330.5913408076449,1.0000432,0.997440443339849
1330.5927296792124,1.0002208,0.9965492010953678
1330.5941185507795,1.0002145,0.9968400029350479
1330.595507422348,1.0000688,0.9968438308010615
1330.5968962939164,1.0003536,0.9963367729010131
1330.5982851654833,1.000187,0.9963454510042579
1330.599674037051,1.0000706,0.9967219439055848
1330.6010629086193,1.0001928,0.9974010427890154
1330.6024517801861,0.9999844,0.9950761259410863
1330.603840651754,1.0001669,0.9976810326938633
1330.6052295233221,1.0000823,0.9966791581423107
1330.6066183948901,1.0000992,0.9977532808342824
1330.6080072664577,1.0001713,0.9960539627155949
1330.6093961380252,1.0000916,0.9966630208694125
1330.610785009593,1.000121,0.9969294739626882
1330.6121738811607,1.0000517,0.9974680682605335
1330.6135627527283,1.0001664,0.9962566968490174
1330.6149516242958,1.0000092,0.9967631449287978
1330.6163404958638,1.0001136,0.997506480259869
1330.6177293674314,1.0000563,0.9981194498931072
1330.6191182389998,1.0001124,0.9948237024181189
1330.620507110568,0.9999684,0.9972366394163531
1330.621895982135,0.99995315,0.9969749335591075
1330.6232848537027,1.0001132,0.9978641971856846
1330.624673725271,1.000064,0.9959516229185873
1330.626062596838,1.0001206,0.9969665394521906
1330.6274514684055,1.0000181,0.9984271961707479
1330.628840339974,1.0000097,0.997795419239496
1330.630229211541,1.0000331,0.9972354995620905
1330.6316180831086,0.999822,0.9959826834680344
1330.633006954677,1.000066,0.9975313261322148
1330.6343958262446,1.0002238,0.9966110688177361
1330.635784697696,0.9999807,0.9966851286667789
1330.6371735692637,1.0000992,0.9971334456632571
1330.6385624408313,1.0000514,0.9962717828976203
1330.6399513123988,1.0002424,0.9969778504462983
1330.6413401839668,1.0003382,0.9949706702935388
1330.6427290555343,1.0000901,0.9970060887259834
1330.6441179271028,1.0001377,0.9965416998094803
1330.645506798554,1.0002129,0.9981898043704298
1330.646895670121,1.0000343,0.9969159002031986
1330.6482845416892,1.0000665,0.9973863525200747
1330.649673413257,0.99981886,0.997193642107934
1330.651062284824,1.000073,0.995508838093269
1330.6524511563923,1.0000597,0.9971674273836538
1330.6538400278437,1.0002651,0.9967914237266344
1330.6552288994112,1.0000651,0.9974259728807423
1330.6566177709797,1.0000523,0.9970455678854094
1330.6580066425472,1.0000724,0.9971985532406503
1330.6593955141147,1.0000055,0.9972819505762212
1330.660784385566,1.0000644,0.9956972535238581
1330.6621732571339,1.0001272,0.9955124391069858
1330.6635621287014,1.0000129,0.9983180444616537
1330.6649510002692,1.000031,0.996222789300492
1330.6663398717205,1.0001824,0.9973846345070596
1330.667728743288,1.0000759,0.9968332897301844
1330.6691176148556,0.9999904,0.9957469293066473
1330.6705064864234,1.0000799,0.9964475962787239
1330.6718953578752,1.0001109,0.9986084694365518
1330.673284229443,1.000025,0.9963666434111306
1330.6746731010098,1.000171,0.9963930417544379
1330.6760619724619,1.0001487,0.996749719135814
1330.6774508440296,1.0000262,0.9958957810610898
1330.6788397155965,1.000166,0.9976599388586088
1330.680228587165,1.000214,0.9965318571216089
1330.681617458617,1.0001602,0.9967854340337123
1330.6830063301838,1.0001353,0.9961847333140224
1330.6843952017516,1.0001982,0.9977774982981963
1330.6857840732036,1.0002037,0.9952119234476923
1330.6871729447705,1.0000092,0.995745866120278
1330.6885618163383,0.9999334,0.9984936594522364
1330.68995068779,1.0000211,0.9983198817188247
1330.691339559357,1.0000466,0.9951918583686661
1330.6927284308083,1.000129,0.9980912599406613
1330.6941173023765,1.0004158,0.9978997896721237
1330.695506173945,1.0000917,0.9973265859855998
1330.6968950453963,0.99998295,0.9960629630797884
1330.6982839169632,1.0003861,0.9969676645002449
1330.6996727884152,1.0000912,0.9975247116567043
1330.7010616599828,1.0001137,0.9958870816535701
1330.7024505315499,1.0000955,0.9969957794688483
1330.703839403002,1.0002326,0.9978097938202759
1330.7052282745694,0.99998504,0.9963045787668084
1330.70661714602,1.0002087,0.9966789343932122
1330.7080060175886,1.0002502,0.9973868877542923
1330.7093948890404,1.0001053,0.9958640491040845
1330.7107837606072,1.0000336,0.9960994618744538
1330.712172632175,1.0000422,0.997086164629281
1330.7135615036268,1.0000857,0.998390897434882
1330.714950375194,1.0000938,0.9963795935906598
1330.716339246645,0.9999909,0.9982455511781488
1330.7177281182135,1.0000851,0.9960180718361855
1330.7191169896646,1.0000843,0.9961489131731414
1330.7205058612326,0.9999924,0.9972999301460249
1330.7218947326837,1.0001953,0.9967538754302392
1330.7232836042513,1.0000445,0.9977198651740695
1330.7246724757026,1.0000175,0.9956929520050111
1330.7260613472704,1.0001554,0.9968769792324267
1330.7274502187215,1.0001966,0.9975060822693051
1330.7288390901726,1.0001045,0.9964528725247267
1330.7302279617404,0.9999197,0.9974691342815892
1330.7316168331918,0.99997246,0.9976100609225654
1330.7330057047602,1.0000901,0.9957439614319928
1330.7343945762113,1.0000889,0.9988532335744041
1330.7357834477789,0.9998976,0.9971373040492904
1330.737172319231,0.99999917,0.9963828809316503
1330.7385611906816,1.000151,0.9972192032974438
1330.7399500622491,1.0002455,0.9961981183634759
1330.7413389337012,1.0002649,0.9959213707958683
1330.742727805268,1.0001701,0.9980345710536831
1330.7441166767194,1.0001124,0.9970421703065091
1330.7455055481714,0.99989647,0.9974886011382573
1330.746894419739,1.0002537,0.9981887584668203
1330.74828329119,1.0000685,0.9961280399191993
1330.7496721627579,1.0001198,0.9968543238677835
1330.7510610342092,1.0001999,0.9968067644793718
1330.7524499056603,1.000096,0.996406175273353
1330.7538387772279,1.0002486,0.9974074318235776
1330.7552276486795,1.0001092,0.998174251002698
1330.7566165201313,1.0000621,0.9969600362242462
1330.758005391699,1.0000254,0.9966689167930093
1330.7593942631495,1.0003228,0.9965752062396116
1330.7607831346013,1.0000758,0.9971966587591906
1330.7621720060527,1.0001194,0.9969688368875276
1330.7635608776195,1.0000958,0.995936484764938
1330.7649497490715,0.9999614,0.995906775926912
1330.766338620523,1.000041,0.9981754904423582
1330.7677274920898,1.0000577,0.9969258044746205
1330.7691163635418,0.99971414,0.9977186361296656
1330.7705052349938,0.9999458,0.9960605074885329
1330.7718941064443,1.0000392,0.9971829691093381
1330.773282978012,1.0001465,0.996896266500918
1330.7746718494639,1.0000628,0.9978531781082595
1330.7760607209152,1.0000486,0.9970124941899914
1330.7774495923663,1.0001751,0.9976749573679407
1330.778838463934,0.99992144,0.9975803777559334
1330.7802273353855,1.0001227,0.996577667426112
1330.7816162068366,0.9999845,0.9958037325475836
1330.7830050782877,1.000046,0.9965910169531762
1330.7843939497398,0.99992037,0.9958714710234833
1330.7857828213073,1.000231,0.9981728795842274
1330.787171692758,1.0000873,0.9971513617435777
1330.78856056421,1.0002061,0.9977229962157588
1330.7899494356611,1.0000215,0.9962514275191543
1330.7913383071118,0.99991953,0.9977472169911283
1330.7927271785638,1.000181,0.9962091453961366
1330.794116050132,1.000029,0.996281555968027
1330.7955049215825,1.0001763,0.9973676330186949
1330.7968937930339,1.0000582,0.996539789016482
1330.7982826644857,1.0001453,0.9974218139599366
1330.7996715359363,1.0000321,0.9969730265789376
1330.8010604073875,1.0001136,0.9974557592170575
1330.8024492788395,0.99992555,0.9957210492229691
1330.8038381502902,1.0003282,0.9990314359924436
1330.8052270218577,1.0000756,0.9957940042083304
1330.8066158933098,1.000066,0.9972183362710907
1330.8080047647609,1.0000851,0.9978110593202438
1330.8093936362122,1.0001482,0.9966510533616907
1330.8107825076636,1.0000836,0.9970789414308171
1330.8121713791147,1.0000346,0.9985781895852457
1330.813560250566,1.0000967,0.9970576105685103
1330.8149491220174,1.0001998,0.9977322887815644
1330.8163379934692,0.9999293,0.99560214898789
1330.8177268649206,1.0002133,0.9972162290735279
1330.819115736371,0.99995935,0.9973510701372466
1330.8205046078228,1.0002059,0.9962430475571804
1330.8218934792749,1.0000433,0.9982630410566786
1330.8232823507255,1.0001801,0.9957887543675953
1330.8246712221767,0.99993753,0.9974329041065609
1330.8260600936287,1.0002556,0.9960644825493326
1330.8274489650794,1.0001743,0.9971891475091903
1330.8288378365305,1.0000112,0.9961317682226609
1330.8302267079825,1.000068,0.9972249331559891
1330.8316155794337,1.0000858,0.997776281068826
1330.8330044508848,1.0000445,0.9979522482208389
1330.8343933223364,1.0001036,0.9976885534634364
1330.8357821937875,1.000237,0.9964533938558385
1330.8371710652386,1.0001243,0.9951085299261215
1330.83855993669,1.0000972,0.9975770489101905
1330.8399488081413,1.0000615,0.9982574562016738
1330.8413376795925,1.0000029,0.9957341244039455
1330.8427265510436,0.9998599,0.9974190189226374
1330.844115422495,1.0002085,0.9997330806322297
1330.8455042939468,1.0002233,0.9939977523953488
1330.846893165282,1.0000207,0.9990726594285386
1330.8482820367324,0.99992394,0.9938728161098899
1330.8496709081842,1.0000095,0.9986012776027092
1330.8510597796355,1.0001341,0.9977617220469702
1330.852448651087,0.9997209,0.9962644210145685
1330.8538375225387,1.0001229,0.9972162341357911
1330.85522639399,0.9999677,0.9963320955931418
1330.8566152654412,1.0001065,0.9984353612291046
1330.858004136776,1.0000916,0.9954733023975291
1330.8593930082275,0.99986017,0.997973524885954
1330.8607818796786,0.9999796,0.9977616190018045
1330.8621707511297,1.0000311,0.9973981375011435
1330.863559622581,0.99992806,0.9973537707590634
1330.8649484940324,1.0000042,0.9976380990656003
1330.8663373653671,0.99995214,0.9949391230657748
1330.8677262368183,1.0002671,0.997285526777377
1330.8691151082703,1.0000066,0.9972717622257704
1330.8705039797217,1.0000591,0.9968554576381682
1330.8718928510557,1.0001134,0.996574253066785
1330.8732817225077,0.99979824,0.9990600409925536
1330.8746705939589,0.99995565,0.9960685933825154
1330.8760594654095,1.0000876,0.9965836695859701
1330.8774483368616,0.99987423,0.9962049837551517
1330.8788372081963,0.9998759,0.9976471152306119
1330.880226079647,1.0000256,0.996200424012908
1330.881614951099,1.0003115,0.9964401273196501
1330.8830038224344,1.0001057,0.9967832738774863
1330.8843926938848,1.0000308,0.9960484938690577
1330.8857815653362,0.9999388,0.9971269315679132
1330.887170436788,0.9999408,0.9981977371998144
1330.8885593081222,1.0000775,0.9956748625106561
1330.8899481795734,1.0000775,0.9966499679171897
1330.8913370510254,1.0000138,0.9981699862260596
1330.892725922361,0.99994177,0.9956000843811819
1330.8941147938122,1.0000709,0.9978635855696832
1330.8955036652628,1.0000746,0.9968240716141981
1330.8968925365984,1.0002409,0.997449297080158
1330.8982814080496,1.0001211,0.9973685300518956
1330.8996702795002,1.0000473,0.9967190772937687
1330.9010591508356,1.0002337,0.9954544864005631
1330.902448022287,0.9999876,0.9993752465764023
1330.9038368937374,1.0001612,0.9974666190550417
1330.9052257650728,1.0001447,0.9969367090982802
1330.9066146365249,1.0003309,0.9965934673607133
1330.9080035078591,1.0001411,0.9974103382963948
1330.9093923793102,1.0001502,0.9973708065742987
1330.9107812507623,1.0002266,0.9956923888337044
1330.9121701220965,0.99993676,0.9971880087921221
1330.9135589935477,1.0000206,0.9973680964325579
1330.9149478648833,1.0001804,0.997873188562272
1330.916336736334,1.0000095,0.9965866040321453
1330.917725607785,1.0000864,0.9966781791283735
1330.9191144791207,1.000012,0.997245799656263
1330.9205033505718,1.000094,0.9963864264411486
1330.9218922219065,1.0001863,0.9970976202482601
1330.923281093358,1.0001843,0.997488985785656
1330.9246699646928,1.0001202,0.9967652809504961
1330.926058836144,1.0004501,0.9960120709109898
1330.9274477074787,1.0001738,0.9968279717967299
1330.9288365789303,1.0001847,0.9972218984639709
1330.9302254502657,1.0000215,0.9970790820770744
1330.931614321717,1.0001333,0.99697742936468
1330.9330031930517,1.0000294,0.9968303576503748
1330.9343920645038,1.0001673,0.9975047789353351
1330.9357809358378,1.000086,0.9977994450503969
1330.9371698072891,1.0001748,0.9972008026713891
1330.9385586786248,1.0002347,0.9946331267123991
1330.9399475500752,1.0002011,0.995575530259388
1330.9413364214101,0.9999398,0.9965913154392371
1330.9427252927455,1.0000644,0.9979877466118966
1330.944114164197,1.0000764,0.9982562439118806
1330.9455030355316,0.9998019,0.995644507621141
1330.9468919069827,1.0001279,0.9970764098237023
1330.9482807783177,1.0001972,0.9978977321535245
1330.949669649769,1.000138,0.9964551332775174
1330.9510585211037,1.0001851,0.99569232706745
1330.9524473924387,1.0001832,0.9985273297449903
1330.9538362638905,1.0001323,0.9962368631686492
1330.9552251352254,0.99992204,0.9975686445287046
1330.9566140065594,1.0000219,0.9956600259432787
1330.9580028780115,1.000039,0.9972308090586242
1330.9593917493462,0.9999684,0.9979696487759844
1330.9607806207969,0.9999796,0.9956036399217923
1330.9621694921325,1.0000211,0.9963831665778364
1330.9635583634672,0.9999369,0.9965214249300581
1330.9649472349179,0.99993753,0.9992195451275809
1330.9663361062535,1.0001955,0.9966887914683876
1330.967724977589,0.99989796,0.9957961279220351
1330.9691138490393,1.0000503,0.9963332605757104
1330.9705027203743,1.0000769,0.9963017601096398
1330.9718915917097,0.9998616,0.9975697683781559
1330.9732804630448,1.0001131,0.9978570551600221
1330.974669334496,1.0002071,0.9965969705504419
1330.9760582058307,1.0001262,0.9960908107086427
1330.9774470771656,1.000136,0.9978932762639549
1330.978835948617,0.9999058,0.9954648658114491
1330.9802248199517,0.99983346,0.9975053093863467
1330.9816136912873,1.000006,0.995502110757636
1330.983002562622,1.0001525,0.9984214674198585
1330.9843914340727,1.0000108,0.9977770401461915
1330.9857803054083,1.0000281,0.996317940786144
1330.987169176743,1.0001771,0.9970630575970427
1330.9885580480773,1.0000105,0.9966572785003776
1330.9899469194127,1.000121,0.9964275806417479
1330.9913357908645,0.99999297,0.9962384359105676
1330.9927246621987,1.0000743,0.9991731609712836
1330.9941135335334,0.99988014,0.9947665759806822
1330.995502404869,1.0001478,0.9987732214914097
1330.9968912762033,1.0003135,0.9972555511344043
1330.9982801476544,0.99983877,0.997124528339372
1330.99966901899,1.0000789,0.9956677298663918
1331.0010578903243,1.0002064,0.995044743238047
1331.002446761659,1.0000362,0.9984307083441436
1331.0038356329947,0.99993736,0.9975653759791446
1331.0052245043294,1.000086,0.9974873719739976
1331.006613375664,0.99995804,0.9980250027651905
1331.0080022471157,1.0000186,0.9953078645746172
1331.009391118451,1.0000182,0.9999873396849269
1331.010779989786,0.99999267,0.9952323175852964
1331.01216886112,1.0000283,0.9972178107583629
1331.0135577324554,1.0000734,0.9973941436494228
1331.014946603791,1.0000472,0.9979899651705053
1331.0163354751253,1.0001216,0.9971344976307411
1331.01772434646,0.99996996,0.9985868084851505
1331.0191132177956,1.0000705,0.9948283219764593
1331.0205020891299,1.0000484,0.9962318160558553
1331.0218909604646,1.0002328,0.9985563707248419
1331.0232798318002,1.0000715,0.9969788818718335
1331.0246687031342,1.0000843,0.9978512938197378
1331.0260575745856,1.0000237,0.9976903928823325
1331.027446445921,1.0001767,0.9957933933204256
1331.028835317256,1.000127,0.9975307433053874
1331.0302241885906,1.0000365,0.9977872687706754
1331.0316130599256,0.9999475,0.9963687718218238
1331.0330019312605,1.0001621,0.9973648094995271
1331.0343908025952,0.9999122,0.997128836176634
1331.03577967393,1.000263,0.9949848842709689
1331.0371685452649,1.0000736,0.9966477399392175
1331.0385574165998,1.000175,0.9969484713375456
1331.0399462879345,0.99985796,0.9974202337131026
1331.0413351591528,1.0000073,0.9974496319274605
1331.0427240304884,1.0000294,0.9957295924003591
1331.0441129018234,1.0001451,0.9964254374912122
1331.0455017731574,1.0000228,0.998159590004971
1331.046890644493,0.9999324,0.9962314003747954
1331.0482795158277,1.0000365,0.9979678947018661
1331.0496683871627,1.0000867,0.9954048881119292
1331.051057258498,1.0001715,0.9987590234615261
1331.0524461298332,1.0000705,0.9951902176017356
1331.053835001168,0.9999486,0.9946666412186596
1331.0552238725027,1.0000106,0.9991426834019679
1331.0566127438376,1.0001229,0.995311749331655
1331.0580016150561,1.0002899,0.9980837046620837
1331.0593904863908,1.0000447,0.9964443502361773
1331.0607793577256,0.9998116,0.9972974349961826
1331.0621682290605,1.0001094,0.9952945706650588
1331.0635571003954,1.0000921,0.9978169899395655
1331.0649459717301,1.0000472,0.998573023525482
1331.0663348430658,0.99998814,0.9944418533645756
1331.067723714284,1.0001131,0.9956600902619516
1331.0691125856183,1.0002687,0.9988889154793085
1331.070501456954,1.0000733,0.9966282864821729
1331.0718903282886,0.99993926,0.9984000118517457
1331.073279199623,0.9999961,0.9950894030454933
1331.0746680708419,0.99988556,0.9968758366017676
1331.0760569421773,0.99976575,0.9964089272554043
1331.0774458135115,0.99997926,0.9980656740572406
1331.0788346848465,0.99984854,0.9977676161608742
1331.0802235561819,0.9999709,0.9950638193619852
1331.0816124273997,1.0001106,0.9972829397304823
1331.0830012987344,1.0000924,0.9974569956451744
1331.08439017007,1.0001202,0.9963269469927735
1331.0857790414043,0.9999821,0.9968140765534134
1331.0871679126226,1.0000223,0.9970654163002884
1331.0885567839582,1.0001156,0.999191303961058
1331.0899456552938,0.999917,0.9958399994552989
1331.0913345266285,1.0002879,0.9968404507123736
1331.0927233978464,1.0001584,0.9986098394990658
1331.0941122691818,1.0002518,0.9965902745177558
1331.0955011405167,0.9997889,0.9954084270575245
1331.0968900117343,1.0001825,0.9984570499336691
1331.0982788830697,1.0003082,0.9955382852180341
1331.099667754405,1.0000988,0.9977044229632499
1331.1010566256225,1.0001771,0.9971355853355305
1331.102445496958,1.0002096,0.9970483987962397
1331.1038343682935,1.0000324,0.994687887694953
1331.1052232395114,0.9999828,0.998782240168508
1331.106612110846,0.9999838,0.9962299506501935
1331.1080009821817,0.9999683,0.9974027139277722
1331.1093898533993,1.000205,0.995915290071684
1331.1107787247342,1.0002506,0.9989090630950612
1331.1121675959535,1.0000817,0.9962919944063446
1331.1135564672882,1.0001855,0.9963175379277347
1331.1149453386229,1.0002621,0.9955806440612714
1331.1163342098414,1.0000522,0.9981699034090205
1331.1177230811763,1.0002172,0.9976012395887266
1331.1191119523946,1.0002234,0.9966857874667765
1331.1205008237293,1.0003085,0.9960989141205281
1331.1218896950643,0.99986845,0.9968563629068755
1331.1232785662828,1.0002804,0.9962442311185691
1331.1246674376175,0.9999791,0.9966304646642147
1331.126056308836,1.0000193,0.9972746720609516
1331.1274451801714,1.0000161,0.9968461895474205
1331.12883405139,1.0001754,0.9967312865647382
1331.130222922725,0.9999384,0.99715542351965
1331.1316117939439,1.0000509,0.9971072375200605
1331.133000665278,0.99999166,0.9978980220430722
1331.1343895364967,1.0001262,0.9963676107179411
1331.135778407832,1.0001515,0.9956634239473142
1331.1371672790506,0.99992704,0.9979313008429228
1331.1385561503853,1.0001131,0.9983345836005001
1331.1399450216036,0.9997687,0.996781875349023
1331.1413338929385,0.99998397,0.996617246789766
1331.142722764157,0.9998849,0.9950253429797133
1331.1441116354918,0.99998015,0.9967518884713538
1331.14550050671,1.0001503,0.9966170977695152
1331.1468893780452,1.0001559,0.998689763256636
1331.1482782492635,1.0002266,0.9965138309657149
1331.1496671204818,1.0000631,0.9969667461591363
1331.1510559918174,0.999952,0.9990931858902671
1331.1524448630357,0.9997096,0.9955407277793481
1331.15383373437,1.0000763,0.9979192764329435
1331.1552226055892,0.9998926,0.9964962978647789
1331.1566114768075,1.0000455,0.9991723745031521
1331.1580003481417,1.0001808,0.9974181292716405
1331.159389219361,1.00021,0.9929782306198793
1331.1607780906963,1.000057,0.9975649222583746
1331.162166961914,0.99999195,0.9991293019278036
1331.1635558331325,1.0002133,0.9961831658734218
1331.1649447044679,0.9998759,0.9959104515926662
1331.1663335756857,0.99999106,0.9978466821060921
1331.167722446904,0.9999836,0.9977312030050725
1331.1691113182396,0.9999021,0.9973028210935887
1331.1705001894582,0.9999249,0.9968767903160526
1331.1718890606767,0.9998399,0.9967387429653398
1331.1732779320114,1.0000744,0.9971455632243259
1331.1746668032306,0.9998743,0.9981768319248846
1331.176055674449,1.000041,0.9967246232496256
1331.1774445457831,1.0001833,0.997662209452147
1331.1788334170024,1.000095,0.9988191335566992
1331.1802222882206,1.0000516,0.993932597127818
1331.1816111594385,1.0001893,0.9987818872305649
1331.1830000307739,1.0002532,0.9971873121332068
1331.1843889019924,1.00029,0.9963893702255991
1331.18577777321,1.0000153,0.9959445517127962
1331.187166644429,0.99984527,0.9991862108313602
1331.1885555157646,0.999909,0.9951956403286855
1331.1899443869825,1.0002706,0.9949601193036821
1331.1913332582008,0.9998302,0.9990389848902094
1331.19272212942,1.0000641,0.9971956445485123
1331.1954998719725,1.0001625,0.9999768043705253
1331.1968887431917,1.0001845,0.9957585792035815
1331.19827761441,1.0001136,0.9963158553543492
1331.1996664856283,1.0003095,0.9975429131903235
1331.2010553568468,0.999943,0.9968103735059735
1331.2024442281818,0.9999564,0.9981687893965612
1331.2038330994,0.99996036,0.9977719993230906
1331.2052219706186,1.000139,0.995955484482432
1331.2066108418371,1.0001343,0.9964693502149687
1331.2079997130554,1.0000713,0.9964442909899701
1331.2093885842737,1.0000368,0.9967555463806392
1331.210777455493,1.0000972,0.997206408205903
1331.2121663268285,1.0000211,0.9981425793354951
1331.2135551980462,1.0002548,0.9972412479334335
1331.2149440692647,1.0000985,0.9952748805547623
1331.2163329404839,1.0002233,0.9961680510452379
1331.2177218117015,0.99990815,0.9971384925783754
1331.21911068292,1.0001314,0.9957926715968441
1331.220499554139,1.0000904,0.9980127238393433
1331.2218884253575,1.0000663,0.9961712335272365
1331.2232772965758,1.000186,0.9972114880489243
1331.224666167794,1.0000136,0.9974937685027544
1331.2260550390129,0.99981266,0.9965829320285442
1331.2274439102312,1.0001013,0.9956802029801755
1331.2288327814495,1.0001523,0.9977411125979417
1331.230221652668,0.9997733,0.9953927163681943
1331.2316105238865,0.9997909,0.9941438690605892
1331.2329993951048,0.99996287,0.999527079530183
1331.234388266323,1.0000268,0.9959456328251998
1331.2357771375423,0.99999255,0.9985217795398109
1331.2371660087608,1.0000008,0.9976531768229756
1331.2385548799784,1.000059,0.9957944597996298
1331.2399437511976,0.9999614,0.998470080320174
1331.241332622416,0.99996144,0.9956829138976684
1331.2427214936338,1.0001681,0.9978082159242277
1331.244110364853,1.000115,0.996026751841989
1331.245499236072,0.9999478,0.9969128495292543
1331.2468881072905,1.0000424,0.9974372805935161
1331.2482769785088,1.0001094,0.9957339754059126
1331.2496658497273,1.0002717,0.9971005751597225
1331.2510547209458,1.0002679,0.9963786944159858
1331.2524435921641,0.9998679,0.9965457359078624
1331.2538324633824,1.0000639,0.9975951043729183
1331.255221334601,1.0003365,0.9968893130538408
1331.2566102058195,1.0000037,0.9975838687465459
1331.2579990769214,0.9999575,0.9961674356504782
1331.2593879481406,1.000099,0.9955344815667679
1331.2607768193589,1.0001187,0.9966704734462304
1331.2621656905767,1.000088,0.9972916969381754
1331.263554561796,0.99984056,0.9984936351580139
1331.2649434330142,0.99989665,0.9965683234294725
1331.266332304232,0.99985784,0.997535510747609
1331.267721175451,1.0001465,0.9963421940384086
1331.2691100465531,1.0000236,0.9966084638183219
1331.2704989177707,0.99993485,0.9969463213755145
1331.2718877889897,0.9999948,0.9972798195763145
1331.273276660209,1.0000921,0.9969719201427304
1331.2746655314268,1.0001019,0.9968709364219223
1331.2760544025286,1.0001822,0.9972222239247606
1331.2774432737478,0.99995184,0.9986636172790118
1331.2788321449657,1.0002658,0.9954196070903275
1331.280221016184,1.0000551,0.9951854345070396
1331.2816098874032,0.9998844,0.9964166233531784
1331.282998758505,1.0000576,0.9991659783540269
1331.2843876297236,0.99998057,0.9935641973138362
1331.2857765009421,0.9999649,0.9983267901250586
1331.287165372161,1.0000362,0.9961274297306691
1331.2885542432632,0.9999719,0.9965590705970884
1331.2899431144808,1.0000991,0.9962847301032887
1331.2913319856998,1.0000604,0.9982293018377759
1331.292720856802,1.0002807,0.9961750093284348
1331.2941097280195,1.000102,0.9973014680989387
1331.2954985992387,1.0002472,0.9982428529607361
1331.296887470458,1.0003896,0.9961945015412225
1331.2982763415594,1.0002061,0.9945372847824706
1331.2996652127777,1.0000018,0.9976759262324695
1331.3010540839969,1.0000867,0.9957166378294315
1331.302442955098,1.0000422,0.9994477950035797
1331.3038318263166,1.0000943,0.9933584611098476
1331.3052206975358,0.9999952,0.9981001819556611
1331.3066095686377,0.9999269,0.9981798717949766
1331.307998439856,1.0000622,0.9934770873429007
1331.309387310958,0.99995375,0.998320691859049
1331.3107761821766,0.9997793,0.9987490794138121
1331.312165053395,0.9997194,0.9968422495698678
1331.3135539244968,1.0000597,0.9950099292485513
1331.3149427957153,0.9999893,0.9968258013508877
1331.3163316668174,1.0002737,0.9970939745807784
1331.3177205380357,1.0000381,0.9982551549714529
1331.3191094092542,1.0000781,0.9977156185948535
1331.3204982803568,1.0001179,0.9962301391856841
1331.3218871515753,1.0000304,0.9976571315285788
1331.3232760226765,0.9999902,0.9952805786389534
1331.3246648938957,1.000222,0.9981253290028632
1331.3260537649976,1.0000223,0.9971994204973257
1331.3274426362161,1.0001271,0.9958843156237164
1331.328831507435,1.0001215,0.9992147753520532
1331.3302203785374,0.9999253,0.996650705683214
1331.3316092497557,1.000252,0.9962990937707068
1331.3329981208576,0.99979293,0.9968830844763836
1331.3343869920761,0.99978304,0.9939970532698524
1331.3357758631782,1.0000615,0.9969527174038308
1331.3371647343965,1.0000113,0.9982442555004402
1331.3385536054984,0.99995816,0.9953053360030075
1331.3399424766005,0.9999998,0.9967636341283359
1331.341331347819,0.9999386,0.9957738501752398
1331.342720218921,1.0000534,0.9982314278120588
1331.3441090901401,1.0002065,0.996305891870166
1331.345497961242,0.99999446,0.9986427092304296
1331.3468868324599,1.0000803,0.9962383156292539
1331.3482757035626,1.0000721,0.9978489091813324
1331.349664574781,1.0001298,0.996415409232993
1331.3510534458824,1.0001593,0.9964125667046927
1331.3524423169852,1.0001955,0.9968238602527588
1331.3538311882041,1.0002191,0.9969090974588755
1331.3552200593053,0.9999011,0.9978086411409731
1331.3566089305239,1.0000315,0.9962057438978331
1331.3579978016264,1.0001197,0.9978010168276203
1331.3593866727279,1.0001858,0.9958074620428743
1331.3607755439461,1.0002786,0.9975274441271218
1331.362164415049,1.0001208,0.9963741655206272
1331.3635532861504,1.0000486,0.9976269757340609
1331.3649421573687,1.0000013,0.9977737461813585
1331.3663310284714,0.9999585,0.9961449137179356
1331.3677198996907,1.0000635,0.9973654475470791
1331.3691087707925,0.9999151,0.9954855478345607
1331.370497641894,1.0000328,1.0007043430265283
1331.3718865129965,1.0000784,0.9937780913623347
1331.373275384215,0.9999672,0.9974978620570312
1331.3746642553162,1.0001938,0.9960440672030543
1331.3760531264188,1.0000764,0.997668713546309
1331.377441997638,1.0001372,0.9961853533571499
1331.3788308687394,1.0000054,0.9977769492318422
1331.3802197398413,1.0001428,0.9979827879195351
1331.381608610944,1.0000665,0.9980199632029154
1331.382997482162,1.0002681,0.9970367043420351
1331.3843863532638,0.9998917,0.9981151309654881
1331.3857752243666,1.0000563,0.9967839278195118
1331.387164095468,1.0000161,0.9984747330502927
1331.3885529666863,0.9999295,0.9965332058842544
1331.3899418377891,1.0000408,0.998212697798401
1331.391330708891,1.000141,0.9970864057754879
1331.392719579993,0.9999826,0.9973130283476935
1331.3941084512114,1.0000384,0.999413863316012
1331.3954973223135,1.0001003,0.9955583671520948
1331.3968861934154,1.0001525,0.9969887125941311
1331.3982750645173,1.0000932,0.9968797438157571
1331.3996639356196,1.000149,0.9958398027622333
1331.4010528067215,1.0001043,0.9985792198698324
1331.4024416779398,1.0003053,0.9976406802126356
1331.4038305490426,1.0000899,0.9964912102088046
1331.4052194201454,1.000042,0.9953940072198045
1331.4066082912466,1.0000783,0.9987624325549527
1331.4079971623487,1.0001762,0.9948457955750295
1331.4093860334515,0.9999956,0.9965500650139153
1331.4107749045527,1.0001599,0.997112667729298
1331.4121637756548,1.000213,0.9986661338173741
1331.4135526468738,1.0002633,0.9949551464323447
1331.4149415179759,1.0001427,0.9972100372989913
1331.4163303890778,1.0000596,0.9979531159505662
1331.4177192601796,1.0000405,0.9962486533828541
1331.4191081312817,0.9998272,0.9986852680550091
1331.4204970023839,1.0000585,0.9957853070302901
1331.4218858734857,1.0002005,0.9983411905492727
1331.4232747445878,1.0001271,0.9973947562818218
1331.42466361569,1.0001534,0.9943615838612869
1331.4260524867918,1.0001073,0.9987370397474827
1331.4274413578937,1.0002916,0.9973660286934092
1331.4288302289965,1.0001432,0.9966875175925375
1331.4302191000984,0.9998891,0.9976133983810438
1331.4316079711998,1.0000644,0.9988049093403144
1331.4329968423026,0.9999915,0.9962832478806991
1331.4343857134045,0.9999734,0.9981216356407837
1331.435774584506,0.9998394,0.9963167500587118
1331.4371634556087,0.99974906,0.997465834344204
1331.4385523267113,1.0000423,0.9958603416910149
1331.4399411978125,0.99984324,0.9952818210563935
1331.4413300689146,0.9999136,0.9953734576974483
1331.4427189400171,1.0001359,0.998523640057945
1331.4441078111195,1.0001115,0.995799134884022
1331.4454966822213,1.0002031,0.9970754360675469
1331.4468855533232,1.000153,0.9962342473490033
1331.4482744244253,1.0002273,0.9979282770206944
1331.4496632955274,1.0001571,0.9959984155471857
1331.4510521666293,1.0001466,0.9986292260626035
1331.4524410376157,0.9999649,0.9974447532870019
1331.4538299087176,1.0003061,0.9952648427544525
1331.455218779819,1.0001577,0.9986398986213169
1331.4566076509218,1.0000299,0.9968001197648962
1331.4579965220237,1.0001123,0.9978698903883273
1331.459385393125,1.0001613,0.9961993606565587
1331.4607742642277,1.0001887,0.9963350214049721
1331.4621631353302,0.9997859,0.9957766781507307
1331.4635520063152,1.0000312,0.9959329374882067
1331.4649408774171,1.0000001,0.9968521121588416
1331.46632974852,0.99979115,0.9976314151506508
1331.4677186196213,1.0000228,0.9965850065366255
1331.4691074907232,1.0001086,0.9998832742774714
1331.470496361826,1.0001373,0.9962971317167846
1331.471885232811,1.0000955,0.9974344319603653
1331.473274103913,0.99976754,0.9970530966697481
1331.4746629750157,1.0002344,0.9978492748029264
1331.4760518461176,0.99994814,0.9980224697826005
1331.477440717103,1.0001123,0.995431904887418
1331.4788295882054,1.0001622,0.9978816352852206
1331.4802184593073,1.0000225,0.9988920115059021
1331.4816073304091,1.0000423,0.9961074970455247
1331.4829962013948,1.0000719,0.9985000045110953
1331.4843850724974,0.9999538,0.9971973015998591
1331.4857739436002,0.9999403,0.9964929516715758
1331.4871628147016,1.0000464,0.9981890651029895
1331.488551685687,1.0001236,0.9941967221017728
1331.4899405567899,0.99982786,1.0000995623895659
1331.4913294278913,1.0000523,0.9938208268200228
1331.4927182988768,0.9998129,0.9998336298063191
1331.4941071699795,1.0001214,0.995104841508091
1331.4954960410807,0.99992776,0.9977503769210518
1331.4968849121828,0.9997894,0.9966467251385686
1331.498273783169,1.0000863,0.9966753675881544
1331.499662654271,1.0000128,0.9983507251606402
1331.5010515252566,1.0000527,0.9975679458624847
1331.5024403963587,0.99999964,0.9969628536057924
1331.5038292674608,0.9999938,0.9996995830524228
1331.5052181384463,1.000029,0.994424267235487
1331.5066070095481,1.0001401,0.9988235744933294
1331.5079958806502,0.999809,0.9935056625939995
1331.5093847516364,0.9998573,0.9998981874051501
1331.5107736227385,1.0001681,0.9961184137026601
1331.5121624937233,0.99984014,0.9946910470343974
1331.513551364826,1.0000949,1.001795940743099
1331.5149402359282,1.0001451,0.9929672757389452
1331.516329106913,0.99997157,0.9976201612252495
1331.5177179780158,1.000205,0.9977708326958563
1331.5191068490012,1.0000966,0.9983248081295655
1331.5204957201026,1.0001208,0.9973199333279577
1331.521884591089,1.0000935,0.9973975687878975
1331.5232734621918,1.0001636,0.9949173902964534
1331.5246623331773,1.0002122,0.998066129253426
1331.5260512042792,1.0002552,0.9968914342260793
1331.5274400752648,1.0001584,0.9988093926922484
1331.528828946367,1.0001817,0.9952656348219121
1331.5302178173524,0.9998998,0.9983395855961185
1331.5316066884543,1.0000932,0.9966152268783737
1331.5329955594407,1.0000564,0.9934734014382843
1331.5343844305426,1.0001493,0.9985085807695513
1331.5357733015276,1.0001596,0.9973136567796854
1331.5371621726304,1.0000887,0.9977399784218421
1331.5385510436158,1.0001932,0.9972022024116519
1331.5399399147173,1.0000324,0.995831612428178
1331.5413287857036,0.99992704,0.9982492384681204
1331.5427176568055,1.0000598,0.9944216232198078
1331.5441065277905,1.0002521,0.9989588920469766
1331.5454953987767,1.0000415,0.9961957836490729
1331.5468842698792,1.0001343,0.998202975796994
1331.5482731408642,1.0000453,0.9974082878333702
1331.5496620119663,1.0002854,0.9961305769566167
1331.5510508829525,1.0000222,0.9958404186910199
1331.5524397539375,1.0000021,0.9999897466946401
1331.5538286250394,1.0001748,0.9966656741038129
1331.5552174960258,1.000197,0.9949271301314263
1331.5566063671276,1.0000503,0.996936302778534
1331.559384109099,1.0000153,0.9954462150382949
1331.560772980201,1.0002223,0.9980263154742255
1331.5621618511866,1.0000756,0.9971537040803304
1331.5635507221723,1.0000402,0.9954321314640417
1331.5649395932749,0.9998568,0.9977588187361633
1331.5663284642606,1.0003161,0.994486522452405
1331.5677173352453,1.0000445,0.9987305083636643
1331.569106206348,1.0000725,0.9957806641044394
1331.5704950773343,1.0000225,0.9994350714441492
1331.5718839483193,1.0000944,0.9966375151698034
1331.5732728193047,1.0003725,0.9973836293303268
1331.5746616904075,1.0001816,0.9966482949177403
1331.5760505613925,1.0000323,0.9976090120007235
1331.577439432378,1.0003215,0.9966431567748132
1331.5788283033644,1.0001066,0.9960873143115835
1331.5802171744663,1.0002817,0.9958573744060538
1331.5816060454517,1.0001141,0.999019557360617
1331.5829949164377,1.0002116,0.9967161824421393
1331.5843837874231,1.0001793,0.9967523617342817
1331.585772658525,1.0001123,0.9977694308191283
1331.5871615295107,0.99999964,0.9961777976850645
1331.5885504004964,1.0001272,0.9947428409195302
1331.5899392714819,1.0002638,0.9978639639627981
1331.5913281424673,1.0000618,0.9958163430928557
1331.592717013453,1.000213,0.9973397046499639
1331.5941058845556,1.000103,0.9967451719020775
1331.5954947555415,1.0000764,0.9970452215424058
1331.5968836265263,1.0002084,0.9989736243633132
1331.5982724975124,1.0003215,0.995994204419007
1331.5996613684981,1.0002009,0.9979097124665165
1331.6010502394838,1.0001204,0.996942801334481
1331.60243911047,1.000037,0.9982014389496916
1331.603827981572,0.9999883,0.9964709654324228
1331.6052168525575,1.0002165,0.9983612248506305
1331.6066057235432,0.9999597,0.9949508711935863
1331.607994594529,0.999934,0.9988599023322278
1331.6093834655144,0.99999213,0.9940711833302173
1331.6107723364998,1.0000714,0.9942595609485372
1331.6121612074855,1.0000696,0.9985990234065579
1331.6135500784712,0.99999446,0.9969216753375625
1331.6149389494567,0.9999448,0.9973724439462822
1331.6163278204422,1.0000652,0.9983096278370753
1331.6177166914285,1.0001646,0.9961614997153648
1331.6191055624142,0.9998888,0.9951581364261275
1331.620494433399,1.0000862,0.9988800906978701
1331.6218833043854,1.0000818,0.9956798788539016
1331.6232721753709,1.0003397,0.9968654315986759
1331.6246610463559,1.0002737,0.9977649517352174
1331.6260499173422,1.0002598,0.9961801763787714
1331.6274387883286,0.9999824,0.9977444929270467
1331.6288276593134,1.0000988,0.9938041153116625
1331.630216530299,1.0000298,0.9996203910417497
1331.6316054012852,1.0000747,0.9959721770032872
1331.63299427227,1.0001532,0.9966419968852075
1331.6343831432557,1.0000777,0.998196850970952
1331.6357720142419,0.9999771,0.9957381066713878
1331.6371608852269,0.9999803,0.9959570577950443
1331.6385497562123,1.0000565,0.9981680288353839
1331.6399386271987,1.0001004,0.9975415970530614
1331.641327498185,1.0000405,0.9968278154861498
1331.6427163691706,0.9999933,0.9963956603021098
1331.6441052401556,1.0004268,0.9983057694899358
1331.645494111142,0.99986017,0.9964248969181629
1331.6468829821274,1.0000925,0.9975839696326173
1331.6482718531124,1.0001308,0.9971525180685009
1331.6496607239824,1.0001341,0.996480651385989
1331.6510495949685,0.99994934,0.9973118085194975
1331.6524384659533,0.99989414,0.9974777388253152
1331.653827336939,0.99991655,0.9973758185589615
1331.6552162079252,0.99992156,0.9969862148133346
1331.6566050789102,1.0000182,0.9958884737467151
1331.6579939497792,1.0002215,0.9976870042170471
1331.6593828207656,1.0000604,0.9943470197592735
1331.6607716917506,0.99995935,0.9962184343886328
1331.662160562736,1.0001773,0.9976530401122511
1331.6635494337224,0.99989444,0.9959029468318569
1331.664938304708,0.9999988,0.9978953357990922
1331.6663271755772,0.99993926,0.9951039261595201
1331.6677160465629,1.0000111,0.9979585115335817
1331.6691049175483,0.99983966,0.9973961296920556
1331.6704937885338,1.0001785,0.9941571479315578
1331.671882659403,1.0001633,0.9965806112640483
1331.6732715303888,0.9999577,0.9979808714823429
1331.6746604013751,1.0000278,0.9974112908424305
1331.6760492723606,1.0001241,0.9971553247034499
1331.6774381432292,1.000045,0.9972945198715061
1331.6788270142154,0.9999426,0.996718333998518
1331.680215885201,0.99981844,0.997335010314556
1331.6816047561865,0.99988204,0.9969302871328695
1331.6829936270565,1.0000589,0.9979131262526687
1331.6843824980413,1.0000007,0.9948013350079729
1331.685771369027,0.9996882,0.9961300531342998
1331.687160239897,0.99995464,0.9959324605313694
1331.6885491108824,1.000159,0.9970385867896222
1331.6899379818678,1.000285,0.9972618746168977
1331.6913268527371,1.0002884,0.9972611514109265
1331.6927157237228,1.0001296,0.9947150205502026
1331.6941045947083,1.0001254,0.99780642082592
1331.6954934655773,1.0001829,0.9992654897846592
1331.6968823365632,1.0001291,0.994815064108953
1331.698271207433,1.0001862,0.9983375574261862
1331.6996600784187,1.0002552,0.9987185702541802
1331.7010489494035,1.0001032,0.9961204531711615
1331.7024378202732,1.0001858,0.9987208513236995
1331.7038266912589,1.000158,0.9959016222458468
1331.7052155621273,0.99992734,0.9967119020856399
1331.7066044331136,1.0000353,0.9961086842291059
1331.7079933040993,0.99993306,0.9976193807635532
1331.7093821749677,1.0000958,0.9942199117190998
1331.710771045954,0.9999062,0.9976477175927282
1331.712159916824,1.0000503,0.9970009191538819
1331.7135487878088,0.9997751,0.9992400649094357
1331.714937658678,0.99992675,0.9946306270526206
1331.7163265296642,0.99955136,0.9972632936805829
1331.7177154005326,0.9998871,0.9981663108124367
1331.7191042715185,0.99980336,0.9981159147616344
1331.7204931423882,0.9997928,0.9971867127534607
1331.7218820133744,0.9998145,0.9988908708415032
1331.7232708842437,0.9998446,0.9959512289903603
1331.7246597552285,0.99986243,0.997401401577408
1331.7260486260984,0.9997233,0.9965494290355108
1331.7274374970839,0.9999282,0.9976388086998871
1331.7288263679525,0.9998687,0.9974058262248583
1331.7302152389389,0.9998635,0.997748794127505
1331.731604109808,0.9996647,0.9978625981649311
1331.732992980793,0.9997282,0.9975711983489348
1331.7343818516629,0.9997486,0.9982084263157892
1331.7357707225326,0.9998463,0.9976649984117938
1331.7371595935174,0.999805,0.9970310883387974
1331.7385484643867,0.9999838,0.997634370034235
1331.7399373353728,0.99978495,0.9971695744833186
1331.7413262062414,0.9996847,0.9970529885388811
1331.7427150771105,0.9997844,0.9977382512992847
1331.7441039480968,0.9998697,0.9986992051517355
1331.745492818966,0.99963886,0.9958201226244312
1331.7468816899518,0.9997864,0.999124220859528
1331.7482705608209,0.9997799,0.9968509163031808
1331.74965943169,0.99963784,0.997362157080712
1331.7510483026756,0.99978155,0.997207552628326
1331.7524371735449,0.99983454,0.9956091759689466
1331.753826044414,0.9997834,0.9975434721020797
1331.7552149153996,0.9998747,0.998172300591263
1331.756603786269,0.9998623,0.9961917837176243
1331.757992657138,0.9998565,0.9973973662058325
1331.759381528008,0.9998891,0.9975200298656712
1331.7607703989934,0.99984545,0.9964557020236459
1331.7621592698624,0.9996631,0.9992480859315788
1331.7635481407324,0.9998441,0.9973560302858009
1331.7649370117174,0.99987054,0.9969633371403588
1331.7663258825864,0.9997407,1.000211252230772
1331.7677147534564,0.99979776,0.9952909675928513
1331.7691036243255,0.9999254,0.9989992133138896
1331.7704924953111,0.9998088,0.9972502780516569
1331.7718813661804,0.9998389,0.9988038705938349
1331.7732702370495,0.9998859,0.9967660554636023
1331.7746591079185,0.9997853,0.9993152721245142
1331.7760479787878,0.9998082,0.9972440734748557
1331.7774368497735,0.9996936,0.9978425785052943
1331.7788257206435,0.9996759,0.9972893874786258
1331.7802145915125,0.99998534,0.9962235483838722
1331.781603462381,0.9998013,0.9972655005662578
1331.7829923332508,0.9996218,0.9988081626521168
1331.7843812042365,0.9997285,0.993593360109742
1331.785770075105,0.99980384,0.9977390572752273
1331.7871589459746,0.99987495,0.9990053144171729
1331.7885478168441,0.9995206,0.9950979703314248
1331.7899366877125,0.9997641,0.9966739429896331
1331.7913255585822,0.9997123,0.9966193741719678
1331.7927144294522,1.0000083,0.9978882530168538
1331.7941033003208,0.9999287,0.9968613418660744
1331.7954921713063,0.9997109,0.9974997096931533
1331.7968810421762,0.999845,1.0004537472553507
1331.7996587839143,0.9998911,0.9995860849667609
1331.8010476547838,0.9997795,0.997533374139758
1331.8024365256535,0.99975777,0.9977938091332961
1331.8038253965228,0.9996766,0.9970426028137106
1331.8052142673912,0.99976456,0.9964054750457092
1331.806603138261,0.9996166,1.0000239535302327
1331.8079920091302,0.99985313,0.995729464944497
1331.8093808799986,0.99946976,0.9978485885077613
1331.8107697508685,0.999864,0.9973816799619639
1331.8121586217378,0.9998714,0.9970208604814101
1331.8135474926062,0.9997258,0.9978200404181854
1331.8149363634761,0.9997833,0.996469854554824
1331.816325234346,0.99995816,0.9980952229222634
1331.8177141052145,0.9999122,0.9970325922343966
1331.8191029760837,1.0000017,0.9965684939520953
1331.8204918469535,0.9998647,0.9967075456764255
1331.8218807178218,0.99980587,0.9985505518454452
1331.8232695886913,0.99987036,0.9971428166849788
1331.824658459561,0.9998306,0.9979960167165701
1331.8260473304304,0.99988985,0.9957759811832931
1331.8274362012994,0.9997556,0.9993259062398977
1331.8288250721685,1.0001032,0.998495413218899
1331.8302139430377,0.999871,0.9975440797615732
1331.831602813907,1.0001159,0.9971968734257918
1331.832991684776,0.99989915,0.9988087086375644
1331.8343805555287,1.0000181,0.9952483476703845
1331.8357694263982,1.0001651,0.9974694382809887
1331.8371582972673,1.000186,0.9985645651955579
1331.8385471681372,1.0000502,0.9991412743070874
1331.839936039007,1.0001663,0.9936471553756804
1331.8413249098753,1.0000254,0.9983888818465705
1331.8427137807446,0.99999756,0.998104534068279
1331.8441026516143,1.0000932,0.9965688744659776
1331.8454915223665,0.9999893,0.9977145342340887
1331.8468803932356,1.0002337,0.9977975442315369
1331.8482692641055,0.9998523,0.9966755599639179
1331.8496581349748,1.0000169,0.9962384782987014
1331.851047005844,1.000049,0.996980394007225
1331.8524358765967,1.0000756,0.9941628204304254
1331.8538247474658,1.0000291,0.9994049719334772
1331.855213618335,1.0000561,0.995567441544202
1331.8566024892043,1.0000119,0.9996380701611924
1331.8579913600734,1.0002879,0.9942070643016748
1331.8593802308262,1.0001045,0.9982147805653943
1331.8607691016955,1.0000435,0.9978252200968427
1331.8621579725645,0.9998396,0.99669821197163
1331.8635468434345,1.0000303,0.9956336075649687
1331.8649357141871,1.0001618,0.999164797620672
1331.8663245850557,0.99993825,0.9980590420765764
1331.8677134559257,0.9999701,0.9956757795829826
1331.8691023266783,1.0001979,1.0005177298163261
1331.870491197547,0.99996597,0.9948257304160029
1331.8718800684167,0.9998735,0.9955665826593717
1331.8732689392864,0.99970376,0.998241280240067
1331.8746578100386,1.0000885,0.9964933491121851
1331.8760466809076,1.0003093,0.9982002399326201
1331.8774355517776,1.0000839,0.9978447006572975
1331.8788244225302,1.000031,0.9970488292345617
1331.8802132933997,0.99992305,0.9962144264706858
1331.8816021641524,0.999954,0.9965405268731085
1331.8829910350214,1.000205,0.9975431517997339
1331.8843799058907,1.0001286,0.998284336235801
1331.8857687766435,0.9998645,0.9965784502958003
1331.8871576475133,0.9999805,0.9953472407060622
1331.8885465183826,0.9997926,0.9973867183389976
1331.8899353891345,1.0001063,0.9975049657124936
1331.8913242600042,1.0003328,0.9967068825393044
1331.8927131307573,0.99989325,0.9959315607039186
1331.8941020016257,1.000142,0.9971800357891508
1331.895490872379,1.0002091,0.9967761001821269
1331.896879743249,0.99979573,0.9975577628859569
1331.8982686141176,1.0002725,0.9953230509633387
1331.8996574848702,1.0001374,0.9979844104433323
1331.9010463557402,1.0002488,0.9968207625106308
1331.9024352264921,1.00015,0.9968020746025996
1331.9038240973614,1.0000942,0.997388073634357
1331.905212968115,1.000121,0.996325244382674
1331.906601838984,1.000114,0.9997755074938504
1331.9079907097366,1.0001457,0.9954880735848488
1331.909379580606,1.0000484,0.9968374399539264
1331.9107684513588,1.0000982,0.9969989973582827
1331.9121573222278,0.99972695,0.9960458444431458
1331.9135461929804,1.0000001,0.9982455521205419
1331.91493506385,0.9998647,0.9981791579297725
1331.9163239346026,1.0000491,0.9956070770948782
1331.9177128054716,1.000231,0.9999187755349154
1331.9191016762252,1.0000105,0.9951480122669101
1331.9204905469787,1.0001711,0.9946441879401067
1331.921879417847,1.0000508,0.9985593301469516
1331.9232682886,0.9998809,0.9932441903013766
1331.92465715947,1.0001386,0.9989369692415824
1331.9260460302219,1.0002029,0.9980245219943125
1331.9274349009747,0.99993265,0.9948269970214234
1331.9288237718445,1.0000032,0.9969721870792492
1331.9302126425973,1.0000935,0.9978597107788353
1331.9316015134664,0.99996084,0.9967790085222583
1331.932990384219,1.0001949,0.9969619427095978
1331.9343792549719,1.0001377,0.9976305829683807
1331.9357681258412,1.0000777,0.9975771436809951
1331.9371569965938,1.0000324,0.9967315101335804
1331.9385458673466,1.0001106,0.998400705691756
1331.939934738216,1.0001296,0.9978290730641635
1331.9413236089686,1.0003194,0.996307584756736
1331.9427124797212,1.0001059,0.9983594535203494
1331.9441013505912,0.9999729,0.9977569329559037
1331.9454902213438,1.0000473,0.9969716620856731
1331.946879092096,1.0001656,0.9964135535623613
1331.9482679628495,1.0000311,0.9988691328582702
1331.9496568337186,1.0001003,0.9975064012326996
1331.9510457044707,1.0000373,0.9969986451791291
1331.9524345752243,1.0002493,0.996565544687201
1331.953823446094,1.0004556,0.9984112279326596
1331.955212316846,1.0000476,0.9990130885776118
1331.9566011875988,1.0001669,0.9968460353780589
1331.9579900583522,1.0000792,0.9981725884863216
1331.9593789291052,0.9999145,0.997017841830745
1331.9607677999743,1.0000634,0.9975797285562877
1331.962156670727,1.0001534,0.9948865710990011
1331.9635455414798,0.9998633,0.9986372266809862
1331.9649344122327,1.000177,0.9976770100397218
1331.9663232829853,1.0000463,0.9986957771742087
1331.9677121538552,1.0002244,0.9961495411754533
1331.9691010246079,0.9999523,0.9955364903851467
1331.97048989536,1.0001194,1.0002967052671332
1331.9718787661136,1.0002251,0.9952567511713235
1331.9732676368662,1.0001501,0.9969464899271215
1331.9746565076184,1.000087,0.9977695109960765
1331.9760453784882,1.0001435,0.9972218671462123
1331.9774342492415,1.000087,0.9959589768574135
1331.9788231199936,0.99993193,0.9990723022071151
1331.9802119907463,1.0001277,0.9976298949657258
1331.9816008614998,0.9999003,0.9957185446916065
1331.982989732252,0.99994296,0.9970455844414339
1331.9843786030046,1.0000683,0.9979842873563575
1331.9857674737582,1.0000122,0.9962847788510075
1331.9871563445104,0.9998461,0.9979891142178333
1331.988545215263,1.0001456,0.9983062888505425
1331.9899340860165,1.0003359,0.996822889004276
1331.9913229567692,1.0001838,0.9955379367670741
1331.9927118275218,1.0000566,0.9993734623300672
1331.994100698391,1.0000492,0.9971339769829308
1331.9954895691444,1.0003017,0.9966430660117652
1331.9968784398975,1.0002723,0.9973861897649329
1331.9982673106495,1.0001485,0.9974032999782166
1331.9996561814028,1.0001572,0.9973634241493202
1332.0010450521563,1.0001299,0.9966839115523662
1332.0024339229085,1.0000588,0.9971794459103838
1332.0038227936611,1.0002692,0.9974077569964848
1332.0052116644147,1.0001857,0.996408325756844
1332.0066005350504,1.0003598,0.9965245597012319
1332.007989405803,0.9998193,0.9974191238693952
1332.0093782765566,1.0002635,0.9986487949568102
1332.0107671473093,1.0000739,0.996656784292762
1332.012156018062,1.0002555,0.9964329228735143
1332.0135448888147,0.99999166,0.993234212835288
1332.0149337595676,1.0001818,0.9970488718537645
1332.0163226303202,0.99999785,0.9996852202757275
1332.0177115010729,1.0001394,0.996827348024053
1332.019100371826,1.0001094,0.9975881085578469
1332.0204892425786,1.0000448,0.9982679214877856
1332.0218781133312,1.0001092,0.9960617657778248
1332.0232669839677,1.0000904,0.9980997533775028
1332.024655854721,1.000311,0.9971333956207886
1332.0260447254739,1.0002584,0.9971267268890153
1332.0274335962258,1.0001582,0.9986716708842633
1332.0288224669794,1.0001354,0.9964320677285438
1332.0302113377322,1.0000975,0.9977162612858029
1332.0316002084842,0.9999677,0.9966304170229928
1332.0329890791213,0.99996454,0.9958032283590565
1332.0343779498749,1.0002165,0.9980624416135551
1332.0357668206275,1.0001245,0.998842787407899
1332.0371556913801,1.0003272,0.9969251414718087
1332.038544562133,1.0003119,0.9973616381286693
1332.0399334327694,0.99993545,0.9964268060022803
1332.041322303522,1.0000557,0.9970339961551646
1332.042711174275,1.0002751,0.9959722598821623
1332.0441000450278,1.0000534,0.9975249338547671
1332.045488915664,1.0000967,0.9992053258785888
1332.0468777864166,1.0002084,0.997549368446827
1332.0482666571702,0.99986553,0.9981655125023233
1332.0496555279228,0.999931,0.9980566261059018
1332.0510443985586,1.0000132,0.9971551754974848
1332.0524332693121,1.0000056,0.9979460822551043
1332.0538221400648,1.0002135,0.9976319909997765
1332.0552110107005,1.0000601,0.9956464091668773
1332.056599881454,1.0001538,0.9975176009336666
1332.0579887522074,1.0007104,0.9973307167466854
1332.059377622843,1.0000639,0.9969615641035997
1332.0607664935958,1.000161,0.9970719507820496
1332.062155364349,1.000088,0.9971330359077277
1332.0635442349849,1.0002477,0.9964752115892112
1332.0649331057375,1.0002726,0.9978086764268832
1332.066321976491,1.0000316,0.9976440945003546
1332.0677108471268,0.99996394,0.9976590009984917
1332.0690997178795,1.0001856,0.997004505087691
1332.070488588633,1.0000955,0.9977110088041876
1332.0718774592692,1.0002501,0.9986054808463315
1332.073266330022,1.0002109,0.9966659184886177
1332.0746552006585,1.0002431,0.998656381134021
1332.076044071412,1.0000318,0.9978499819913917
1332.0774329421647,1.000249,0.9979384325246239
1332.0788218128005,1.0001663,0.995466525934308
1332.0802106835538,1.0003257,0.9976004495626062
1332.0815995541907,1.0000985,0.9972191112833356
1332.0829884249429,1.0001944,0.9978381947814826
1332.084377295579,1.0001199,0.9963711181914142
1332.0857661663326,1.0001613,0.9982980556401081
1332.0871550369684,1.0000376,0.9982771791847962
1332.088543907721,0.99995506,0.9975877893331938
1332.0899327783582,1.0000063,0.9963200323332929
1332.0913216491108,1.0002587,0.998572547685179
1332.0927105197472,1.0001299,0.9986986840000729
1332.0940993905,1.0001364,0.9955750063402685
1332.0954882611363,1.000257,0.9969707786717779
1332.096877131889,1.0000739,0.9981336916759108
1332.0982660025256,1.000185,0.998495212881733
1332.0996548732783,1.0003583,0.9966951377278296
1332.1010437439145,1.0004148,0.9979705834878635
1332.1038214853038,1.0001037,1.000984310152671
1332.1052103559407,1.0002394,0.9971739666906517
1332.1065992266936,1.0000198,0.9978161761446831
1332.107988097329,1.0000633,0.9962971848597154
1332.1093769680824,1.0000472,0.9987275678657439
1332.110765838719,1.0000899,0.9983437958893346
1332.1121547093546,0.99987745,0.9969737530172471
1332.113543580108,1.0002193,0.9978034399495833
1332.114932450745,0.99983454,0.9972327780709577
1332.1163213213813,0.9997884,0.998160315186313
1332.1177101921342,1.0002409,0.9977338181310927
1332.1190990627706,1.0002832,0.9983397181273423
1332.1204879335232,1.0001278,0.997469108755231
1332.1218768041597,1.0004671,0.9973309921319037
1332.1232656747961,1.0003059,0.9983928052417607
1332.1246545454323,1.0000417,0.9976729620673106
1332.126043416185,1.0001187,0.9978566599407684
1332.1274322868214,1.0001026,0.9988689654876516
1332.1288211574583,1.0000037,0.9955001910237021
1332.1302100282112,1.0002282,0.9983244795029169
1332.1315988988467,1.0001755,0.9967675127833513
1332.1329877694839,1.0002663,0.996312617681486
1332.1343766401203,1.0000246,0.9999359925094894
1332.1357655108723,1.0000873,0.9953213970241894
1332.1371543815094,1.0000823,0.9977645369195827
1332.1385432521465,1.0003353,0.9980889104187459
1332.139932122782,1.0001767,0.9983629929468998
1332.141320993535,1.0001683,0.99768359089091
1332.142709864172,1.0002208,0.9994663664514899
1332.1440987348076,1.0000691,0.9971675519653668
1332.145487605444,1.000008,0.9969443884911374
1332.146876476081,0.9998714,0.9993231173003203
1332.1482653468338,1.0002269,0.9956081394892837
1332.14965421747,1.00027,0.996720495250707
1332.1510430881062,1.000329,0.9969881763056013
1332.1524319587427,1.0000298,0.9987303019357695
1332.1538208293791,1.000171,0.9985122456803822
1332.1552097000153,1.0003089,0.9964832411872946
1332.156598570769,1.0001715,0.9988844924465029
1332.157987441405,1.0000137,0.9950158526562732
1332.1593763120409,1.0001615,0.9984858034028471
1332.160765182678,1.0001893,0.9963837857945449
1332.162154053315,0.9999813,0.9988766947158101
1332.1635429239504,0.99986833,0.9967625828160511
1332.164931794587,1.0000682,0.9994136967445848
1332.1663206652238,1.0002565,0.9978905179771774
1332.1677095358596,1.0002792,0.9982806413300368
1332.169098406496,1.000207,0.9966997171871528
1332.1704872772493,1.0001082,0.9992412176751829
1332.1718761478858,1.0002441,0.9958061426933663
1332.1732650185222,1.0000758,0.9982641077062708
1332.1746538891584,0.99994195,0.997071515897548
1332.1760427597947,0.99975044,0.9972093641712394
1332.1774316304313,0.9996803,0.9980576303193877
1332.1788205010675,1.0000262,0.9981682571321259
1332.1802093717038,1.000197,0.9951397079686145
1332.1815982423402,0.99989396,0.9985234304104965
1332.1829871129767,1.0002561,0.9980816015162529
1332.1843759836129,1.0004293,0.9961005291982473
1332.18576485425,1.0000739,0.9970112488200221
1332.1871537248862,1.0001469,0.9980949109144315
1332.188542595522,1.0002804,0.996992560372042
1332.1899314661591,1.000224,0.9968128327664942
1332.191320336679,1.0002183,0.997982913730797
1332.1927092073151,1.0004622,0.9964981736009435
1332.1940980779523,0.99992406,0.9994704642852559
1332.1954869485885,0.9997173,0.9943394091569938
1332.196875819225,0.9999363,0.9977487732611923
1332.1982646898614,0.99991447,1.0004168409623144
1332.1996535604976,1.0001459,0.9952762502516669
1332.2010424311338,0.99996924,0.9960286732020139
1332.2024313017705,1.0001346,0.9985739817895212
1332.2038201724067,1.0001457,0.9977875001086728
1332.2052090429274,0.99988616,0.9954339924836665
1332.2065979135637,1.0000817,1.0006277524980307
1332.2079867841994,1.0000659,0.9948881546987588
1332.2093756548363,1.0000426,0.9994045646634253
1332.2107645254728,1.0001378,0.9944329661313004
1332.2121533961083,1.0000999,0.999023005924874
1332.2135422667452,1.0000325,0.996390169150878
1332.2149311372655,1.0001843,0.9986265881040666
1332.216320007901,1.0000615,0.9978033399794963
1332.217708878538,0.99987495,0.9980856213838291
1332.219097749175,1.0001234,0.9976888056008031
1332.2204866198108,0.99998194,0.9968498852799836
1332.2218754903306,1.0000142,0.9973272901169092
1332.2232643609677,0.9998836,0.9969514006138536
1332.2246532316035,1.0001489,0.9987307638902263
1332.2260421022397,0.9999146,0.997187137296614
1332.2274309727604,1.0000764,0.9975681775000126
1332.2288198433966,0.99997175,0.9982868574292983
1332.231597584553,0.99991274,0.9982200555931293
1332.2329864551898,1.0000278,0.9979288602033097
1332.2343753258262,0.9999359,0.9985240159597314
1332.2357641964618,1.00014,0.9967570165513084
1332.2371530669825,1.0001365,0.9990370919496336
1332.238541937619,1.0000793,0.9960236286186332
1332.2399308082545,1.0000253,0.9976353284613438
1332.2413196787752,1.0000991,0.9976924983211035
1332.2440974200479,0.9999977,0.9976094001737217
1332.245486290568,1.0001423,0.9975374353191333
1332.246875161205,1.000001,0.996693080021476
1332.2482640317241,0.99982435,0.9997229326566932
1332.2496529023606,1.0001366,0.9967127677631414
1332.2510417729975,1.0002705,0.9979287993986391
1332.2524306435175,0.9999824,0.9966918999104754
1332.2538195141537,0.9998355,0.9974545630373352
1332.2552083846736,1.0001913,0.9995565421817374
1332.25659725531,1.0002625,0.9971671842138267
1332.2579861259464,1.0001507,0.9972036404222204
1332.2593749964662,1.0002959,0.9978797730578336
1332.2607638671027,0.9999351,0.9968991241712849
1332.2621527376232,0.9998559,0.9989907808774422
1332.2635416082596,1.0000612,0.9979417850297162
1332.2649304787788,1.0001467,0.9987650562477401
1332.2663193494159,1.0000873,0.9975491219657351
1332.2677082199357,0.99998295,0.9979857565671864
1332.2690970905714,1.0000916,0.9977324820527858
1332.2704859610922,0.99991953,0.996753047067962
1332.2718748317284,1.0002804,0.9990886093808414
1332.2732637022484,0.99994445,0.9968698590896888
1332.2746525728853,1.0002465,0.9978802640889602
1332.2760414434053,0.999798,0.9972858931363295
1332.2774303140418,1.0002073,0.9984847866935324
1332.2788191845616,1.0001895,0.9944768270165174
1332.2802080551978,1.0000558,0.9977505983426667
1332.281596925718,1.0000509,0.9981398403673482
1332.2829857963543,1.0001011,0.9986038255220991
1332.284374666874,1.0000179,0.9969169681286967
1332.2857635373948,1.0000908,0.9982814407081658
1332.287152408031,0.99998564,0.9969595022384152
1332.2885412785504,1.0000601,0.9991047179572536
1332.2899301491875,1.0001794,0.9991145037023923
1332.2913190197073,0.99992704,0.9950757290968807
1332.2927078902267,1.0003544,0.9995420946551831
1332.2940967608638,1.0000315,0.996173349722607
1332.2954856313836,1.0001652,0.9970108788069607
1332.296874501903,1.0003177,0.9983728847635914
1332.2982633725399,1.0002412,0.9971957015361363
1332.3010411135797,1.0003784,1.0007809916890638
1332.302429984216,1.0000254,0.9978810236618126
1332.3038188547366,1.0001642,0.9952055878827316
1332.305207725256,1.0001754,0.9969260072188135
1332.3065965958922,1.0002215,0.9990103545530434
1332.307985466413,1.0003301,0.9969339915376736
1332.3093743369327,1.0000681,0.9984071880539528
1332.3107632074527,1.0000408,0.9981619595334555
1332.3121520780892,0.9999642,0.9970145055522698
1332.31354094861,1.0002961,0.9977160609081264
1332.3149298191297,1.0001283,0.9974167368898956
1332.3163186897655,1.0001569,0.9979437390308366
1332.317707560286,1.0000297,0.9973400985692574
1332.3190964308064,1.0000287,0.9971541882737277
1332.3204853013258,1.0000072,0.9974262778626874
1332.3218741718456,1.000042,0.9975804409050171
1332.324651913002,0.99996954,0.9969282927340704
1332.3260407835219,1.0000666,0.997453868897872
1332.3274296540426,0.9998983,0.9970766990330809
1332.328818524562,1.0000452,0.9984487850158552
1332.3315962657189,1.0002185,0.9985287795122814
1332.3329851362387,1.000277,0.9991026072902836
1332.3343740067585,1.0001347,0.996634674642229
1332.3357628772785,1.0000236,0.998099003461248
1332.3371517477985,0.99996656,1.0010221193754967
1332.3385406183183,1.0000302,0.9953937280376546
1332.3399294888384,0.9997526,0.9966180021285079
1332.3413183593584,1.0000453,0.9976477667640037
1332.3427072299953,0.9998884,0.9989947902185962
1332.3440961005153,1.0001762,0.9953154116876204
1332.3454849710345,1.0000443,0.9995886834358451
1332.346873841555,0.9998444,0.9982485677979144
1332.348262712075,0.99987286,0.9967622703362357
1332.349651582594,1.0000826,0.9968593380619938
1332.3510404531148,0.9997579,0.997376720621926
1332.3524293236355,1.000175,0.9988562540404534
1332.3538181941553,1.000086,0.9974401936871099
1332.3552070646754,1.000197,0.9973422132287264
1332.3565959351954,1.0000982,0.9946786856120957
1332.3579848057152,1.0001506,0.9976783663364087
1332.359373676235,1.0001893,1.000570687449266
1332.3607625467553,1.0002954,0.996471011866158
1332.362151417275,1.0001256,0.9985927964037998
1332.3635402877949,1.0000246,0.9956853230489375
1332.364929158315,1.0000125,0.9980009445392478
1332.3663180288354,1.0003777,0.9981117593242698
1332.3677068993554,1.0001467,0.9968431913248549
1332.3690957698745,1.000198,0.9976932942782579
1332.3704846403953,1.0001677,0.9978887621172967
1332.3732623814344,1.0002549,0.9984774444919043
1332.3746512519551,1.0002162,0.9970778467613437
1332.3760401223594,1.0002952,0.998986507443294
1332.3774289928785,1.0000736,0.9951337946885318
1332.3788178633986,1.0001577,0.9970320632677463
1332.380206733919,1.000038,0.9990564895778152
1332.3815956044382,1.000088,0.9970901022917904
1332.3829844749582,1.0001364,0.9975021760622741
1332.3843733454787,0.99999213,0.998121960383905
1332.385762215998,1.0001614,0.9981927018987061
1332.3871510864017,1.0000261,0.9976264227198826
1332.3885399569222,0.9999994,0.9967025686711435
1332.3899288274429,0.99991536,0.9975431203177916
1332.3913176979627,1.0001168,0.9982355456125397
1332.392706568482,1.0001729,0.996726441736124
1332.3940954388863,1.0001274,0.9993540485022896
1332.3954843094061,1.000129,0.9971194733497285
1332.3968731799255,1.0001442,0.9961051904516484
1332.3982620504462,0.99997675,0.9985570898280326
1332.3996509209667,0.9999701,0.9976538909647363
1332.4010397913694,0.99987924,0.9945912030160112
1332.4024286618894,0.9999984,0.9971568168772208
1332.40381753241,1.0002924,0.9994078535347507
1332.4065952733326,1.0002017,1.0001974806478684
1332.4079841438534,1.0002835,0.997373933139406
1332.4093730143734,1.0002432,0.99836594168937
1332.410761884777,0.9998861,0.9987314981720019
1332.4121507552968,1.0000613,0.9981537804659295
1332.4135396258166,1.0002635,0.9965970952566028
1332.4149284962202,1.0003197,0.9971501135516948
1332.4163173667403,1.0002111,0.9959889331425261
1332.41770623726,1.000126,0.9984842381796697
1332.4190951076635,0.99983424,0.9983133873858059
1332.4204839781837,0.9998626,0.9965431206909021
1332.4218728487035,1.0001116,0.9999152195847844
1332.4232617191078,0.99996185,0.9966361155492117
1332.4246505896276,1.0002548,0.9964779096407537
1332.426039460147,1.0002843,0.9993789528550088
1332.427428330551,0.9998227,0.9978367958631629
1332.428817201071,1.0003154,0.9974336911143039
1332.4302060714745,1.0000279,0.9965157059314732
1332.432983812515,0.9999231,0.9921129305131511
1332.4357615534386,1.0001383,0.9992026652374042
1332.437150423842,1.0000291,1.000425717650276
1332.4385392943618,0.99996996,0.9957763340986393
1332.4399281647654,1.000043,0.9975106908025325
1332.4413170352855,0.9999083,0.9985320008694395
1332.4427059056898,1.0003499,0.9966844011850569
1332.4440947762096,1.0001901,0.9984242519941323
1332.4454836466125,1.000119,0.9975442263926629
1332.446872517133,1.0003413,0.9980956634267824
1332.4482613875366,1.0001119,0.9985675740243594
1332.4496502580557,0.99998647,0.9962632426180399
1332.4510391284598,0.99997014,0.9980641474326852
1332.4524279989798,1.0000997,0.9952012432677074
1332.4538168693825,1.0000066,0.9984767927337924
1332.4552057399032,1.0001754,0.999013520852917
1332.4565946103075,1.0001671,0.9974555408959089
1332.457983480827,1.0000768,0.9973386966667455
1332.4593723512303,1.0003531,0.9979411120481617
1332.4607612216346,1.0003415,0.9984936335857438
1332.4621500921537,1.0000352,0.9954860847916035
1332.4635389625573,0.99992174,0.9991636040967168
1332.464927833078,1.000138,0.9976308843881236
1332.4663167034814,1.0000633,0.9993482522869342
1332.4677055738848,1.0001901,0.9965374643649407
1332.4690944444048,0.99991333,0.9992667425921357
1332.470483314809,0.99989253,0.9955194167192887
1332.4732610557317,1.000085,0.9999588699523766
1332.4760387965403,1.0001378,0.9981236290870485
1332.4774276670596,1.0000428,0.9974461158338936
1332.478816537463,1.0002526,0.9974244827849662
1332.4802054078673,1.0001521,0.9975344615028688
1332.4815942783864,1.0001667,0.995760199808976
1332.48298314879,1.000136,1.0004766028240153
1332.484372019194,1.0000845,0.9948029000575439
1332.4857608897132,1.000098,1.0006095549447231
1332.487149760117,0.99999094,0.9940058055971874
1332.4885386305211,1.0002353,0.9988107092480952
1332.4899275009248,1.0004244,0.9972769189458291
1332.4913163714446,1.0001763,0.9981731523055454
1332.492705241848,1.0000509,0.9970139198000243
1332.4940941122516,1.000268,0.9978171311978326
1332.4954829826552,1.0000812,0.9969164109095175
1332.4968718530586,0.99995106,0.9985350336090907
1332.4982607235784,1.0000747,0.997515195622384
1332.4996495939827,1.000295,0.9987550693501299
1332.5010384643863,1.0000331,0.9970553085327075
1332.502427334789,1.0001029,0.9971706432264165
1332.5038162051933,1.0001365,0.9973937418999828
1332.505205075713,1.000216,0.9984172476798634
1332.506593946116,1.0002446,0.9987829311714085
1332.5079828165203,1.0000672,0.9982780044324567
1332.5093716869246,1.0001779,0.997880418436488
1332.510760557328,1.0000565,0.9974205274447041
1332.5121494277314,1.0000985,0.996420928728146
1332.513538298135,1.0002588,0.999240361157894
1332.5149271685386,1.000024,0.998472160201317
1332.5177049094618,1.0000503,0.9985938281638443
1332.5190937798654,1.0001042,0.9987086677989491
1332.520482650269,1.0001333,0.9957413829493803
1332.5218715206724,1.0001173,0.9976891341561046
1332.5232603910767,0.9999893,0.9993197147692514
1332.5246492614801,1.0000209,0.996145842543393
1332.526038131883,1.0003963,0.9979446005294551
1332.5274270022874,1.0000353,0.9975993495175943
1332.5288158726908,1.0002357,0.9971792255866542
1332.5302047430937,0.9999425,0.9989390693770882
1332.531593613498,1.0000585,0.9981790222460277
1332.532982483902,1.0001059,0.9982086204695323
1332.5343713543048,1.0002768,0.9981557990185624
1332.5357602247084,1.0001314,0.9963930857514753
1332.5371490951125,1.000292,0.9981354530569145
1332.5385379655154,1.0001298,0.998108189506472
1332.5399268359188,1.000046,0.9986646166113293
1332.541315706323,1.0001649,0.9972330005579219
1332.5427045767265,0.9999483,0.9974992858229556
1332.5440934471303,0.99992096,0.9997223065789287
1332.5454823175337,0.999826,0.9975413562583968
1332.546871187937,1.000031,0.9978683727851761
1332.5482600583407,1.0002993,0.997466521334892
1332.549648928628,1.000226,0.9973703057858011
1332.551037799032,0.99997073,0.9989040464317275
1332.5524266694356,0.9999663,0.9972235566863207
1332.5538155398383,0.9999901,0.9987963809632392
1332.5552044102424,1.0000945,0.9963722649826454
1332.5565932806467,1.0000055,0.9988065940166883
1332.5579821510496,0.9999801,0.9976226168320955
1332.559371021453,1.0001417,0.9968585181693691
1332.5607598917409,0.99998295,0.9981225579651223
1332.5621487621438,1.000095,0.9978046598515613
1332.5635376325472,1.0001432,0.9981106287206226
1332.5649265029515,0.9999964,0.9975718257214511
1332.5663153733549,1.0001442,0.9982171310499693
1332.5677042436419,1.0001627,0.9977991737058705
1332.5690931140457,1.0000716,0.9970621697100415
1332.570481984449,1.0000321,0.9985767884568223
1332.5718708548525,0.9999629,0.998509417820046
1332.573259725256,1.0000472,0.9949542660906234
1332.5746485955433,1.0002486,0.9995122812775195
1332.5760374659474,1.0000466,0.9964875446429061
1332.577426336351,1.000102,0.9986630542668741
1332.578815206754,0.999956,0.9980484288831367
1332.5802040770416,1.0001669,0.998217296185389
1332.5815929474452,0.99997115,0.997351100449539
1332.582981817848,0.9999658,0.9984603931384355
1332.5843706881356,1.00022,0.996879899463337
1332.5857595585392,0.9999617,0.9965155189871869
1332.5871484289428,1.0002061,0.9978077721235633
1332.5885372992304,1.0000709,0.9982431977187677
1332.589926169634,1.0001644,0.9968835675557499
1332.5913150400374,1.0001541,0.9972739670080896
1332.5927039103246,1.0000528,0.9972336812773723
1332.5940927807283,1.0002445,0.9994873736440081
1332.5954816511316,1.0000345,0.9953572826463968
1332.5968705214186,1.0002185,0.9967385462232867
1332.5982593918222,1.00045,0.9992356699615652
1332.5996482622263,1.000173,0.9970925129209436
1332.6010371325135,1.0003062,0.9986455513078475
1332.6024260029162,0.9999918,0.9975249622432881
1332.603814873204,0.99988055,0.9963512879068229
1332.6052037436077,1.0000949,0.999993207456327
1332.6065926140104,1.0000321,0.9920651347379902
1332.6079814842983,1.0001646,0.998904799544497
1332.6093703547026,1.0002809,0.996896528680572
1332.610759224989,1.0001413,0.9986034684475046
1332.6121480953925,1.0000646,0.9956645606862639
1332.6135369656804,1.0000329,0.9988145176526404
1332.614925836083,1.0001651,0.9976640001933215
1332.6163147063703,1.0001208,0.9981729517809382
1332.6177035767744,1.0002185,0.9985334307091535
1332.6190924470607,0.9999598,0.9963110332053258
1332.6204813174643,1.000121,0.998379847266368
1332.621870187752,1.0000265,0.9972358004879068
1332.6232590581556,0.99990356,0.9957636044189351
1332.6246479284428,0.9998175,1.0015077894247477
1332.6260367988461,0.9997576,0.995415406107161
1332.627425669134,0.99997365,0.9991877136119149
1332.6288145395374,1.0002822,0.9970946043505778
1332.630203409824,1.0000896,0.9977583527946277
1332.6315922801118,1.0000589,0.9987299714259794
1332.632981150516,1.0000468,0.9962260776951216
1332.6343700208022,0.99995685,0.9979749640694853
1332.635758891206,1.0001423,0.9982412330744888
1332.6371477614937,0.9999525,0.996279819698335
1332.63853663178,1.000129,0.9994769454693587
1332.6399255021836,1.0000656,0.9976144392495979
1332.6413143724712,0.9998844,1.000677293839395
1332.6427032428749,1.0001858,0.9970148524693633
1332.644092113162,1.0001323,0.9974049854285371
1332.645480983449,0.9999446,0.9982294709317407
1332.6468698538524,1.0002882,0.9971941667647065
1332.6482587241399,1.0000825,0.9979491085360902
1332.6496475944268,1.0001013,0.9978133591215851
1332.6510364648302,1.0002381,0.9960513082980468
1332.6524253351174,1.0003091,0.9988320251543408
1332.6538142054046,1.0001237,0.9961471860327851
1332.6552030756916,0.9998326,1.0010495479779244
1332.656591946096,0.9999245,0.9941716242033629
1332.6579808163829,1.0000633,0.9961186277031033
1332.6593696866694,0.9999861,0.9979381768048997
1332.6607585569573,1.000008,0.9988668855681736
1332.6621474273607,0.99988526,0.994903453121473
1332.6635362976472,1.0001714,0.9991073441873933
1332.6649251679348,1.0000046,0.9982938515183924
1332.6663140382225,1.0001626,0.9994632465973647
1332.667702908626,1.0002315,0.9972048069001989
1332.6690917789133,1.0002066,0.9973340464205783
1332.6704806492003,1.0004175,0.9950033924261973
1332.6718695194875,1.00013,0.9984306614556008
1332.6732583897747,1.0000356,0.9987855190249212
1332.674647260178,1.0002095,0.9975524638251073
1332.676036130466,0.999949,0.9959754473302797
1332.6788138710394,1.0003062,0.9971229490332295
1332.6802027413273,1.0000153,0.9970596711233988
1332.6815916116143,1.0003096,0.9976526187438122
1332.6829804819008,1.0003494,0.9975807001908008
1332.6843693523049,1.0002563,0.9990481371695736
1332.685758222592,1.0002431,0.9979006671075075
1332.6871470928784,0.9999003,0.9987119060773906
1332.688535963166,1.0003065,0.9977986431038419
1332.689924833454,1.0002536,0.9970280640153835
1332.6913137037404,1.000127,0.998569911749054
1332.6927025740274,1.0004656,0.9974299144329541
1332.6940914443153,1.0001775,0.9975574957144551
1332.6954803146018,1.0001469,0.9979716554436631
1332.6968691848888,1.0001229,0.9979199250868965
1332.6982580551767,1.0000452,0.9982655758191682
1332.6996469254636,1.0002162,0.9975825920015347
1332.7010357957506,0.9999697,0.996516237868497
1332.7024246660378,1.0002432,0.9985119965561213
1332.703813536325,1.000118,0.9983043279186518
1332.705202406612,1.0001042,0.9985259965933881
1332.7065912768992,1.00018,0.9972898950680287
1332.7079801471868,1.0000577,0.9993791719915656
1332.7093690174747,1.0001274,0.9964041706620596
1332.7107578877612,1.0000346,0.9988180015465807
1332.7121467580482,1.0003402,0.999390369559965
1332.713535628336,1.0001624,0.9973251939172385
1332.7149244986224,1.0001829,0.9971011898410174
1332.7163133689096,0.99981,0.9987391982299212
1332.7177022391975,1.0000457,0.996052216119727
1332.7190911094838,1.0001884,0.9986807474056278
1332.720479979771,1.0000812,0.998620028799973
1332.7218688500586,1.0001596,0.9966402825730286
1332.7232577202294,1.0000553,0.9986886914027585
1332.7246465905164,1.0001271,0.9981850695398955
1332.7260354608034,1.0000341,0.9985254817372616
1332.7274243310908,1.0001655,0.9988303881489338
1332.7288132013778,1.0000921,0.9994908083278875
1332.7302020716647,0.9999716,0.9970406362980138
1332.731590941952,0.9999592,1.0007315660977247
1332.7329798121232,1.0001199,0.996904067655987
1332.7343686824104,1.0000002,0.9964813417049148
1332.7357575526967,1.0001254,0.9976429759211781
1332.7371464229846,1.0001175,0.9983855960192808
1332.7385352932715,1.0002888,0.9946449382574726
1332.7399241634416,1.000075,0.9998604118606503
1332.7413130337295,1.0001832,0.9976511233212619
1332.7427019040174,1.000145,0.995539806876003
1332.7440907743037,0.9998955,0.9980744002577632
1332.745479644591,1.0000842,0.9962600144979371
1332.7468685147621,1.0003276,0.9965435001523979
1332.7482573850493,1.0001932,1.001825781194998
1332.7496462553363,1.0001448,0.9976768268997621
1332.751035125507,1.0000991,0.9980413916614123
1332.7524239957943,1.000005,0.9973138885564501
1332.7538128660813,1.0000918,0.9957960854878133
1332.7552017363682,1.0000331,0.9994168758975597
1332.7565906065397,1.0000173,0.9973028067987105
1332.7579794768267,1.0000545,0.9975562031969017
1332.7593683471132,1.0000352,0.9977959989406883
1332.7607572172847,1.000067,0.9980255653299122
1332.7621460875716,0.99987406,0.9991529463608149
1332.7635349578582,1.0001731,0.9967594465415762
1332.7649238280296,1.0002648,0.9979407106794199
1332.7663126983173,1.0002979,0.9986415042472888
1332.7677015684872,1.0000834,0.9968972129467899
1332.7690904387744,1.0000978,0.9979838784405923
1332.770479309062,1.0002362,0.9967582922827551
1332.7718681792321,1.0001885,0.9995605318702854
1332.773257049519,1.0001938,0.9955836426221104
1332.7746459196906,1.0000348,0.9981031394716952
1332.7760347899778,0.999989,0.9975778716708644
1332.777423660265,1.0000627,0.9967695304355165
1332.7788125304355,1.0002735,0.997427979694651
1332.7802014007225,1.0000966,0.9995005340223828
1332.7815902708933,0.99996454,0.9985666561084272
1332.7829791411805,1.0001348,0.9953252586816581
1332.784368011352,1.0001519,0.997614441930438
1332.785756881639,1.0000918,0.9984579141357657
1332.787145751809,0.99999774,0.9975299514951846
1332.7885346220967,1.0000478,0.9950642784210777
1332.789923492268,1.0001625,1.000573535571894
1332.7913123625544,0.99987715,0.9965408052704213
1332.792701232725,0.9999247,0.9949054906662614
1332.7940901030129,1.0000607,0.9995978001709414
1332.795478973183,1.0000144,0.9955472039415565
1332.79686784347,1.0001266,0.9982005681561045
1332.7982567136414,0.99999833,0.9987299871072337
1332.8010344540992,1.0001231,0.9983132197317847
1332.80242332427,1.0000798,0.9931826267246181
1332.8052010647275,1.0004478,0.9972503568535843
1332.8065899348983,1.000325,0.9950816993956373
1332.8079788051855,1.0001165,0.9996752778468811
1332.809367675357,0.99997777,0.9972039968016498
1332.810756545644,1.0002028,0.9987077594258758
1332.812145415814,1.000094,0.9966343082560676
1332.8135342859853,1.0001154,0.9978097203743048
1332.8149231562725,1.0000262,0.9981616829993009
1332.8163120264423,1.0000604,0.9984968865025722
1332.8177008966136,0.9998735,0.9966511226872509
1332.8190897669015,0.9999238,0.99918964339378
1332.8204786370716,0.9998993,0.9952858908463647
1332.8218675072421,1.0000626,0.9975536231082844
1332.8232563774136,1.0002857,0.997624153145529
1332.8246452477006,1.0000726,0.998842181293829
1332.8260341178714,1.0002135,0.9978899746830887
1332.8274229880421,1.0000489,0.9974311046465252
1332.8288118583291,1.0001436,0.99713087727037
1332.8302007284997,0.99987054,0.998399582526504
1332.8315895986707,1.0002126,0.9950911185494551
1332.832978468842,1.0001477,0.9985736248474306
1332.8343673391291,1.0001336,0.9999677767496198
1332.835756209299,0.9998158,0.9972469489166071
1332.8371450794702,1.0000539,0.9971807540041149
1332.8482560409523,0.99998546,0.9899404435384744
1332.849644911123,0.99998736,0.9910754471431495
1332.8510337814107,1.0000035,0.9953932329420997
1332.8524226515815,1.0003225,0.9973724447105328
1332.853811521752,1.0003511,0.9980113391907474
1332.8552003919228,1.0001879,0.9967950752640626
1332.8565892620936,1.0000635,0.9992469203503926
1332.8579781322642,1.0001638,0.9965550032192271
1332.8593670024347,1.0003177,1.0000285803899895
1332.8607558726055,1.0001773,0.9960858586796362
1332.8621447427763,1.0002787,0.9980066056143374
1332.8635336129469,1.0006127,0.997857067669567
1332.8649224831183,1.0000192,0.9967942429512983
1332.8663113532898,1.0001383,0.9995077232130365
1332.8677002234597,1.0002898,0.9993558056764744
1332.8690890936305,1.0001581,0.9969255568321405
1332.8704779638017,1.0001781,0.9994512597110612
1332.8718668339716,1.0002991,0.9959401713491509
1332.8732557041424,1.0001335,0.9987443104136655
1332.8746445743136,1.0003817,0.9987198287626041
1332.8760334444846,1.0001405,0.9969948829437861
1332.8774223146552,1.0001675,0.9985380750504482
1332.8788111848257,1.0001642,0.9971057094843571
1332.8802000549965,1.0001975,0.9978655958799015
1332.8815889251673,1.0000372,0.9982739320324753
1332.8829777953379,0.9999803,0.9975106437354391
1332.8843666655084,1.000146,0.9996848266465238
1332.88575553568,1.0002974,0.998106188576253
1332.8871444058504,1.0000129,0.9970588505226434
1332.8885332760206,1.0002356,0.9973395421132124
1332.889922146192,1.0003394,0.9994556662524686
1332.8913110162462,1.000434,0.9962263104052872
1332.8926998864163,1.0001656,0.9979815994546074
1332.8940887565877,1.000047,0.9981169406462896
1332.895477626759,1.0001355,0.9991289737300908
1332.8968664969289,1.0002544,0.997510540542762
1332.8982553670999,1.0002681,0.9976862663588737
1332.899644237271,1.0001847,0.9987678777192337
1332.9010331073246,0.99999374,0.9983868910220551
1332.9024219774954,1.0002096,0.9977221058714935
1332.9038108476666,1.000192,0.9977600799542929
1332.9051997178374,1.0001439,0.998404035479787
1332.9065885880082,1.0001652,0.9975293154355644
1332.9079774580623,1.0001038,0.9986094577992685
1332.9093663282338,0.99998593,0.9974810556429708
1332.9107551984043,1.0001795,0.9963296171914756
1332.9121440685744,1.0001323,0.9970445418451034
1332.9135329386295,1.00009,0.9978375934115598
1332.9149218088,1.0003096,0.9986383032965175
1332.9163106789701,1.0001519,0.9979716875335989
1332.9176995491414,1.0001187,0.9975534014323998
1332.9190884191962,1.0000452,0.9983839246370088
1332.9204772893663,1.0000795,0.9980325872667861
1332.9218661595369,0.9999736,0.9982694357656541
1332.923255029592,1.0003407,0.9967205310657413
1332.924643899762,0.9998773,0.9998910217386557
1332.9260327699326,1.0001771,0.9980106097219867
1332.9274216399876,1.0001936,0.9987411649372859
1332.9288105101582,1.0001826,0.9963781423047842
1332.930199380329,1.0001936,0.9980469772878765
1332.9315882503834,1.0002558,0.9975176623055272
1332.932977120554,1.0000634,0.9980115763281278
1332.9343659907247,1.0001959,0.9977543622547965
1332.935754860779,1.0002725,0.9967050372696126
1332.9371437309496,1.0003095,0.9975214777938378
1332.9385326010038,1.0000627,0.9994719775430438
1332.9399214711746,0.9999919,0.9971011585980116
1332.9413103413453,1.0002044,0.9968152303505601
1332.9426992114002,1.0002164,0.9994169484910584
1332.944088081571,1.0002428,0.9982713746403267
1332.945476951625,1.0001733,0.9991342606865489
1332.9468658217966,1.0003995,0.9982527551288797
1332.9482546918503,1.0000875,0.9967908331105194
1332.9496435620208,1.0001268,0.998318528220558
1332.9510324320759,1.0002986,0.9975086667105529
1332.9524213022464,1.0003248,0.9988992825245356
1332.9538101723006,1.0002592,0.9964454914683317
1332.9551990424713,1.0001283,0.9992211516859909
1332.9565879125257,1.0001078,0.9985955345901957
1332.9579767826963,1.0001291,0.9978036539429139
1332.9593656527506,1.0001893,0.9994918116873862
1332.9607545229214,1.00017,0.9968332247186318
1332.9621433929763,1.0001332,0.9986075798202779
1332.963532263147,1.0001673,0.9989204434227454
1332.9649211332005,1.0001714,0.9980844896994243
1332.9663100032553,0.9999915,0.9985182357788289
1332.9676988734263,1.0000261,0.9972892558382613
1332.9690877434798,1.0000623,0.9979201873329336
1332.970476613651,1.0002191,0.9971335820024434
1332.971865483706,1.0003021,0.9989646339835545
1332.9732543537598,1.000202,0.9968068964763854
1332.9746432239303,1.0001019,0.9986839734360925
1332.9760320939854,1.0000635,0.9990445155314298
1332.9774209641553,1.00014,0.9978497749569789
1332.9788098342096,1.0000963,0.9987161955746328
1332.9801987042647,1.0002798,0.9964418752544002
1332.9815875744353,1.0001527,0.9988609563228964
1332.9829764444894,0.9998595,0.9987743100439477
1332.9843653145438,1.0001972,0.998466982639826
1332.985754184715,1.0001503,0.9978067259461912
1332.9871430547694,1.0002353,0.997902972832805
1332.9885319248228,1.0000592,0.9975112737369266
1332.989920794878,1.0002563,1.0000820157263568
1332.9913096650487,1.0000895,0.9984682631669393
1332.9926985351021,1.0001544,0.9986230368697859
1332.9940874051572,1.0002509,0.9978937828283615
1332.9954762752122,1.0001988,0.9966682080029046
1332.9968651453821,1.0000572,0.9989659340390203
1332.9982540154365,1.0004421,0.9982478270445141
1332.9996428854913,1.0000861,0.9973695117811155
1333.0010317555448,0.999961,0.9979283040062259
1333.0024206257158,1.0003841,0.9990640915280022
1333.0038094957706,1.0002034,0.9976302069621731
1333.005198365825,1.0001959,0.9981613964464231
1333.0065872358791,1.0000876,0.9981894254091226
1333.0079761059333,1.0002252,0.9980689604460106
1333.0093649759876,1.0001804,0.9968301412848208
1333.0107538461584,0.9998898,0.9997165952591125
1333.0121427162126,1.0001683,0.9989656148952973
1333.0135315862667,1.0002257,0.9974695410946843
1333.0149204563213,1.0001965,0.9989904673389821
1333.0163093263754,1.0004736,0.9960239820981196
1333.0176981964296,1.0001758,0.9993795577468966
1333.0190870664846,1.0001838,0.9981947295116148
1333.0204759365388,1.0002446,0.9991811740982788
1333.0218648067096,1.0000336,0.9981393208297431
1333.0232536767644,1.0000457,0.9973381727345357
1333.024642546818,1.000227,0.9987247825909054
1333.0260314168722,1.0000911,0.998195238278362
1333.0274202869273,1.0002953,0.9978195396012095
1333.0288091569817,1.0000402,0.9975811270802312
1333.030198027036,1.0001208,0.9978928191083198
1333.0315868970902,1.0002345,0.9997182973339153
1333.0329757671443,1.0003018,0.9984945171696571
1333.0343646371987,1.0002553,0.9980768235489373
1333.035753507253,1.0001967,0.9976416048515645
1333.0371423773072,1.0002751,0.9981378522649608
1333.0385312473622,1.0001962,0.9958316716536084
1333.0399201174164,1.0002567,0.9996059307470616
1333.04130898747,0.9999494,0.9989687038614867
1333.0426978575251,1.0000749,0.9982692851632785
1333.0440867275793,1.0002333,0.997820296412728
1333.045475597633,1.000048,0.9985803232214545
1333.046864467688,1.0001457,0.9980801994944691
1333.0482533377428,1.0003866,0.9985840939948005
1333.0496422076799,1.0001636,0.9980311507615779
1333.0510310777343,1.0000553,0.9988778524338445
1333.052419947789,1.0001454,0.9986077270482776
1333.0538088178428,1.0004,0.9979784721497874
1333.055197687897,1.0002218,0.99815419664472
1333.056586557952,1.0001134,0.9995584759363793
1333.0579754280056,1.000126,0.9974807170217758
1333.0593642980598,0.99991035,0.9967408935850255
1333.0607531679984,0.99990666,0.9984333676195628
1333.0621420380535,1.0000356,0.998941435400087
1333.0635309081076,1.0001875,0.9981216453365437
1333.0649197781613,1.0001092,0.9985394911610989
1333.0663086482161,0.9999791,0.998774019004212
1333.0676975182705,1.000052,0.9985686019092231
1333.0690863882076,1.0001644,0.9970768438277083
1333.0704752582624,1.000164,0.9978724668663685
1333.0718641283174,1.0001194,0.9981063484837327
1333.0732529983711,1.0001549,0.9985209862082871
1333.0746418683088,1.0002655,0.9978892056643739
1333.076030738364,1.0002092,0.9969113713468081
1333.0774196084176,1.0000756,0.999339700244547
1333.0788084784717,1.000285,0.9953726360442311
1333.0801973484104,1.0002149,0.9991802505057817
1333.0815862184645,1.0001779,0.9988857052456928
1333.0829750885189,1.0002193,0.9980522524507438
1333.0843639585732,1.000233,0.9969438113519971
1333.085752828511,1.0001675,0.9994129027019208
1333.0871416985651,1.0001433,0.9971841697377724
1333.0885305686195,1.0001838,0.9976680722531633
1333.0899194385574,1.00032,0.9994018260248478
1333.0913083086123,1.0001823,0.9985585200282999
1333.0926971786666,1.0003303,0.9978754165562612
1333.094086048604,1.0002772,0.9968561011620701
1333.0954749186587,1.0002891,0.9986640763221833
1333.0968637885967,1.0000097,0.999309545102631
1333.0982526586502,0.9999488,0.9973742016060843
1333.099641528705,1.0002463,0.998778290199017
1333.101030398643,1.0000492,0.9972808310509919
1333.1024192686973,1.0001693,0.9995164060868025
1333.1038081386357,1.0001462,0.9986531285628413
1333.10519700869,1.0000013,0.9980905088159566
1333.1065858787442,1.0002764,0.9982968697123719
1333.1079747486822,1.0001125,0.9982533700288397
1333.1093636187366,1.0001634,0.9971889884379128
1333.1107524886743,1.0000838,1.0001438124224662
1333.1121413587284,1.00027,0.9967410700647396
1333.1135302286664,1.0002822,0.9993730678592604
1333.1149190987212,1.0001882,0.9970426801319222
1333.1163079686594,1.0000448,0.9991856430256629
1333.1176968387128,1.0002626,0.9981164559655922
1333.1190857086513,1.0003501,0.9972343880689757
1333.1204745787056,1.0001221,0.9992700427420961
1333.1218634486427,1.0001894,0.9980028205694669
1333.1232523186977,1.0000561,0.9992782409401896
1333.1246411886364,1.0001829,0.9982831495222717
1333.1260300586898,1.0000659,0.9977221767413699
1333.1274189286278,1.0000372,0.9994412029121248
1333.1288077985664,1.0001634,0.9972416953058029
1333.1301966686199,1.0001361,0.9975223519523696
1333.1315855385578,1.0001502,0.9992226414121583
1333.1329744086127,0.99996805,0.997947823787452
1333.1343632785506,0.9999272,0.9986098324349821
1333.1357521484883,1.0002016,0.997861343453926
1333.1371410185425,1.0001407,0.9989701595337341
1333.1385298884804,1.0002652,0.9990819946074317
1333.1399187584184,1.0002333,0.9985884006742964
1333.1413076284725,1.0003401,0.9970310777798768
1333.1426964984112,1.0001394,0.9990371392953261
1333.144085368349,1.0004156,0.9969299687112014
1333.1454742384026,0.9999391,0.999366010491835
1333.1468631083412,1.0001513,0.998974201654379
1333.1482519782796,1.0003088,0.9956087378191121
1333.149640848333,0.9999459,1.000304354592612
1333.1510297182713,1.0000434,0.997919523981087
1333.1524185882097,1.0000967,0.9981716184722477
1333.1538074582631,0.99994314,0.9979235162153992
1333.155196328201,1.0000595,0.9984748641739292
1333.1565851981395,1.0000523,0.997734730550246
1333.1579740680775,1.0001918,0.9990003119441346
1333.1593629381318,1.0001117,0.9982173993760994
1333.1607518080696,1.0002403,0.9978813187918256
1333.1621406780073,1.0002106,0.998470683361127
1333.1635295479455,1.0001794,0.9983148488872393
1333.1649184178832,1.0001558,0.9985550084302076
1333.1663072879373,1.0000696,0.9984110100317936
1333.167696157876,1.000148,0.9991816176330433
1333.1690850278137,1.0003439,0.9977463137228177
1333.170473897751,1.000061,0.9986179247127243
1333.1718627676896,0.99993193,0.9986728355365558
1333.1732516376273,1.0000997,0.9983859385220166
1333.174640507681,1.0001775,0.997549516882112
1333.1760293776197,0.99990433,0.9989757315222394
1333.177418247558,1.0002135,0.9982042085659041
1333.178807117496,1.0003614,0.9984652908904592
1333.1801959874338,1.0002322,0.9972579745141852
1333.1815848573715,1.0001729,0.9996148812090816
1333.1829737273094,1.0001332,0.9979244348997589
1333.1843625972474,1.0002311,0.9993032080405652
1333.1857514671851,1.0002747,0.9994032781939102
1333.187140337123,1.000283,0.9964683228853026
1333.188529207061,1.0001636,0.9981245096083179
1333.1899180771152,1.0001752,0.9988069718733872
1333.1913069470538,1.0001302,0.9990486162908807
1333.1926958169915,1.000098,0.9989300901765814
1333.1940846869288,1.0002851,0.9982165377477674
1333.1954735568675,1.0002824,0.9982524386256968
1333.1968624268052,1.0003493,0.9984459953393175
1333.1982512967425,1.0001168,0.9949252893432237
1333.1996401666809,1.0001509,1.0003628816613885
1333.2010290366193,1.000149,0.9969217101366754
1333.2024179065565,1.0001738,0.9974947920387531
1333.2038067763779,1.0001199,1.0001217679632466
1333.2051956463165,1.0000517,0.9976903039700138
1333.2065845162538,1.0003378,0.998598932876654
1333.2079733861915,1.0003792,0.9989402782080273
1333.2093622561301,1.0002357,0.9974423830794455
1333.2107511260679,1.0000473,0.9982494966844865
1333.2121399960058,1.0001332,0.9985518267660135
1333.2135288659438,1.000175,0.9985499339188404
1333.2149177358815,1.0001955,0.9983279986533045
1333.2163066058192,1.0001469,0.9980643529397742
1333.2176954757572,1.0002649,0.9979686872606744
1333.2190843455792,1.0001949,0.9987967141385702
1333.2204732155178,1.0002301,0.9981212550896699
1333.221862085455,1.0000293,0.9986292234132873
1333.2232509553928,1.0001191,0.9979151777218591
1333.2246398253315,1.0002558,0.9981836497340378
1333.2260286952687,1.0002056,0.9992714859317486
1333.22741756509,1.0002716,0.9969861541747699
1333.2288064350287,1.0001936,0.9981825043198193
1333.2301953049657,1.0000043,0.9998100031123924
1333.2315841749037,1.0002137,0.9968100365071514
1333.2329730448423,1.0001967,0.9979946523143969
1333.2343619146636,1.0000976,0.9985870184343598
1333.2357507846014,1.0002863,0.997877778236942
1333.2371396545393,1.0003227,0.9982364979411217
1333.2385285244773,0.9999823,0.999217205334098
1333.2399173942986,1.0000424,0.9985362137923355
1333.2413062642363,1.0000792,0.9975303349864696
1333.2426951341745,1.0002353,0.9987496917263222
1333.2440840039965,1.0001223,0.9984321086302822
1333.2454728739344,0.99982166,0.9976446550503253
1333.2468617438715,0.99987423,0.9985867353470406
1333.24825061381,1.000399,0.9996044813719125
1333.2496394836314,1.0001835,0.9978191997060151
1333.2510283535685,1.0001466,0.9979611626623001
1333.2524172233907,1.0001614,0.9989009324916966
1333.2538060933293,1.0000669,0.9965051227813639
1333.2551949632666,1.0002005,1.0004268955181195
1333.256583833088,1.0002022,0.9969224544671207
1333.2579727030266,1.0001959,0.9977661113106288
1333.2593615729643,1.0002334,0.9981647043663128
1333.2607504427856,1.0001605,0.9976346243475278
1333.2621393127235,1.00021,0.9997122539497262
1333.2635281825455,1.0000887,0.9977883532160712
1333.2649170524837,1.0002822,0.9982249458740515
1333.2663059224208,1.0000505,0.998864140320688
1333.2676947922428,1.0001355,0.9976939906651279
1333.2690836621807,1.0000106,0.9980851923744485
1333.2704725320013,1.0000877,0.9981097575220481
1333.27186140194,1.0003415,0.9981034915225749
1333.2732502717622,1.0002916,0.9990273248174034
1333.2746391416993,1.0002763,0.9965389630216152
1333.2760280115208,0.99999774,0.9984502900531262
1333.2774168814594,1.0002168,0.9985231504844745
1333.27880575128,1.0001153,0.9988509863708344
1333.280194621218,1.0003126,0.9987480781343745
1333.28158349104,1.0001675,0.9987810808219145
1333.282972360977,1.0001355,0.9977617857978882
1333.2843612307986,1.0001707,0.9975464601339565
1333.2857501006206,1.0000898,0.9999584988435866
1333.2871389705588,1.0002998,0.9982683980653035
1333.28852784038,1.0004152,0.9984483080260708
1333.2899167103178,1.0001445,0.9988363943974932
1333.2913055801394,1.0003217,0.9979193878394856
1333.2926944500773,1.000262,0.9986620188517251
1333.2940833198986,1.0001775,0.997412724138553
1333.29547218972,1.0002779,0.9973411504537579
1333.2968610596586,1.000125,0.9971760423149431
1333.2982499294799,1.0003476,1.0000924462884493
1333.2996387993016,1.0002713,0.9961758097741987
1333.30102766924,1.0001374,0.9983485575633338
1333.3024165390607,1.0001829,0.9982587573323126
1333.3038054088822,1.0002596,0.9990898110545605
1333.3051942788206,1.0004554,0.9967748999329806
1333.3065831486422,1.0000848,0.9986758070933386
1333.3079720184637,1.0001969,0.9990440006566208
1333.3093608884014,1.000106,0.9986596817271699
1333.3107497582228,1.0002358,0.9988132310454109
1333.3121386280445,1.0002537,0.9983104539533402
1333.3135274978658,1.0001074,0.997714006274746
1333.3149163678036,1.0000731,0.9970340913371195
1333.3163052376258,1.0002409,0.9992719613461511
1333.317694107447,0.9999784,0.9980967470843777
1333.319082977268,0.99994147,0.999076381530466
1333.3204718472066,1.0002756,0.9981526368490563
1333.321860717028,1.0002418,0.9973561650629832
1333.3232495868488,1.0002875,0.9982771546422322
1333.324638456671,1.0002384,0.9988865075990349
1333.3260273264923,1.000305,0.997995700512088
1333.3274161964296,1.0002321,0.9987759962576686
1333.3288050662516,1.0003093,0.999018174496414
1333.3301939360736,1.0002608,0.9964698162850392
1333.3315828058944,1.0003567,0.9993335844177966
1333.3329716757157,1.0002261,0.9950974437835363
1333.334360545538,1.0004728,1.000074014105707
1333.3357494153595,1.0002503,0.9986152622870283
1333.3371382852974,1.0001618,0.9989243867076891
1333.3385271551188,1.0000333,0.9985903948269256
1333.339916024941,1.0002532,0.9985059023764027
1333.3413048947623,1.0003552,0.9996408900305156
1333.3426937645831,1.0000298,0.9967881027833837
1333.3440826344054,1.0000887,0.9985203101844417
1333.3454715042267,1.0001663,0.9995829722619162
1333.3468603740475,1.0001943,0.9997878846803309
1333.3482492438695,1.0000296,0.9986711739900237
1333.3496381136915,1.0001532,0.9985953381667374
1333.3510269835124,1.0001504,0.9976138718892642
1333.3524158533337,1.0000378,0.9986702916630398
1333.353804723156,1.000108,0.9974854250990411
1333.3551935929768,1.0002333,0.9975949623482133
1333.356582462798,1.000161,0.9980558940912635
1333.3579713326203,1.000149,0.9984332046849297
1333.3593602024416,1.0003426,0.9985603432613933
1333.3607490722632,1.0002785,0.9986055584973967
1333.3621379420847,1.0003663,0.9983399427011137
1333.363526811906,1.0000185,0.9984463988623369
1333.3649156817273,1.0001013,0.9972359071835197
1333.3663045515489,1.0002922,0.9983234602017598
1333.3676934213704,1.000188,0.9982439024854854
1333.3690822911926,1.000121,0.9979448283606788
1333.370471161014,1.0002204,0.998617948258794
1333.3718600308348,1.0000513,0.9990603556037674
1333.3732489005404,1.000275,0.9964356504122996
1333.374637770362,1.0001726,0.9999621190078601
1333.3760266401832,1.0001191,0.9969789313447
1333.3774155100054,1.0002275,0.998694913393768
1333.378804379826,1.000216,0.9967938855634874
1333.3801932496476,1.0001305,0.9991463538436103
1333.3815821194698,1.000086,0.9984798553037691
1333.3829709891747,1.0002593,0.9981599901246714
1333.384359858996,1.0003532,0.9989577729215026
1333.3857487288176,1.0000733,0.998940068621585
1333.3871375986391,1.0000904,0.9985295789818481
1333.3885264684604,1.0000848,0.9982734149268497
1333.3899153381653,1.0002747,0.9985816648066322
1333.391304207987,1.000507,0.9984572215140861
1333.392693077809,1.0003008,0.996552630174061
1333.3940819476306,1.0000635,0.99891901696963
1333.3954708173349,1.00022,0.998430727693207
1333.3968596871568,1.0000403,0.9959733148170208
1333.3982485569784,1.0001185,0.9988236646542026
1333.4010262965048,1.0000725,0.9979046440307396
1333.402415166327,1.0001377,0.9996414954473583
1333.403804036148,1.0001328,0.9969538665566738
1333.4051929058528,1.0001298,1.0000613434021777
1333.406581775675,1.0001012,0.997618484619678
1333.4079706454957,0.99995214,0.9979954574798962
1333.4093595152008,1.0001502,0.9981342119306824
1333.4107483850228,1.0000782,0.9989840193887258
1333.4121372548443,0.99990517,0.9973224871498663
1333.4135261245492,1.000097,0.9982288885471026
1333.4149149943707,1.0002049,0.9991738016133876
1333.4163038640763,1.0000881,0.9984830356548874
1333.4176927338979,1.0002401,0.9967303686342575
1333.4204704734243,1.000013,0.997668286104615
1333.4218593432456,1.0000347,0.9987250783346489
1333.42324821295,1.0000445,0.999445005382693
1333.4246370827723,1.0001456,0.9974659753603069
1333.426025952478,0.9999649,0.9980786016390224
1333.4274148222987,1.0000985,0.9975987580159702
1333.4288036920038,1.0003812,0.9982561525081749
1333.4301925618258,1.0001858,1.0000659287966298
1333.43158143153,1.0000277,0.9973483817154755
1333.4329703013516,1.0000951,0.9991358284309282
1333.4343591710572,1.0002995,0.9990581866698767
1333.435748040879,1.0003935,0.996303980065658
1333.4371369105838,1.0001676,0.9990715810624503
1333.4385257804051,1.0003382,0.9987202776163323
1333.4399146501103,1.0001574,0.9981261713693845
1333.4413035199318,1.0001547,1.0001713093295503
1333.4426923896367,1.0000881,0.9996177868599553
1333.444081259458,1.0002619,0.9969601170844743
1333.4454701291638,1.0001096,0.9999247359591642
1333.4468589988687,1.0002016,0.9959831089524469
1333.4482478686896,0.9999809,1.0008738982601637
1333.4496367383954,1.0001546,0.9946533135302609
1333.4510256082167,1.0002208,0.9986845640772162
1333.4524144779211,1.0000427,0.9989704055753099
1333.453803347627,1.0002724,0.999123326640202
1333.455192217449,1.0001901,0.9978854124616983
1333.456581087154,0.9998456,0.9985994616942949
1333.457969956859,1.0001441,0.9976191896269585
1333.4593588266803,1.0000668,0.9976357477623217
1333.4607476963856,0.9999841,0.9981380430547491
1333.4621365660905,1.000075,0.9997665613082227
1333.4635254359118,0.9999697,0.997651739346772
1333.4649143056176,1.0001546,0.9989958584088212
1333.4663031753225,1.0004889,0.9987361188953146
1333.467692045027,1.0001054,0.9988707533816922
1333.4690809148492,1.0000662,0.9973539632704024
1333.470469784554,1.0000573,0.9970653759613363
1333.4718586542585,1.0001494,0.998741895756062
1333.4732475239643,1.0002574,0.9984474306872233
1333.4746363937857,1.0001779,0.9971321572108596
1333.47602526349,1.0001471,0.999396696610998
1333.4774141331957,1.0003119,0.9977850237471703
1333.4788030029013,1.0001808,0.9992536382938338
1333.4801918727221,1.0001218,0.9981189073002265
1333.481580742427,1.0001333,0.9989728152257893
1333.4829696121328,0.9999083,0.9995632302013245
1333.4843584818373,1.0000796,0.998069226152169
1333.4857473515422,0.99989396,0.9995270287896667
1333.487136221248,1.0000632,0.9965776607399235
1333.4885250910693,1.0001311,0.9972198591055704
1333.4899139607744,1.0000918,1.000168104286637
1333.4913028304795,1.0001768,0.9974980949329925
1333.4926917001844,1.0002457,0.9993739165490901
1333.4940805698893,1.0000234,0.9974488119637402
1333.4954694395947,1.0002428,0.998207607376525
1333.4968583093003,1.0002339,0.997562468523207
1333.4982471790058,1.0001385,0.9993138477174746
1333.4996360487103,1.0000926,0.997104047017448
1333.5010249184152,1.0003757,0.999804127577683
1333.502413788121,0.9999761,0.9984977586889938
1333.5038026578254,1.000344,0.9973491996601227
1333.5051915275303,1.000001,0.9988291783880158
1333.5065803973525,1.0001589,0.9985090391572797
1333.5079692670574,1.0000707,0.9984722372195595
1333.5093581367626,1.000066,0.9974081327809132
1333.5107470064677,1.000329,0.99846477892331
1333.5121358761726,1.0002401,0.9970134959434762
1333.513524745761,1.000287,0.9984499415090904
1333.5149136154662,1.0000651,0.9972654703337566
1333.5163024851713,1.0002576,0.9993151803223616
1333.5176913548771,1.0002656,0.9974060812435595
1333.519080224582,1.0003173,0.9983034326782487
1333.5204690942865,0.9999193,0.9979932461888773
1333.521857963992,1.0001675,0.9990172753374922
1333.5232468336972,1.0003808,0.9993298640868985
1333.5246357034014,1.0000727,0.9978650093552882
1333.526024573107,1.0001206,0.9975735242588857
1333.527413442812,1.0001445,0.9989678437085797
1333.5288023125163,0.9999548,0.9987687638923811
1333.5301911821057,1.0002604,0.9981761192215379
1333.5315800518115,1.0000032,0.9986986913863939
1333.5329689215164,1.0003705,0.9973899414473839
1333.5343577912215,1.000121,0.999571058723272
1333.5357466609266,1.0002307,0.9965796127019418
1333.5371355306315,1.0003643,0.9971354338260847
1333.53852440022,1.0001515,0.9991263390683989
1333.5399132699254,1.0003183,0.9988025647016667
1333.541302139631,1.0002482,0.9980629002822319
1333.542691009336,1.0002005,0.996867270714835
1333.5440798790403,1.0000547,0.9995213516678837
1333.5454687486294,0.9999851,0.9997897724731507
1333.5468576183346,1.0003508,0.9980884539650985
1333.5482464880388,1.0002233,0.9965678291427635
1333.5496353577446,1.0001186,0.9997931808488028
1333.551024227334,1.0001696,0.9981947925193894
1333.5524130970384,1.0000199,0.9985724306715731
1333.5538019667433,1.0001909,0.998863532078262
1333.5551908364491,1.0000203,0.9977926873367767
1333.556579706037,1.0002353,0.9985832147480629
1333.557968575742,1.000236,0.9979919214487333
1333.5593574454476,1.0001397,0.9983983579460409
1333.5607463150363,1.0000895,0.9991871614242724
1333.5621351847412,1.0002831,0.9996396957644763
1333.5635240544464,1.0002729,0.9975522154109667
1333.564912924035,1.0003225,0.9987734670924575
1333.56630179374,1.0000458,0.997790108250598
1333.5676906633284,1.0000522,0.9986116141969065
1333.5690795330336,1.0000955,0.9987331555175257
1333.5704684027392,0.99996686,0.9977011273433984
1333.5718572723279,1.0001884,0.9985882637983268
1333.573246142033,1.0002912,0.9972249836788815
1333.5746350116224,1.0000713,0.9982005460386085
1333.5760238813266,1.0000306,0.9990684511418102
1333.5774127510317,1.0001057,0.9976353183282346
1333.5788016206209,1.0000234,0.9978379837039735
1333.580190490326,1.0001979,0.9979814738008687
1333.5815793599145,1.000245,0.9978325645835779
1333.5829682296194,1.0000132,1.00028806424556
1333.5843570992083,1.0002137,0.9969405449898916
1333.5857459689132,0.9999322,0.9989167578702783
1333.5871348385017,1.0002756,0.9977438029980846
1333.5885237082068,1.000108,0.9952945379337127
1333.5899125777955,0.99992806,0.9992385203330258
1333.5913014475004,1.0000714,0.9975774309349736
1333.592690317089,1.0004165,0.9986351052000969
1333.5940791867947,0.9999764,0.9977614090192153
1333.5954680563832,1.0003116,0.9986460327153345
1333.5968569259712,1.0002211,0.9968810084144214
1333.598245795677,1.0002718,0.998205715959175
1333.5996346652655,1.000212,0.9991105737316844
1333.60102353497,1.0002034,0.9975588111637231
1333.6024124045593,1.0000627,0.9986681769526914
1333.6038012741485,1.0000395,0.9969970721148237
1333.6051901438527,1.0002257,0.9989922074674291
1333.6065790134417,1.0000155,0.996179736722644
1333.6079678831472,0.99997056,1.0001301216132175
1333.609356752735,1.0000784,0.9988795075664454
1333.6107456223237,1.0000409,0.9976804207827594
1333.6121344920293,1.0003963,0.9964370932874674
1333.6135233616187,1.0002034,0.9976765138914296
1333.6149122312072,1.0001599,0.9979214716368523
1333.6163011007952,1.0002185,0.9980653628389016
1333.617689970501,1.0002391,0.9959818335328059
1333.6190788400895,1.0001764,0.9985890167310686
1333.6204677096775,1.0002203,0.9992192654877459
1333.6218565793833,1.000175,0.9966165379288172
1333.6232454489725,1.000278,0.997476649202718
1333.6246343185603,1.0000854,1.0000275033550692
1333.626023188149,1.0000097,0.9969260181130143
1333.6274120578546,1.0001303,0.9989573189531685
1333.6288009274426,1.0002587,0.9972504045175877
1333.630189797031,1.0001857,0.9996359272443678
1333.6315786666205,1.0001984,0.9965055400771303
1333.6329675362092,1.0001602,0.9990901619910263
1333.6343564059143,1.0001374,0.9983058526008055
1333.6357452755028,0.9999538,0.9972307950938671
1333.6371341450913,1.0001531,0.9988894038744123
1333.63852301468,1.0002515,0.9981511208073718
1333.6399118842687,1.0001212,0.9989185201132509
1333.6413007538572,0.99996084,0.9994082168470981
1333.642689623446,1.0002649,0.9943017436544803
1333.644078493151,1.0002422,0.998815357834397
1333.6454673627395,1.0002143,0.9995807728075109
1333.646856232329,1.000103,0.9986240352983579
1333.6482451019174,1.0002532,0.9967052386601108
1333.6496339715054,1.0002723,0.9991858220755867
1333.6510228410946,1.0000937,0.9967927569267321
1333.6524117106833,1.0002712,0.9989232567928176
1333.6538005802718,1.0002888,0.9971258553696458
1333.6551894498612,1.0001868,0.9975172161718013
1333.6565783194496,1.0000792,0.9979407365250421
1333.6579671890383,1.0001953,0.9984853871810334
1333.659356058627,1.0002903,0.9977910563309283
1333.6607449282155,1.0000623,0.9986705139848937
1333.662133797804,1.0000153,0.9976519783700876
1333.6635226673927,1.0000515,0.9979496003316284
1333.6649115369814,1.0000201,0.9985579606652326
1333.6663004065708,1.0000994,0.9985516762969168
1333.6676892761593,1.0003368,0.996848566726896
1333.6690781457473,1.0002729,0.9980699984642016
1333.6704670153365,1.000394,0.9982745604026542
1333.6718558849252,1.00036,0.9976208520962888
1333.673244754513,0.9998811,0.9973720483731269
1333.6746336241022,1.0000556,0.9992963736144439
1333.6760224936916,1.0000103,0.9990865367819136
1333.6774113632796,1.0002247,0.9980481978908978
1333.6788002327517,1.0000622,0.9989654015547886
1333.680189102341,1.0003197,0.9971223542904395
1333.681577971929,1.0003623,0.9980943301513283
1333.6829668415176,1.0001233,0.9987863965017507
1333.684355711107,1.0001532,0.9975187071287368
1333.6857445806954,1.0001544,0.9963089602343308
1333.687133450284,1.0002173,1.0004223154165635
1333.6885223197564,1.0000358,0.9975173752921955
1333.689911189345,1.000108,0.9957826734419666
1333.6913000589334,1.0000336,1.0002896091717466
1333.692688928522,1.0001335,0.9956436535919059
1333.6940777981113,1.000098,0.9959808446131069
1333.6954666675842,1.0003638,1.001994304722981
1333.6968555371723,0.9999229,0.9967220587158454
1333.6982444067608,0.99996054,0.9976082864409522
1333.6996332763501,1.000232,0.9978549821486477
1333.7010221458218,1.0002843,0.9985822893042224
1333.7024110154102,1.0002255,0.9975211904014671
1333.7037998849996,1.0001229,0.998570527352908
1333.7051887545874,0.9999287,0.998397511072511
1333.7065776240597,0.99994177,0.9985870683575118
1333.7079664936489,1.0001314,0.9958749186461968
1333.7093553632376,1.000133,0.9973480436619371
1333.7107442327097,1.0001862,0.9989519212936082
1333.7121331022984,1.0001215,0.9983280041873649
1333.713521971887,1.0000149,0.9973264794427238
1333.7149108413591,1.0002393,0.998270010708139
1333.7162997109476,1.0000396,0.9992607125712508
1333.7176885805363,1.0001355,0.9971810584961738
1333.719077450009,1.000244,1.000454957130971
1333.7204663195978,1.000365,0.9981948102165066
1333.7218551890692,1.0004141,0.9986811403345878
1333.7232440586586,0.9999786,0.9967315453376662
1333.7246329282473,1.0000149,0.9996124503464622
1333.7260217977187,1.0001669,0.9982427775728626
1333.727410667308,1.000087,0.9963184550154853
1333.728799536781,0.99994814,0.9992160293200817
1333.7301884063695,1.0001743,0.9994904325978256
1333.7315772758416,1.0001737,0.9957260789257982
1333.7329661454305,0.99999195,0.9999125650624296
1333.7343550149026,1.0000433,0.9993533804764579
1333.735743884491,0.99981374,0.9971009949474972
1333.7371327539634,1.0000287,0.9994543435240857
1333.7385216235525,1.000057,0.9942981758902133
1333.7399104930248,1.0000312,1.0004097233629603
1333.7412993626126,1.0000638,0.9958825172297195
1333.7426882320856,1.0002929,0.9969470287650093
1333.7440771016743,1.0002092,0.9988941802489597
1333.7454659711457,1.0000206,0.9985240961351332
1333.746854840735,1.0002282,0.9980268715312884
1333.748243710208,1.0002979,0.9975777485950339
1333.7496325796794,1.0001501,0.9987502794345121
1333.7510214492681,1.0001858,0.9978089458364184
1333.7524103187409,1.0002849,0.9977222043245326
1333.7537991883287,1.0001422,0.9979557460337578
1333.7551880578012,1.0002177,0.9979103894076856
1333.756576927274,1.0001335,0.9989804632821156
1333.7579657968627,1.0002319,0.9975563451492935
1333.7593546663347,1.0002692,0.9982692556121335
1333.7607435358068,1.00018,0.9978224422307068
1333.7621324053955,1.000077,0.998123710388473
1333.7635212748678,1.0001643,0.9976579720594355
1333.7649101443399,1.0001111,0.9992328884959435
1333.7662990139283,1.0002066,0.9963494575723941
1333.7676878834009,1.000193,0.9998779797869496
1333.769076752873,0.99988115,0.9991202793644659
1333.770465622346,1.0001463,0.9964665934225523
1333.771854491935,1.0002098,1.0004411436549991
1333.7732433614065,1.0001094,0.9975505164227894
1333.7746322308788,1.0001163,0.9978256068051045
1333.7760211003515,1.0004152,0.9989495529797909
1333.7774099699395,1.0002745,0.9949199109287736
1333.7787988394116,1.0001845,0.9988986844645342
1333.7801877088846,1.0000283,0.9963350543649907
1333.7815765783569,1.0001776,1.0003139788772015
1333.7829654478292,1.0001554,0.9958385664299578
1333.7843543174176,1.0000242,0.9998437945433647
1333.7857431868897,1.0001717,0.997632723693591
1333.787132056362,0.99998945,0.9991032266523646
1333.7885209258343,1.000477,0.9983409038684666
1333.7899097953064,1.0000453,0.9992362396257031
1333.7912986647793,1.0001224,0.9952287104258016
1333.7926875342514,1.0002488,1.0006488564392033
1333.7940764038394,1.0001293,0.9961976619562101
1333.7954652733124,1.0002892,0.9987086734114236
1333.7968541427845,0.99993944,0.9983480025307443
1333.798243012256,0.99988073,0.9997921997211193
1333.7996318817288,1.0000559,0.9935154618918765
1333.8010207512016,1.0001867,1.0005458115946968
1333.8024096206732,1.0002544,0.9974339416479497
1333.8037984901455,1.0001394,0.998647746028742
1333.8051873596182,1.0001187,0.9976369238251312
1333.8065762290898,1.000232,0.9966789876322882
1333.807965098562,0.99993473,0.9991861004163359
1333.8093539680349,1.0003177,0.997384545687494
1333.8107428375079,0.99987614,0.9996351238969496
1333.81213170698,1.0000755,0.9969534163890462
1333.8135205764515,1.0003394,0.9988461582296494
1333.8149094459245,1.0002176,0.9974444770746959
1333.8162983153966,1.000281,0.9977565580064921
1333.8176871848682,1.0001246,0.9976938884084958
1333.819076054341,1.0002875,0.998340849840769
1333.8204649238137,1.0002838,0.9984941613819868
1333.8218537932853,1.000178,0.9979722877023738
1333.8232426627574,1.0000949,0.9972157008356177
1333.8246315322303,1.0001211,0.9995165948239578
1333.826020401702,1.0003203,0.9992405318524986
1333.8274092710576,1.0001111,0.9980035541913747
1333.8287981405306,1.0000523,0.9973913849454831
1333.8301870100026,1.000262,0.9975317573514151
1333.831575879475,1.0002556,0.9987107725372202
1333.8329647489472,1.0003405,0.9975198271967434
1333.8343536184193,1.0001639,0.9978987894949611
1333.8357424878914,1.0001154,0.9992678695273545
1333.8371313572475,0.999962,0.9958682873190526
1333.8385202267195,0.99996537,0.997865068571347
1333.8399090961916,1.0000949,1.0002607076856456
1333.841297965664,1.0000285,0.9975004750955577
1333.8426868351362,1.0001539,0.9966267009592452
1333.8440757044925,1.0003216,0.9996145214055814
1333.8454645739648,1.0003383,0.9974885585778714
1333.8468534434362,1.0004733,0.997787928725449
1333.848242312909,1.0002911,0.9976933285957698
1333.849631182265,1.0002793,0.997996502520624
1333.8510200517371,1.0001098,0.9996083342597496
1333.85240892121,0.9999745,0.9973658944187623
1333.8537977905657,1.000078,0.996289277690676
1333.8551866600378,1.0003573,0.9997394054523476
1333.85657552951,1.0002619,0.9994306201320974
1333.857964398866,1.0000103,0.9959741963273546
1333.859353268338,1.000066,0.9990249216853061
1333.8607421378103,1.0002161,0.9981435986385934
1333.8621310071662,0.99995416,0.9965117826934797
1333.863519876639,1.0002474,0.9997519598469806
1333.8649087461113,1.0001267,0.9977622272779918
1333.8662976154662,1.0000982,0.9988942362636228
1333.867686484939,1.000214,0.9988211979796678
1333.8690753544113,1.0001419,0.9967579808712121
1333.8704642237662,1.0000393,0.9984069063464845
1333.8718530932392,1.0001066,0.9993018742885157
1333.8732419625958,1.000192,0.9984587399582752
1333.8746308320674,0.9999614,0.9995228628500215
1333.876019701423,1.0002156,0.9963514795488898
1333.877408570896,1.0000058,0.9998568847899033
1333.878797440251,1.000251,0.9989825500725569
1333.8801863097233,1.0001652,0.9977738343168745
1333.8815751791963,1.000122,0.9982292310859379
1333.882964048552,1.0002005,0.9984135494815359
1333.884352918024,1.0001347,0.9976344249327993
1333.8857417873799,1.0002863,0.9986802744563668
1333.8871306567357,1.000229,0.9983676634716743
1333.8885195262078,1.0000507,0.9979299122335021
1333.8899083955635,1.0001308,0.9987082710664892
1333.8912972650364,1.0001187,0.9964523519591671
1333.892686134393,1.000254,0.9999522329619116
1333.8940750038646,1.0001162,0.9981221070505878
1333.8954638732203,1.0001577,0.9991658982941164
1333.8968527426932,1.0002244,0.9978431205752787
1333.8982416120482,1.0002675,0.9988663838421676
1333.899630481404,1.0003235,0.9947392165998972
1333.9010193508768,1.0001862,0.9991070989229817
1333.9024082202327,1.0002446,0.9994321458854883
1333.9037970895884,1.0000545,0.9978064498062051
1333.9051859590606,1.0000823,0.9990077272097043
1333.9065748284165,1.0001144,0.9990926972936777
1333.9079636977722,1.0003226,0.9958268106156163
1333.9093525672442,1.000139,0.9984515293662684
1333.9107414366001,1.0002484,0.9987901513928136
1333.912130305956,1.0000341,0.9961176952009515
1333.913519175428,1.0002269,0.9994338737743051
1333.9149080447837,1.0000383,0.9983599574139866
1333.9162969141403,1.0002533,0.998849714398844
1333.9176857836126,1.0002126,0.9989075922731727
1333.9190746529675,1.0001409,0.9997161587328828
1333.920463522324,1.0003127,0.999003837722666
1333.9218523916797,1.0000849,0.9993684413591131
1333.9232412611514,1.0001663,0.9978672344446182
1333.924630130508,1.0003235,0.9970522468501108
1333.9260189998645,1.0000621,0.9984655706734106
1333.9274078692201,1.0003906,0.9986492836825599
1333.9287967385758,1.0000783,0.997957211017014
1333.930185608048,1.0001554,0.9990879206552848
1333.931574477404,1.0000792,0.9983772533208091
1333.9329633467596,1.0000397,0.9992110877472808
1333.9343522161153,1.0001144,0.9978435411969117
1333.9357410854718,1.0001868,0.9992878600976857
1333.9371299548275,1.000216,0.9974576653603315
1333.9385188241827,1.0001402,0.996699875352245
1333.9399076936556,0.9998096,0.9986031859093998
1333.9412965630113,1.0002624,0.9984898447080317
1333.9426854323665,0.9999656,0.9954065951023527
1333.944074301723,0.99997514,0.9973843462102921
1333.9454631710794,1.0001493,0.9994562899072272
1333.9468520404344,1.0002772,0.9965721022252757
1333.9482409097902,1.0000521,0.9980870668883834
1333.9496297791466,0.9997499,0.9989582456149418
1333.9510186485018,1.000366,0.9976511203068749
1333.9524075178576,1.0000747,0.9997751469632888
1333.953796387214,1.0001879,0.9981541594620851
1333.9551852565698,1.0001854,0.9994164126524201
1333.9565741259257,1.0000511,0.9990923321624513
1333.9579629952814,1.0001287,0.9979566580718886
1333.959351864637,1.0001681,0.9987368502878148
1333.9607407339931,1.0001352,0.9976889944407648
1333.9621296033488,1.0000741,0.9989428518689745
1333.9635184727044,1.0002044,0.9967865962714989
1333.964907342061,0.99989426,0.9996744933319975
1333.9662962114166,1.0000324,0.9991149779909809
1333.9676850807725,1.0000907,0.9988057822342338
1333.9690739501289,1.000112,0.9987948831511767
1333.970462819484,1.0001922,0.9987626027615266
1333.9718516887233,1.0001993,0.9988767611876096
1333.9732405580799,1.0001053,0.9944984142662326
1333.9746294274357,1.0001088,0.9985905977686804
1333.9760182967916,0.9999569,0.9984388843352293
1333.9774071661473,1.0001837,0.9994063425697908
1333.978796035503,1.0001667,0.9944203463834879
1333.9801849048588,1.0002171,0.9975748475320318
1333.9815737740983,1.0001202,1.000390182261972
1333.982962643454,0.99984854,0.9973845921639412
1333.9843515128105,1.000058,0.9990197489046612
1333.9857403821661,0.9998083,0.9995880117734784
1333.9871292515213,1.0000777,0.997893013162071
1333.9885181207615,1.0002549,0.9998877079323547
1333.989906990117,1.000135,0.9961351766385953
1333.9912958594723,1.000047,0.9993735818932068
1333.9926847288286,1.0000077,0.9998297815901576
1333.994073598068,1.0002451,0.9982677868093659
1333.9954624674233,1.0000236,0.9985317597518896
1333.9968513367796,1.0003648,0.9995821115727961
1333.998240206136,1.0003557,0.9972874934338194
1333.9996290753747,0.9998863,0.9979864912195227
1334.0010179447304,1.0001857,0.9994988856927186
1334.002406814087,0.9999824,0.997591484238168
1334.0037956833257,1.0004386,0.9977862117623792
1334.0051845526814,1.0001224,0.9990012373102157
1334.006573422038,1.0002317,1.000132222622801
1334.007962291278,1.0000066,0.9988525320424487
1334.0093511606337,1.0000505,0.9982624678215616
1334.0107400298725,1.0001953,0.9986324002523422
1334.0121288992289,1.0002557,0.9986622303828026
1334.0135177685847,0.9998718,0.9992712221428245
1334.0149066378233,1.0000365,0.9984736418568824
1334.0162955071796,0.99998355,0.9975423251143317
1334.0176843764198,1.000267,0.9982172660051599
1334.019073245775,1.0001858,1.000020283111721
1334.0204621151306,1.0002735,0.9993633950922723
1334.0218509843708,1.0000572,0.9980856874180917
1334.023239853726,1.0001025,0.9981655631672104
1334.0246287229652,1.0000458,0.9989705227779032
1334.0260175923218,1.0001341,0.9990492582315578
1334.027406461561,1.0004374,0.9989720392239944
1334.0287953309166,1.0001501,0.9977427291452261
1334.0301842001563,0.99996203,0.9985724176122389
1334.031573069512,0.9999811,0.9990543437698854
1334.0329619387512,1.0003633,0.9986261555891874
1334.034350808107,1.0000834,0.9987022830418074
1334.0357396773466,1.0000968,0.998688772262265
1334.0371285465865,1.0000708,0.9988610451520127
1334.0385174159424,1.0002501,0.9939014157135937
1334.039906285181,1.0001823,0.9999701702018167
1334.0412951545372,1.0002178,0.9981015072068105
1334.042684023777,1.000214,0.9951708964303846
1334.0440728930155,1.0001208,1.000592452430373
1334.0454617623718,1.0003017,0.997790221343882
1334.046850631612,1.0002701,0.9992437126096606
1334.0482395009676,1.0002275,0.9992511597422121
1334.049628370207,1.0001953,0.9975288073137863
1334.0510172394465,1.0003152,1.0016170051967854
1334.0524061088022,1.00026,0.9970583162346318
1334.0537949780417,1.0002232,0.9985270293709344
1334.0551838472811,1.0002474,0.9987569415942479
1334.056572716521,1.0001801,0.9994407175992654
1334.057961585877,1.0002841,0.9986249723354029
1334.0593504551155,1.0002257,0.9983094013705761
1334.0607393243554,1.0001811,1.0007563316238006
1334.0621281937113,1.0002744,0.997682060001114
1334.0635170629498,1.0001534,0.9985518772970268
1334.06490593219,1.0003586,0.9955323653022695
1334.06629480143,1.0001255,1.0006831366671143
1334.0676836707853,0.9998951,0.9984283983348999
1334.0690725400245,1.0000664,1.0001430124864295
1334.0704614092647,1.0000987,0.9978859703032745
1334.0718502785032,1.0000714,0.9994803214366889
1334.0732391477427,0.99992555,0.9969064492689852
1334.0746280169828,1.0000845,0.9979644579233569
1334.0760168863378,1.000186,0.9987079656372639
1334.0774057555773,1.0000713,0.9985000101457203
1334.0787946248172,1.0001165,0.9971522121431324
1334.0801834940567,1.0001104,1.0010788383667364
1334.081572363296,0.9999419,0.9969791218181467
1334.0829612325351,1.0003688,0.9983000810250892
1334.0843501017746,1.0002993,0.9980462975287365
1334.0857389711305,1.0001249,0.9985578797786159
1334.0871278403697,1.0000334,0.9988340535379509
1334.0885167096098,1.0001502,0.997305997776237
1334.08990557885,1.0003093,0.9982964299392025
1334.0912944480885,1.0000926,1.0000296793988268
1334.092683317328,1.0003319,1.0003591155107816
1334.094072186568,1.0003699,0.9977269930006473
1334.0954610558065,1.0001274,0.9914566899050258
1334.0968499250462,1.0001428,1.000912531065115
1334.098238794286,1.0002161,0.9981265917926374
1334.0996276635256,1.0003303,0.9968651024166888
1334.1010165327648,1.0002855,0.9987101225944137
1334.102405402004,1.0000212,0.9947239778710167
1334.1037942712435,1.0000057,0.9972258262700884
1334.105183140483,1.0001761,0.9985520478601481
1334.1065720097222,0.99995834,0.9975942462177836
1334.1079608789614,1.0002319,0.9995505500744419
1334.1093497482016,1.0000064,0.9978960509546432
1334.1107386173246,1.0001917,0.9986620938870664
1334.1121274865632,1.0001221,0.9997035309421541
1334.1135163558033,1.000001,0.9978355019998931
1334.1149052250425,1.0000547,0.9994779824094868
1334.1162940942813,1.0000559,0.9994454469078676
1334.1176829635215,1.0001011,0.9984928066283942
1334.1190718327614,0.99992716,0.9989011572739099
1334.120460702,0.9998957,0.9997829997132903
1334.1218495711232,1.0000792,0.9969778338537301
1334.1232384403631,0.9999478,0.9986023646563098
1334.1246273096026,0.9998372,0.9973976742086137
1334.1260161788418,0.99985,0.9984668431294175
1334.127405048081,1.0000992,0.9998959543349961
1334.1287939173212,1.0000424,0.9989487222449998
1334.130182786444,1.0000502,0.9984372623193086
1334.1315716556828,0.9999598,1.0004149409248282
1334.132960524923,0.99997216,0.9965722010769354
1334.1343493941622,0.99999857,0.9991892013234243
1334.1357382632846,1.0002009,1.0006285841509213
1334.1371271325247,1.0001893,0.9980893583782111
1334.1385160017646,1.0000808,0.998586149513171
1334.1399048708868,1.0001755,0.9984481431431586
1334.1412937401262,1.0001409,0.9993005146300491
1334.1426826093661,1.0002705,0.997189828670916
1334.144071478605,1.000274,0.9968614874248669
1334.145460347728,0.99986273,1.001115363262966
1334.146849216968,1.000139,0.9969460342146937
1334.148238086091,1.0003253,0.9988832361989013
1334.1496269553304,1.0001843,0.9966008514819895
1334.1510158245696,1.0000532,0.9995013440716642
1334.1524046936925,1.0001419,0.9981760940488523
1334.153793562932,1.0003595,1.000483473531511
1334.1551824321714,1.0001556,0.9977946516438178
1334.1565713012942,1.0001652,0.9974482867300779
1334.1579601705344,1.0000731,0.9998823649720058
1334.1593490396572,1.0003612,0.9986563206062695
1334.160737908896,1.0001409,0.9986869478170318
1334.1621267780197,1.0002058,0.9985095963200576
1334.163515647259,1.0000867,0.998580225121404
1334.1649045164982,1.0000721,0.9981347045608497
1334.1662933856219,0.99999917,0.9993153169896904
1334.1676822548607,0.99982285,0.9993544176840629
1334.1690711239835,1.0000027,1.0004370185366076
1334.1704599932236,0.99993855,0.9974151167637071
1334.1718488623465,1.0000818,0.999612841766974
1334.1732377314695,1.0000786,0.9993993792169532
1334.174626600709,1.0000391,0.9963833333335506
1334.1760154698318,1.0001309,0.9986000327221484
1334.177404339071,1.0000925,0.9985890710974289
1334.1787932081943,1.0000162,0.9979211643565338
1334.1801820774335,0.9999403,0.9982114898561064
1334.1815709465573,1.0001227,0.9987387642397774
1334.18295981568,0.99992555,0.9996964183724358
1334.1843486849189,1.0000286,0.9978019972579161
1334.1857375540424,1.0001012,0.998467192561533
1334.1871264232818,1.0002742,0.9977754777837076
1334.188515292404,0.99991935,0.9972664677517545
1334.1899041615275,1.0000207,1.0011898955546916
1334.1912930307676,1.0000286,0.9975384358517965
1334.19268189989,1.0003262,1.000077984385426
1334.1940707690128,1.0002447,0.9974384008524723
1334.195459638253,1.0000119,0.9980649331956757
1334.1968485073753,1.0003071,1.0006452753220765
1334.1982373764981,1.0003608,0.9981107824972425
1334.1996262457383,1.0001955,0.9986927876326882
1334.201015114861,1.0000017,0.9992590317582479
1334.2024039839841,1.0002719,0.9986795860914489
1334.2037928531072,1.0002388,0.9998084073943931
1334.205181722347,0.99988544,0.9992229602189039
1334.2065705914702,1.0001266,0.9975131595017589
1334.2079594605923,1.0001086,0.9989881353784476
1334.2093483297158,0.9999687,0.9992775215543908
1334.2107371988395,0.9999152,1.0002651460622778
1334.2121260680783,1.000141,0.9988998611313429
1334.2135149372011,1.0001684,0.9974808382846405
1334.2149038063249,1.0001165,0.9943761512568311
1334.2162926754472,1.0002875,0.9995884500308584
1334.21768154457,1.0,0.9982435519457611
1334.2190704136938,1.0001972,0.9967831323976233
1334.220459282933,1.0000393,0.9967246096460771
1334.2218481520558,1.0001637,0.9989065753995531
1334.223237021179,1.0000538,0.9979077052504098
1334.224625890302,0.9999063,0.9990253681233051
1334.2260147594247,1.0000117,0.9976203222486844
1334.2274036285478,1.0001086,0.9991621138459172
1334.2287924976708,1.0001687,0.9978539093261987
1334.2301813667943,0.9999565,1.0013859259208726
1334.2315702359174,0.9999897,0.9960464086494033
1334.2329591050395,1.0001029,1.0012061821751705
1334.234347974163,1.0000393,0.9984525805505985
1334.2357368432863,0.9999488,0.997712302223621
1334.2371257124084,1.0002756,0.9991656415724194
1334.238514581532,1.0001112,0.9972430996866478
1334.2399034506557,0.99993074,1.0008662313129115
1334.241292319778,1.0001335,0.998736573529828
1334.2426811889009,0.99998343,0.9985265925883025
1334.2440700580246,1.0001532,1.0004040005912271
1334.2454589271474,1.0002238,0.9982164912759764
1334.2468477962705,1.0002028,0.9984485142891775
1334.2482366653935,1.000036,0.9994197364967337
1334.249625534517,1.0000043,0.9998702930557712
1334.25101440364,1.0000753,0.9976900808797642
1334.2524032727622,1.0001012,0.9987170816104427
1334.2537921418857,1.0003889,0.9978667743545573
1334.2551810110087,1.0000602,0.9988788902395197
1334.2565698800145,0.99992174,0.9989968549265877
1334.2579587491382,0.9999784,1.0007872710022077
1334.259347618262,0.99964523,0.9982931364845044
1334.2607364873843,1.0000039,0.9977544743974734
1334.262125356507,1.000096,0.998487374858459
1334.2635142256308,0.99987537,0.9988250361838209
1334.2649030946366,1.0003086,0.9987769288830517
1334.2662919637596,1.0000206,0.9973502041782967
1334.2676808328831,1.0002389,0.999131884406966
1334.2690697020062,1.0000618,0.998515952175174
1334.270458571129,1.0000498,0.9995974926385894
1334.2718474401356,1.0001099,0.9991369648817704
1334.2732363092587,1.0000601,0.9979063300416922
1334.2746251783815,1.0001303,1.0004378349024612
1334.2760140475043,0.99986535,0.9988456090002328
1334.277402916511,1.0000625,0.9977554978310849
1334.278791785634,0.9999262,0.9990932280678001
1334.2801806547568,1.0001491,0.9979224419347572
1334.2815695237634,1.000102,0.9989568343125073
1334.282958392887,1.0001786,0.9980678113827453
1334.28434726201,1.0001687,0.9987532785375682
1334.2857361310166,0.9998695,0.9989674784768857
1334.2871250001401,1.0001286,0.9993010872710354
1334.2885138692623,1.0000254,0.9984503342148637
1334.289902738269,0.9998306,0.9968602179143782
1334.2912916073924,0.9999265,0.998823920794007
1334.2926804763993,1.000222,0.9964163120286842
1334.294069345522,1.0002085,1.0013547476420122
1334.295458214645,1.0000694,0.9975431999658609
1334.2968470836515,0.9998874,0.9967449999256885
1334.2982359527746,1.0000805,0.9993167097549889
1334.299624821781,1.0002456,0.9996689302162077
1334.3010136909038,1.0000654,0.9936749002728736
1334.3024025599111,1.0002141,0.9985203693691155
1334.3037914290342,1.0000613,0.9964935629459248
1334.3051802980399,1.0002992,0.9993762805933484
1334.3065691671636,1.0001038,0.9981408292899355
1334.30795803617,0.9999343,0.9991482530715646
1334.3093469052924,1.0001198,0.9989165327958492
1334.3107357742997,0.99969304,0.9959723529474447
1334.3121246434232,0.9997868,0.9827671025808274
1334.313513512429,0.9999628,0.9972194094540237
1334.3149023815522,1.0000508,0.9999854159718349
1334.3162912505593,1.0001559,0.9976741774309681
1334.3176801196814,1.0001014,0.9996166380567366
1334.319068988688,0.9999828,0.9965256810991312
1334.3204578576951,0.9999901,0.9985343241979688
1334.3218467268189,1.0002729,0.999025870035012
1334.3232355958253,0.9997994,0.9979649195558383
1334.3246244649476,0.9999486,0.9993989080049902
1334.326013333955,1.000166,0.9989434473549729
1334.3274022029614,1.0001119,0.9984762411139592
1334.3287910720837,0.99988884,0.9991969346759558
1334.330179941091,1.0002317,0.9988010804766071
1334.3315688100981,1.0004096,0.9995737702318456
1334.3329576792203,1.0002061,0.9982972626395452
1334.334346548227,1.0001377,0.9981412823924268
1334.335735417234,1.0000532,1.0007183620768345
1334.33712428624,0.99977785,0.9990429887119285
1334.3385131553628,0.99972534,0.9986515013695598
1334.33990202437,1.0002215,0.9972369167810196
1334.3412908933767,1.0002333,0.9977545412048444
1334.3426797624998,1.0002745,0.9981673299301367
1334.3440686315062,1.0002917,0.997682352518556
1334.3454575005126,1.0003605,0.9993505485592279
1334.3468463695192,0.9999846,0.9972286502616896
1334.3482352385258,1.0000534,0.99968948993748
1334.3496241076487,0.99982804,0.9958570270090005
1334.351012976656,1.0001544,0.9960547394160796
1334.3524018456624,1.0000862,0.9974615010235909
1334.3537907146683,1.000392,0.9990665742591355
1334.3551795836756,0.9999764,0.9987153701990671
1334.356568452682,1.0002391,0.9992683555598318
1334.357957321688,1.0000994,0.9994852624071721
1334.3593461908117,1.000276,0.9974735913597019
1334.3607350598188,1.0000999,1.0000865404698556
1334.3621239288254,1.000045,0.9967630574355636
1334.3635127978318,1.0000534,1.0006929755082217
1334.3649016668383,1.0002978,0.9973395619201271
1334.3662905358449,1.0001938,0.9995721273590955
1334.3676794048515,1.0002673,0.9981451274741543
1334.369068273858,0.9997922,0.9994066293999069
1334.3704571428652,1.0002745,0.999332174279489
1334.3718460118716,1.0001869,1.0003031666358742
1334.3732348808776,1.0000138,0.9982901987586018
1334.374623749885,0.99979275,0.9999549094966674
1334.3760126188913,1.0002571,0.9971174915402934
1334.3774014878973,0.999951,0.997254889210024
1334.3787903569043,1.0000548,1.0009618970652272
1334.3801792259114,1.0001954,0.9984820829707102
1334.3815680949174,1.0002353,0.9979774195940582
1334.3829569639238,1.0002266,0.999942899195024
1334.384345832931,1.0001742,1.0000089325382375
1334.385734701937,1.0002755,0.9980775435609586
1334.3871235709435,1.000051,0.9983082578490379
1334.3885124399508,0.9999784,0.9980434256280909
1334.3899013089572,1.0000671,1.001490849052962
1334.3912901778474,1.0000623,0.9980319790648255
1334.392679046854,0.99994296,0.9953464774239437
1334.3940679158604,1.0000051,1.0009400322426674
1334.395456784867,1.0001787,0.9990060678248636
1334.3968456538737,1.0000166,0.9983767861367845
1334.39823452288,1.000137,0.9985095310856008
1334.3996233918874,1.0000924,1.0003612575312384
1334.4010122607774,1.0000579,0.9983482846289514
1334.4024011297838,0.99992496,1.0009586740065033
1334.4037899987911,0.99991024,0.9965898310155035
1334.405178867797,0.99989593,0.9991452224183381
1334.406567736687,1.000108,0.9988506236893256
1334.4079566056944,1.0001256,0.9989539982787858
1334.4093454747008,0.9998863,1.000648351758674
1334.4107343437074,1.0002149,0.9978746967457508
1334.4121232125976,0.9999652,0.9993017781645953
1334.413512081604,1.0000213,0.9997739833143637
1334.4149009506104,1.0001161,0.9975591215040006
1334.4162898196173,1.0002489,0.9997443690435733
1334.4176786885073,0.99998534,0.9993373397849858
1334.4190675575137,1.000078,0.9991032815881421
1334.4204564265203,1.0000457,0.9983129381262504
1334.4218452954105,1.0001531,0.9995480602558081
1334.4232341644176,1.0001997,0.9988271197034116
1334.4246230333079,1.000179,0.9993724694781904
1334.4260119023136,1.0002351,0.9992821572964925
1334.4274007713207,0.99994725,0.9981068990264006
1334.428789640211,1.0002106,0.9982019274243891
1334.4301785092168,1.0000982,1.0007146507495364
1334.431567378224,1.0002187,0.9961094176744351
1334.4329562471148,0.99991137,1.0003556302573273
1334.4343451161208,1.0000271,0.9991184102911489
1334.4357339850108,0.99992704,0.9980255438253146
1334.437122854018,1.0003452,1.000117636691674
1334.4385117229074,1.000321,0.999789099797837
1334.439900591914,1.0000315,0.999190799405124
1334.441289460805,1.0003788,0.9991007325968057
1334.442678329812,1.0001923,0.9991381706697593
1334.4440671987022,1.0004596,0.9996698352712408
1334.445456067708,0.9999959,0.9985651055683585
1334.4468449365986,0.99992454,0.9985938380700949
1334.4482338056052,1.0000926,1.0002987825378962
1334.4496226744945,1.0002722,0.9980560565750107
1334.4510115435019,1.0000005,0.9979866571157351
1334.4524004123928,1.0003294,1.0001204795628313
1334.4537892812823,1.0000246,0.9995383698380161
1334.4551781502887,1.0003505,0.999145688535684
1334.4565670191796,1.0003518,0.9992460289362718
1334.4579558881853,1.0001186,1.0001725846871707
1334.4593447570755,1.0002364,0.9979210631497457
1334.4607336259662,1.0000862,0.999584835850252
1334.4621224949728,0.99984115,0.9979484547931746
1334.4635113638628,1.0000924,1.000992132630834
1334.464900232753,1.0002096,0.9976171706190899
1334.4662891017597,1.000201,1.0019892590778
1334.4676779706497,1.0001125,0.9962454387329298
1334.4690668395397,0.99960023,1.0001186799799457
1334.4704557085463,0.9999515,0.9997938327116296
1334.471844577437,1.0001647,0.9957351555291578
1334.4732334463272,1.000156,1.0007296381686004
1334.4746223152165,1.0001022,0.9977619280047748
1334.4760111842238,0.9996938,1.0004834256023187
1334.477400053114,1.0000839,0.998928607422149
1334.4787889220033,0.99994797,0.9993285747092574
1334.4801777908942,1.0000203,0.9973166058244067
1334.4815666597851,1.0002964,1.0002853187312293
1334.4829555287915,0.9999622,0.9977565507735843
1334.4843443976815,1.0,1.0007886559249604
1334.485733266572,1.0001458,0.9988215614318894
1334.487122135462,1.0000613,0.9977565393615178
1334.488511004352,1.0000792,0.9991736293126605
1334.4898998732422,1.0002769,0.9973390901426727
1334.4912887422493,0.99998426,1.0008656372039788
1334.4926776111395,1.000047,0.9993737474555073
1334.4940664800288,1.0001271,0.9991408698990848
1334.4954553489197,1.0001868,0.9997456164479332
1334.49684421781,1.0002154,0.9988324266826316
1334.4982330866992,0.9999446,0.9979194838582446
1334.49962195559,1.0003866,0.9983858374578142
1334.501010824481,0.99994147,0.998836118664272
1334.5023996933703,1.0000532,0.999492740603005
1334.5037885622605,0.99990183,0.9990055673926302
1334.5051774311512,1.0000983,0.9986101393597278
1334.5065663000405,1.0002275,0.998972862970319
1334.507955168931,1.0000331,0.9970778785286666
1334.5093440378216,0.9999866,1.0008549609082837
1334.5107329067118,1.0002743,0.9976675025022066
1334.5121217756018,1.0001614,0.9991815657299005
1334.5135106444918,1.0001614,0.9988749795746898
1334.514899513382,1.0001156,0.998797908856335
1334.5162883822723,1.0000286,0.9976763348281736
1334.5176772511622,1.0000647,0.9974192893317412
1334.5190661200531,0.9999844,0.9989561192985573
1334.520454988944,1.0000848,0.9973957733042603
1334.5218438578333,1.0001047,0.9987178661366608
1334.5232327267236,1.0001013,0.9992860423512612
1334.5246215956142,1.0001005,0.9990835729320579
1334.5260104645035,1.0000262,0.9992379498328378
1334.5273993332773,1.0001535,0.9982512215680859
1334.528788202168,0.99989325,0.9997406056181749
1334.5301770710585,0.99989694,0.9997041748452498
1334.5315659399485,1.0003065,0.9983375554580208
1334.5329548088384,0.99998546,0.9983628026651424
1334.5343436777287,1.0000848,1.0020796360125555
1334.5357325465025,1.0001143,0.9981868603423841
1334.5371214153924,0.9999587,0.9995774824380348
1334.5385102842824,0.9999768,0.9964748807200574
1334.5398991531733,1.0001395,1.0003478883853025
1334.541288021947,0.9999824,0.9997399295302678
1334.5426768908364,0.9999175,0.997139226867599
1334.5440657597273,0.9998568,0.9993007622536462
1334.5454546286173,0.9999108,0.9983474560193785
1334.5468434973905,1.0002273,1.0000479561133047
1334.5482323662814,1.0000775,0.9993109505371274
1334.549621235172,1.0001277,0.9986935562725766
1334.551010103945,1.0001721,0.999352902881884
1334.5523989728354,1.0001812,0.9992057534366603
1334.553787841726,1.0001311,0.9988532215277964
1334.555176710499,1.0002054,0.9982692762227818
1334.5565655793891,1.0001824,0.999455397651176
1334.5579544482798,0.99989337,0.9997425257151648
1334.5593433170543,0.9998175,0.9994316822804995
1334.5607321859443,0.9998822,1.0000115184023597
1334.5621210547174,1.0000685,1.0002198588296094
1334.5635099236083,1.0002652,0.9980487820656461
1334.5648987924983,1.0001509,0.997846547641403
1334.5662876612714,1.0000424,0.9999116338551409
1334.5676765301623,1.0001318,0.9988635600656596
1334.5690653989366,1.0001403,1.00049939831916
1334.5704542678259,1.0001966,0.9994716690939789
1334.5718431365997,1.0001137,0.9982656673584125
1334.5732320054904,1.0003067,0.9982964154232112
1334.5746208742635,1.0000789,0.9998123529102436
1334.5760097431535,1.000027,0.9980977155120462
1334.577398611928,1.0001701,1.0003571717826794
1334.5787874808182,1.0000235,0.9982446120788675
1334.580176349592,0.99991435,1.0002819472809361
1334.581565218482,1.0000985,0.997259912778903
1334.5829540872555,1.0003129,1.000059955147461
1334.5843429560293,0.999928,0.9987164443195321
1334.5857318249195,1.00029,0.9977758892258473
1334.5871206936931,1.0002633,1.0003760366914198
1334.588509562584,1.0000694,1.000075794046935
1334.5898984313576,0.9998898,0.9985789098051906
1334.5912873001307,1.0001973,0.9973287736632781
1334.5926761690216,1.0000813,1.000162838128371
1334.5940650377952,1.0003734,0.9983156535322474
1334.5954539066847,1.000075,0.9981854549559775
1334.596842775459,0.9999789,1.0000217915898004
1334.5982316442328,0.9998162,0.9994769755040563
1334.5996205130064,0.9998926,0.9988308072737244
1334.6010093818973,0.9999174,0.9998477962067863
1334.6023982506708,0.99993175,0.9978244892294381
1334.6037871194446,0.9999398,1.0020060334249192
1334.6051759883348,0.9999397,0.9970484369133564
1334.6065648571084,1.0001515,0.99690990374235
1334.607953725882,1.0002772,1.0005008653248473
1334.6093425946558,1.000074,0.9996168480084765
1334.610731463546,1.0000099,0.9989246394974362
1334.6121203323205,1.000368,0.9993309998962162
1334.613509201094,0.9998633,0.9988932259324828
1334.6148980698672,1.0000813,0.9989539954833382
1334.6162869386415,1.0003133,0.9994555035327889
1334.6176758074153,1.0001361,0.9976635479656883
1334.6190646763046,1.0001029,0.9990222116143329
1334.6204535450788,1.000124,0.9997597887442815
1334.6218424138533,1.000165,0.9995094641487049
1334.6232312826264,1.000115,0.9995994775622281
1334.6246201514,1.000091,0.99868074442035
1334.6260090201745,1.0002539,0.9992444993704148
1334.6273978889476,1.0000503,0.999419523901133
1334.6287867577212,0.999979,0.9985042003321581
1334.630175626612,0.99981886,0.9996580115996703
1334.6315644953856,1.0001191,0.998588565567809
1334.6329533641592,0.99999785,0.9985516234521764
1334.6343422329332,0.9999513,1.000002192574034
1334.6357311017068,1.0000317,0.998966405505967
1334.6371199704804,1.0000602,0.9997473417132592
1334.6385088392542,1.0001979,0.9988409614501469
1334.6398977080285,1.0000302,0.9986537672211029
1334.641286576803,1.000031,1.0009108533044158
1334.642675445576,1.000042,0.9981880742515644
1334.6440643143496,0.9999807,0.9978159011484059
1334.6454531831241,1.0001746,0.9995960103398385
1334.6468420518972,1.0000135,0.9993496449859206
1334.6482309205544,0.9999915,0.9980042664065013
1334.6496197893289,1.0003215,0.9998697259685927
1334.6510086581025,1.0000246,0.9991209903412157
1334.652397526876,0.99988735,1.0000166609564582
1334.6537863956498,0.99996823,0.9992607856758138
1334.6551752644236,1.0000527,0.9995590440488115
1334.6565641331972,1.0002521,0.9992072486852442
1334.657953001971,1.0001353,0.9996855328718542
1334.6593418707448,1.0002061,0.994848799310744
1334.6607307394027,1.0001332,0.9987998317796921
1334.6621196081765,0.99994165,0.9990021692712152
1334.6635084769493,0.9998645,1.0000056552064958
1334.6648973457236,1.0000564,0.9976388220584231
1334.6662862144974,1.0000793,0.9986833018004909
1334.6676750831539,1.0000873,0.9969845626704688
1334.6690639519284,0.9999764,1.0002233815974657
1334.6704528207028,1.0000246,0.9971276320905621
1334.671841689476,1.0001315,0.999697578285902
1334.6732305581331,1.0000104,0.998804044060327
1334.6746194269076,0.99996,1.000336680237795
1334.6760082956805,1.0002583,0.9978348134663094
1334.6773971644543,1.0002389,0.9996842033460214
1334.6787860331124,1.0003011,1.0008628891665623
1334.6815637706604,1.0002007,0.9982237388947826
1334.682952639317,0.9999583,0.9995486024695972
1334.6843415080912,1.0000968,0.9989856390705341
1334.685730376865,1.0000925,0.9968356125628421
1334.6871192455214,1.0001932,0.9980382266041881
1334.688508114296,1.0000063,1.000445610003455
1334.689896982954,1.0000391,0.9970151804618262
1334.6912858517271,1.0000722,1.001009489622602
1334.6926747205007,1.0001591,0.996939352360375
1334.6940635891588,0.9999262,1.0021068987290889
1334.6954524579317,0.99998915,0.99985348805855
1334.696841326589,1.0001657,0.9969857181445945
1334.6982301953633,1.0002244,0.9994281949062729
1334.6996190640207,1.0001909,1.0004133877552173
1334.7010079327943,1.0000392,0.9987867068456835
1334.7023968014516,1.0002112,0.999012014299378
1334.7037856702254,1.0001248,0.999833256025585
1334.7051745388826,0.99977887,0.9985124658663042
1334.7065634076562,1.0002493,0.9984491674143556
1334.7079522763136,1.0001261,0.9988682122035871
1334.7093411450878,1.0003164,0.9984879956304419
1334.7107300137452,0.99993217,0.9992494220848264
1334.712118882518,1.0002284,0.9995644712155415
1334.7135077511762,1.0001613,0.9986731398503843
1334.7148966198336,1.0000565,1.0002441320966429
1334.7162854886074,1.0001063,0.9998691955031699
1334.7176743572652,1.0000932,0.9995726886409861
1334.719063226039,1.0002973,0.9983973974178919
1334.7204520946962,1.0000744,0.9982919478619822
1334.7218409633533,1.0002899,0.9989926461871277
1334.7232298321273,0.99991435,1.0023652399187186
1334.7246187007845,1.0000259,0.995360991449736
1334.7260075694417,0.9999473,1.0005448812334181
1334.7273964382155,1.0000035,0.9985697700372809
1334.7287853068733,1.0002471,0.9995947232424253
1334.7301741755307,1.0000595,0.9975110280152973
1334.7315630443036,0.99990416,1.0022346581374957
1334.7329519129617,1.0000644,0.996523078526761
1334.7343407816188,0.99996394,0.9967776602447666
1334.7357296502755,1.0000125,0.9999788199331823
1334.73711851905,1.0000057,0.9984494180582796
1334.738507387708,0.9998996,0.9982382246632006
1334.7398962563645,1.0000602,0.999656328641561
1334.741285125022,1.0002074,0.9979638245069815
1334.7426739936798,1.0002197,0.9998385174994905
1334.7440628624527,0.9999994,0.9969837386232625
1334.74545173111,0.9999714,1.000280812604975
1334.746840599768,0.9999893,0.9982332663797472
1334.7482294684255,0.9999841,1.0012925186536197
1334.7496183370827,1.0001128,0.998017853178326
1334.7510072057398,1.000126,0.9996714009034428
1334.7523960743972,1.0003844,0.9997381916731012
1334.753784943171,1.0002469,0.9988384386215134
1334.7551738118282,1.0001677,0.998669613184
1334.7565626804862,1.000076,1.0000150738062414
1334.7579515491443,1.0000331,0.9990374256542063
1334.7593404178008,1.0001432,0.9980484113247804
1334.7607292864582,1.0000963,0.9991592932073763
1334.762118155116,1.0001004,0.9981752751291606
1334.7635070237725,1.0000727,1.000691563474438
1334.7648958924299,1.0003841,0.9988309892611991
1334.7662847610877,1.0003088,0.9997169001341859
1334.767673629745,1.0001684,0.9999084248019018
1334.7690624984025,1.0001137,0.9995299011694694
1334.7704513670596,1.0000912,0.9992803082181128
1334.771840235717,1.0003262,0.999415277259074
1334.7732291043744,0.9999011,0.9983046269032513
1334.7746179730316,1.0001467,1.0003761975867125
1334.7760068416887,1.0001265,0.9996906804095832
1334.7773957103468,0.9999283,1.0003469587659748
1334.778784579004,0.9998432,0.9980293259680493
1334.7801734475443,1.0000693,1.000098440670945
1334.7815623162023,1.000095,0.9971736787052515
1334.7829511848595,1.0002302,0.9999161128118793
1334.7843400535162,0.999866,0.9975320423152368
1334.7857289221743,1.0000929,1.001083265551047
1334.787117790832,0.9999537,0.9978650427820783
1334.7885066594886,0.9999961,0.999617576617464
1334.7898955280295,1.0000987,1.000023090193702
1334.7912843966874,1.0000576,0.9989024381261439
1334.792673265344,1.0002109,0.9985950797238189
1334.7940621340013,1.0001582,0.999873590924235
1334.7954510026593,1.0001938,0.9997963937172437
1334.796839871201,0.99988306,0.9990311409803103
1334.7982287398581,1.000086,1.0001838505260456
1334.7996176085148,1.0000271,0.9989776067720869
1334.801006477173,1.0003197,0.9985041602725063
1334.8023953457136,0.9999838,0.9989825830191618
1334.8037842143704,0.99984044,0.9987552746409725
1334.8051730830284,1.0001084,1.0011099249732598
1334.8065619515698,1.0000404,0.9988584059380757
1334.8079508202263,0.9999264,0.9988328709647167
1334.8093396888837,0.9999533,0.9978148280477158
1334.8107285574251,1.0001428,0.9996473855637064
1334.8121174260818,1.0001332,1.0002648471249551
1334.813506294739,0.9999751,0.9980736860670231
1334.8148951632807,0.99998677,0.9991451683819498
1334.816284031938,1.0002586,1.0001751810005155
1334.8176729005954,1.0001875,0.9984653341398658
1334.8190617691362,1.000022,0.9983977856983252
1334.8204506377933,1.0001042,1.000979365499518
1334.8218395063343,1.0000842,0.9967763006725602
1334.8232283749917,1.0000592,1.0009841932010572
1334.8246172435324,1.0002253,0.9965341756707757
1334.8260061121905,0.9999391,0.9992535812341171
1334.8273949807312,1.0000571,1.0007163843195845
1334.828783849388,1.0002255,0.999367185371278
1334.8301727179296,1.0001004,0.999367417607813
1334.8315615865868,0.99994415,1.000802085997579
1334.832950455127,0.9999969,0.9974854481220895
1334.834339323785,1.0000194,1.0000247078063547
1334.8357281923263,1.0000699,0.997866419776318
1334.837117060984,1.000023,0.9992996263147454
1334.8385059295247,1.0001677,0.9987409626977977
1334.8398947981818,1.0002961,1.0002259373096292
1334.8412836667228,1.0001218,0.9974087761340192
1334.8426725352638,0.99996686,1.002426131890755
1334.844061403921,1.0002375,0.9977597346457082
1334.8454502724626,1.0003327,0.9988457091660803
1334.8468391410033,1.0002961,0.9975357057961552
1334.84822800966,1.0002567,1.0000771356434819
1334.8496168782017,1.0002288,1.001312082736612
1334.8510057467424,1.0001905,0.9975740488123532
1334.8523946153991,1.000203,0.9983961204682981
1334.8537834839406,0.9999042,0.9999017273824673
1334.855172352482,0.99995077,1.001236075059964
1334.8565612211387,1.0002841,0.9991442986446492
1334.8579500896794,1.0000308,0.9978466913048436
1334.859338958221,1.0001804,0.9991658519084964
1334.8607278267614,1.0001293,1.000930910525922
1334.8621166954185,0.9999633,0.9995316275687345
1334.8635055639602,0.9999452,0.9989069942763091
1334.864894432501,0.9998732,0.9998679397594381
1334.866283301042,1.0001377,0.999758043333823
1334.8676721696993,0.99991626,1.0006661323939308
1334.86906103824,1.0000029,0.997644800826279
1334.8704499067808,0.9998819,1.0007359342953779
1334.871838775322,1.0000427,0.9990124413660442
1334.8732276438627,1.000211,0.9982618361257174
1334.8746165124044,1.000179,0.9995161302048612
1334.8760053810615,0.9999545,0.9988598145086287
1334.8773942496023,1.0000321,0.9998815438899614
1334.878783118144,1.0002762,0.9975265910746278
1334.8801719866842,1.0001273,1.001163751189248
1334.881560855225,1.0000087,0.9979267459198735
1334.8829497237666,0.99998677,1.0017456758992238
1334.8843385923074,1.0000526,0.9984539989431188
1334.8857274608483,1.0003096,0.9998392379036315
1334.8871163293893,1.0000613,1.000859689196324
1334.88850519793,1.0001904,1.0008669886160784
1334.8898940664708,1.0001568,0.9988499304627183
1334.8912829350118,0.9997862,0.9990043542034781
1334.8926718035527,1.0000458,0.9996128422693433
1334.8940606720944,0.9999684,1.000271388122425
1334.8954495406351,1.0000457,0.9993062721457294
1334.8968384091754,0.9999828,0.9973302058416526
1334.8982272777168,1.0001901,1.0018990571001591
1334.8996161462578,1.0001045,0.9996913156725831
1334.9010050147979,0.9998359,0.9988325296767829
1334.9023938833393,0.9999309,1.0010900054560385
1334.903782751881,1.0001128,0.9977752609918527
1334.9051716204212,0.999999,0.9987974418017828
1334.9065604888456,1.0000321,1.0000392262457551
1334.9079493573872,0.99996156,0.9975177564430099
1334.9093382259275,0.99991614,1.0007511672254847
1334.9107270944683,1.0000702,1.0000719257150525
1334.91211596301,1.0000229,0.9988597590513033
1334.9135048315513,0.9997849,0.9996437062244455
1334.9148937000923,1.0000808,0.999905212417251
1334.916282568516,1.0002065,0.9984843348628408
1334.9176714370574,1.0002161,1.000547708266316
1334.9190603055986,1.000165,0.9994771234482807
1334.9204491741386,0.9999749,0.9994018816322621
1334.9218380425636,0.9999434,0.9994821520517418
1334.9232269111053,1.0002905,0.9996012002598202
1334.9260046481863,1.0001527,1.0004708861327019
1334.9273935166116,0.99999166,0.999375566894203
1334.9287823851516,1.000134,1.0001512827057073
1334.9301712536926,0.99998295,0.9981465995192943
1334.9315601221178,1.0000607,1.001932214312252
1334.9329489906586,0.9999378,0.996329709074946
1334.9343378591993,1.0002638,1.000431701285924
1334.935726727624,0.99982166,0.9995680319203509
1334.9371155961649,1.0002404,0.9986923991396486
1334.9385044647056,1.0001119,0.9983929706930542
1334.93989333313,1.0001303,0.9991914044917983
1334.9412822016711,1.0002613,0.9986717145642634
1334.9426710700961,1.0001138,0.9969424863520868
1334.944059938637,1.0001,0.9993865238224241
1334.9454488071772,1.0001308,0.9987076099534115
1334.9468376756022,0.9999786,0.9988218631207516
1334.9482265441432,0.99974275,0.9992774318009522
1334.9496154125668,1.0002179,0.9986747591798317
1334.9510042811085,1.00032,0.9986301057536358
1334.9523931495337,1.0001838,0.9969737518176865
1334.9537820180744,1.0001268,1.00026130700979
1334.955170886499,1.0001478,0.999260103612647
1334.9579486234643,1.0001941,1.000369218940346
1334.9593374918886,1.0002536,1.0001869091506321
1334.9607263604296,0.9997536,0.9986553643101559
1334.9621152288546,0.99994195,1.0002938780003752
1334.9635040973958,1.000132,0.9999599026142838
1334.9648929658194,0.99999964,0.9981563500505978
1334.9662818343609,1.0001543,0.9992151473809432
1334.9676707027854,0.99992913,0.9980104883740814
1334.969059571209,0.99983877,1.0003661541088351
1334.9704484397507,1.0001417,1.000327592151116
1334.9732261765996,0.9998924,0.9990398175890611
1334.9746150451406,1.000057,0.99983466461936
1334.9760039135658,1.000181,0.9954603594944808
1334.9773927819895,1.0000657,0.9997954438402691
1334.9787816505304,1.000088,0.9979108728085145
1334.9801705189554,0.9999799,0.9991725596377028
1334.98155938738,0.9999488,0.9982479923076191
1334.9829482558043,1.0001041,1.000615039689209
1334.9871148611942,1.0001243,0.9991688808529258
1334.9885037296185,0.9999687,0.997798974003346
1334.989892598043,0.99991316,0.9999523921252929
1334.9912814665845,1.0000477,0.998465212968597
1334.992670335009,1.0001113,1.000988697371254
1334.9954480718586,0.9998978,0.9993578070234413
1334.9968369402823,0.99989563,0.9988530206990123
1335.001003545673,1.0000798,1.0002151415843212
1335.0023924140974,1.0001965,0.9989162644149062
1335.0037812825217,1.0002121,0.9988854470125017
1335.0051701509462,1.0001228,0.9991839059054854
1335.0065590193708,1.0000125,0.9987687760406427
1335.0079478877951,1.0001478,0.9982241734711085
1335.0093367562197,1.0000468,1.0009391804279393
1335.0107256246447,0.9998009,0.9996709486132174
1335.0121144930692,0.9997496,0.9988504785027889
1335.013503361493,1.000505,0.9992245341144347
1335.0176699667663,0.9999625,0.9994918513782531
1335.0190588351916,0.999749,0.998957916983222
1335.0204477036168,0.9999892,0.997727891024351
1335.023225440465,0.9999662,1.0013505041929933
1335.02461430889,0.9999813,0.9985549546991305
1335.0260031773137,1.0003481,0.9989873493835066
1335.0273920456218,1.0000306,0.9992789792516938
1335.0287809140468,1.0000464,0.9994544708801477
1335.0301697824714,0.9997506,0.9988429471390212
1335.031558650896,0.9999585,0.9979188104198745
1335.0329475193203,0.9998456,1.0008954098487024
1335.0343363877455,0.99993056,0.999942181978512
1335.0357252560534,0.9999386,0.9993441866001015
1335.0371141244773,0.9999338,0.998465561957114
1335.0385029929025,0.9999687,0.9983033782428328
1335.0398918613275,1.000256,0.9999788022470685
1335.0412807297512,1.0003836,0.9989773264907461
1335.0426695980595,0.9998543,0.9969526401281559
1335.0440584664846,0.99998844,0.9990085977310266
1335.0454473349082,1.0002308,1.0007921817203569
1335.0468362033328,1.0002522,0.9983599247010858
1335.0482250716414,0.9999421,0.9996090538991056
1335.049613940066,0.99977875,0.9995968684090589
1335.0510028084905,1.0000473,1.0012755799610025
1335.0523916767984,1.0000813,0.9978505017985809
1335.0537805452227,0.99975777,1.0006358397990922
1335.0551694136475,1.0000771,0.998463786802747
1335.0565582819554,1.0002526,1.0004875651800313
1335.0579471503797,1.0000503,0.9977597215277638
1335.059336018805,1.0000852,0.998709788213428
1335.0607248871129,0.99994874,0.9997711364897157
1335.0621137555368,0.9999095,0.9969636577361439
1335.0635026238456,1.0002679,1.0008861005641034
1335.06489149227,1.0000298,0.9976077689773911
1335.0662803605774,1.0000206,0.9995680778621565
1335.0676692290026,1.0000107,0.9996386097080516
1335.0690580974276,1.0001211,1.0004989443868677
1335.0704469657348,1.0000869,0.9973451451134607
1335.0718358341594,0.9999453,1.0005288254759026
1335.073224702468,1.0002034,0.9991832555242256
1335.0746135708926,1.0000373,0.9987739821298168
1335.0760024392007,0.9999483,0.9989311548507003
1335.0773913075086,0.99968904,0.9988167606964152
1335.0787801759338,0.9999923,0.99846968183293
1335.0801690442418,1.0000492,0.997729301458245
1335.0815579126656,1.0002457,1.0008667619613747
1335.0829467809745,0.99997526,0.9989661989184455
1335.0843356493988,1.000148,0.9991456746519338
1335.0857245177062,0.9997948,1.0009080096512493
1335.087113386015,0.9999878,0.9991151859949784
1335.08850225444,1.0000125,1.0001970505506754
1335.0898911227473,1.0001804,0.9969521991679424
1335.0912799910554,0.9999649,1.0009065599655311
1335.0926688594805,1.000056,0.9984111364653433
1335.094057727788,0.99983454,1.0017587526897676
1335.0954465960958,0.9997901,0.9976848295550645
1335.096835464521,1.000184,0.9998225165455394
1335.098224332829,1.0001036,0.9980833676681714
1335.0996132011373,1.0000548,0.9979464315723875
1335.1010020695617,1.000198,0.9984981939019574
1335.1023909378696,0.99955326,1.0004794910756287
1335.1037798061777,0.9996067,0.9980266706318395
1335.1051686744859,1.0000548,0.9997970758895568
1335.1065575429102,1.0001262,0.9993081785429241
1335.107946411219,0.9999209,0.9989060920496764
1335.109335279527,0.99996203,0.9991330434900879
1335.1107241478348,0.999967,0.9991589132914597
1335.1121130161437,0.999911,0.9989444630566462
1335.1135018844511,1.000105,0.997853975666177
1335.1148907528755,0.99988633,0.9995184703699562
1335.1162796211843,1.0000536,0.9987912160588223
1335.1176684894922,0.99980354,1.0001856046387316
1335.1190573578003,0.9999618,1.0006696277534812
1335.1204462261085,0.9999555,0.9994136209756648
1335.1218350944164,0.99977,0.9968388207056688
1335.1232239627245,0.9999956,0.999843603837988
1335.1246128310327,1.000146,0.9993061776420199
1335.1260016993406,1.000131,0.9972288746412163
1335.1273905676494,0.99997807,1.002477400600106
1335.1287794359573,1.0000021,0.9985015088672087
1335.1301683042648,0.9997303,1.0002682131967051
1335.1315571725734,1.000001,0.997757982867254
1335.1329460408815,0.9999025,0.9986312078483621
1335.134334909189,1.0001436,1.0004610853540445
1335.1357237774976,0.9999423,0.9986262251945894
1335.1371126458062,1.0000024,0.9994139883271458
1335.1385015141136,0.9999998,0.9981146402395729
1335.1398903824215,1.0001303,1.0006557277492998
1335.1412792507303,1.0000203,0.9974623212305663
1335.1426681190378,0.99996555,1.0006791057326958
1335.1440569873457,0.9997411,0.9978536523238821
1335.1454458556545,1.0000327,0.9980028783547016
1335.1468347239625,0.9999125,1.001899867478393
1335.1482235922706,0.99990666,0.9967114032593116
1335.1496124604623,0.9999732,0.9999913707023163
1335.151001328771,0.99992174,0.9988958564724929
1335.152390197079,0.99987,0.9979365466171618
1335.1537790653863,0.9997196,0.99696455874183
1335.1551679336949,0.9998951,0.9995465002610552
1335.1565568020037,0.99978757,0.998316083784318
1335.1579456701947,1.0002218,1.0004251031563487
1335.1593345385027,0.9997716,0.9988974064475683
1335.1607234068115,0.99996185,1.0009506074646255
1335.162112275119,1.0001082,0.9995368308585131
1335.1635011433104,0.9998917,1.000016754379185
1335.1648900116193,0.9997588,0.9994870750107249
1335.1662788799272,0.9999261,1.000156620099726
1335.1676677481187,0.99990916,0.9990457711473926
1335.169056616427,1.0000049,0.9999135438016484
1335.170445484735,0.99994093,0.9988302577990277
1335.1718343529265,1.000059,0.9988969854169973
1335.1732232212346,0.99997276,0.9996940382601306
1335.1746120895427,1.0000826,1.0000902558621467
1335.176000957735,1.0000776,0.9999620580536595
1335.177389826043,1.0001451,0.9976925347302287
1335.1787786943505,0.99993294,1.0003332725371898
1335.1801675625427,0.9999981,0.9990819654864631
1335.1815564308508,1.0000776,0.9991345753612821
1335.1829452990416,1.0001379,0.9976169568745719
1335.1843341673502,1.0003405,1.0001319721604687
1335.1857230355427,1.000271,1.0004564085120835
1335.18711190385,1.0000211,0.9977733007702212
1335.1885007720416,0.99996656,0.9986773391400133
1335.1898896403504,1.0000439,1.001794573480469
1335.191278508542,0.9997438,0.9993802089094118
1335.19266737685,1.0001372,0.9982867024851926
1335.1940562450418,0.99993825,0.9987353603264972
1335.1954451133504,1.0000155,0.9982929349268173
1335.196833981542,0.9997772,1.0002094821649878
1335.1982228498493,0.99992514,0.999088807463014
1335.1996117180415,0.9997758,0.9988309452133218
1335.2010005863497,1.0000606,1.0017426270843484
1335.2023894545405,1.0001273,1.0004013101471887
1335.203778322733,1.0000321,0.9996815154104333
1335.2051671910417,1.0000522,1.0006247314521584
1335.2065560592328,1.0000622,0.9993805980219861
1335.2079449274243,1.0001456,0.9990028837987234
1335.209333795733,1.0001738,0.998044113010048
1335.210722663924,0.99987257,1.00071438831042
1335.2121115321156,0.99998957,0.9990360029252562
1335.2135004004244,0.9999548,0.9998887454964409
1335.214889268616,0.99991655,1.0010467771028342
1335.2162781368074,1.000003,0.9985591619861488
1335.2176670051156,0.9998859,0.9997193436014211
1335.2190558733073,0.9997485,0.9979197643926621
1335.2204447414988,1.0001079,0.9994761499195105
1335.2218336096903,1.0000534,1.0001307798020993
1335.2232224779984,1.0001423,0.9987649162709777
1335.2246113461906,1.0000447,1.0002303995701283
1335.2260002143826,0.99990785,0.9990914867005749
1335.2273890825734,0.9999075,0.9976946413569631
1335.2287779507656,1.0001087,0.9987014374769204
1335.230166818958,1.0000356,0.9998776384467585
1335.2315556872659,0.99992657,0.9990361672448068
1335.2329445554576,1.0000585,0.9990378806466774
1335.2343334236493,1.0001802,0.9998162820730416
1335.2357222918408,1.0002234,0.9997200677864001
1335.2371111600326,1.0001162,0.9990672910461628
1335.2385000282243,0.99981433,1.0006425328607436
1335.2398888964165,0.9999207,0.9997094780059598
1335.2412777646082,0.99976885,0.9974156803225269
1335.242666632799,1.000237,1.000221733655138
1335.2440555009912,0.9999213,0.999948381324301
1335.245444369183,0.99980414,0.9994277886136732
1335.2468332373737,1.0002501,1.0002300456049014
1335.2482221055661,0.9996105,0.9989313987804451
1335.2496109737585,1.0000905,0.9993078567389523
1335.2509998419496,1.0001951,0.9988960854635244
1335.252388710141,0.99994797,0.999453705177603
1335.2537775783335,1.0000551,1.0002506759597791
1335.2551664465243,0.9999175,1.0005090741693061
1335.256555314716,0.999542,0.9992537609330198
1335.2579441829084,0.99991304,0.9974938735580646
1335.2593330511,0.9997754,1.0001962941173903
1335.2607219192914,0.9999033,0.999023124115638
1335.2621107874832,0.9999594,1.0001804494381799
1335.2634996556749,0.9999399,0.9964740183026234
1335.26488852375,0.9999095,0.9995746531167891
1335.2662773919415,1.0000951,1.001398037444693
1335.2676662601339,1.0000305,0.9981590348101755
1335.2690551283263,0.9997248,0.9991391908796221
1335.2704439965173,0.99996585,0.9994778046756962
1335.2718328645924,1.0000896,0.9992694687334497
1335.2732217327848,0.9999948,0.9992185747969022
1335.2746106009756,1.0001423,1.000214514874106
1335.2759994691673,1.0000004,0.9988276543206935
1335.2773883373595,0.9999177,0.9975818012395912
1335.2787772054348,1.0001721,1.0008170234278904
1335.2801660736263,0.99984026,0.9981404888690265
1335.281554941818,0.9999451,0.9992916397980005
1335.2829438098934,0.99998546,0.9947932590059554
1335.2843326780849,0.9998078,1.002471495749537
1335.2857215462764,0.9999632,1.000819315412952
1335.2884992825439,1.000121,1.001395928305799
1335.2898881507356,0.9999823,0.99974514648608
1335.29127701881,1.0000312,0.9988652985672503
1335.2926658870024,1.0001062,1.000262553579346
1335.294054755194,1.0000293,0.9999188321819902
1335.2954436232685,1.0000623,0.9983802806974218
1335.296832491461,1.0000265,0.9991056430868154
1335.298221359537,1.0000982,0.9997639883339225
1335.2996102277277,1.000038,0.9983698362826533
1335.300999095803,0.999945,1.001262626156016
1335.3023879639952,1.0001806,1.0002935418151486
1335.3037768320696,0.99965864,1.00038057902183
1335.3051657002616,0.9998291,0.9983703696153182
1335.3065545683373,1.0000303,1.0005468731888632
1335.3079434365295,0.99995416,0.9996365402825542
1335.3093323046048,0.9998874,0.9983283063359718
1335.3107211727956,1.0000746,1.0021293624732743
1335.3121100408716,0.99999857,0.9977875720054027
1335.3134989090631,0.9996576,0.9970536226344143
1335.3148877771378,1.0000967,1.0007135351999963
1335.3162766452137,0.999754,0.9980285156348053
1335.3176655134062,0.9998538,1.0009974028152562
1335.3190543814806,1.0000005,0.9960630939863182
1335.3204432496723,0.99989396,1.000945832991123
1335.321832117748,0.99987775,0.9984065974201735
1335.3232209858224,1.0000734,1.0018111702636996
1335.3246098540142,0.9998226,1.000223475323601
1335.32599872209,1.0000268,0.9990564580205326
1335.3273875901655,0.9997027,0.9984253086117238
1335.3287764582406,0.9998451,1.0007450578593096
1335.330165326432,0.99996454,0.9985651842340576
1335.3315541945074,0.999873,0.9974226989228859
1335.3329430625827,1.0001605,0.9987321499089634
1335.3343319306578,0.99979794,1.0010507747243338
1335.3357207988493,1.0001996,0.998171923066905
1335.3371096669252,1.0001235,1.000131506967313
1335.3482206116441,0.9999749,0.9948302848031392
1335.3496094797192,0.9998627,0.9962914644007911
1335.3509983477945,1.0001863,0.998158701183975
1335.3523872158698,1.0000803,0.9976512612569122
1335.3537760840613,1.0001609,1.0010723547008313
1335.3551649521364,1.0002192,0.9993759088712958
1335.3565538202124,1.0002322,0.9996274114748838
1335.3579426882875,1.0000216,0.9998240182596762
1335.3593315563621,1.0000777,1.0005290138882807
1335.3607204244381,1.0003113,0.9989332135012158
1335.3621092925132,1.0002505,1.0007492628219872
1335.3634981605878,1.0001273,0.9990715646540047
1335.3648870286638,1.0000565,1.0005052456429588
1335.3662758967396,1.00009,1.0008393599886167
1335.3676647646976,0.99989635,1.000086744984102
1335.3690536327729,1.0000411,0.9987960201443603
1335.3704425008486,1.0002838,1.0010474476696372
1335.3718313689233,1.0002056,0.9994471556923106
1335.3732202369983,1.0001984,0.9996291917546882
1335.3746091050743,1.0000842,0.9997248619229959
1335.3759979731497,1.0001448,0.9996823916233206
1335.377386841225,1.0001498,1.000282222759841
1335.3787757093,1.0000743,0.9999638086765565
1335.3801645772587,1.0000634,1.0001851122252723
1335.381553445334,1.0002457,0.9996999401861038
1335.3829423134093,1.000134,0.9997902227609496
1335.3843311814844,1.0000885,1.0009525921576143
1335.3857200495604,0.9998924,0.9997091217592973
1335.387108917519,1.0000377,0.9996178069423408
1335.3884977855944,1.0000693,1.0000080745517188
1335.3898866536701,1.000089,1.0001394084516824
1335.3912755217448,1.000229,1.0004512563706438
1335.3926643897034,1.0000154,1.0006773779243896
1335.3940532577794,1.0001593,0.999967930978049
1335.3954421258547,1.0001194,1.0006037376606463
1335.3968309938136,1.0000242,0.9999960132188462
1335.3982198618887,1.0000241,1.0002424216854207
1335.3996087299638,0.9998456,0.9991141181606562
1335.4009975979227,1.0000787,1.001582487301135
1335.402386465998,1.0002238,0.9984814342833971
1335.403775334073,1.0000545,1.0017361549487853
1335.4051642020327,1.0002532,1.0001590011920563
1335.4065530701077,1.0000591,0.9999857824348295
1335.407941938066,1.00035,1.0002742343792308
1335.409330806142,1.0000801,0.9994266506454033
1335.4107196741013,0.9999227,1.0010100378360651
1335.4121085421757,1.0001215,0.9989248723789226
1335.413497410251,0.9999788,1.0004193022880277
1335.4148862782104,1.0000468,0.9999129102376836
1335.4176640142437,1.000135,1.0021070680626978
1335.4190528823196,0.9996345,0.9999049895304281
1335.4204417502785,1.0001303,0.9997356840782513
1335.4218306182374,1.0001284,0.9986875146672283
1335.4232194863125,0.99995047,1.000223345268524
1335.4246083542712,1.0000851,1.0000479763584211
1335.4259972223465,1.0002306,0.9995434703819318
1335.4273860903054,0.99998635,1.0011011816340563
1335.428774958265,1.0001669,1.0003108942377
1335.4301638263407,1.0001222,0.9992885295220078
1335.4315526942987,1.0000306,1.0004236928878225
1335.432941562374,1.0000904,0.999338251217484
1335.4343304303334,1.0001695,1.0000632624836303
1335.4357192982916,1.0001163,1.0006330574661653
1335.4371081663667,1.000122,0.9990041729500408
1335.4384970343262,1.0000746,0.9999111704429395
1335.439885902285,1.0001156,1.0006624302131646
1335.441274770244,0.99990433,1.0000370493442952
1335.4426636383191,1.0001659,0.9994197802313826
1335.4440525062778,0.999989,0.9996970879836465
1335.4454413742367,1.0002362,1.0014451904528783
1335.4468302421956,1.0001875,0.9984648734984267
1335.4482191102707,1.0000789,0.9994880227233564
1335.4496079782302,1.0001025,1.0008493624173997
1335.450996846189,1.000156,0.9994333793411941
1335.452385714147,1.000025,1.0002971708184412
1335.4537745821067,1.000233,0.9994371497121465
1335.4551634500654,1.0000862,1.0002001558806741
1335.45655231814,0.9999126,1.0002848250227738
1335.4579411860993,0.9999264,0.9989609206046962
1335.4593300540587,1.0000858,1.0007097838124104
1335.460718922017,1.000142,1.000695312862107
1335.4621077899756,1.0001153,0.9995632575324168
1335.4634966579351,0.9998548,1.000566110957962
1335.464885525894,0.9999499,0.9997771279091999
1335.466274393853,1.0000559,1.0009368355736334
1335.4676632618116,0.99984396,0.9974922003822105
1335.4690521297712,1.0000898,1.0007798450090262
1335.4704409977298,1.0003171,1.0000492341210274
1335.471829865688,1.0002403,1.0010969859746852
1335.4732187336476,0.9999852,0.9977955025825886
1335.4746076016063,1.0000045,0.9992424586962164
1335.4759964695645,1.0000178,0.9987308904857854
1335.4773853375239,1.0000069,1.000780297137139
1335.4787742054832,1.0000203,1.0008806891001365
1335.4801630734414,0.9998814,0.9974669642428314
1335.4815519414,1.0001701,0.9994971253356645
1335.4829408093597,1.000411,1.0000790361207808
1335.4843296773179,0.99999684,0.9987696923347656
1335.4857185451601,1.0000954,1.0002279433097518
1335.4871074131197,1.0002371,0.9993407858052984
1335.4884962810784,1.0001988,1.0018187270677308
1335.4898851490373,1.0000095,0.9989682651476041
1335.4912740169962,1.0002083,0.9997261553074349
1335.4926628849548,1.0000415,0.9994056360299363
1335.494051752797,0.9999827,1.0016286273637736
1335.495440620756,1.0000635,0.9975551327298328
1335.4968294887149,1.000153,1.000572471971165
1335.4982183566744,1.000005,1.0005022547603328
1335.4996072245167,1.0001949,0.999388598472897
1335.500996092475,1.000153,0.9996665018849109
1335.5023849604343,0.9999918,0.9998182601714432
1335.5037738283932,1.0000844,0.9997241182080373
1335.5051626962354,1.0001023,1.0014066540967241
1335.506551564195,1.0000304,0.9996662048249061
1335.5079404321536,1.0001146,1.00113106430188
1335.5093292999961,1.0001115,0.9977518232155931
1335.510718167955,1.0001109,1.001614802423235
1335.5121070359137,0.99998313,0.9981609598769391
1335.513495903756,0.99995065,1.0017491106895984
1335.5148847717148,0.99990267,0.9996467957598973
1335.5162736395573,1.0001655,0.9997495300546737
1335.517662507517,1.0000901,0.9970792218652701
1335.5190513753591,0.9999083,1.0026743569100973
1335.5204402433174,1.0000625,0.998460743045186
1335.5218291111603,1.0001054,0.9999152418635335
1335.5232179791192,1.0000726,0.9989891977282422
1335.5246068470772,1.000143,1.0007150024623848
1335.52599571492,1.0002017,0.9992081784068771
1335.5273845827633,1.0001328,1.0004059682051183
1335.5287734507215,0.99991536,1.000442764614592
1335.5301623185637,1.0001212,1.000050700539927
1335.5315511865233,1.0001754,0.9995553248313286
1335.532940054365,1.0001136,1.0006843675532464
1335.5343289223238,1.0000839,0.9997120277023893
1335.535717790167,1.0000747,1.0006045773111187
1335.5371066580092,0.99991655,1.0001358382934833
1335.5384955259678,1.0000178,0.9991790454370296
1335.5398843938103,1.0000099,0.9993224091071474
1335.5412732617692,1.0000788,1.0006798373978494
1335.5426621296124,1.0001798,0.9986475018529835
1335.5440509974546,1.0001493,0.9999906173592684
1335.5454398654133,1.0001918,1.0008070470215118
1335.5468287332565,1.000076,1.0000313248205914
1335.5482176010983,1.0001745,0.9997052559207477
1335.5496064689405,1.000017,0.9992036642810385
1335.5509953369,1.0001512,0.9993486744071037
1335.5523842047423,1.0002098,1.000593416261776
1335.5537730725848,1.0001185,1.002013152189734
1335.5551619404273,1.0000007,0.9982827006167317
1335.556550808386,1.0000277,0.9997708797423325
1335.5579396762282,1.0001667,1.001033497253267
1335.5593285440707,1.0000149,0.9998690787988932
1335.5607174119132,1.0001581,1.0018568707568414
1335.562106279756,1.0003378,0.9986225226735537
1335.5634951475986,1.0001134,1.0013239627438473
1335.5648840155568,1.0000795,1.0002206483587317
1335.5662728833997,1.0001479,1.0000658593472145
1335.5676617512422,1.0001358,1.0000081471770272
1335.5690506190838,0.9999678,1.0003449811179679
1335.5704394869267,0.9999747,0.9983006050061094
1335.5718283547699,1.0002514,0.9999043067530601
1335.5732172226117,0.9999398,1.0006474426669971
1335.574606090454,1.0000731,0.9992785092624066
1335.575994958297,1.000096,1.001479367390508
1335.5773838261389,0.9999149,1.0001378934853624
1335.5787726939811,0.9998517,0.9999314599839124
1335.5801615618243,1.0000486,0.9991408015977281
1335.5815504296665,1.0002706,0.9999826495350543
1335.5829392975088,0.9999575,1.0008109219296595
1335.5843281653513,1.0003895,0.999525158973587
1335.5857170331942,1.0001665,0.9993750262927182
1335.587105901037,1.0000608,0.9986660728291256
1335.5884947688785,1.0002235,1.0000998930553093
1335.5898836367214,1.0001818,1.0007088915529858
1335.5912725044482,1.0001376,1.0000206382881267
1335.59266137229,1.0000539,0.9997907019253177
1335.5940502401322,1.000108,1.0003368146599592
1335.5954391079754,0.99996907,1.0005797975888
1335.596827975817,1.0002527,1.0007777899937018
1335.5982168436594,1.0000426,0.9992302073548764
1335.5996057113862,0.9999985,1.00072854691075
1335.6009945792284,1.0000827,1.000720287788131
1335.6023834470707,1.0001616,0.9981208134950094
1335.6037723149132,1.0001216,1.0004485491041422
1335.6051611827556,1.0002221,0.9984549092142412
1335.6065500504815,1.0000845,0.9989842648061378
1335.6079389183237,0.9998876,1.0010885241123557
1335.6093277861662,1.000001,1.000480328474942
1335.6107166538927,1.0001708,0.9992493431676128
1335.6121055217354,1.0000515,0.9995572624323654
1335.613494389577,1.0002774,1.0015318047369943
1335.6148832573035,1.0002586,0.9992090088292818
1335.616272125146,1.000213,1.0002357945866018
1335.6176609929876,1.000283,1.0002935621511728
1335.6190498607143,0.9999851,1.0003525715684998
1335.6204387285575,1.0001538,0.9994426423564859
1335.6218275962826,1.0000142,1.0015060519801207
1335.623216464125,0.999819,0.9984571531511066
1335.6246053319683,1.0000565,0.999938404115205
1335.625994199694,1.0000226,1.0013692340215632
1335.6273830675364,0.99987954,1.0011824253859993
1335.6287719352624,0.99991053,0.9999070780483164
1335.6301608031054,1.0001328,1.0004786859663297
1335.6315496708314,0.9999714,1.0002123503791047
1335.632938538673,0.9999568,1.0008899903343966
1335.6343274063997,0.9999421,0.9989359453823536
1335.6357162742422,1.0000775,0.9996190824395045
1335.6371051419674,1.0000851,1.001099689576051
1335.638494009694,1.0001867,0.9993547028288414
1335.6398828775373,0.999921,1.0007241906873177
1335.6412717452624,1.0001327,0.9995102318998478
1335.642660613105,0.99993044,1.0011959865018785
1335.6440494808317,0.9999755,1.0002662287178419
1335.6468272163993,1.0000714,1.0011993958852543
1335.6482160841258,1.0000736,0.9988656235994887
1335.6496049518519,1.000126,1.0007991215406535
1335.6509938196941,1.0001765,0.9988875259025408
1335.65238268742,0.9999177,1.0010812738200012
1335.653771555146,1.0001045,0.998947137995559
1335.655160422989,1.0000576,1.000454983214566
1335.6565492907152,0.99988675,1.0007024678803904
1335.6579381584404,1.0000994,0.9998426295882729
1335.659327026167,0.9999259,1.000702563291685
1335.6607158940094,1.0000514,1.0003703522085152
1335.6621047617355,0.9999772,0.9990806579937352
1335.663493629462,0.99970746,1.0012521854608782
1335.664882497188,0.9998787,1.0000658812966736
1335.6662713649139,1.0000992,1.0001963609380795
1335.66766023264,1.0000721,1.0005304999443732
1335.6690491004824,1.0000776,0.9996656894016706
1335.6704379682083,1.0000005,0.9989074202788676
1335.671826835934,1.0002854,1.0012760476088132
1335.6732157036602,1.0000653,1.0001780628367047
1335.6746045713867,1.0000249,0.9994253997113082
1335.6759934391127,0.99996334,1.0003313217981034
1335.677382306838,1.0001832,1.0002049103156272
1335.6787711745646,1.0001922,1.0010491385070894
1335.6801600422907,1.0001897,0.9998746772426919
1335.6815489100159,1.0002036,0.9996748640584309
1335.6829377777426,1.0000393,1.0010753919787292
1335.6843266454694,1.0000691,1.0009810413893347
1335.6857155131945,1.0000764,0.9989447345643303
1335.6871043809206,1.000098,0.9997485688724923
1335.6884932486473,1.0000008,0.9997714003531001
1335.6898821163725,1.0002286,1.0012199539630686
1335.6912709840985,1.000089,1.0004754479158782
1335.692659851825,1.0001407,0.9997765823101536
1335.6940487195511,1.0001627,1.000435466010221
1335.695437587277,1.0000751,0.9993218910578091
1335.6968264548864,0.9999465,1.0003182641088302
1335.6982153226124,1.0000437,0.9983800670660503
1335.6996041903385,0.99987155,1.000308551903217
1335.7009930580643,1.0000939,1.0001753713671342
1335.702381925791,1.0000107,1.0002191687747854
1335.7037707935178,1.000101,1.0003335700889402
1335.7051596611266,0.99997693,1.000438253123129
1335.7065485288526,1.0000584,1.000064107549774
1335.7079373965792,1.0000743,0.9998732274069201
1335.7093262643043,1.0001278,1.0010077076303086
1335.710715131914,1.0001979,0.9995491003955755
1335.7121039996405,1.0001341,1.0003893560808346
1335.7134928673668,1.0000602,1.0007477464284429
1335.7148817349762,1.0001216,0.9995609711672006
1335.716270602702,1.0001068,0.9996558613611182
1335.717659470428,0.99997485,1.0007985941300743
1335.7190483380377,1.0000001,0.9994836809255699
1335.7204372057636,0.99990565,1.0005162843831579
1335.7218260734894,1.0001025,1.0000189477166104
1335.7232149410997,0.99994314,0.9992577929624487
1335.7246038088258,1.0001869,1.0017546942449846
1335.7259926764345,1.000237,0.9989549745584614
1335.7273815441613,1.0001045,1.0008259918889637
1335.7287704118871,1.0000955,0.9986704006170768
1335.730159279496,1.0000279,1.00105696010453
1335.7315481472228,1.0002636,0.9997644881428347
1335.732937014833,1.0000702,1.0001571230964
1335.734325882558,0.9999475,1.0019180280119728
1335.735714750168,0.999954,0.9979282577356121
1335.7371036178945,1.0003723,1.0013787210128555
1335.7384924855032,1.0001533,0.9996467627001027
1335.7398813531129,1.0001134,1.000329950481661
1335.7412702208394,1.0000963,1.0003765456108598
1335.7426590884497,1.0001854,1.0002643706495928
1335.7440479561756,1.0001495,1.000248490470476
1335.7454368237845,0.9999988,1.0003174862445208
1335.7468256915113,0.99996,1.0004555418797534
1335.7482145591216,1.0001221,0.9980514851128934
1335.7496034267303,0.9999873,1.0003585599862173
1335.7509922944564,0.99979657,1.0022999802229964
1335.7523811620665,1.0000335,0.9985207854337934
1335.7537700296753,0.99993056,1.000140189966532
1335.755158897285,1.000047,0.9997757294002811
1335.7565477650114,0.99988335,1.0019708763041646
1335.7579366326213,1.0000523,0.9992506776319325
1335.7593255002307,1.0000606,1.001664480712883
1335.7607143679566,1.0000113,0.9990829977602705
1335.7621032355662,1.0002583,1.0004270035961924
1335.7634921031758,1.0000851,1.0015772393332836
1335.7648809707853,0.9999065,0.9996227129953195
1335.7662698383947,0.9998872,1.000227593611974
1335.767658706005,0.99995977,1.0011863026846426
1335.769047573731,1.0002177,0.9985341557091194
1335.7704364413398,0.99987406,1.0002258990263468
1335.7718253089502,1.0000029,1.0001437660418901
1335.7732141765596,0.99997234,0.999949685391012
1335.7746030441685,1.0003257,1.0018595604262999
1335.7759919117789,1.0001318,1.0003506089042817
1335.777380779389,0.9998449,1.0005454110540382
1335.7787696469977,1.0001628,1.0016890263004485
1335.7801585146076,1.0001832,0.9992178790288618
1335.7815473822177,0.9999386,1.001657541227832
1335.7829362498273,1.0001913,1.0000210438656825
1335.7843251174368,1.0000821,0.999593831498432
1335.7857139850462,1.0000833,0.9995654405052217
1335.7871028526565,0.99981564,0.9987938861293193
1335.788491720266,1.0000329,1.001010174190266
1335.789880587875,0.99989194,0.9999670656224416
1335.7912694554852,0.99996203,0.9991630985527667
1335.7926583230947,0.9999809,1.00149854091762
1335.7940471907036,1.0001516,1.0008346259400145
1335.795436058314,1.0000881,0.9989943692232844
1335.796824925924,1.0001771,1.0003259904758999
1335.7982137935328,0.9998501,1.0000938072475876
1335.7996026611424,1.00009,1.001756180989134
1335.8009915286361,1.0001459,0.999089369344732
1335.802380396245,1.000068,1.0016580801272514
1335.8037692638545,1.000209,0.999722095970994
1335.8051581314649,1.0000025,0.999257756250641
1335.8065469990745,1.000028,1.0020710063101563
1335.8079358665677,0.9998938,0.9986288450563969
1335.8093247341772,1.0001,1.0013161012573422
1335.8107136017866,1.0000639,1.0003506832718596
1335.8121024693962,1.0001571,1.0009183696271133
1335.8134913368895,1.0001296,0.9998903655266826
1335.8148802044989,1.0001826,1.000618255994566
1335.8162690721092,0.9997531,1.00082834093135
1335.8176579396022,0.9999366,1.0015575394102556
1335.8190468072112,0.9998396,1.0004599716593108
1335.8204356748215,1.0000372,1.0009467320948142
1335.8218245423145,0.9999492,1.0007228113815934
1335.823213409924,1.0000329,0.9984931818559049
1335.8246022774179,1.0002359,1.00048168127288
1335.8259911450275,0.99996084,1.0000004222418348
1335.8273800126371,0.999961,1.0013484710751364
1335.8287688801302,1.0000523,1.0016907148599694
1335.8301577477396,1.0001009,0.9999566153306908
1335.8315466152335,1.0000602,0.9988508832413667
1335.832935482843,1.0001564,1.000432306481691
1335.8343243503355,1.0000741,1.0006055263141913
1335.8357132179458,0.99989414,1.0028793820348652
1335.8371020854388,0.99991655,0.9994068457983434
1335.8384909530478,1.0000329,1.0008576296794773
1335.8398798205417,1.0001422,0.9997658585888441
1335.8412686881518,1.0000399,1.0012312034318556
1335.842657555644,1.0001689,1.0002700950464194
1335.8440464231373,1.0002314,1.0012575009034856
1335.8454352907474,1.0000604,1.0008616736743974
1335.84682415824,0.9999699,1.0009164557583794
1335.8482130258494,1.0001858,1.0018333342852452
1335.8496018933433,0.9998476,0.9976619891614299
1335.8509907608366,1.0000453,1.0008182098218068
1335.8523796284462,0.99992883,1.000213472162158
1335.8537684959392,1.0001069,0.9998158298556925
1335.8551573634322,1.0000374,0.999735749129227
1335.8565462309255,1.0000119,1.0016092754736634
1335.857935098535,0.9999346,0.9999650527175007
1335.859323966029,0.9997845,0.9998267794159137
1335.8607128335227,0.99984896,1.0012740559650404
1335.862101701015,1.0000329,0.9986896691718173
1335.8634905686247,0.99988925,1.0007861961751399
1335.8648794361184,0.9999573,1.0008973183878034
1335.866268303611,1.0000299,1.0004245532965734
1335.867657171104,0.9998973,1.0014494740863444
1335.8690460385978,1.0001225,1.0011624529292324
1335.8704349060908,1.0002193,1.0009230943588066
1335.8718237735843,0.9998651,0.999442520451269
1335.8732126411937,1.0002004,1.0012431004456828
1335.8746015086867,1.0000155,1.0006354481660964
1335.87599037618,0.99990916,1.0001542442290121
1335.8773792436732,1.000083,1.0005690335781818
1335.8787681111662,1.0001137,1.0001021278082725
1335.8801569786601,0.99984384,1.0005400830179216
1335.8815458461531,1.0001856,1.000547734569403
1335.8829347136457,1.0003045,0.9998714629808731
1335.8843235811396,1.000062,1.0012224706195483
1335.8857124486326,1.000166,1.000065381735414
1335.8871013161252,1.0002081,0.9997973619242175
1335.8884901836188,0.9999428,1.0022146523944098
1335.8898790511125,1.0000484,0.9997725872663213
1335.891267918605,1.000271,0.9998512398077782
1335.892656786098,1.0000845,0.9998107202378221
1335.8940456534756,1.0000293,1.0016628255349105
1335.8954345209681,0.999999,1.0008123169053693
1335.8968233884611,1.0001366,1.0000016775112668
1335.898212255955,1.0000776,1.0003369233833816
1335.899601123449,1.0000491,1.0006512512993113
1335.900989990942,0.99993545,0.9994803919088433
1335.9023788584345,1.0002059,1.0005554453090864
1335.903767725812,1.0001103,1.000858027431443
1335.9051565933057,1.0000433,1.0004772545534508
1335.906545460798,1.0000992,1.0005404709310362
1335.9079343282913,1.0000702,1.0009289632680156
1335.9093231956685,1.0002218,1.0002458725344714
1335.910712063161,1.0000229,1.0012453694974712
1335.912100930654,0.9999192,0.9998932007760597
1335.9134897980316,1.0001419,1.0002019927301997
1335.9148786655246,1.0000647,0.9998103720371434
1335.916267533018,0.9998832,1.0013925294365058
1335.9176564003947,1.0000918,0.9996220824139656
1335.9190452678877,1.0000349,1.0004172667250522
1335.920434135381,1.000035,1.0002939157454
1335.9218230027577,1.0001322,1.0012271815030072
1335.9232118702507,0.99998814,0.9999826722106339
1335.9246007376282,1.000183,1.00038673293076
1335.9259896051212,0.9999112,1.000266536738344
1335.9273784726138,1.000002,1.0006692671829522
1335.9287673399913,0.9999006,1.0008474362214261
1335.9301562074843,1.0003048,1.0010104188547224
1335.9315450748604,1.0001346,0.9995544848985267
1335.932933942354,0.99986416,1.0001383932972963
1335.9343228097314,0.99998814,1.0011136669660379
1335.935711677224,1.000036,1.0001564623709003
1335.9371005446005,1.000237,1.0004362121017403
1335.938489411978,1.0000886,1.000589922065212
1335.9398782794713,1.0002902,1.0016236630697037
1335.941267146848,1.0000803,0.999322995568633
1335.942656014341,1.0002033,1.0003642410954026
1335.9440448817186,1.0004237,1.0007791487204947
1335.9454337490952,1.0001565,1.0007667814539223
1335.9468226165877,0.99989593,0.9993246126858358
1335.948211483965,1.0002426,1.000924175206753
1335.9496003513418,1.000006,1.0008278513366533
1335.9509892188344,1.0000955,1.0000578036899817
1335.9523780862116,1.0000138,1.0007613172194552
1335.953766953589,0.99971515,0.9996053730516206
1335.9551558210815,1.0000228,0.9984795406998623
1335.956544688458,1.0000985,1.0025890795801577
1335.9579335558356,1.0000514,1.0003362027603637
1335.9593224232117,1.0000204,1.0009917275093625
1335.9607112905883,0.9999366,1.002052239415219
1335.9621001580822,1.0000789,1.0003324336885417
1335.9634890254588,0.99995726,1.000244024570154
1335.9648778928356,1.0000374,1.0004801962331191
1335.9662667602124,1.0001501,1.0004915071287084
1335.967655627589,0.9999073,1.0014275167081566
1335.9690444949656,1.0000368,1.0004215549559192
1335.9704333623424,0.9998993,0.9992910083169915
1335.9718222298357,0.9999343,1.0008923961447294
1335.9732110972132,1.0001857,0.9996635735413962
1335.9745999645897,0.99982285,1.0005584730876036
1335.9759888319659,0.9999823,1.0002243743915544
1335.9773776993432,1.0001061,1.0017138223738855
1335.9787665667204,1.0000091,0.9994870078489752
1335.9801554340972,0.9999965,1.001449163846067
1335.981544301474,1.0001574,1.0005537081732332
1335.9829331688506,1.0001453,1.0009758202220242
1335.9843220362272,1.0001206,1.0024113904167442
1335.9857109036043,1.0002507,0.9996881889552293
1335.9870997708645,1.0000494,1.0020281741465493
1335.988488638242,0.99999684,1.0001915125134582
1335.9898775056186,1.0002825,1.000174250645335
1335.9912663729947,0.999916,1.0024090162674102
1335.992655240372,1.0000598,1.0008166660117936
1335.9940441077488,1.0000094,0.9990538531512478
1335.9954329751247,1.000078,1.0019468182240647
1335.996821842502,0.99991834,1.0013525953609843
1335.998210709763,1.0000938,0.9993927716954173
1335.9995995771392,1.000058,1.000786248105739
1336.0009884445158,1.0001056,1.0019570637365867
1336.0023773118933,1.0001585,1.0006250257919693
1336.003766179153,0.99989754,1.0007493278189363
1336.0051550465296,1.000081,1.0007231944369368
1336.006543913907,1.00014,1.000741926067475
1336.0079327812837,1.0000776,0.9991278048000747
1336.009321648544,1.0000354,1.000167037551218
1336.010710515921,1.0001549,1.0027255933083858
1336.0120993832975,0.9999465,0.9996621857292214
1336.0134882505577,0.99988675,1.000205803026286
1336.0148771179345,1.0000831,1.0004611075274372
1336.0162659851949,1.0002369,1.0007098303856905
1336.0176548525724,1.0002446,1.0003537165336807
1336.019043719949,1.0002981,1.000106791250076
1336.0204325872091,1.0000021,1.000645660801154
1336.0218214545866,1.0000424,1.0014393316186598
1336.0232103218464,0.99990714,0.9988466567246675
1336.024599189223,1.0002116,1.002930802066519
1336.025988056484,1.0002619,0.9991179762927426
1336.0273769238606,0.99984854,1.0006456099947403
1336.0287657911208,0.999979,1.0006299675127732
1336.0301546584978,1.0003569,1.0014973644566383
1336.031543525758,1.000039,1.0005266475972343
1336.0329323931346,1.0000813,1.0014726120031494
1336.034321260395,0.9999845,1.0012456187706475
1336.0357101277718,0.9999901,1.0012291874654426
1336.0370989950327,0.9998086,0.998227912250488
1336.038487862293,1.0000017,1.0015012755070465
1336.039876729669,1.0001832,1.0003588883566772
1336.0412655969299,1.0000709,1.0019642645923608
1336.042654464191,0.99965525,0.9984911844213581
1336.044043331567,0.99984664,1.0024362239739912
1336.0454321988273,1.000045,0.9974862662604782
1336.0468210660883,0.9999973,1.001750846748099
1336.0482099334645,0.9999309,1.0014118938758536
1336.0495988007247,0.9998249,1.0008859297927033
1336.0509876679857,0.9999995,0.9999707150883173
1336.052376535246,1.0000261,1.0004771495302198
1336.0537654025063,1.0001146,0.9995895733150669
1336.0551542698831,1.0002041,1.0005850384688957
1336.056543137144,1.0001023,1.0009093930008661
1336.0579320044044,1.0004022,1.000483100842946
1336.0593208716639,1.0002134,1.0001420158446195
1336.0607097389247,0.99988693,1.00169986480271
1336.0620986061858,1.0001047,0.9999945522627779
1336.063487473562,1.000171,1.0008611100595
1336.0648763408221,1.0000075,1.0017109645316753
1336.0662652080832,1.0000869,1.0009613027629258
1336.067654075343,1.0002202,1.001138064394777
1336.0690429426031,0.999912,1.0021101557292882
1336.0704318098642,1.0000736,0.999844916485106
1336.0718206771244,1.0000644,1.0018754571789326
1336.0732095443846,1.0002574,0.9992565196893892
1336.0745984116452,1.0004381,1.0005153338524526
1336.0759872789054,1.0000242,1.000173805894607
1336.0773761461655,0.9998687,1.0004081938473606
1336.078765013426,0.9998093,1.0000220914524314
1336.0801538806863,0.9998033,1.001461407123113
1336.0815427479472,0.9999758,1.0020661615855226
1336.0829316150912,1.0002939,0.9999199754027805
1336.0843204823507,0.9998819,1.0003540272536822
1336.0857093496115,1.0000945,1.0001171771181903
1336.0870982168722,1.000078,1.0001446866819275
1336.0884870841317,0.99990785,1.0007282202567873
1336.0898759513925,1.0001236,1.0012469420370493
1336.0912648186536,0.9999936,0.9998223527804366
1336.092653685797,1.0001503,1.0009858265116534
1336.094042553057,0.99996144,1.0003065977205332
1336.0954314203182,1.0001792,0.9991120148845901
1336.0968202875783,0.999988,1.001739893315419
1336.0982091547223,1.0001734,1.0013276243655915
1336.0995980219827,1.0002614,0.9995226852818083
1336.1009868892436,1.0000491,0.9997942089271944
1336.1023757563876,1.0001503,1.0023954793111247
1336.103764623647,1.0000747,0.9996025914780912
1336.105153490908,1.0001622,1.00248554974333
1336.1065423580526,0.9999642,0.9999012213723466
1336.1079312253123,1.000148,0.9993636662380054
1336.1093200925725,1.0002534,1.0022355138236905
1336.1107089597172,1.0000271,1.0000575922357264
1336.1120978269769,1.0000464,1.0010045786578974
1336.1134866941206,1.0000693,0.9994049586521139
1336.1148755613817,1.0001285,1.0028923192524295
1336.1162644285255,1.000132,1.0005230924849213
1336.1176532957857,1.0001653,1.0013622930529336
1336.1190421629296,1.0000196,0.9992875638265405
1336.12043103019,0.9999035,1.0008690240848426
1336.1218198973338,1.0003345,1.0009130383195497
1336.1232087645942,1.0000299,1.0006023237515376
1336.1245976317382,0.99998635,1.0011550832469682
1336.125986498999,1.000062,1.0014782034894851
1336.127375366143,1.0001484,1.0011068641112484
1336.1287642334025,0.9998913,1.0004962050094168
1336.130153100547,0.9998732,1.0009424042707717
1336.131541967691,1.0000128,1.0014859590744853
1336.1329308349505,0.99997777,1.0008634391944122
1336.1343197020951,1.0002182,0.9989466573345618
1336.1357085692398,0.9999079,1.0003972829300256
1336.1370974365,0.9999485,1.001408615237814
1336.138486303644,1.0001945,0.998824375702285
1336.139875170788,0.99989915,1.0018515018804235
1336.1412640379317,0.9999279,1.0011685808533404
1336.1426529051919,1.000126,0.998337781940555
1336.144041772336,1.0000226,1.001695535508252
1336.1454306394805,1.0001265,1.0008374808957705
1336.1468195066245,1.0000677,0.9990797283224764
1336.1482083737676,0.99985206,1.0021544101578193
1336.1495972410285,1.0000046,1.0008869788671921
1336.1509861081724,0.9999251,1.0020224345027204
1336.1523749753155,1.0000167,0.9980552591946386
1336.1537638424602,0.9999871,1.0035090458714
1336.1551527096049,1.0002224,1.0005060845986404
1336.1565415767482,1.000059,0.9987855576758492
1336.157930443892,1.0000883,1.0013654257466786
1336.1593193110366,0.9999294,0.9991581608895861
1336.1607081781797,1.0000634,1.0015621720890953
1336.1620970453237,1.000147,0.9998386496343514
1336.163485912468,1.000029,0.9999662268591386
1336.164874779612,1.0001136,1.0012171840735957
1336.1662636467559,1.0000106,0.9991161791446338
1336.1676525138998,1.0001701,1.0019795755944187
1336.1690413810438,1.0000153,1.0003919328299504
1336.1704302481883,0.9999771,1.001457588939768
1336.1718191153323,1.0000445,0.9999717057917116
1336.1732079824753,1.0000145,1.0004277313432335
1336.1745968496198,1.000055,1.0005534455050173
1336.1759857167638,0.99996704,1.0010757201242417
1336.1773745839077,1.0000186,1.00011339692581
1336.1787634510524,0.9999677,1.0012361000183785
1336.1801523180798,1.0000415,1.001269543231161
1336.1815411852235,1.0000875,1.000365161013251
1336.1829300523675,1.0001847,1.000530569157664
1336.1843189195115,1.0002447,1.0011274694885515
1336.1857077866553,1.0001017,0.9997200920187896
1336.1870966536826,0.9999475,1.0008448769164078
1336.1884855208268,1.0000951,1.0026701782130603
1336.1898743879713,1.000026,0.9989634537468515
1336.1912632549988,1.0000004,1.0006205471233227
1336.192652122142,1.0001447,1.000608819303837
1336.1940409892863,1.000254,0.9988421624172221
1336.195429856314,1.0000755,1.0010930790907608
1336.196818723457,0.99999297,1.0011713323318434
1336.1982075906017,1.0000393,1.0002156828530826
1336.19959645763,0.999857,1.0010637357195993
1336.2009853247732,0.9999009,1.002359067914226
1336.2023741918006,0.9999063,1.0001586082031484
1336.2037630589452,1.0000435,0.9994766168714825
1336.2051519260883,1.0002493,1.0010727697427988
1336.206540793116,0.9997834,1.0001680116210887
1336.2079296602603,1.000272,1.0013499647373598
1336.209318527288,0.9999371,0.9999334184664334
1336.2107073944317,1.0001202,1.0013358775718926
1336.2120962614592,1.0001318,1.00112849755595
1336.2134851284868,0.99999154,0.9998727427498559
1336.2148739956306,1.0000808,1.002172838796072
1336.216262862658,0.99994457,1.0005544025678668
1336.2176517298026,1.0000277,1.001025813036314
1336.2190405968308,1.0000843,1.0005842201190667
1336.220429463974,1.000042,1.0016604258211448
1336.2218183310015,0.9999451,0.9995480697154995
1336.2232071980297,1.000012,1.001513996905831
1336.2245960651735,0.9998928,1.0012322619466674
1336.2259849322008,1.0002676,1.0013917385426847
1336.2273737992284,1.000025,0.9990853755414117
1336.228762666256,1.0000743,0.9999704132444546
1336.2301515333997,0.99996495,0.9999729240895472
1336.231540400427,1.0001208,1.0009870714667974
1336.2329292674547,0.99994045,1.0000329167656514
1336.2343181344827,1.0001638,1.0017558902011447
1336.235707001627,0.9999643,1.0007300922065936
1336.2370958686536,1.0001523,0.9999854564744026
1336.2384847356816,1.0000881,1.0013258525161044
1336.2398736027092,1.0001177,0.9994810855321856
1336.2412624697358,1.0000848,1.0012376398379659
1336.242651336764,1.0001493,1.0025789527578928
1336.2440402037923,1.0001028,1.000115414274955
1336.2454290708192,0.9998672,1.0001542803466974
1336.246817937963,1.000149,0.9996577153764723
1336.2482068049912,0.9999028,1.0007824109351446
1336.249595672018,1.0000424,1.0009072619293025
1336.2509845390455,1.0000904,1.0010067652757535
1336.2523734060735,1.0001179,1.001742456806083
1336.2537622731015,0.9997708,1.0014996640679317
1336.255151140129,1.000205,0.9996298277337208
1336.2565400071558,1.0000397,0.9983343953774173
1336.257928874184,0.99977475,1.0034031576262015
1336.2593177410952,1.0002295,1.000565284687112
1336.2607066081218,1.000258,1.0022371683975337
1336.26209547515,1.0001792,0.9986267916506743
1336.2634843421783,0.9998967,1.0025401783991035
1336.264873209205,1.0001503,0.999690255710919
1336.2662620762326,0.9999716,1.001681756715919
1336.2676509432608,0.9998994,0.9997603351425042
1336.2690398102875,1.0000806,1.0033196353923652
1336.2704286771987,1.0000837,0.9986635320252046
1336.2718175442267,0.9998901,1.0009213179882974
1336.2732064112543,0.9999712,1.0028691864073411
1336.2745952782816,1.0000013,0.9997572341407099
1336.2759841451925,1.000022,1.0007813553711449
1336.27737301222,1.0000713,1.0011537587294657
1336.2787618792481,0.9999855,0.9999984749207594
1336.2801507461595,1.000066,1.0010254064040829
1336.2815396131862,0.9999556,1.000896565005741
1336.2829284802142,1.00007,0.9989593580051892
1336.2843173471254,1.0000316,1.001004534008187
1336.285706214152,1.0001216,1.0014944586623313
1336.2870950811803,0.99985486,0.9976402379837864
1336.288483948092,0.9999274,1.0015373606511242
1336.2898728151188,1.0000243,1.0025641881925578
1336.29126168203,1.0000001,0.9990647259676263
1336.2926505490582,0.9999386,1.0020542477541008
1336.294039415969,1.0001158,1.000234938024897
1336.2954282829965,1.0001347,1.0011754321662634
1336.2968171499076,0.9999322,1.0013804609699375
1336.2982060169356,0.9999268,0.999199148369971
1336.2995948838468,0.99998754,1.001382181091022
1336.3009837508735,0.9998859,1.0011276972355925
1336.3023726177853,1.0002437,0.9988041743237602
1336.3037614848129,0.9999278,1.0003755597744328
1336.3051503517231,0.99980813,1.0006582732849585
1336.306539218635,0.9998951,1.0016231926445118
1336.3079280856632,0.99966764,0.9993546781665154
1336.3093169525735,1.0000614,1.0021452057116746
1336.3107058194846,1.0000403,0.9996610153442297
1336.3120946865129,0.9998975,1.0016382641656956
1336.313483553423,1.0001884,1.000210283460945
1336.3148724203343,0.99997205,0.9999477718654836
1336.3162612873623,0.99989897,1.0013965114768086
1336.3176501542735,1.000045,1.0001958155524628
1336.3190390211844,1.0000207,1.0010383349626584
1336.3204278880953,0.99999964,1.0015649789438577
1336.3218167551229,0.99999726,1.0003167087286726
1336.323205622034,0.99989897,0.9995926105657353
1336.324594488945,0.9999157,1.0014196674719555
1336.3259833558561,1.0000829,0.9991388758975386
1336.3273722227677,1.0002033,1.0005569979146514
1336.328761089679,0.99995726,1.002193383939059
1336.3301499565891,0.99994135,1.0005639252431064
1336.3315388236174,0.9998664,1.0020132702452553
1336.3329276905292,1.0000817,1.0006641207885345
1336.3343165574402,0.99988765,0.9992957552651888
1336.3357054243513,1.0003245,1.0019455661521408
1336.3370942912625,1.000307,1.0005214754364575
1336.3384831581734,1.0002668,0.9999112446565395
1336.3398720250843,0.9999442,1.0021335260791364
1336.3412608919955,1.0000795,1.0000658610616244
1336.342649758907,1.000181,1.0011798072588571
1336.3440386258183,0.9998738,1.0022820604894311
1336.345427492612,1.0000136,1.0000148940811437
1336.346816359524,0.9999428,0.998689959797882
1336.348205226435,0.9999683,1.0020586132141545
1336.3495940933453,1.0000937,1.000078402830474
1336.3509829602572,0.99999565,1.0014899091222553
1336.352371827169,0.9999701,0.9981544956444748
1336.3537606940793,1.0000039,1.0027721312251718
1336.355149560874,1.0000875,1.000134067941866
1336.3565384277856,0.99959403,1.0002209782879004
1336.3579272946959,1.0000329,1.0005469228870456
1336.3593161616072,0.9999832,1.0021859394592207
1336.3607050285189,0.9999249,0.9988135503539999
1336.3620938953136,1.0001067,1.0004703836419682
1336.3634827622245,1.0000544,1.0004135424531106
1336.3648716291355,1.0000833,1.0010338063684967
1336.3662604959302,1.0000955,1.0006357367927952
1336.3676493628413,1.0000826,1.0001282217518546
1336.3690382297523,1.0000254,0.9998275823847261
1336.3704270965468,1.000121,1.0038938549680732
1336.3718159634586,1.0001316,1.0003655679940198
1336.3732048302534,1.000095,1.0009806048921068
1336.3745936971645,0.99999446,1.0020954452273372
1336.3759825640761,1.0001019,0.9992265489138622
1336.3773714308709,0.99993193,1.0016925316788368
1336.3787602977818,0.9998699,1.001400747305056
1336.3801491645763,0.9999182,1.001075367500767
1336.3815380314877,0.9997969,0.9999836626235501
1336.3829268982822,1.0001484,1.0028034704682744
1336.3843157651932,1.0000378,1.0001195582299243
1336.385704631988,1.0001558,0.9986845650100934
1336.3870934988995,0.9999932,1.002197363490711
1336.3884823656942,0.9998814,1.0003112253195237
1336.389871232488,1.0002384,0.9991811531587266
1336.3912600994,0.99984944,1.0021442332377504
1336.3926489661947,1.0000943,1.0010166053102387
1336.3940378329885,1.0002563,1.0004988451706356
1336.3954266999003,0.99993086,1.001155634336756
1336.3968155666958,0.99990046,0.9985746198328461
1336.3982044334896,0.9998546,1.003832251738855
1336.3995933004007,1.0000242,0.9996925830710759
1336.400982167196,0.99999714,1.000581993629964
1336.4023710339898,1.0000472,0.9994829387711214
1336.4037599007847,1.0001256,1.001413986741651
1336.4051487676963,1.0001279,1.0003327172850716
1336.406537634491,1.0001339,1.000657235928259
1336.4079265012856,1.0002426,1.001520222194568
1336.4093153680801,0.9999537,1.0013400979387976
1336.4107042348749,1.0002946,0.9976241690528638
1336.4120931016696,0.99997073,1.003227305489445
1336.413481968464,0.9998678,1.0025656244335348
1336.414870835376,1.0000625,0.9989200387737824
1336.4162597021714,0.9997949,1.000428316439616
1336.4176485689652,1.0001445,1.002028308853768
1336.41903743576,0.99999565,0.9999213148754449
1336.4204263025551,1.0000341,1.0022450943521657
1336.421815169349,1.0002211,0.9997490066643236
1336.4232040361437,0.99990267,1.0007755103346077
1336.424592902939,1.0000813,1.000043944950484
1336.4259817697339,0.99999666,1.000641764014352
1336.4273706365284,1.0001693,1.0036476274252613
1336.428759503323,0.9999334,0.9986697261214905
1336.4301483701176,1.0000911,1.0016822220978754
1336.4315372367964,1.0001162,1.0008532770282033
1336.4329261035912,1.000085,1.001038762030501
1336.434314970385,0.99999684,1.0015122148329667
1336.4357038371804,0.99987775,1.0010851539757366
1336.4370927039752,1.0000528,1.0002553303339696
1336.438481570769,0.9999666,0.9996973861410432
1336.439870437448,0.9998434,1.002824960183706
1336.4412593042434,0.99997723,1.0004653330757598
1336.4426481710373,0.9999032,1.0019590010576815
1336.444037037832,0.99990535,1.0003676019920609
1336.4454259045108,0.9997951,1.0018915513909548
1336.4468147713046,1.000202,1.0001928744744295
1336.4482036380996,1.0002453,1.000351985162044
1336.4495925048948,1.0001011,1.0020301881276796
1336.4509813715736,1.000038,0.999433956186642
1336.4523702383683,1.000269,1.0014689231598481
1336.4537591050457,0.99995834,1.002189322885378
1336.4551479718411,1.0001916,1.0011985562407797
1336.4565368386357,1.0001149,1.0022407728401994
1336.4579257053133,1.0001159,0.9996219173331644
1336.4593145721087,1.0001506,1.0018314985696322
1336.4607034387877,1.000078,1.0017089273216278
1336.4620923055816,0.9999253,0.9998301188459655
1336.46348117226,0.9998538,1.0018597429556737
1336.464870039055,1.0001557,1.0011125843034467
1336.4662589057325,0.99985784,1.0010896343895959
1336.4676477725272,0.99986786,1.00378191689576
1336.469036639206,1.0000979,0.9974103359331364
1336.470425506001,1.0003154,1.0023760644222242
1336.471814372679,0.9999341,1.001245122138543
1336.4732032393572,0.99979466,1.0012147321580351
1336.474592106152,1.0000534,1.0019336471077982
1336.4759809728307,0.99986017,1.002131541663838
1336.477369839509,1.0000644,0.9999402336084819
1336.4787587063029,1.0003183,1.000525964542743
1336.4801475729819,0.99989563,1.002253207285513
1336.48153643966,0.9998599,1.0003851223024944
1336.4829253063376,1.0001264,1.0012924726748285
1336.484314173133,1.0000851,1.0022798258210668
1336.485703039812,1.0002387,0.9987726677350998
1336.4870919064895,1.0001166,1.0026835285282099
1336.4884807731678,1.0001206,1.002125610951183
1336.4898696398466,0.9998513,0.9992113448827467
1336.4912585066413,1.000017,1.0028200445913733
1336.4926473733194,0.9999918,0.9999180482342562
1336.4940362399975,0.99996024,1.0016087203345936
1336.4954251066765,1.0000168,1.001381368143655
1336.4968139733548,1.000003,1.0011830496098386
1336.4982028400323,1.000115,1.002507345749862
1336.4995917067113,1.0000823,1.0007793922831283
1336.5009805733894,1.0000341,1.0024903445056401
1336.502369440067,0.9999796,1.0010487030489088
1336.503758306746,1.0000354,1.00153450011261
1336.505147173425,0.99995637,1.0014696589609953
1336.5065360401024,0.9997607,1.00009663483621
1336.5079249067808,0.9998965,1.0001763490880045
1336.5093137734596,0.99973154,1.002608322274551
1336.510702640137,0.9999289,1.0009218928474128
1336.5120915068153,1.0000291,0.9998554737028963
1336.513480373494,1.0001845,1.0017423759834987
1336.5148692401724,1.0000575,1.0008253644985796
1336.5162581067343,1.0000198,1.0021490117548093
1336.5176469734124,1.0001428,1.0006960198202368
1336.5190358400907,1.000003,1.0022296341714159
1336.5204247067695,1.000002,1.000262416554111
1336.5218135734478,1.0000285,1.0003380683534877
1336.5232024400088,1.0001327,1.0013093836777542
1336.5245913066879,1.0000365,0.999438654774541
1336.525980173366,0.9998587,1.001613117258282
1336.5273690400436,1.000004,0.9990183697143831
1336.5287579066062,1.0000634,1.000013348295616
1336.5301467732852,0.9999925,1.0032386571865057
1336.5315356399633,1.0002185,0.9997796515670605
1336.532924506525,1.0000898,1.0010723726701176
1336.5343133732033,1.0001811,1.0006700510990667
1336.5357022397652,1.000242,0.9998520074948385
1336.5370911064433,0.9999741,1.0019946145677525
1336.5384799731214,0.99994713,1.000145333321333
1336.539868839684,1.0002396,1.00168581409848
1336.5412577063623,1.0003108,1.0003449421534782
1336.5426465729233,1.0001199,1.0012449548368363
1336.5440354396023,1.0002198,1.00247999541932
1336.545424306164,1.0001019,1.0009399726328019
1336.5468131728417,0.9999915,1.0002296525392023
1336.5482020394043,0.9999294,1.0017201511434637
1336.5495909059669,1.0000609,0.9988877467242615
1336.5509797726443,0.99995,1.0013047424302997
1336.5523686392062,0.9999552,1.001591004950191
1336.553757505885,1.0000917,1.0020878882683502
1336.555146372446,1.000133,1.0001441038763739
1336.5565352390079,1.0002472,1.0022682206277944
1336.5579241056867,0.99985814,0.9996606404726086
1336.5593129722486,1.000124,1.0019925431909065
1336.5607018388105,1.0001539,1.0016863782274066
1336.5620907053722,0.9999589,1.001062763204583
1336.5634795720505,0.9998641,1.0020337214768542
1336.5648684386128,0.99998176,1.0009763135366092
1336.5662573051748,1.0000075,1.001196358746734
1336.5676461717358,1.0001427,1.000787635066805
1336.5690350382984,1.0000567,1.0019682380453805
1336.5704239049765,0.99997425,1.0002397793098863
1336.5718127715386,0.99988204,1.0012783813217414
1336.573201638101,0.9999877,1.0021907387171058
1336.5745905046629,1.0001086,1.0013086642447624
1336.5759793712245,1.0000637,1.0006411277173428
1336.5773682377862,1.0001706,1.0014237935359134
1336.5787571043481,0.9998732,1.0008226292882643
1336.58014597091,0.9999935,1.0006308912848536
1336.5815348374717,1.0001583,1.0019681501839413
1336.5829237040334,0.99995565,0.9994589457983376
1336.584312570596,0.99998236,0.999536157827662
1336.585701437158,1.0000485,1.0009113915290937
1336.587090303719,1.0000242,1.002007203962281
1336.5884791702815,1.0001104,1.0007077466863723
1336.5898680368432,0.9998622,1.0007715415298626
1336.5912569034044,1.0002851,1.000830319432023
1336.592645769967,0.9998764,1.0013710331588785
1336.594034636413,1.0000149,1.0005270759592655
1336.595423502974,1.0000895,1.0007698430225553
1336.596812369536,0.99996907,1.0005767838909152
1336.5982012360985,0.9997764,1.0008921750769129
1336.5995901026595,1.0002464,1.002006763604335
1336.600978969105,1.0000592,1.001391908385664
1336.6023678356673,0.99992704,1.0016958177874848
1336.6037567022292,1.0002809,1.0003823765040276
1336.6051455687912,1.0000967,1.001389459945308
1336.6065344352364,0.99994934,1.0024565886236378
1336.6079233017983,1.0000734,0.9990291346406466
1336.6093121683607,0.99993265,1.001483118117094
1336.6107010348062,0.99999726,1.0021165067329825
1336.612089901368,1.0000106,1.0004706057265498
1336.6134787679305,1.0000165,0.9989764529019198
1336.614867634375,1.000098,1.00208417605181
1336.616256500937,1.0001949,1.0013713782023836
1336.617645367383,1.0000176,1.0013241756022535
1336.619034233945,1.0000424,1.0004672940513135
1336.6204231003903,0.99994963,1.001444079277399
1336.621811966952,0.9998034,1.0005257020194427
1336.6232008333975,1.0000966,1.0013290916255153
1336.6245896999594,1.0000806,1.0015734584385954
1336.6259785664047,1.000333,0.9974521100684526
1336.62736743285,0.9998337,1.0013687498382322
1336.6287562994125,0.9997136,1.0018165258686371
1336.630145165858,0.9996949,1.0018310409293747
1336.631534032419,1.0000368,1.0012650526592282
1336.6329228988652,0.9997111,0.99975331717527
1336.6343117653105,1.0000037,1.0009444044672189
1336.6357006318717,1.0001036,1.0025765863211613
1336.637089498318,1.0000436,1.0027239954447775
1336.6384783647638,1.0000306,0.9989866867842925
1336.6398672312084,1.0001173,0.9992338099166014
1336.6412560977706,0.9999614,1.0048395001052388
1336.6426449642165,0.99989986,1.0009324463101892
1336.644033830661,0.99976003,1.0011391966142258
1336.6454226971066,0.99994546,1.0005508090419606
1336.6468115635525,0.9999182,1.000640338238892
1336.6482004301151,1.0001549,1.0010953587193048
1336.6495892965604,0.9999198,1.0018962913959655
1336.6509781630052,1.0000412,0.9989732460901743
1336.6523670294514,1.0000509,1.0018391378926805
1336.6537558958976,1.0000162,0.9993120282987861
1336.6551447623422,0.9999676,0.9970793176946001
1336.6565336287877,0.99994665,1.005331219310908
1336.6579224952336,0.99973166,0.9973384510413991
1336.6593113616782,1.00029,1.0015995869267815
1336.6607002281237,1.0000428,0.9994063420619119
1336.6620890945696,0.99990684,1.0024825569385232
1336.6634779610154,1.0002108,0.9999656566679773
1336.6648668274606,1.0001018,1.0010985229198441
1336.666255693906,0.99986917,1.0011083293506902
1336.6676445603514,1.0001186,1.0000614316140979
1336.6704222931257,0.99991846,1.000009496663032
1336.671811159571,0.9999788,1.0010090785958812
1336.6732000260172,0.99984014,1.002769161102286
1336.6745888924627,0.9999317,1.0012488549370568
1336.6759777589073,1.0000796,1.0000048654562188
1336.677366625237,1.0001206,1.0005405620385115
1336.6787554916823,0.99982935,1.0018388558439706
1336.680144358127,1.0001069,0.9994873595947208
1336.6815332244569,1.0001199,1.0028836189110901
1336.6829220909028,1.0000881,1.0006484678097933
1336.6843109573474,0.99998736,1.0002095594382574
1336.6856998236767,0.9999289,1.0024039184097837
1336.6870886901227,1.0000125,1.0004267188474978
1336.6884775565682,0.9997911,1.0017598885467454
1336.689866422897,1.0000999,1.0005812162179273
1336.6912552893423,0.99993074,1.0018146663011218
1336.692644155672,1.0000677,0.9983398243890591
1336.6940330221173,1.0000646,1.001012732215151
1336.6954218884457,1.0002183,0.9998227655070692
1336.6981996212216,0.9998403,0.9990876451627938
1336.6995884876662,1.0003675,1.001839528100427
1336.7009773539953,1.0000994,1.0002735132834208
1336.7023662204413,1.000091,1.001992482984262
1336.7037550867694,1.0001277,1.0012098982714814
1336.705143953215,0.99992204,1.0008853117305105
1336.7065328195445,1.0000602,1.002649591299086
1336.7079216858738,1.0000217,1.000331448936892
1336.709310552319,1.0000454,1.0016215343310013
1336.710699418648,0.99993193,1.000851486385381
1336.712088284977,1.000032,0.9995335998009501
1336.713477151306,1.0001261,1.0012756032545318
1336.7148660177513,1.0001484,1.0024181202424314
1336.7162548840802,0.9999577,0.9992352486021767
1336.71764375041,0.9999122,1.0018894765834525
1336.7190326167388,1.0000489,1.001913114028384
1336.7204214831836,1.0000273,1.00126240223625
1336.7218103495134,0.99999046,0.9999607810947921
1336.7231992158422,0.9999845,1.0033870398494262
1336.7245880821706,1.0000871,0.9984417022404359
1336.7259769485004,0.99980193,1.0000033918074147
1336.72736581483,0.99979633,1.00201939729931
1336.728754681159,1.000088,1.0019881459500768
1336.7315324138167,0.9998722,1.000286551583029
1336.7329212801465,1.0000765,1.001818698868107
1336.7343101464755,0.9999525,1.0014144499249285
1336.7356990128037,0.9998778,1.0020250880974886
1336.7370878791335,0.9999734,1.0013359809160831
1336.7384767454623,0.9999429,1.0012912928004263
1336.7398656117907,0.99976707,1.000869289523139
1336.7412544781205,0.99986565,0.9995446474421277
1336.7426433444502,1.0000542,1.003634301047525
1336.7440322107784,0.9998088,1.0008061467968483
1336.745421076991,1.0000038,1.0010802045375253
1336.7468099433206,1.0000058,1.0017803844791888
1336.7481988096488,1.0000103,1.0027722204818093
1336.7495876759779,0.9997864,0.9988790964450586
1336.7509765423074,1.0002278,1.0035914062793596
1336.75236540852,1.000046,0.9967460091365553
1336.7537542748491,1.0001111,1.0029469971936211
1336.755143141178,0.9999428,1.000220265881292
1336.7565320073907,1.0002294,1.0013113426472113
1336.7579208737197,0.9999791,0.9992507519098296
1336.7593097400486,1.0000776,1.0007198571135063
1336.760698606261,0.99998236,1.002694214338069
1336.7620874725908,0.99983823,1.0005334649759676
1336.7634763389196,0.99993694,1.0017240906677187
1336.7648652051316,1.0000303,1.002807377904771
1336.7662540714614,1.0002791,1.0019770794178329
1336.7676429376738,1.000057,1.0007892112337027
1336.769031804003,0.9999672,1.000204019130943
1336.770420670216,0.99987954,1.0012882501064437
1336.771809536545,1.0000966,1.0023783799453092
1336.7731984027578,0.99992716,0.9995555461938993
1336.7745872690866,0.9999401,1.0023990253152055
1336.775976135299,1.0000145,1.0006659736594747
1336.7773650015124,1.0001132,1.0020884960725096
1336.7787538678415,0.99993896,1.00230972371917
1336.7801427340532,0.99999505,0.9996328014576364
1336.7815316002666,1.0001061,1.0022325969959622
1336.7829204665954,1.0000331,0.9998427739041398
1336.7843093328074,0.99993896,1.0021205338215526
1336.7856981990208,0.9999614,1.000951573135901
1336.7870870653505,0.9999965,1.0008652469110906
1336.7884759315623,1.0001057,1.0013832896561503
1336.789864797775,1.0000547,1.0018844769456094
1336.791253663988,0.99988824,1.0002223872028617
1336.7926425301998,1.0002946,1.0022842502795404
1336.794031396529,0.99990916,1.000846920091009
1336.795420262742,1.0000526,1.0008034594880615
1336.7968091289547,0.9999371,1.001343521799531
1336.7981979951674,0.9999465,1.0004433222544955
1336.7995868613798,1.0002798,1.0023151481493513
1336.8009757275925,0.9999936,1.0013098730050936
1336.8023645938051,1.0000716,1.001682887703371
1336.8037534600176,1.0001894,1.0008419500102603
1336.80514232623,1.0001171,1.0027987656048192
1336.8065311924433,0.99996954,1.0002903429708125
1336.8079200586558,1.0001116,1.0009673177073135
1336.8093089248687,0.9999195,1.0019818467497716
1336.8106977910818,0.9998224,1.0016457376032595
1336.8120866572945,0.99952775,1.0013519196666987
1336.813475523507,0.99989146,1.0016648514612265
1336.8148643897193,1.0001509,1.001492608436134
1336.816253255932,0.9998717,1.0028410839206283
1336.8176421220282,1.0000725,0.9996135090595767
1336.8190309882407,0.9999447,1.0004953947292397
1336.8204198544531,0.9999768,0.9995555708234295
1336.8218087206665,0.9998397,1.0026754916934157
1336.8231975868791,0.99979573,1.000225994101053
1336.8245864529745,1.0001526,1.0015585581973903
1336.8259753191878,1.0000502,0.9997075341306
1336.8273641854003,0.9998149,1.0027057027504036
1336.8287530514958,1.0000345,1.0017920047032456
1336.8301419177092,0.99999917,0.9998811622792904
1336.8315307839223,0.9999681,1.0024714835596382
1336.8329196500176,1.0000191,1.0011817009583615
1336.8343085162305,1.0000966,1.0030056695596425
1336.8356973823272,0.9999197,0.998896239094973
1336.837086248539,1.0000287,0.997700933897018
1336.8384751147516,1.0000285,1.0033026472498827
1336.8398639808483,0.9999028,1.0011035736352256
1336.841252847061,1.000029,1.001749332777756
1336.8426417131573,1.0000602,0.9990164409669715
1336.8440305792533,0.9999167,1.0016291247901972
1336.8454194454666,0.9998389,0.9991526552481851
1336.8468083115636,1.0000248,0.9980293128699887
1336.8481971777753,1.0001904,1.001803024059154
1336.8495860438716,0.9999458,1.002263216000628
1336.8509749099683,0.99993294,0.9997138101350617
1336.85236377618,0.9998053,1.0011690881898083
1336.8537526422763,1.0000905,1.0009852749157373
1336.855141508373,0.9999542,1.0003834967841436
1336.8565303745859,0.9998272,1.002275977949239
1336.857919240682,1.0000994,0.999882114371632
1336.859308106778,1.0001633,1.0028344539807315
1336.8606969728742,1.000105,1.0006367348100367
1336.8620858390868,1.0002376,1.0000430391700028
1336.8634747051829,1.0001675,1.0033210886321566
1336.8648635712789,0.999805,1.0004497831285752
1336.8662524373758,0.99993056,1.0022768451380606
1336.867641303472,1.0001795,1.0024534505414102
1336.8690301695674,0.99986917,1.0004255873122725
1336.8704190356643,1.0001893,1.0010468784627822
1336.8718079017603,0.99992764,1.0015010150279333
1336.873196767856,1.0001265,1.0010472960634424
1336.8745856339528,0.99984926,1.0036406990581621
1336.8759745000496,0.9999403,0.9993785440340577
1336.877363366145,0.99986035,0.9999715578400378
1336.8787522322414,0.9999149,1.0015688294094163
1336.880141098338,0.9999606,1.000522391263746
1336.8815299644334,0.99989414,1.0023768534399242
1336.8829188305297,0.99995464,1.0017035028801247
1336.8843076966264,1.0000228,1.0006845911821836
1336.8856965627233,0.9999873,1.0010442593225406
1336.8870854288193,0.99990624,1.0009950457623942
1336.8884742949149,1.0001184,1.003474872408218
1336.8898631608954,0.9999566,1.0011524096460926
1336.8912520269923,0.99998045,0.999411613005008
1336.8926408930877,1.000042,1.002293481729105
1336.894029759184,1.0002438,0.9999229221694617
1336.8954186251642,0.9999167,1.0021986652671373
1336.8968074912596,0.99987185,1.0035797109585871
1336.8981963573558,1.0002601,0.9998716663783896
1336.899585223336,1.0000327,1.0017304494782584
1336.9009740894326,1.0001057,1.001597496040599
1336.9023629555286,1.0001117,1.0009327715710892
1336.9037518215082,1.000046,1.0012593296841403
1336.9051406876044,1.0002005,1.0016820190033888
1336.9065295535843,1.0000561,1.0021798559131831
1336.9079184196803,1.0001177,1.0024290501024207
1336.90930728566,1.0001442,0.998353122048655
1336.9106961517568,1.0000738,0.9999633497015571
1336.9120850177367,0.9998986,1.0019668954685517
1336.913473883832,0.99997246,1.0013398453518139
1336.9148627498125,1.0000402,1.0027206268671134
1336.9162516159085,0.9999139,1.0030510680954763
1336.9176404818877,0.999955,1.0010830354580864
1336.9190293478682,0.9998834,1.0005499893632965
1336.920418213965,0.99995637,0.9998895307794481
1336.9218070799438,1.0001568,1.0026595440139994
1336.923195945924,0.99995893,0.9986850743068398
1336.9245848120206,1.0002737,1.00303543251939
1336.925973678001,1.0001022,0.9993148032538465
1336.9273625439807,0.9998208,1.0018099048187523
1336.9287514099597,0.9999023,1.0007795900585472
1336.9301402760566,0.99986184,1.002633314272867
1336.9315291420362,0.99988073,1.0017639448137252
1336.9329180080153,1.0001142,0.9998806614520445
1336.9343068739959,1.0000091,1.002270755844563
1336.9356957399764,1.0001857,1.002548447187115
1336.9370846059553,1.0000057,1.0008788947733467
1336.9384734719351,1.0000024,1.002142935212575
1336.9398623379154,1.000227,1.0010403542441757
1336.9412512038944,0.999932,1.001341490887154
1336.9426400698742,0.9999992,1.0012861752219948
1336.9440289358545,1.0001506,1.0009168925900547
1336.9454178018345,1.0001535,1.0029418662758376
1336.9468066678141,0.9998758,1.0019516126644048
1336.9481955337938,0.9999318,0.9998924552705616
1336.9495843997736,1.0000722,1.0020341299750832
1336.9509732657534,0.99989325,1.0011002898039911
1336.952362131733,1.0000415,1.0008434369021026
1336.9537509977126,1.0000954,1.0006455181886187
1336.9551398636931,0.99972475,1.0035181053928521
1336.9565287296728,0.9998965,1.0011758335839047
1336.9579175955355,0.99998736,1.0016540575595436
1336.959306461516,0.99993926,1.0009455029430097
1336.9606953274965,1.0000191,1.0020990819875941
1336.9620841934754,0.9999451,1.0014580664084363
1336.9634730593389,0.9998834,1.0004515499883049
1336.9648619253192,0.9998942,0.9981101011012445
1336.966250791299,0.99992037,1.0030154323664386
1336.9676396571622,0.9999098,1.001526208463432
1336.9690285231418,0.99997574,1.001004848354259
1336.9704173891223,0.9999212,1.0013176031702067
1336.9718062549857,1.0000091,1.0018609145362807
1336.9731951209646,1.0000316,1.001544027585736
1336.9745839868287,1.000119,1.002082074885444
1336.9759728528084,0.99998564,1.00071674811989
1336.977361718671,0.99978137,1.0038413989268116
1336.9787505846516,1.0000677,0.9981306534903137
1336.9801394505157,0.9998336,1.0025409642930376
1336.9815283164946,1.0000641,1.0011332005007003
1336.982917182358,0.99981683,1.0012541320556057
1336.984306048222,0.99982303,0.9985173564096244
1336.9856949142008,0.9998733,1.0053858888658012
1336.9870837800643,1.0002178,0.9999195660270171
1336.9884726459281,1.0001296,1.0001133716494492
1336.989861511908,0.99990684,1.0018124799226018
1336.9912503777714,1.000178,1.0025904667957468
1336.9926392436346,0.9997004,0.9994205528211513
1336.9940281096144,0.99992174,1.0040666105418146
1336.9954169754783,0.99992406,0.9995155614073861
1336.9968058413417,0.999878,1.0019806280543138
1336.9981947072042,0.99982435,1.0017197814316472
1336.9995835730683,0.99974984,1.0019435715520346
1337.0009724389315,0.9998963,0.9992183682500144
1337.0023613049107,0.9999373,1.0034625776703587
1337.0037501707748,1.0000817,1.000769485257971
1337.0051390366389,0.99976885,1.003072369834625
1337.006527902502,0.9999048,1.0007520332596667
1337.0079167683652,0.9998921,1.0001588639947
1337.0093056342287,0.99989,1.0023123818694526
1337.010694500092,0.9999229,1.002048309350273
1337.0120833659553,1.0000353,1.0019090843016982
1337.0134722318185,0.9998347,1.0017567883558
1337.0148610976826,1.0001194,1.0031007751765575
1337.016249963546,0.9997173,1.0000908889075444
1337.017638829292,0.9999254,1.0013989369934024
1337.0190276951562,1.0001256,1.002320074308236
1337.0204165610194,1.0000919,1.001514238465813
1337.021805426882,1.0000111,0.999299681511978
1337.0231942927462,0.9999928,1.0033258783854309
1337.0245831586103,0.9999768,1.0009438561142008
1337.0259720243564,1.0002526,1.0017836623622283
1337.0273608902198,0.99993485,0.9993745762023305
1337.0287497560837,1.0001701,1.0027659604261396
1337.0301386218307,0.9997572,1.0039278502590814
1337.031527487694,1.0000407,1.0012204602408448
1337.032916353557,0.9999309,1.0029676159741925
1337.034305219304,1.0000249,1.0031481290569284
1337.0356940851675,0.9998268,1.0010020294011568
1337.0370829510307,0.99998814,1.0023774627731332
1337.0384718167777,0.9999359,0.9995654409267696
1337.0398606826416,0.999905,1.0023060688063885
1337.0412495483886,0.9999617,1.0025110409416753
1337.042638414252,1.0002,1.00228223824652
1337.0440272799995,0.9999432,1.0014776105524839
1337.045416145862,0.9998078,1.001214791831428
1337.0468050116092,0.9999025,1.0043555779978426
1337.048193877473,0.99993175,0.9991735815446792
1337.04958274322,1.0000504,0.9996956058559692
1337.0509716089668,0.9998411,1.0032678916611153
1337.05236047483,1.0001051,1.000102999168504
1337.053749340577,0.99944204,1.0005335787954683
1337.055138206324,0.9997638,0.999944941385163
1337.0565270721872,1.0000236,1.0033586911904202
1337.057915937934,0.9996882,1.0008551276321298
1337.0593048036817,1.0000924,1.0033788970107564
1337.0606936694287,0.9998293,1.0003758636896674
1337.0620825351748,0.9998465,1.0017679856573654
1337.063471401039,0.99956715,1.000875010426961
1337.0648602667866,1.000089,1.0013774827334625
1337.0662491325327,1.0000873,1.001736314646577
1337.0676379982797,1.0001525,1.001824158588209
1337.0690268640271,1.0001571,1.0020163632890773
1337.0704157297732,1.0002279,1.0013460252680106
1337.0718045955205,0.99981856,1.0012512055707763
1337.073193461268,1.0000356,1.00166282853708
1337.074582327015,1.0001063,1.0021782729586497
1337.0759711927617,0.9999197,1.001799664778369
1337.0773600585085,1.0000298,1.0017201518473677
1337.0787489242555,0.9999953,1.0013853475042023
1337.0801377900025,1.0001175,1.0017497852192854
1337.0815266557493,0.9999853,1.0017414251042365
1337.082915521497,0.9998417,1.0024955920666694
1337.0843043872446,0.99972975,0.9995873239754601
1337.0856932528743,0.9998794,1.0021208671415136
1337.0870821186213,1.0001552,1.0010064439022428
1337.0884709843688,0.9998361,0.999901322617126
1337.0898598501149,0.9999767,1.0037445401474983
1337.0912487157455,0.99985206,1.0018949396729993
1337.092637581493,0.99994916,1.0011792818182546
1337.0940264472401,0.9999297,0.9999230136549736
1337.095415312987,0.99988765,0.9995260721226942
1337.0968041786173,0.9999475,1.0017967693868366
1337.0981930443643,1.0000583,1.0005182234598227
1337.0995819099953,0.99999064,1.004243322494272
1337.1009707757423,0.9998881,1.0002225742116972
1337.1023596414884,0.9998913,1.0016896586144566
1337.1037485071197,1.0000606,1.0003788150232193
1337.1051373728667,0.9998672,1.0010438089396783
1337.1065262384964,0.9999125,1.0020061364818496
1337.107915104244,1.0000005,1.0033651168254338
1337.1093039698753,0.9997538,0.9996779756688084
1337.110692835505,1.0001118,1.0023012367329018
1337.112081701252,1.0001484,1.0019204818183391
1337.113470566883,0.9997792,1.0016685516751165
1337.1148594326291,1.000026,1.0009113012855462
1337.11624829826,1.0000489,1.0011209707136377
1337.117637163891,0.9997621,1.000780952572328
1337.1190260295216,0.99990547,1.0026367918868775
1337.1204148952684,0.9999709,0.9995219113508812
1337.1218037608987,0.9998166,1.002222438112825
1337.12319262653,0.99984235,1.003008011283861
1337.1245814921613,0.9997432,0.998883418136064
1337.1259703579074,1.0000249,1.0000127048660532
1337.127359223538,0.9999744,1.0030896351453404
1337.1287480891692,0.99993426,1.0002220154254373
1337.130136954799,0.9998512,1.0020831288779195
1337.1315258204295,0.99997455,1.0017476459276318
1337.1329146860605,0.9997996,1.000261147047617
1337.1343035516911,1.0000536,1.002699470369961
1337.1356924173215,1.0000646,1.0011803510264017
1337.1370812829518,0.99990064,1.0007074559766913
1337.1384701485827,1.000115,1.0026920490233509
1337.139859014213,0.99976456,1.0006531654381738
1337.1412478798434,0.99987555,1.0021987102999679
1337.142636745474,0.99983734,1.0002069501611721
1337.144025611105,0.9997111,0.9981837899098996
1337.1454144767356,0.9997705,1.0046324890581448
1337.1468033423653,0.99981886,1.001716421423802
1337.1481922078801,0.9999513,1.0008061618788802
1337.1495810735107,0.9999035,1.002071322794477
1337.1509699391404,1.00011,0.9999182479956205
1337.1523588047717,0.99969625,1.0027789379403353
1337.1537476702865,0.9999428,0.9990293542487084
1337.1551365359162,1.0001718,1.0023174264807668
1337.1565254015468,0.99998397,1.0024910645636214
1337.1579142670614,0.9997667,1.00147675470246
1337.159303132692,0.9998001,1.0008942889513168
1337.1606919983224,1.0002357,1.0035761221513648
1337.1620808638365,0.99985796,0.9991056583387329
1337.1634697294676,0.99963063,1.000251498792549
1337.1648585949818,1.0001417,1.0023250604772385
1337.1662474606114,1.0000441,0.9998907603395522
1337.1676363261263,0.99998677,1.0011475692417293
1337.1690251917576,0.999685,1.001079855136153
1337.1704140572708,0.99978673,1.0009308597823512
1337.1718029229014,1.0000806,1.0029999337476994
1337.1731917884163,1.0000234,1.0022614259316065
1337.174580654046,1.000063,1.0008807224052303
1337.17596951956,1.0000494,1.0023861111785712
1337.1773583850747,1.0000641,1.0015296975638743
1337.1787472507053,1.0000937,1.0011084319300698
1337.1801361162193,0.9999251,1.0015630198039551
1337.1815249817332,0.9998371,1.0002177474606933
1337.1829138472476,1.0001078,1.0026617050157387
1337.184302712878,0.9998518,1.000324868024278
1337.185691578392,0.9997498,0.9989597701161226
1337.187080443906,0.9995512,0.9993968740051301
1337.1884693094207,0.99972534,1.0023988216980297
1337.189858174935,0.9999444,1.0027655073390302
1337.1912470404482,0.99985164,0.9985227339713929
1337.192635905963,0.9996165,1.002698878598605
1337.1940247714779,1.0001462,1.0002328825535303
1337.1954136369914,0.99979585,1.0030179245984028
1337.1968025026217,0.99984175,0.9999520759311352
1337.1981913680202,1.0002539,1.000237177357473
1337.199580233534,1.0000834,0.9997515267692162
1337.200969099048,1.0000771,1.0032915373005034
1337.2023579645622,0.999909,1.00174501830797
1337.2037468300769,0.9999836,0.9992278870265809
1337.205135695591,0.9999714,1.000021313983542
1337.2065245611043,0.99976414,1.0025337612124845
1337.2079134266191,0.9999936,1.0011066873417362
1337.2093022921333,1.000017,1.0012062963291062
1337.2106911575302,0.9999774,1.0019914871501447
1337.212080023045,0.9998293,1.000636727536746
1337.2134688885599,0.99996185,1.0022279104583411
1337.2148577540731,0.9999544,0.99958997245749
1337.216246619471,0.9998623,1.0033833086284845
1337.2176354849857,1.0001022,0.9995835083907412
1337.219024350499,1.0003006,1.0020572138266788
1337.2204132158968,0.9998009,1.001965141571173
1337.2218020814114,1.0001072,1.0016810729183065
1337.2231909468092,0.9999538,1.0035534888219133
1337.224579812323,0.9998755,1.0016388289158464
1337.2259686777206,0.9999096,1.001421054475464
1337.2273575432348,0.9998998,1.001936567532216
1337.228746408633,0.99988693,1.0010192998787606
1337.2301352741474,0.99977845,0.9986700086839558
1337.2315241395443,0.99995416,0.99954820625242
1337.232913005059,0.9999369,1.0036733287712667
1337.2343018704566,0.9998948,1.0000783643764957
1337.2356907358535,1.0001608,1.0028023716348025
1337.2370796013684,0.9999572,0.9996343461761753
1337.2384684667668,1.0001581,1.0018781660913874
1337.2398573321643,0.9998543,1.000816578895327
1337.2412461976785,1.0000186,1.0022390611726748
1337.2426350630762,0.99997777,1.001034038850214
1337.2440239284738,0.99994373,1.000480457271213
1337.2454127938713,1.0000427,1.001148361410491
1337.246801659269,0.99997306,1.002350801856018
1337.2481905247837,1.0000005,1.0012028136681577
1337.2495793901815,0.99993056,1.0024642143119231
1337.2509682555783,1.0000448,1.000730622202715
1337.2523571209767,1.0000646,1.001841028875648
1337.2537459863752,0.99981874,1.0024150386744157
1337.2551348517723,1.0001158,1.001193841073505
1337.2565237171698,1.0000736,1.000664700848407
1337.2579125825682,0.99997807,1.0009541985732746
1337.259301447965,1.0000917,1.0021712170547128
1337.2606903133628,0.99981374,1.000030444180846
1337.2620791787613,1.0000879,1.0011593575845308
1337.2634680441588,0.9999876,1.0008222187477336
1337.26485690944,0.99997973,1.0035359862975528
1337.2662457748377,0.9996248,0.9989970193135946
1337.2676346402354,1.0000324,1.002331433695215
1337.269023505633,0.9997181,0.9987739262136816
1337.2704123710305,0.99989843,1.0028866098968034
1337.2718012363118,1.0000721,1.000902156924429
1337.27319010171,0.99982166,0.999813462094632
1337.274578967108,0.9999373,1.004515279992125
1337.2759678323885,0.9998608,0.9989624013462972
1337.2773566977867,1.0000046,1.000135109695518
1337.2787455631844,0.99999964,1.0033114733702215
1337.2801344284658,1.0000559,1.0016737128224205
1337.281523293864,1.0001792,1.0018536199050638
1337.2829121591453,1.0001199,1.0014816072062969
1337.2843010245429,1.000002,1.0026222193401249
1337.2856898898242,0.9998058,0.9997806958571268
1337.287078755222,0.9998897,1.002519293192026
1337.2884676205038,1.000069,1.0005156344423989
1337.2898564859015,0.99972683,1.0026643813556226
1337.291245351182,0.9999913,1.0006127557146256
1337.2926342165802,0.9999826,1.0013804552854892
1337.2940230818615,1.0000771,1.0009228730241
1337.295411947142,0.99980694,1.0024498085202902
1337.2968008125404,0.9996797,0.9990410939001891
1337.2981896778224,1.0000628,1.0013280653326069
1337.299578543103,0.9995513,1.0018712234329936
1337.3009674083842,1.0001745,1.002528943879183
1337.3023562737826,1.0002255,1.001252206329734
1337.303745139063,0.99994695,1.000786727237381
1337.3051340043444,0.99992675,1.0023554901759877
1337.3065228696262,0.99992704,1.00145239540121
1337.3079117349075,1.0000393,1.0014530414106673
1337.3093006001886,0.99996763,1.0002469482708325
1337.31068946547,0.99981874,1.0035511870303688
1337.3120783307513,0.99977946,0.9998058067543996
1337.3134671960331,0.99951875,1.0016962742104043
1337.3148560613145,0.9999309,1.0011279277383385
1337.316244926595,0.9997193,1.0026290255461099
1337.3176337918767,0.99995047,1.000726913557801
1337.3190226571583,1.0001057,1.001299996663178
1337.3204115224394,1.0000535,1.0008897958246974
1337.3218003877214,0.999954,1.0027712680346517
1337.3231892530025,1.00008,1.0019092815710695
1337.3245781181672,0.99987143,1.0012256221806566
1337.3259669834486,0.9999456,1.001948144636954
1337.32735584873,1.0000702,0.9998203428697587
1337.328744714011,0.999775,1.000445827341479
1337.3301335791757,0.9999625,1.0017642132818128
1337.3315224444573,0.99986035,1.0017748988353938
1337.332911309739,1.0000514,1.0005026407219135
1337.334300174904,0.99994427,1.0032282158290338
1337.3356890401844,0.99994946,1.002629034371411
1337.3370779054662,1.0001156,1.001163458685087
1337.3384667706312,0.99997306,1.0008503686468737
1337.3398556359116,0.9999461,1.002884725549969
1337.3412445010772,0.9999164,1.0003936419236765
1337.3426333663592,1.0000545,1.0032270613532068
1337.3440222315235,1.000227,0.9989466579059405
1337.3454110968046,1.0000604,1.001001623905631
1337.3467999619702,0.9998087,1.001536209084415
1337.3481888272513,1.0000912,1.002081922279461
1337.349577692416,1.000157,1.0037028064381155
1337.350966557581,0.99987787,0.9980727034854764
1337.355133153192,0.9996758,0.9985466686797209
1337.3565220183568,0.9996878,1.0010824399275098
1337.3579108836386,1.0003916,1.000597925694107
1337.3592997488036,0.9997758,1.0012591293434454
1337.3606886139683,0.999825,1.0018813513802558
1337.3620774791339,0.9999595,1.0029164506910295
1337.3634663442979,0.99977314,1.0005208850163847
1337.3648552094628,0.99973553,1.0046519283804447
1337.3662440746284,0.9995966,1.0006224636803396
1337.367632939793,0.99960357,1.0027924526365923
1337.3690218049578,1.0000792,1.001627128513011
1337.3704106701227,0.99979997,1.000217793806045
1337.3717995352877,0.9998498,1.002255183260543
1337.3731884004533,0.9999788,1.0023643764556656
1337.374577265618,0.9999224,1.0008696744605086
1337.3759661307822,1.0000283,1.0026056841950883
1337.3773549959476,0.999968,1.001580357598156
1337.3787438611125,1.000041,1.002091953323055
1337.3801327262765,1.0002459,1.0027763423837457
1337.3815215913255,0.99964947,0.9988830026935709
1337.3829104564911,1.0000348,1.0020956600519182
1337.3842993216554,0.99986386,1.0015187180359986
1337.38568818682,1.0002626,1.0018442695799605
1337.3870770518693,1.0001328,1.0010048928705924
1337.3884659170335,0.99984074,1.003501412618152
1337.3898547821982,0.9998542,1.000914316469453
1337.3912436472474,0.9999301,1.0019482938410202
1337.392632512412,0.99971294,1.0018563622055279
1337.3940213774604,0.9999291,1.00065562340939
1337.3954102426253,0.99970526,1.0015479900587383
1337.3967991076738,0.9999555,1.0024103204886203
1337.3981879728385,1.000305,1.0021342951414414
1337.399576837887,0.99992436,1.0022162658847147
1337.4009657030524,0.9997782,1.002042770009409
1337.4023545681016,0.9999961,1.0015207368041483
1337.4037434332658,1.0001075,1.002951276133101
1337.4051322983141,0.9998288,1.0001614920597721
1337.4065211633633,0.9998456,1.0015176480484262
1337.407910028528,1.0002016,1.0010611505523086
1337.4092988935765,0.9998165,1.0025587339076858
1337.410687758625,0.9997241,1.0022881386196767
1337.4120766236733,0.99981296,1.0019315698324596
1337.4134654887216,1.0002265,1.0008210950100718
1337.4148543538865,0.9999355,1.0023263373082218
1337.416243218935,0.99995375,1.001124586891123
1337.417632083984,1.0000461,1.0016522045904765
1337.4190209490325,1.0000498,1.0025154781674854
1337.4204098140804,0.9999454,0.9997239027218578
1337.4217986791293,0.99996084,1.0024771522977485
1337.4231875441778,0.9999419,1.0031856426829457
1337.4245764092254,1.0000178,1.0003255505532518
1337.4259652742744,1.0000688,1.0023335818579675
1337.4273541393236,0.99997526,1.0011965380970067
1337.4287430043714,0.99974835,1.0013630514560214
1337.4301318694197,1.0000767,1.0025603595622918
1337.431520734469,1.0001483,0.9994032420482875
1337.4329095995172,0.99993885,1.002277963361083
1337.4342984644493,0.9999949,0.9986031123958288
1337.4356873294978,0.99998444,1.0017035358433144
1337.4370761945468,0.9998652,1.0019599022057655
1337.4384650595953,1.0001476,1.0021299792305416
1337.4398539245265,0.999976,1.0004221700980707
1337.4412427895754,0.9999533,1.0015833393628475
1337.4426316546246,0.99979424,1.0015900029791462
1337.444020519556,0.99978554,1.001184213417343
1337.4454093846043,0.9999004,1.0016537551215696
1337.446798249537,0.99993,1.0015035284972404
1337.448187114585,0.9998001,1.0039830649965753
1337.4495759796332,0.9999938,0.9996606523176167
1337.450964844566,0.9999006,1.0012591005902909
1337.4523537096143,0.9997146,1.0016691138942686
1337.4537425745461,0.99977905,1.0017788477666336
1337.4551314394785,0.9998388,1.000755949701956
1337.4565203045267,0.99986494,1.0034264977623157
1337.4579091694595,1.0000491,1.0008528939183898
1337.4592980343914,0.99967283,1.0010799431262212
1337.4634646293039,0.99969923,1.0045289942310998
1337.4648534943515,1.000173,0.9997955069020945
1337.466242359284,1.000036,1.0022245903979219
1337.4676312242168,0.9997327,0.9997587733296329
1337.4690200891482,1.0000229,1.002134477351728
1337.47040895408,0.99987507,1.0032831554592874
1337.4717978190129,0.9998928,1.0017997987500393
1337.4731866839443,0.999922,1.0022649345443733
1337.4745755488761,0.9999931,1.0023786130165702
1337.475964413809,0.9999279,1.0016655214502093
1337.4773532787417,1.0000561,1.0019697861742236
1337.4787421436736,0.9996822,1.0027946174292923
1337.480131008605,1.0000424,1.0032750078830073
1337.4815198735375,0.99982697,1.0004502495134868
1337.4829087384696,1.0000457,1.0018760015425272
1337.4856864683334,0.99988556,0.9999594602933713
1337.4870753332661,1.0000408,1.0002991321064592
1337.4884641980811,0.9998958,1.0026054848758097
1337.489853063013,1.0000097,1.0024455974455857
1337.4912419279458,0.9997613,1.0019576604990639
1337.4926307928777,0.99983054,1.0019788948167037
1337.4940196576933,0.99989456,1.0012898948027162
1337.4954085226254,0.99996334,1.00163350725672
1337.4967973875573,0.9999626,1.002165828463293
1337.4981862523728,0.9999426,1.0018355766859046
1337.499575117305,1.0000186,1.0011257126949014
1337.5009639821205,0.9999841,1.0032110176452629
1337.5023528470533,0.9999875,1.0002645653594289
1337.5037417118688,0.99996936,1.0019851830810713
1337.5051305768002,1.0000616,1.0008640719926403
1337.5065194416163,0.99983424,1.0021653189855035
1337.5079083065484,0.9999504,1.001377769563881
1337.5092971713632,0.99974656,1.0022202755961953
1337.5106860361793,0.9998536,1.001868480635471
1337.512074901112,0.9999674,1.0023025377622827
1337.513463765927,1.0001625,1.0004321318937814
1337.5148526307426,0.99999684,1.0019636508743957
1337.516241495559,1.0000664,1.0025438069219836
1337.5176303604917,0.9997963,1.0001705922927724
1337.5190192253071,0.99989665,1.0024477481174197
1337.5204080901221,1.0001671,1.003553074241821
1337.5217969549385,0.99982417,1.0011996090692747
1337.523185819754,0.9999826,1.0020399329404657
1337.524574684569,0.9999699,1.001361399502558
1337.525963549385,0.99937624,1.0022449711164432
1337.5273524142012,1.0000004,1.0016755122581695
1337.5287412790162,0.99996334,1.001631051448591
1337.5301301438317,0.9998871,1.0004388838476617
1337.531519008648,1.0000197,1.0007397599493617
1337.532907873463,0.99992806,1.0027883686509378
1337.5342967382785,1.0001167,0.9992242299460168
1337.5356856030949,1.0000764,1.0038569196560176
1337.5370744679103,0.9997474,1.0016855498604214
1337.538463332726,0.99967253,1.0019376933137307
1337.5398521974253,0.999661,1.0016663126021075
1337.5412410622407,0.9999452,1.0013987829611037
1337.542629927057,0.99999726,1.0034169221667717
1337.5440187918725,0.99974906,1.0005159556773504
1337.5454076565711,0.99990535,1.0014071058148208
1337.5467965213875,0.9997752,1.0002582089716099
1337.5481853860865,0.9997907,1.001157398027027
1337.5495742509015,0.99988157,1.0026497694229564
1337.5509631157176,0.9999973,1.0022999557843737
1337.5523519804174,0.9998326,1.0031553688355739
1337.5537408452324,1.0001527,1.00152027255864
1337.5551297099314,0.99978507,0.9976905857131877
1337.5565185747478,0.99994695,1.003711527898724
1337.557907439447,1.0001725,1.0021384256954917
1337.5592963041463,0.99996364,1.0006430883336674
1337.5606851689618,0.99991125,1.0025151162436625
1337.5620740336617,0.9998272,1.0028526922969945
1337.5634628983607,1.000061,1.0017113879608193
1337.5648517631757,0.99978286,1.0017882984418518
1337.5662406278757,1.0001928,1.0017862534805522
1337.5676294925754,0.9999998,1.0018873510858253
1337.5690183572738,0.9998036,1.0027826498911037
1337.5704072220894,0.99982136,1.0019139224531797
1337.5717960867892,0.99986035,1.0029705712153183
1337.5731849514877,1.0001386,1.000554692044104
1337.5745738161868,0.99956685,1.0021047912458563
1337.5759626808867,1.0000398,1.002733496096501
1337.5773515455858,1.0000763,1.0032657925729547
1337.5787404102853,1.0000036,0.999568586722891
1337.5801292749843,0.9997136,1.0014325092266958
1337.5815181396833,0.99982417,1.0027021392053967
1337.5829070043826,0.9996887,1.000293843008976
1337.5842958690819,0.99980253,1.0037445177152926
1337.585684733781,0.99983627,1.0016275011095646
1337.5870735983644,0.9998921,1.0021804154787304
1337.589851327762,0.9997735,1.00122396913798
1337.591240192462,0.9998662,1.0028303472307247
1337.5926290570446,0.99994713,1.0017988507032192
1337.5940179217437,0.9998982,1.0017742657637045
1337.5954067864436,0.99991536,1.0001734688607424
1337.5967956510262,1.0000477,1.0045983806751764
1337.5981845157255,0.9998452,1.0010832591463394
1337.5995733804248,0.99971783,1.0029420823073474
1337.6009622450074,0.99982697,1.0016839195275415
1337.6023511097073,0.99985665,1.0008720468365364
1337.60373997429,1.0000557,1.0017325285084073
1337.6051288389885,0.99997824,1.0013237250667097
1337.606517703572,1.000049,1.0033946399252696
1337.6079065681547,0.9999083,1.001012196133295
1337.6092954328533,0.999821,1.001923383922299
1337.6106842974368,1.0001692,1.0019631760436942
1337.6120731620201,1.000038,1.0019049864129255
1337.6134620267185,1.0000681,1.0022831705193191
1337.6148508913013,0.9999876,1.003534587743817
1337.6162397558846,0.9998844,1.0007065411056817
1337.6176286204668,0.9999635,0.9999447537282918
1337.6190174851658,0.9999587,1.0020182070419017
1337.6204063497494,0.9998534,1.0020367461672433
1337.621795214332,0.9997971,1.0005814575323702
1337.623184078915,1.000174,1.0024548034187108
1337.6245729434977,0.9998757,1.0023883836002458
1337.6259618080803,1.0000415,1.0003730281250849
1337.6273506726639,1.0002463,1.0026553769826483
1337.6287395372465,1.000135,1.000422419757967
1337.6301284018286,0.9999195,1.0031702653508474
1337.6315172664122,1.0000614,1.001389280858323
1337.6329061309948,0.9999699,1.000777278069711
1337.6342949955774,0.9998816,0.999719049178682
1337.635683860161,1.0000279,1.001505143168604
1337.6370727246274,0.9997598,1.0031757216947506
1337.6384615892102,0.99985933,1.0020106771692245
1337.6398504537929,0.9999425,1.0021252952855895
1337.6412393183755,0.99994695,0.9990200301513759
1337.642628182842,0.9998109,1.003781491661463
1337.6440170474248,0.9998302,0.9974974000881109
1337.6454059120074,0.99969274,1.0038944632097746
1337.6467947764745,0.9999075,1.000045662493588
1337.6481836410571,0.9998674,1.0036332372383057
1337.6495725055229,0.9999759,0.9995251405832943
1337.6509613701064,0.9999349,1.0035806615408704
1337.6523502345733,0.99985665,1.0006333514812547
1337.6537390991552,1.0001011,1.00319459232385
1337.6551279636217,0.99966145,1.0031575411225648
1337.656516828205,0.99987817,1.0007070154031095
1337.6579056926707,0.99982953,1.0002797855118806
1337.6592945571372,0.99977016,1.003289749535348
1337.6606834217205,0.99997467,1.003396819658689
1337.662072286187,1.0000356,1.0005727898134047
1337.6634611506533,0.99985933,1.0026415720119468
1337.6648500151196,0.99961627,1.0033343354538544
1337.6662388797022,0.99977183,1.0013040437216396
1337.6676277441686,0.9997056,1.00326248637385
1337.669016608635,1.0001686,1.003353665999169
1337.6704054731013,0.99980694,0.9991759834321023
1337.6717943375684,0.99994314,1.00320604804384
1337.6731832020346,0.9998598,1.0029765974318945
1337.674572066501,0.9996134,0.9987069137889518
1337.675960930968,0.9998764,1.0021875637982243
1337.6773497954343,0.9998853,1.001967446556771
1337.6787386599008,0.9997439,1.0046143778050454
1337.680127524367,0.9998662,1.0010585247306465
1337.6815163888334,0.999946,1.0020836537455349
1337.6829052532999,0.9998498,1.00094430356031
1337.6842941176496,0.999641,0.9998863736496317
1337.6856829821158,1.0000299,1.0025987911078482
1337.6884607110492,0.9998972,1.0028751100013813
1337.6898495753985,0.9999174,1.002102321306319
1337.6912384398656,1.0002395,1.0001436592829467
1337.6926273043318,0.99992925,1.001965398423401
1337.6940161686812,1.0001355,1.0022292710638263
1337.6954050331483,1.0001082,1.002919931983933
1337.6967938974988,1.0001467,1.0006049300734525
1337.6981827619643,0.9997467,1.0024829667619541
1337.6995716263143,0.9997464,1.0001990628453388
1337.7009604907812,0.9998813,1.0042796806419028
1337.7023493551314,0.99999917,1.0020358488537988
1337.7037382195977,0.999767,1.0014058633934206
1337.7051270839474,1.0000039,1.0014555974223494
1337.7065159482975,0.99995047,1.0001952553739488
1337.707904812764,0.99981457,1.0034204268224978
1337.7092936771137,0.99974203,1.0030230873398889
1337.7106825414635,0.99984175,0.9993852800698235
1337.7120714058142,1.000002,1.0009755291343745
1337.7134602702806,0.9999847,1.00163720999897
1337.7148491346306,0.999794,1.00139507830817
1337.7162379989811,0.99999094,1.0027198984170869
1337.7176268633302,0.99995434,1.0035541210470982
1337.7190157276802,0.9998459,1.0026406449897618
1337.7204045920307,0.9999952,1.0014733303039043
1337.7217934563807,0.9999627,1.0025398469310272
1337.7231823207308,0.99990916,1.000255852030356
1337.7245711850805,1.0000544,1.0014614477072166
1337.7259600494306,0.9998393,1.0027674823852406
1337.727348913781,0.99995464,0.9998635278763817
1337.728737778131,0.99999875,1.0033656740093735
1337.7301266423638,0.99980986,1.0020522196381956
1337.7315155067145,0.99967766,1.0016626792123209
1337.7329043710643,0.99987906,1.0030067417891508
1337.7342932354136,0.9998986,0.9995234216653831
1337.7356820996479,0.9998648,1.0037230589854889
1337.7370709639986,1.000218,1.0028298419068655
1337.7384598283477,0.9998044,1.000269652982798
1337.7398486925813,0.99997157,1.0033596835794034
1337.7412375569318,1.000147,0.9998855105089579
1337.7426264211645,0.99989957,1.0023883580788562
1337.7440152855145,0.9999091,1.002926497053729
1337.7454041497485,0.9997613,0.9999887362626412
1337.7467930140988,0.9996647,1.0036481649015327
1337.7481818783322,0.9999977,1.0000761607476163
1337.749570742682,0.9999722,1.0028343767818062
1337.7509596069156,0.9999172,1.0009162199393005
1337.7523484711496,0.99983525,1.002851091473108
1337.7537373354996,0.9998986,1.001136745252034
1337.7551261997332,0.9997862,1.0026647570460843
1337.7565150639673,0.99984527,1.0038551216349036
1337.7579039282,0.99992657,0.9961675953879848
1337.7592927925502,0.9998983,1.0003703274494136
1337.7606816567843,0.99995023,1.0040091225437824
1337.762070521018,1.0000116,1.0029176186615272
1337.7634593852513,0.9998249,1.0014375844652124
1337.7648482494847,0.999816,1.0028621390000307
1337.7662371137183,0.9999019,0.9996646142833415
1337.7676259779519,0.99989444,1.0020221290003857
1337.7690148421852,1.0000731,1.0027870428336245
1337.7704037064186,0.9999712,1.0004879935161846
1337.771792570653,0.99980986,1.0028154277150774
1337.7731814348865,1.0000346,1.0013216447372435
1337.775959163237,1.0001532,1.0016906382090074
1337.7773480274714,0.999725,1.0037352603708494
1337.778736891704,0.9998386,0.9994414205455618
1337.7801257559377,0.99970484,1.0044671795862667
1337.7815146200555,0.9997977,1.003170635248564
1337.7829034842882,0.9998782,1.0019024736385325
1337.7842923485218,0.9995553,1.001649407496975
1337.7856812126395,0.99982417,1.0049088683153247
1337.787070076873,1.0000777,1.0016070735514326
1337.78845894099,0.9998187,1.0011017069654196
1337.7898478052234,0.99983203,1.0032760569221986
1337.7912366693413,0.999876,1.002759415765676
1337.792625533575,0.9998745,1.0002634820660528
1337.7940143976912,0.99999094,1.002801991728991
1337.795403261809,1.0000613,1.001899609614443
1337.7967921260433,1.0000093,1.0011649112867615
1337.7981809901596,1.0001339,1.0032738558527186
1337.7995698542768,1.0000554,1.001123517267537
1337.8009587185109,0.9998231,1.0011188079128472
1337.802347582628,0.9996418,1.0029194117963371
1337.803736446745,1.000096,1.0018722456362776
1337.8051253108622,0.9997753,1.0017890672201213
1337.8065141749794,0.99992436,1.001942008287434
1337.8079030390963,1.0000436,1.0006703637314267
1337.8092919032133,0.99951524,1.002562212064087
1337.8106807673305,1.0000077,1.0003265073722227
1337.8120696314481,1.000001,1.0031930746797635
1337.8134584955653,0.99977636,1.0002159331738665
1337.8148473596816,1.000029,1.0035972433348532
1337.8162362237995,0.99992675,1.0006532587546653
1337.8176250879167,0.9997899,1.003066776859766
1337.819013952033,0.9997098,1.0004599297044827
1337.8204028161508,1.0000173,1.001963054683453
1337.8217916802687,0.9999214,1.0021505641942945
1337.8231805442686,0.9996733,1.0032337545232957
1337.8245694083857,0.9998554,1.0004434589958962
1337.8259582725036,0.999916,1.0014994745677182
1337.8273471365042,0.999814,1.0009645686726212
1337.8287360006211,0.9996343,1.0039852522989183
1337.830124864622,1.000187,1.0017435989313472
1337.8315137287395,0.99989796,1.0012467616042793
1337.8329025928567,1.0000207,1.0035492312441443
1337.8342914568566,0.9997111,1.0021205860897235
1337.835680320858,1.0000055,1.0015021315481345
1337.837069184976,0.9996738,1.0012636812987954
1337.848180097214,0.99987406,0.994682664786353
1337.8495689612148,0.9995295,0.9976849387519373
1337.8509578252156,1.0001032,1.0018051176341376
1337.8523466892168,1.000179,1.0025279627246586
1337.8537355532176,0.99998325,1.0001953428263333
1337.8551244172174,1.0000477,1.0033392651242334
1337.8565132812187,1.0002673,1.003380752303942
1337.8579021452194,0.99990064,1.0011676358227573
1337.8592910092193,1.0000975,1.0042644680487007
1337.8606798732208,0.9999832,1.0017659195437616
1337.8620687372222,0.99985796,1.0022982328111292
1337.8634576012223,1.0000287,1.0038338367206256
1337.8648464652229,1.0000564,1.002567488426489
1337.866235329108,1.0001456,1.0032117744361415
1337.8676241931078,1.000059,1.0018408053963352
1337.8690130571085,1.000033,1.0026915831898133
1337.8704019209933,1.0000391,1.0028843769897846
1337.8717907849946,1.0000477,1.0032317766142524
1337.8731796489956,1.0002631,1.0025843173375923
1337.874568512879,1.0000039,1.0033698591579991
1337.8759573768803,0.99996716,1.002131347639247
1337.8773462407653,0.99993056,1.0031754430217361
1337.8787351047654,1.0001029,1.0020504412689428
1337.8801239686495,1.0000601,1.002781329366235
1337.8815128325346,0.9999274,1.0021655272816892
1337.8829016965346,1.0000635,1.0049368837873764
1337.8842905604188,1.000042,1.0012339620740147
1337.8856794243038,0.9998486,1.0023513901763548
1337.8870682883044,1.0000521,1.0020951531451234
1337.8884571521885,0.9999545,1.001611120968913
1337.8898460160729,1.0002681,1.0037207616229498
1337.8912348799572,0.9997611,1.002588429736643
1337.8926237438413,1.0001385,1.000858037869448
1337.8940126077255,1.0000294,1.002333262267795
1337.89540147161,0.99983877,1.0021030617814166
1337.8967903354949,1.0000373,1.0040810302326035
1337.8981791993792,0.9999436,1.001125269440061
1337.8995680632627,1.0000167,1.0032063094436867
1337.9009569271475,1.0003124,1.0017340305376503
1337.9023457910325,1.0001044,1.002966391543545
1337.9037346549162,0.99999046,1.001974922564297
1337.9051235188003,1.0001758,1.00338335326536
1337.9065123826854,1.0001477,1.0034654291366487
1337.9079012464526,1.0000244,1.0016917848599949
1337.9092901103368,1.000103,1.0026830566913683
1337.9106789742218,1.0000027,1.0027373845996428
1337.9120678381066,1.0000129,1.0029907228904662
1337.9134567018746,0.9998588,1.0023766453995513
1337.914845565758,0.9999796,1.0034117457068183
1337.9162344295264,1.0001042,1.002181262199022
1337.917623293411,1.0001199,1.0030138095908965
1337.919012157178,1.0000601,1.0027212663475387
1337.9204010210628,1.0000637,1.0017539521867167
1337.9217898848315,1.0002344,1.0024715541484268
1337.9231787487151,0.99989086,1.0020901060833234
1337.9245676124829,0.99998236,1.0037891975023945
1337.9259564762515,0.9998776,1.0027215162114411
1337.9273453401356,1.0000544,1.003850403923545
1337.9287342039036,0.9998427,1.0010134431444684
1337.9301230676715,1.0001154,1.0032337749220013
1337.9315119314392,1.0002166,1.0019153016510294
1337.932900795207,0.9999448,1.0017046143158967
1337.9342896590913,1.0000823,1.0049529459285598
1337.9356785228592,0.99994105,1.0025260256434945
1337.9370673866279,0.99997073,1.0039619596753024
1337.9384562503956,1.000107,1.002430579983649
1337.9398451141628,1.000109,1.0017502044999942
1337.9412339779312,1.0001208,1.0025016702247787
1337.9426228416996,1.0001775,1.00331260511625
1337.944011705467,1.0002196,1.0027725599695125
1337.9454005691182,1.000031,1.0030221800471164
1337.9467894328868,1.00018,1.0017898051885084
1337.948178296654,1.0001686,1.0024430070653334
1337.9495671604218,1.000118,1.0031805995336516
1337.9509560241904,1.0000522,1.0024008905415547
1337.9523448878426,1.0000306,1.0039352243939261
1337.9537337516103,0.99998546,1.0011664231116768
1337.9551226152612,1.000058,1.0024161094771562
1337.9565114790296,0.9999139,1.003891952264559
1337.9579003427975,0.99995464,1.0013587242452884
1337.9592892064481,1.000012,1.0031890631763494
1337.9606780702165,0.9999376,1.00314808894256
1337.9620669338688,0.9999852,1.0031267069597862
1337.9634557975196,1.0000013,1.0018900223671257
1337.9648446612873,1.0000963,1.0031172670131419
1337.9662335249395,0.99983406,1.0033118572582271
1337.9676223887072,0.99998814,1.0047766368830962
1337.9690112523588,1.0001117,1.0025185514270891
1337.9704001160103,1.0001022,1.0020623840362386
1337.9717889796616,1.0001286,1.0033295867654506
1337.973177843313,0.99991554,1.0013637374380293
1337.974566707081,0.9999826,1.0037478360065752
1337.9759555707324,0.9999515,1.003934532810409
1337.9773444343846,0.9999139,1.0016026432201812
1337.9787332980359,1.0000751,1.0039432586017256
1337.9801221616867,0.99989396,1.0023232652301337
1337.9815110253387,0.9999351,1.0043107646170473
1337.9828998889902,0.9999202,1.0021161349559826
1337.984288752641,0.99992806,1.0033985273608796
1337.9856776161766,0.9997214,1.0044534145000839
1337.9870664798286,0.9998096,1.003417918927263
1337.9884553434802,0.9997861,1.0030294736199759
1337.9898442071317,0.9998166,1.0032366867810267
1337.991233070783,0.9998983,1.0018382544263524
1337.9926219343188,0.9996442,1.0047296782538357
1337.99401079797,0.99997926,1.0025908430138717
1337.995399661621,0.9998183,1.0026655718204336
1337.9967885251567,0.9999272,1.004392833933433
1337.998177388808,0.99969506,1.0031188834192752
1337.9995662523424,0.99993855,1.0030985700399486
1338.0009551159944,0.9998481,1.0028927032096184
1338.00234397953,0.9996422,1.0036776531332354
1338.0037328431808,0.99973226,1.0027130029038298
1338.0051217067157,0.999736,1.0044777077862546
1338.0065105702515,0.9996432,1.0018305867458352
1338.0078994339024,0.99979657,1.0035126847445
1338.0092882974373,0.99962294,1.0050615150377822
1338.010677160973,0.999653,1.0016706009720913
1338.012066024508,0.99960715,1.0048441498210154
1338.0134548881595,0.99960977,1.0025749720454846
1338.0148437516946,0.99982184,1.00259779897463
1338.0162326152295,0.9993163,1.0031611274863608
1338.0176214787652,0.9997181,1.0033769331188374
1338.0190103423001,0.99997556,1.0034272561134374
1338.0203992058346,0.9995992,1.0027469275026268
1338.0217880693704,0.9995706,1.003132835506273
1338.0231769329052,0.99975544,1.0044343113560767
1338.0245657964397,0.99996865,1.0019379954395111
1338.0259546599752,0.9996238,1.0042635185803177
1338.0273435233944,0.99972916,1.0033327409120931
1338.0287323869297,0.9998249,1.0047059152071882
1338.0301212504646,0.99965215,1.002580649064451
1338.0315101139995,0.99962616,1.0037905618773608
1338.0328989774182,0.9998009,1.002226450293858
1338.0342878409533,0.99985445,1.0027470654742474
1338.0356767044882,0.99949867,1.0038467042114465
1338.0370655679076,0.9996554,1.0043577492357063
1338.0384544314425,0.999812,1.003234533641547
1338.0398432948605,0.9997949,1.0024240718566357
1338.0412321583963,0.9996173,1.004643286703785
1338.0426210218154,0.9997174,1.0029413250316777
1338.0440098853496,0.9995818,1.004275262702877
1338.0453987487683,0.9996325,1.0035232098721076
1338.0467876121875,0.9996447,1.003174659741041
1338.048176475722,0.9997308,1.003433318647545
1338.0495653391404,0.99979997,1.002002906256168
1338.0509542025598,0.999989,1.0032561071730866
1338.0523430659784,0.9998543,1.001882543377803
1338.0537319295136,0.99965566,1.0039423250913329
1338.055120792932,0.99980986,1.003435943570368
1338.0565096563505,0.9996302,1.0038272214687425
1338.0578985197699,0.99971396,1.002841918039178
1338.0592873831883,0.99983793,1.0022057736828294
1338.0606762466064,0.9997349,1.0024757246121663
1338.0620651100257,0.9999361,1.0037144154798057
1338.0634539734442,0.99978566,1.004821046614388
1338.0648428368622,0.99978924,1.002164852090291
1338.0662317001652,0.99964535,1.003977174332137
1338.0676205635843,0.99981517,1.0040720535338805
1338.069009427003,0.99981564,1.0038101233651195
1338.0703982904215,0.9997218,1.0042399190923885
1338.0717871537236,0.99961835,1.0023511738687203
1338.0731760171425,0.99978864,1.0028577400016092
1338.074564880561,0.99986666,1.0035635952338664
1338.075953743863,0.9997049,1.0037527110769964
1338.0773426072824,0.99962574,1.0037499275531983
1338.0787314705844,0.9998456,1.0027837068534133
1338.0801203340025,0.99986565,1.0036689114516375
1338.0815091973054,0.99980146,1.0027384820405145
1338.0828980607246,0.99970996,1.00366249002683
1338.084286924026,0.999591,1.003246267349472
1338.0856757873285,0.99940485,1.0036319921169115
1338.0870646507476,0.99971545,1.0024081594466534
1338.088453514049,0.9996725,1.0051798228815685
1338.0898423773513,0.999877,0.9998846911184978
1338.091231240654,0.9999702,1.0024359140462065
1338.0926201040727,0.9996916,1.0024091939425732
1338.094008967375,0.99963665,1.005679498139602
1338.095397830677,0.99973136,1.0032625802958433
1338.096786693979,0.99986124,1.002550180414332
1338.0981755572816,0.9997648,1.0039847930352406
1338.0995644205836,0.9998336,1.0033262100301856
1338.1009532838857,1.0001286,1.0033063518533403
1338.1023421471887,0.9999816,1.0013568753285353
1338.1037310103743,0.99997944,1.0027358955945198
1338.105119873676,1.0000365,1.0036938825312873
1338.1065087369789,0.9999766,1.0015699391492294
1338.1078976002818,0.99986047,1.0029253760646488
1338.1092864635839,0.9998901,1.0032129799523315
1338.1106753267695,1.0001457,1.0027300848606713
1338.1120641900718,0.99985045,1.0039945694987482
1338.113453053374,0.9999928,1.0016743902390148
1338.1148419165597,1.000068,1.005134320167021
1338.1162307798618,1.0005062,1.0021015180632968
1338.1176196430483,1.0000257,1.000662680260401
1338.1190085063506,0.9999125,1.003701264859956
1338.1203973695356,1.0002145,1.0015883093029536
1338.1217862328385,1.0001266,1.003462010012058
1338.1231750960242,1.0001364,1.0044422045467485
1338.1245639592094,0.99981785,1.0014364239974631
1338.125952822396,1.0002191,1.002991211278078
1338.1273416856986,0.9999934,1.003090296111919
1338.1287305488836,1.0000138,1.0038028462338293
1338.1301194120697,1.0000124,1.0024902994421483
1338.131508275256,1.0000837,1.0020297941669445
1338.1328971384419,1.000059,1.003773866586179
1338.1342860016275,0.99992263,1.0023937362305193
1338.1356748648132,1.0001409,1.003467664128242
1338.137063727999,1.0000136,1.0027255328208156
1338.138452591185,1.000072,1.0036755329196207
1338.1398414543705,0.9999235,1.0030439102676363
1338.1412303175562,0.9999294,1.0032506975057591
1338.1426191807427,0.99982613,1.0027236540740596
1338.1440080439286,0.9998322,1.0023716918239671
1338.1453969071135,0.9997046,1.0045300072701366
1338.1467857701837,1.0001308,1.0034081156812844
1338.1481746333702,0.99990165,1.0021778972969826
1338.1495634965559,1.0000609,1.0036247874214281
1338.150952359625,0.99991083,1.0022441790783936
1338.1523412228112,0.9999444,1.0039570459203637
1338.1537300859968,1.0000169,1.0034080768740223
1338.155118949066,0.999931,1.0039742681140034
1338.156507812252,0.9997739,1.002406048355354
1338.1578966753218,0.9997188,1.0008868172928964
1338.1592855383913,0.99996585,1.0051148039107862
1338.1606744015762,0.9997956,1.0026448842524889
1338.1620632646463,1.0000845,1.0036016519868867
1338.1634521277156,1.0000231,1.0024640246785002
1338.1648409909008,1.0000094,1.0034104120895355
1338.166229853971,1.0000627,1.0027482247657284
1338.167618717041,0.99999833,1.0030296877824088
1338.1690075801096,0.999854,1.0034873506046267
1338.170396443179,0.9999911,1.0033669890953008
1338.171785306249,0.99991304,1.003036091649332
1338.1731741694348,0.99986875,1.0034097957506354
1338.174563032504,0.99995685,1.0033829816622255
1338.175951895457,1.0000772,1.0039207431811819
1338.1773407585265,0.9998486,1.0026486894943545
1338.1787296215957,1.0000184,1.0025162922195057
1338.180118484665,1.0003113,1.0034925566616473
1338.1815073477344,0.99999934,1.002156741770099
1338.1828962108043,0.999777,1.0054655391821847
1338.1842850737573,1.0000074,1.0024615237382581
1338.1856739368268,0.9999187,1.004253572024053
1338.187062799897,1.0001656,1.00267631158841
1338.188451662849,1.0000618,1.0025099820641614
1338.1898405259185,1.0001339,1.003611518481605
1338.1912293889884,1.0000767,1.0029934582680182
1338.1926182519414,1.0001057,1.0033913073219045
1338.1940071150107,1.0002931,1.0005624093766203
1338.1953959779635,1.000193,1.0040182070113555
1338.1967848409165,1.0001551,1.0047657506968795
1338.1981737039864,1.0001253,1.00336483696904
1338.1995625669397,1.0000604,1.0040112562273216
1338.2009514298918,0.9999307,1.0029271415380123
1338.2023402929617,0.9999232,1.0026828194008222
1338.2037291559147,1.0001546,1.0046793966285394
1338.2051180188669,1.0001141,1.0041595395185876
1338.2065068818206,1.0000843,1.002723685311847
1338.2078957447743,1.0001266,1.0032414535505334
1338.2092846077267,0.99984276,1.0024566375623212
1338.2106734707959,1.0002713,1.0042151843601923
1338.2120623337496,1.0001866,1.005076232742489
1338.213451196586,0.99984926,1.0023257316246867
1338.2148400595388,0.9999321,1.007460430274877
1338.2162289224918,0.9997986,1.0013912240217444
1338.2176177854449,1.0000577,1.0038684845296137
1338.2190066483977,0.99993795,1.003182685038892
1338.2203955113505,1.0001464,1.0050266723263082
1338.2217843741873,0.9998224,1.0023292037164857
1338.2231732371408,0.99989563,1.004060968766987
1338.2245621000939,0.99997056,1.004152349050268
1338.2259509629303,1.0000416,1.001822799521338
1338.227339825884,0.99996823,1.0044183357328116
1338.228728688836,1.0000706,1.004044793183682
1338.2301175516727,1.0000445,1.0035126308059212
1338.2315064146264,0.99987996,1.0027347640081272
1338.2328952774628,0.99993795,1.00449837511656
1338.2342841402992,1.0000564,1.004061609823949
1338.2356730032523,0.9999896,1.002125941434492
1338.2370618660889,1.0000935,1.0028071390264268
1338.238450728926,0.9998571,1.0037726837345107
1338.239839591879,0.99998844,1.0039840552994068
1338.2412284547147,0.9999094,1.0033300750768135
1338.2426173175518,0.9999195,1.0038529817561233
1338.2440061803886,1.0000021,1.0031652507143975
1338.2453950432243,0.99993813,1.0036294946501167
1338.2467839060614,0.9999197,1.0033882953388953
1338.2481727688987,1.000008,1.0043229978906862
1338.2495616317347,0.99977696,1.0034636998552775
1338.250950494571,1.0000453,1.0030171748559882
1338.2523393574083,0.99996674,1.0042536154844555
1338.253728220244,0.99983317,1.0032094279945685
1338.2551170830807,0.9999949,1.004034703982137
1338.256505945918,1.000049,1.0036113026979967
1338.257894808638,1.0001285,1.0041358972307748
1338.2592836714743,1.0000372,1.0035791487007684
1338.260672534311,1.0002341,1.0043848301068419
1338.2620613970312,0.9999254,1.003232278008618
1338.2634502598683,0.9999875,1.003254050893556
1338.2648391225885,1.0000647,1.00429428041503
1338.2662279854248,1.0001701,1.0040324898298238
1338.2676168481457,0.99998796,1.0021819296802312
1338.2690057109817,1.0002539,1.0039307793259913
1338.2703945737017,1.0001688,1.0035777109032076
1338.271783436539,0.99989647,1.0050891310520493
1338.273172299259,1.0000192,1.0036762372790782
1338.274561161979,1.0000638,1.0035615710281225
1338.2759500248158,1.0001279,1.0035295437808807
1338.2773388875357,1.0000036,1.0034501326583387
1338.2787277502566,0.9998864,1.0046079997137793
1338.2801166129766,1.0000083,1.002126248736223
1338.2815054756961,1.0000455,1.0033616814875344
1338.2828943384168,1.0001409,1.0050605917783504
1338.284283201137,1.0000733,1.0034805230533423
1338.2856720638563,0.9999249,1.003869889430689
1338.287060926577,0.9999075,1.0034233508351547
1338.2884497892978,0.9999112,1.0045743064727926
1338.2898386520174,0.9999877,1.0033112410558997
1338.2912275147373,1.0000244,1.0030274403574198
1338.2926163774582,0.999932,1.004648902842786
1338.2940052401777,0.99999213,1.0031438616366373
1338.2953941027813,1.0000242,1.004613208965221
1338.2967829655022,0.99993044,1.0040508620768107
1338.2981718282222,1.0001723,1.005020157314039
1338.2995606908257,1.0001011,1.0029079343783014
1338.3009495535462,1.0000938,1.0040641416247478
1338.3023384161497,0.99999446,1.0035682533298245
1338.3037272788706,0.9999848,1.0028007113431827
1338.3051161414742,1.0001554,1.0040200114848317
1338.3065050041942,1.0000138,1.0032365691176388
1338.3078938667986,1.000071,1.0037046890706407
1338.3092827294017,0.9998326,1.0019894962025846
1338.3106715921217,0.9999915,1.0045442649274468
1338.3120604547262,1.0000018,1.0044122651791956
1338.3134493173297,1.0002791,1.004350975828703
1338.3148381799335,1.0000862,1.0023886857597308
1338.3162270426537,0.99980175,1.0046531266008503
1338.3176159052573,0.9999483,1.0049647152575332
1338.3190047678618,1.0000548,1.0031608208293936
1338.3203936304653,0.99976265,1.0038142297047454
1338.3217824930684,0.9999433,1.0045497773980938
1338.323171355673,0.9998697,1.0028331375485973
1338.3245602182765,0.9999284,1.0040046286816833
1338.3259490808796,1.0002476,1.0031455119339558
1338.3273379433674,0.9998456,1.001292405873196
1338.3287268059717,0.9998936,1.0048416889504401
1338.3301156685748,1.0000271,1.0041685267062914
1338.3315045311783,0.99987906,1.0031097057460743
1338.3328933936664,1.0001651,1.0028701491087715
1338.3342822562695,1.0001569,1.003934456092042
1338.335671118873,1.000075,1.0035810369833826
1338.337059981361,1.0001377,1.0043163975826468
1338.3384488439647,0.9999185,1.0028497136155807
1338.339837706452,0.9998021,1.003580574602302
1338.3412265690558,0.99976164,1.0042501284955787
1338.342615431543,1.0000734,1.0034654712719608
1338.3440042941475,0.9999764,1.0039728439916147
1338.3453931566346,0.9999565,1.0043497856653756
1338.346782019122,0.9999799,1.0019973612456867
1338.3481708816098,1.0001599,1.0046948536149292
1338.349559744213,1.0001134,1.0051223312773703
1338.3509486067,1.0001103,1.002687381500313
1338.3523374691881,1.0000697,1.0044496129755276
1338.3537263316753,0.9999915,1.003718502520378
1338.3551151941629,0.99991536,1.0024942728577326
1338.35650405665,0.9999973,1.0028540685414127
1338.3578929191372,1.0000999,1.0042725176142848
1338.3592817816252,1.0001297,1.0040995889282578
1338.3606706441124,1.000107,1.003796887127814
1338.362059506599,1.0000532,1.004285603209915
1338.363448369087,1.0001574,1.0031743423962836
1338.3648372315743,0.99997246,1.0030226409406067
1338.3662260939445,0.99995685,1.0054778288184165
1338.3676149564326,1.0000162,1.002643455167876
1338.3690038189204,1.0000298,1.0037649544135088
1338.3703926814069,0.9997977,1.0042314789990474
1338.3717815437778,1.0000203,1.002558101036608
1338.3731704062657,1.0000486,1.0034061374544132
1338.374559268636,0.99998856,1.004507015299027
1338.375948131123,1.0000759,1.0039015702318426
1338.3773369934947,1.0000266,1.004239811094452
1338.378725855982,1.0000362,1.0021000775908693
1338.380114718353,1.0000799,1.0043743304937909
1338.3815035807238,0.9997777,1.0052044124956332
1338.3828924432119,1.0000165,1.004244695992552
1338.3842813055833,0.99991316,1.0026634557117458
1338.3856701679533,1.0000708,1.0054273342465785
1338.3870590303243,0.99996805,1.0024567910952935
1338.388447892812,1.0001729,1.0038136626924097
1338.3898367551824,0.99991,1.0032887593374327
1338.3912256175533,0.9999023,1.0038311680124488
1338.3926144799248,0.999863,1.0038160799422537
1338.3940033422957,0.9998222,1.004440033548979
1338.3953922046667,1.0000103,1.0041107646473337
1338.3967810670374,0.9998558,1.0055430207464995
1338.3981699294081,1.000035,1.0032488845215828
1338.3995587917798,0.9997988,1.0052901370832477
1338.4009476540343,1.0001523,1.003113709801663
1338.4023365164044,0.9999533,1.004305447059432
1338.403725378776,1.0000858,1.0052876955620593
1338.4051142411467,1.0000638,1.0040502415265884
1338.4065031034006,1.0000552,1.0035718542283594
1338.4078919657723,0.9998772,1.004263220903036
1338.4092808280272,1.0001289,1.0048232553333254
1338.4106696903973,0.9999187,1.003323977864789
1338.412058552652,0.9998975,1.0057123731743107
1338.4134474150235,0.99997324,1.002949169175385
1338.4148362772771,1.0001245,1.0038422811980692
1338.416225139648,1.000112,1.003587332117213
1338.417614001903,1.0001758,1.0030899666406226
1338.4190028641576,1.0001327,1.0047139393163969
1338.4203917265286,1.0000389,1.0051253435786882
1338.421780588783,1.0002103,1.0041277333861292
1338.4231694510381,0.99997884,1.003537395483851
1338.4245583132933,0.9999663,1.0041294248539223
1338.425947175547,0.99996436,1.0034520978039803
1338.427336037918,0.9999042,1.0043548981721804
1338.428724900173,1.0001196,1.0038074838269757
1338.4301137624266,1.0001336,1.0034332630751686
1338.4315026246811,1.0002311,1.002345164496328
1338.4328914868197,0.9998635,1.004791041141495
1338.4342803490745,1.0002025,1.0047200201976654
1338.4356692113288,0.9998931,1.0046544502486299
1338.437058073583,1.0000199,1.002432225730537
1338.4384469358376,0.9997907,1.0038177350840483
1338.4398357980926,0.99996763,1.0055807087248485
1338.4412246602308,1.0000423,1.0042241666475247
1338.4426135224844,0.9997673,1.0036257747445072
1338.4440023847396,0.99998677,1.005203338919815
1338.4453912468778,1.0000854,1.0039685080333705
1338.4467801091314,1.00006,1.0033676495921555
1338.4481689712702,0.99994975,1.0050099780415012
1338.4495578335254,1.0000281,1.0042546297437367
1338.4509466956627,0.9999525,1.0038336425994157
1338.4523355579172,0.9999521,1.0026234431692862
1338.4537244200558,0.99990934,1.0066808974384602
1338.455113282193,0.9999863,1.0029177098610773
1338.4565021444478,0.99997175,1.0044913690934507
1338.4578910065864,1.0000498,1.0026642086386932
1338.4592798687245,1.0000303,1.005860723299896
1338.4606687308624,0.9999247,1.0033688814008597
1338.4620575930003,0.9999185,1.0045352316828877
1338.463446455139,1.0001467,1.0045363363342559
1338.464835317278,0.9998073,1.0050000200893634
1338.4662241794151,0.99990016,1.0038553190197104
1338.4676130415532,0.9999715,1.005379684065804
1338.469001903692,1.0000721,1.0030720769063417
1338.4703907658293,0.99983656,1.0052444509547427
1338.4717796279674,1.0000607,1.0048769453342246
1338.473168490106,0.9998235,1.0027151284477103
1338.4745573522441,0.9998804,1.0061201916742617
1338.475946214382,0.99993527,1.0034684872509465
1338.4773350764035,0.9998285,1.004045347736485
1338.4787239385419,1.0000249,1.004364390032102
1338.4801128006804,0.99987155,1.003205906383397
1338.4815016627022,1.0000783,1.0035328598282756
1338.4828905248394,1.0002756,1.005738068324982
1338.4842793868615,1.0002795,1.0033949382633145
1338.4856682489997,1.0000069,1.005630101003229
1338.4870571110205,1.0001714,1.003392233901545
1338.4884459731593,0.9998436,1.0040960772447332
1338.4898348351817,0.9999426,1.0045853570218697
1338.4912236972027,1.0001274,1.005517254503392
1338.4926125593406,1.0002766,1.002372122389897
1338.494001421363,1.0002109,1.004943123044953
1338.4953902833838,0.99977803,1.004500861974172
1338.4967791454055,1.0000358,1.0032104731558686
1338.498168007544,0.999909,1.003954916577438
1338.4995568695658,0.9999903,1.0058535469951695
1338.5009457315873,1.0001163,1.004582106182252
1338.502334593609,0.99998647,1.0029537880278911
1338.5037234556312,1.0000136,1.004559968778335
1338.5051123176536,0.9999795,1.0044769342992506
1338.5065011796746,0.9998208,1.0032445709259752
1338.507890041696,0.99998236,1.0040575907098805
1338.509278903602,0.9999853,1.004455035959257
1338.5106677656229,1.0000358,1.0029791678974462
1338.5120566276446,1.0000249,1.0047107265647528
1338.513445489667,1.0001314,1.0035728488027422
1338.5148343516885,0.9999326,1.0050936326257047
1338.5162232135935,1.0000306,1.0031176809098348
1338.5176120756153,1.0000596,1.0031212604455981
1338.5190009375206,1.0000683,1.004394750725939
1338.5203897995427,1.0001144,1.0033978725421244
1338.521778661448,1.0000594,1.0062953604081335
1339.6564784962925,0.99818707,0.974938171619904
1339.6578673588967,0.99878633,1.0150728644491696
1339.6592562216188,0.9988954,1.0244583520884918
1339.660645084341,0.99915385,1.0311904257061237
1339.6620339469455,0.9990842,1.032181796378242
1339.6634228096668,0.99911296,1.03332465815355
1339.664811672389,0.9989697,1.0329827061913954
1339.6662005351106,0.9989826,1.0338534282127845
1339.6675893978322,0.9991203,1.0334950680950616
1339.6689782605536,0.9990032,1.0337182551948092
1339.670367123275,0.9988618,1.0337314852343542
1339.6717559859967,0.9990193,1.034358010560136
1339.673144848718,0.99899185,1.0335864394556862
1339.6745337114403,0.99903363,1.0337951562971146
1339.6759225741625,0.999073,1.0344185593512136
1339.6773114369996,0.999111,1.0341195899853892
1339.6787002997212,0.9991454,1.0335156846574016
1339.6800891624432,0.99901706,1.0333865081696652
1339.6814780252812,0.9988936,1.0339159115622825
1339.6828668880025,0.99934494,1.0339253133640955
1339.684255750724,0.9991952,1.0338111862579673
1339.685644613562,0.99893814,1.0331052513497179
1339.6870334764008,0.99907076,1.033367444845793
1339.688422339122,0.9991397,1.033409482692543
1339.6898112019594,0.9991553,1.0332087349104018
1339.691200064798,0.99914455,1.0321874212971773
1339.6925889275194,0.9991163,1.034883368589489
1339.6939777903567,0.99897504,1.0329212624749022
1339.6953666531952,0.99915034,1.032760370617254
1339.6967555160336,0.99922854,1.033928953734361
1339.6981443788718,0.9992495,1.033245110722795
1339.6995332417096,0.9989643,1.0327566078728467
1339.7009221045473,0.99897295,1.0345406424800994
1339.702310967386,0.99924827,1.0339185372512079
1339.703699830224,0.9989833,1.0324617439578387
1339.705088693061,0.99925715,1.033641978352511
1339.7064775560161,0.9991305,1.0332217379878021
1339.7078664188539,0.9989965,1.0335232885134698
1339.7092552816912,0.9992307,1.0328730434530484
1339.7106441446463,0.99920994,1.0339212500088775
1339.712033007485,0.9990405,1.0324614223554942
1339.7134218704387,0.9990032,1.0328782411116977
1339.7148107332764,0.9991251,1.0329889388068965
1339.7161995962315,0.99923587,1.0331597542737299
1339.7175884590692,0.99894524,1.034153708072726
1339.7189773220234,0.99905574,1.032803699651477
1339.720366184978,0.9993991,1.0333431826122925
1339.7217550478165,0.999125,1.0321236790036197
1339.723143910771,0.9990815,1.033412431085321
1339.7245327737246,0.99903375,1.0333973070627565
1339.7259216366795,0.99892974,1.0327342349272908
1339.7273104996343,0.99907863,1.0330542147540358
1339.728699362588,0.99870765,1.0332450087382121
1339.7300882255422,0.99922574,1.0317513152698496
1339.7314770884973,0.9989596,1.0338477839418745
1339.7328659514517,0.9990021,1.03335888010373
1339.734254814406,0.99902946,1.033353505843775
1339.7356436774767,0.99896556,1.0321886919258108
1339.737032540431,0.99916965,1.0325862462070592
1339.7384214033855,0.99898756,1.0328017807859466
1339.739810266456,0.9990861,1.0336959743601288
1339.7411991294105,0.9988809,1.0338229001206178
1339.7425879923653,0.9990956,1.0333983164100744
1339.7439768554361,0.99908024,1.0329545573086472
1339.745365718507,0.9991541,1.0333905553013998
1339.746754581462,0.9991016,1.0333096796691117
1339.7481434445326,0.99902755,1.0325707340791856
1339.7495323076032,0.9990574,1.0326486252128153
1339.7509211705578,0.9989942,1.031346763723741
1339.7523100336284,0.9992456,1.0330596436545096
1339.753698896699,0.99910593,1.0328246062563498
1339.7550877597698,0.99927837,1.0321227384073124
1339.7564766228406,0.99941295,1.0324585586188417
1339.7578654859121,0.99900687,1.0331127001594327
1339.7592543489827,0.99915314,1.0323899548100315
1339.7606432120529,0.99927086,1.0328259410860987
1339.7620320751244,0.99908,1.0331203435883218
1339.7634209381956,0.9993916,1.0330334687781002
1339.7648098012655,0.99927235,1.0313739017354069
1339.7661986643366,0.9992804,1.0328191674199878
1339.7675875275243,0.9991765,1.0325204317188075
1339.768976390595,0.9989907,1.0324497173146536
1339.7703652536657,0.99894834,1.031057078041344
1339.7717541168527,0.9991197,1.0325403727844367
1339.7731429799242,0.9991499,1.032850466983712
1339.7745318431114,0.9991666,1.0320619905273576
1339.7759207062977,0.9991949,1.032410925308859
1339.7773095693692,0.9991247,1.0325294068357362
1339.7786984325571,0.99894756,1.031913669388147
1339.7800872957437,0.9992605,1.0315509048364
1339.7814761588143,0.9993389,1.0328296184378118
1339.7828650220022,0.99908715,1.0318468134434822
1339.7842538851887,0.9992064,1.0317259561295191
1339.7856427483757,0.9992379,1.0319865132768773
1339.7870316115636,0.9990902,1.0322689209721128
1339.7884204747506,0.9990191,1.0323549484348902
1339.7898093379379,0.9990859,1.032396465761422
1339.791198201125,0.99905306,1.032245321052382
1339.792587064313,0.99899536,1.030918881140366
1339.7939759275007,0.99909586,1.0320027529640754
1339.795364790687,0.99914557,1.030565354514363
1339.7967536539907,0.9990353,1.0324515492471715
1339.7981425171783,0.9990308,1.0306826451391162
1339.799531380365,0.99918216,1.0332538225151011
1339.8009202436685,0.9991193,1.0306235604409246
1339.8023091068562,0.9990612,1.0318802346813976
1339.80369797016,0.99908674,1.0317846274376616
1339.805086833347,0.9989321,1.0320046229571045
1339.8064756966505,0.9989129,1.0316438653096565
1339.8078645598378,0.9994042,1.0315417641720188
1339.8092534231419,0.9992657,1.0317065693034224
1339.8106422864457,0.9992217,1.0307830716048494
1339.812031149632,0.9993006,1.0315759503929105
1339.8134200129361,0.9990508,1.0301311405105609
1339.81480887624,0.9988614,1.0318708245104664
1339.8161977395434,0.99916047,1.0314085824651142
1339.8175866028478,0.99921507,1.0300389864222161
1339.8189754661512,0.99923253,1.031859421806772
1339.8203643294548,0.99914825,1.0312833081326451
1339.8217531927585,0.99918836,1.0310567891664706
1339.823142056062,0.9993966,1.031567443282442
1339.8245309193662,0.9991886,1.0310301332123395
1339.8259197826696,0.999041,1.0318870372746645
1339.827308646089,0.99912584,1.0310390232882687
1339.8286975093934,0.99912566,1.0309765462519092
1339.8300863726977,0.999111,1.0311386347559823
1339.8314752361168,0.9990099,1.0303691766142318
1339.8328640994205,0.99931467,1.030059228983963
1339.8342529627246,0.99926883,1.0313610207798065
1339.8356418261437,0.99920475,1.0298022496069046
1339.837030689564,0.9992844,1.0300106795057378
1339.8384195528681,0.99915105,1.0305331609985535
1339.8398084162882,0.9994908,1.029908247030871
1339.8411972795916,0.9991734,1.0310753040445877
1339.8425861430117,0.99921465,1.0300451923370335
1339.8439750064322,0.99926513,1.0304780833070863
1339.845363869853,0.9990221,1.030849984893442
1339.8467527332723,0.9990157,1.0298848673791425
1339.8481415966921,0.9994783,1.03113211913186
1339.8495304599965,0.9991099,1.0297190874112305
1339.8509193234158,0.9993645,1.0297073697110444
1339.852308186952,0.99923235,1.0304991865381041
1339.8536970503728,0.99921215,1.0294301223762796
1339.8550859137927,0.9992209,1.0292943734145024
1339.856474777213,0.99904937,1.0301667612895307
1339.8578636406328,0.9992205,1.0295328101056704
1339.8592525040526,0.9990527,1.0303079041641405
1339.8606413675898,0.9993066,1.0299250198402483
1339.8620302310096,0.99926156,1.0300547583071378
1339.863419094429,0.9991106,1.0294454442489973
1339.8648079579661,0.9992751,1.030444790487905
1339.866196821386,0.99909586,1.0301848444975983
1339.8675856849227,0.9992972,1.0294784122427834
1339.8689745483432,0.9990191,1.03045878426948
1339.8703634118797,0.9993864,1.0288633781540202
1339.871752275416,0.99941957,1.0311557814946812
1339.8731411388358,0.9990792,1.0295990266975297
1339.8745300023725,0.99925596,1.0287760696901065
1339.8759188659094,0.9989888,1.0292834660777317
1339.8773077294459,0.9991593,1.029119829398306
1339.8786965928653,0.99899817,1.029360647694346
1339.8800854564022,0.9990611,1.030689232879856
1339.8814743199387,0.99904567,1.0303616405871596
1339.8828631834742,0.9991964,1.0296038773749865
1339.8842520470112,0.9993364,1.0297348733162972
1339.8856409105483,0.9991587,1.0301386326054716
1339.887029774084,0.99912155,1.0286143122512172
1339.8884186377368,0.99943346,1.029757723650665
1339.889807501274,0.9991713,1.029081629622314
1339.891196364811,0.9990856,1.0290637735358883
1339.8925852283473,0.999324,1.0304850658424394
1339.8939740919996,0.99916697,1.0292515872155659
1339.8953629555367,0.9991832,1.0290721904338176
1339.896751819073,0.99931675,1.0290454483534734
1339.8981406827252,0.9989599,1.0296437369402756
1339.8995295462623,0.99919677,1.0280034464301013
1339.900918409916,0.99918646,1.0285397216720198
1339.9023072734515,0.9992106,1.0286932847388626
1339.9036961371044,0.9992151,1.029260862343078
1339.905085000758,0.99912095,1.0297557150213603
1339.9064738642942,0.99920964,1.0285996868181961
1339.9078627279468,0.99926823,1.0291700806416426
1339.9092515915997,0.99914896,1.0286184021420846
1339.9106404552526,0.9991268,1.0292126549585099
1339.9120293189053,0.999392,1.027502115034469
1339.9134181825582,0.9992916,1.028761318073778
1339.9148070460951,0.9991166,1.0293089784899832
1339.9161959097487,0.9992153,1.028414637628397
1339.9175847735173,0.9991298,1.0281946094406107
1339.91897363717,0.99930763,1.0284996091820808
1339.9203625008236,0.9992004,1.0284181040757687
1339.9217513644764,0.9991919,1.02785353719311
1339.9231402281293,0.99909824,1.0287269361784592
1339.924529091782,0.99926615,1.0274509524875686
1339.925917955551,0.9994535,1.0290013575899282
1339.9273068192042,0.9991987,1.0280730040849564
1339.9286956828569,0.9992859,1.0282280490077864
1339.930084546626,0.99935734,1.0273716769792351
1339.9314734102795,0.99904984,1.028874462556654
1339.9328622740488,0.9991981,1.028042043252643
1339.9342511377008,0.99925447,1.0269981475141357
1339.9356400014708,0.9992642,1.0283057606516415
1339.9370288651244,0.9992485,1.028220836792519
1339.9384177288935,0.99929625,1.0277654040754978
1339.9398065926628,0.999311,1.0280304165701828
1339.9411954563157,0.99924785,1.027924309875659
1339.9425843200856,0.99927944,1.0274194160257746
1339.9439731838547,0.9992829,1.0265138962042197
1339.9453620476233,0.99934447,1.0274556926923697
1339.9467509113933,0.9992195,1.0279790080144249
1339.9481397751624,0.99915886,1.0273791808067538
1339.949528638931,0.9991918,1.027023098954679
1339.9509175027008,0.9991946,1.0278161073590064
1339.9523063664706,0.9991969,1.02776410277659
1339.9536952302392,0.99922466,1.027215212314115
1339.9550840940085,0.9992377,1.0272079057402412
1339.9564729577783,0.99928725,1.0268651936150168
1339.9578618215478,0.99936134,1.0273794478693345
1339.9592506854333,0.9991116,1.0271762965446807
1339.9606395492024,0.9993508,1.027447150960446
1339.9620284129724,0.99919474,1.026553182492776
1339.963417276858,0.9992128,1.0273409906462025
1339.9648061406265,0.9993669,1.0258594596957815
1339.9661950043965,0.99911135,1.0281562658881207
1339.9675838682829,0.9994403,1.0273622028758855
1339.9689727320515,0.99923027,1.027098365095329
1339.970361595937,0.9994015,1.0260598853425547
1339.9717504598234,0.9992951,1.0263616171048986
1339.9731393235925,0.9993981,1.0265551726934021
1339.9745281874782,0.99945784,1.0262183373806064
1339.975917051364,0.9993938,1.0267757508376407
1339.977305915133,0.99942976,1.0260194403004168
1339.9786947790185,0.9993851,1.0258689002995212
1339.9800836429044,0.99954164,1.026229441045777
1339.98147250679,0.9991962,1.0269821991929495
1339.9828613706763,0.9990398,1.026422901669329
1339.9842502345618,0.9992836,1.0265094109906008
1339.9856390984476,0.99957395,1.0264520324064177
1339.9870279623337,0.9993621,1.0264652284291864
1339.9884168262195,0.99934363,1.0262065011481778
1339.9898056901052,0.9993192,1.0257246062430592
1339.9911945539907,0.99932903,1.0260113026834758
1339.9925834178764,0.9993396,1.0262205487040943
1339.9939722818785,0.99933743,1.0256875952377382
1339.995361145764,0.99942994,1.025764844631363
1339.9967500096498,0.9992377,1.0257973917911418
1339.9981388736524,0.99920225,1.0255224013488153
1339.999527737538,0.99923164,1.0258239296911464
1340.000916601423,0.999259,1.0255954658418502
1340.0023054654257,0.9993613,1.0261528732122935
1340.003694329312,0.9993099,1.026592521021204
1340.0050831933136,0.99952626,1.0248950446198497
1340.006472057199,0.9992833,1.0256478768842494
1340.0078609212019,0.999408,1.0255815104364638
1340.0092497852038,0.9994319,1.0250970647930502
1340.0106386490897,0.9993279,1.0261095729697909
1340.0120275130917,0.9994867,1.0253480215091184
1340.0134163770945,0.99948823,1.02573064737588
1340.0148052410964,0.99947804,1.0240904277599512
1340.0161941050978,0.9993563,1.0259368381499412
1340.0175829689842,0.99920416,1.0254712960493817
1340.0189718329868,0.9994084,1.024892016525089
1340.020360696988,0.99936295,1.0254484448948427
1340.0217495609904,0.99919844,1.0240626237996673
1340.023138424993,0.99930245,1.026041670420856
1340.0245272889952,0.9991865,1.0252560755733666
1340.025916152997,0.99923915,1.02513254345732
1340.0273050171154,0.9991397,1.0244856992996982
1340.0286938811178,0.9993687,1.025022501459107
1340.0300827451197,0.9992964,1.024615497422187
1340.0314716091216,0.9990965,1.02530990699082
1340.0328604732408,0.99942523,1.0235037968277694
1340.0342493372436,0.9994209,1.0248170207386889
1340.035638201245,0.9993468,1.0245473941934544
1340.0370270653634,0.9993524,1.0248611079727918
1340.0384159293662,0.99934375,1.0245389919378527
1340.0398047934846,0.9995266,1.024562591800605
1340.0411936574867,0.99936986,1.0248821123052287
1340.0425825216053,0.99944496,1.0247612025542672
1340.0439713856072,0.999362,1.0245729465883886
1340.0453602497257,0.99955386,1.0245639100560258
1340.0467491137279,0.99908745,1.0241826006471766
1340.0481379778462,0.9995121,1.0249935976736944
1340.0495268419654,0.99948645,1.0237953115769478
1340.0509157060837,0.99951404,1.0244135767866955
1340.0523045700852,0.9994984,1.0245869176156317
1340.0536934342044,0.9992633,1.0241756308863623
1340.0550822983237,0.9993932,1.0234510288690024
1340.056471162442,0.9992315,1.0240209233655693
1340.0578600265603,0.9993993,1.0247635354700384
1340.059248890679,0.9995917,1.0234913769299512
1340.0606377547974,0.99947745,1.0229776683597132
1340.0620266189158,0.99940866,1.024599371222429
1340.0634154830345,0.9995833,1.0233281551832447
1340.0648043471535,0.99935836,1.0239118096607929
1340.066193211272,0.99957484,1.0235436937780305
1340.0675820755062,0.9995708,1.023575591178019
1340.0689709396252,0.99922985,1.0227077288837974
1340.0703598037444,0.99949515,1.024609785173316
1340.0717486679787,0.99923605,1.023095075935398
1340.073137532097,0.99927425,1.0220899875692537
1340.0745263962162,0.9994209,1.023900981494404
1340.0759152604505,0.99942774,1.0210052443477926
1340.0773041245689,0.9994755,1.0233868802140829
1340.0786929888045,0.99923456,1.0244309757514782
1340.0800818529237,0.99927735,1.0232801523904418
1340.0814707171585,0.99934447,1.023462183094614
1340.0828595812764,0.99947464,1.0232805857336222
1340.084248445512,0.99927455,1.0230063793282702
1340.0856373097477,0.9994311,1.0235963199462974
1340.0870261738653,0.999311,1.0233656988798834
1340.0884150381003,0.99960834,1.0231738186317199
1340.089803902336,0.9992645,1.0234477759315586
1340.0911927664542,0.99940753,1.0233306345244606
1340.092581630689,0.9993327,1.022916577369649
1340.093970494924,0.99922955,1.0216944408760078
1340.095359359159,0.9992333,1.0240144069798294
1340.0967482233937,0.9992849,1.0218795465042134
1340.0981370876286,0.9996557,1.0229769768322758
1340.0995259518636,0.9995036,1.0228797587865714
1340.1009148160992,0.9995541,1.0228923439380817
1340.102303680334,0.99946076,1.023319789751391
1340.1036925445687,0.9992751,1.0208646428244457
1340.1050814088044,0.9994291,1.023270434546155
1340.1064702731555,0.99956876,1.0210507731295415
1340.1078591373907,0.9995584,1.0221498944555332
1340.1092480016255,0.99960876,1.0224354457413507
1340.1106368658602,0.9995094,1.0223176556973235
1340.1120257302118,0.9993558,1.0218753415770785
1340.1134145944466,0.9995306,1.0222086587106083
1340.1148034586813,0.9996166,1.0219384166897714
1340.1161923230334,0.99945617,1.0220192625097757
1340.1175811872683,0.9992404,1.022273401239303
1340.1189700516188,0.99941605,1.0228115489101612
1340.1203589158545,0.9994406,1.0225568192590273
1340.1217477802065,0.9993169,1.022020443877793
1340.1231366444408,0.9995142,1.021364342554825
1340.124525508792,0.99947464,1.0222461770444635
1340.125914373144,0.9996119,1.0207318566146162
1340.1273032373788,0.99946874,1.0228144069839764
1340.1286921017302,0.9996636,1.0212451777275982
1340.1300809660816,0.99957347,1.0216445137294543
1340.1314698304334,0.9993264,1.021623378628718
1340.1328586946684,0.9994714,1.0224260592704928
1340.134247559019,0.99949974,1.0191739281235392
1340.135636423371,0.99932903,1.0218841327816088
1340.1370252877227,0.99954015,1.0220806422095807
1340.1384141520734,0.9995771,1.0215092132694488
1340.1398030164248,0.9994545,1.0211593626842876
1340.1411918807767,0.99942625,1.0207764787790667
1340.1425807451274,0.99955887,1.0219559242329226
1340.1439696094785,0.9994634,1.0207943879293988
1340.1453584738306,0.9992165,1.0212458192017149
1340.146747338182,0.9993498,1.0212999029826901
1340.1481362026498,0.99943805,1.0227116097707607
1340.149525067001,0.99944055,1.0205412455285854
1340.1509139313523,0.99947226,1.0203793395166403
1340.1523027957041,0.999678,1.021728597388719
1340.153691660172,0.9995594,1.0205639499393344
1340.1550805245233,0.99976164,1.0217005868069025
1340.1564693888754,0.99934345,1.020652026992808
1340.157858253343,0.99933064,1.0206884119242665
1340.1592471176941,0.99950296,1.0209537987510873
1340.1606359821621,0.99956816,1.020713741335907
1340.1620248465133,0.99941653,1.0209472359702723
1340.1634137109809,0.9995045,1.0213729521368544
1340.1648025753325,0.9995737,1.0198597366020734
1340.1661914398,0.9992995,1.0215966224536415
1340.1675803042685,0.99960303,1.0205055096415059
1340.1689691686197,0.9995293,1.0208707530270944
1340.1703580330868,0.99965996,1.0201708032371264
1340.1717468975553,0.9995584,1.0210029454193705
1340.1731357619071,0.999627,1.020603798149353
1340.174524626374,0.99947274,1.019961822671935
1340.175913490842,0.99968886,1.0210708315746948
1340.1773023553103,0.9995385,1.021082844542685
1340.178691219778,0.9996528,1.0193617681793745
1340.1800800842457,0.9994622,1.020666327976624
1340.1814689487132,0.999407,1.019904042380116
1340.1828578131817,0.99956685,1.0189147337949636
1340.1842466776495,0.99968517,1.0209135266503253
1340.1856355421164,0.9997163,1.0200523871453595
1340.187024406585,0.9994704,1.0201627577171446
1340.1884132710534,0.99973536,1.0201215846352973
1340.1898021355205,0.99963146,1.019542540255243
1340.191190999988,0.99960774,1.0196138381226614
1340.1925798644565,0.9993237,1.0204382971202448
1340.19396872904,0.99970424,1.0199313296174548
1340.1953575935077,0.99951375,1.01988932676853
1340.1967464579761,0.99954766,1.0203929624186947
1340.1981353225601,0.9997173,1.0191421574502133
1340.199524187028,0.9995509,1.0200015744207251
1340.2009130514957,0.999634,1.020771289348558
1340.2023019160806,0.9995788,1.019358275122151
1340.2036907805489,0.9995762,1.019035370761794
1340.2050796451322,0.99942017,1.0198122924022583
1340.2064685096002,0.99981374,1.0191665639620506
1340.2078573741849,0.99938226,1.0208012082063567
1340.2092462386527,0.9996532,1.0191581054565346
1340.2106351032367,0.99952275,1.0191326411684858
1340.2120239677042,0.9995671,1.0186710935654564
1340.2134128322887,0.999582,1.0206167184466095
1340.2148016968727,0.99952006,1.0187256282702521
1340.2161905614566,0.9995833,1.0195455733591035
1340.2175794259247,0.9995032,1.0187566160805281
1340.2189682905093,0.99956894,1.0191187785339828
1340.2203571550936,0.9995134,1.0186557861399728
1340.2217460196769,0.99963635,1.0179554677243723
1340.2231348842615,0.99987704,1.0184427862725653
1340.22452374873,0.9998573,1.019767117309546
1340.2259126133142,0.9996081,1.0182887624340575
1340.2273014778984,0.99972636,1.0178942790759633
1340.2286903424824,0.9997451,1.0189739831576066
1340.2300792070666,0.99954474,1.0196198626811932
1340.2314680716509,0.9996461,1.0181629595819135
1340.2328569362348,0.99956256,1.019229245208403
1340.2342458009362,0.99977165,1.0175222499234753
1340.2356346655201,0.9996545,1.0188996226517344
1340.2370235301037,0.9996463,1.0183659035636674
1340.2384123946886,0.9995345,1.0188744782529482
1340.2398012592735,0.99963576,1.017817432866333
1340.2411901239732,0.99974054,1.0195248099375656
1340.2425789885574,0.9996414,1.0175609120859612
1340.2439678531423,0.99958456,1.0191684434208554
1340.245356717842,0.9993814,1.0180882137928466
1340.2467455824262,0.9994029,1.0178322426033586
1340.248134447011,0.9998036,1.018881480181425
1340.249523311712,0.999683,1.0179695063627545
1340.2509121762964,0.99945116,1.0178459876331332
1340.2523010409961,0.99977386,1.0184276279533366
1340.2536899055808,0.9997571,1.0179753939053813
1340.2550787702821,0.99967843,1.017755119102369
1340.2564676348657,0.9996417,1.0187985259187933
1340.257856499566,0.99965674,1.0189403614119426
1340.2592453642674,0.9993503,1.016918595475603
1340.2606342288514,0.9996264,1.0181219739598217
1340.2620230935522,0.99961245,1.0182149968660048
1340.2634119582526,0.9997187,1.0177069112615682
1340.2648008228366,0.999636,1.0182719295587837
1340.2661896875375,0.99968237,1.017938996817829
1340.2675785522379,0.99946755,1.0177452980250747
1340.2689674169383,0.99968,1.0188815445441712
1340.2703562816396,0.9998401,1.0174614517099834
1340.2717451463402,0.9996805,1.0170770576259731
1340.2731340109244,0.99951124,1.0183538419050562
1340.2745228756255,0.99960023,1.018227642381356
1340.2759117403261,0.9995746,1.0167246276032278
1340.2773006050265,0.99976516,1.0184704857395528
1340.2786894697272,0.9998449,1.0155119703936566
1340.2800783344278,0.9995211,1.0185605089357554
1340.2814671992446,0.99978745,1.0156954815793404
1340.2828560639452,0.9996613,1.0186216974017228
1340.2842449286459,0.9994513,1.0172646256210152
1340.285633793347,0.999494,1.0187463421568481
1340.2870226580476,0.9997143,1.0161736933022925
1340.2884115227475,0.99987257,1.0175472624046873
1340.289800387565,0.9995178,1.0172899744429906
1340.2911892522661,0.99968517,1.0155837937529604
1340.292578116966,0.99985445,1.0160088058310752
1340.2939669817831,0.9995856,1.0184020190251484
1340.2953558464842,0.99952847,1.0165838511459588
1340.2967447111848,0.99971294,1.0188673528727157
1340.2981335760019,0.99939513,1.0160379164127946
1340.2995224407023,0.9996688,1.0164573068052676
1340.30091130552,0.9996141,1.0177721298996816
1340.3023001702204,0.9996571,1.0169536159479982
1340.3036890350368,0.99989325,1.017220551543885
1340.305077899738,0.99954385,1.016852804694897
1340.3064667645558,0.9997138,1.0162911266740562
1340.3078556292555,0.9995901,1.0168860154596542
1340.3092444940726,0.9995987,1.0179839930156378
1340.3106333588903,0.9995062,1.0161143908048704
1340.3120222235907,0.9997129,1.016004380089843
1340.3134110884075,0.99960715,1.0182074480218324
1340.3147999532248,0.99957526,1.0161315686649184
1340.3161888180416,0.99967957,1.0156687056535658
1340.317577682742,0.99970883,1.0171643886775739
1340.3189665475593,0.99962854,1.0166258546700824
1340.3203554123768,0.9993796,1.0157160080036427
1340.3217442771943,0.99945134,1.0163840599801304
1340.3231331420106,0.99960303,1.0167756249837512
1340.3245220068275,0.99955773,1.0167119683774901
1340.3259108716452,0.9995822,1.0173535313075284
1340.3272997364622,0.99955773,1.0165519742639406
1340.3286886012793,0.99955916,1.01683958223704
1340.330077466096,0.9997847,1.0167969216083834
1340.3314663309131,0.99957263,1.0158829704125627
1340.3328551957302,0.99970293,1.015493943488845
1340.334244060547,0.9997305,1.0160932204599626
1340.335632925364,0.9996397,1.0153487794739222
1340.3370217901816,0.99948025,1.0165158961482477
1340.3384106549986,0.99966276,1.0166354469047043
1340.3397995199311,0.99946606,1.0161969207249921
1340.3411883847489,0.9995669,1.0164256487020922
1340.3425772495666,0.9996106,1.0158742521536381
1340.3439661143834,0.9995439,1.0157768877437323
1340.345354979317,0.99976766,1.0149422995411184
1340.346743844134,0.9994671,1.01555356260224
1340.3481327089507,0.99961156,1.0162348779319708
1340.3495215738842,0.9997812,1.0143548123350874
1340.3509104387012,0.99959284,1.0165793206678724
1340.3522993036354,0.9997353,1.015001427262448
1340.3536881684522,0.99965054,1.015376869164137
1340.355077033385,0.9993008,1.0147386024201481
1340.3564658982027,0.9995393,1.0172340973105232
1340.3578547631366,0.9995972,1.0146825872743777
1340.3592436279528,0.99961454,1.016352002108599
1340.3606324928865,0.9999231,1.0154233363220933
1340.3620213578204,0.9995667,1.0162402386799587
1340.3634102226374,0.99954826,1.0147152653994136
1340.3647990875706,0.99983424,1.015066691354114
1340.3661879525039,0.999546,1.0146391739931513
1340.3675768173216,1.0000722,1.0161909982022446
1340.368965682255,0.99978405,1.0141587139679875
1340.3703545471876,0.9996399,1.0159366045558607
1340.3717434121218,0.9996779,1.0154950156155444
1340.3731322769395,0.9998075,1.0145834271225977
1340.3745211418723,0.9997305,1.014999349151438
1340.3759100068055,0.9997031,1.015915998504272
1340.3772988717396,0.9998512,1.0139953525097771
1340.3786877366729,0.9999033,1.0154159422682516
1340.3800766016063,0.99963784,1.0146454371945828
1340.3814654665398,0.99981564,1.0149807987433992
1340.382854331473,0.9997223,1.0158670383157182
1340.3842431964065,0.9996038,1.0143356970218727
1340.38563206134,0.9999284,1.0137923377685856
1340.3870209262732,0.99949867,1.0151123880770854
1340.3884097912073,0.99960077,1.0145400568395826
1340.3897986561406,0.99966854,1.014383393967904
1340.391187521074,0.99974775,1.0144368662570937
1340.3925763861243,0.9996917,1.015677705842556
1340.393965251058,0.99966913,1.0137543344786504
1340.3953541159913,0.99949735,1.0134901384287989
1340.3967429809245,0.9994905,1.0146819445832553
1340.3981318458582,0.9995593,1.014323120632161
1340.3995207109078,0.9997874,1.014812276742022
1340.400909575841,0.9997233,1.013608962521121
1340.4022984407745,0.9997521,1.0149528154239678
1340.4036873058249,0.9995607,1.0147823089464865
1340.4050761707585,0.9995878,1.0135550388777113
1340.406465035691,0.9995559,1.0152599402852138
1340.4078539007414,0.99990267,1.0131475761081183
1340.4092427656756,0.9995935,1.014435013497813
1340.4106316307248,0.9998757,1.0137739094132685
1340.412020495658,0.999648,1.0146402229134346
1340.4134093607086,0.99987686,1.0137579679383233
1340.4147982256427,0.9996849,1.0138181539697757
1340.4161870906923,0.9996499,1.0134927446907562
1340.4175759557415,0.9998425,1.0153656418098804
1340.4189648206757,0.9998762,1.014545566086009
1340.4203536857253,0.9998423,1.0131735773784019
1340.4217425507745,0.9996706,1.0128396365353234
1340.4231314157087,0.99977064,1.0139977370083477
1340.4245202807592,0.99969876,1.0153722456096863
1340.4259091458082,0.9996514,1.0142033824190901
1340.4272980107417,0.9998212,1.0136964903231125
1340.428686875792,0.99957895,1.01315562616827
1340.4300757408419,1.0000513,1.013733992258221
1340.4314646058915,0.99963075,1.0146775327067878
1340.4328534709414,0.99949414,1.0131677927428007
1340.4342423359913,0.9995492,1.0130777666878377
1340.4356312009245,0.99965405,1.0138900794304737
1340.4370200659744,0.9997756,1.0139389912281536
1340.4384089310247,0.9998272,1.0117509362559347
1340.4397977960753,0.99972916,1.0125873623763841
1340.4411866611244,0.9995935,1.0145600456695147
1340.442575526174,0.99957865,1.013891310202309
1340.4439643912247,0.9996519,1.0142558288285672
1340.4453532562743,0.99961483,1.013571025630756
1340.4467421213244,0.9997894,1.0124599440286068
1340.4481309864905,0.9998784,1.013459693825786
1340.4495198515401,0.9998874,1.0132369794436336
1340.4509087165907,0.99988097,1.0135688825353166
1340.4522975816406,0.9999077,1.0132709530835813
1340.4536864466895,0.9997805,1.0133703980386675
1340.45507531174,0.9999442,1.013077352335921
1340.4564641769061,0.99977183,1.0128827268814407
1340.4578530419553,0.9998185,1.0133122947545228
1340.459241907006,0.99994546,1.0128983745733422
1340.4606307720564,0.99982965,1.0130568475273627
1340.462019637222,0.99985194,1.0130877437263357
1340.4634085022717,0.99978036,1.0125919185801464
1340.4647973674387,0.99968696,1.0121789466997546
1340.4661862324892,0.9997196,1.013460468588561
1340.4675750975389,0.9995731,1.012361900039344
1340.4689639627045,0.9997413,1.0128815394743238
1340.4703528277548,0.99972564,1.0131320935231212
1340.4717416929211,0.9997282,1.0125327259943895
1340.4731305579703,0.999978,1.012035683878712
1340.474519423137,0.9996522,1.0136380798737912
1340.4759082881874,0.99966997,1.0113719137932273
1340.477297153353,0.9996156,1.0124711627123737
1340.4786860184026,0.99967396,1.01364331482283
1340.4800748835696,0.9998448,1.0115198833376546
1340.481463748736,0.9996795,1.0112109201141748
1340.4828526137858,0.99990314,1.0128489358601467
1340.4842414789518,0.99984777,1.0122589333330698
1340.4856303441181,0.9997576,1.0120429919310656
1340.4870192091685,0.99960524,1.0125723424793505
1340.488408074335,0.99992704,1.0129598279011938
1340.489796939501,0.9996067,1.0113372293106033
1340.491185804668,0.9995704,1.0135314882889948
1340.492574669717,0.9998674,1.0129910193034617
1340.4939635348833,0.99969304,1.010858040163461
1340.4953524000503,0.9996335,1.0135267290692327
1340.4967412652163,0.99939245,1.0108452981398197
1340.4981301303824,0.9996457,1.0129402975248607
1340.499518995549,0.9996068,1.0118740231329981
1340.500907860715,0.9997019,1.0137751153645573
1340.502296725882,0.99972117,1.010030616389438
1340.503685591048,0.9998098,1.0121876970220114
1340.5050744562136,0.9994787,1.010700312214012
1340.5064633213806,0.99984944,1.0139343909840386
1340.5078521865466,0.9997206,1.0123486147365555
1340.5092410517123,0.9996109,1.0114907599448233
1340.5106299168792,0.9997447,1.0133209104862069
1340.512018782046,0.9997762,1.0123142743294193
1340.5134076472123,0.9999679,1.0119190421289892
1340.5147965123783,0.9996942,1.0103700343709077
1340.5161853775446,0.9997623,1.0126854834939996
1340.5175742428278,0.9996129,1.0114079654009238
1340.518963107994,0.9997394,1.0100063024501087
1340.5203519731594,0.99989593,1.012204082155566
1340.5217408383264,0.9995243,1.0115242509462465
1340.5231297034927,0.9996057,1.0130638107617278
1340.5245185687745,0.9997757,1.0111241942880906
1340.5259074339415,0.9999025,1.012375194772534
1340.5272962991085,0.99984574,1.0133480425953423
1340.5286851643905,0.9995318,1.0118037157499882
1340.5300740295565,0.9997049,1.011044078312628
1340.5314628947235,0.99972945,1.014015710102818
1340.532851760006,0.99975795,1.0094475836220715
1340.5342406251723,0.999354,1.0104071900130942
1340.535629490455,0.99964464,1.0137352216166622
1340.537018355622,0.99967396,1.0120765744811206
1340.5384072209051,0.9997454,1.011036409627046
1340.5397960860705,0.9997399,1.012799131849738
1340.5411849513534,0.99986416,1.0107724507735025
1340.5425738165202,0.99972063,1.012582057306572
1340.543962681802,0.999666,1.0104734243889744
1340.5453515469683,0.9998343,1.0111119008690337
1340.5467404122514,0.9997524,1.0108775331832807
1340.5481292775344,0.9997687,1.011360345797475
1340.5495181427004,0.99988294,1.012897597073594
1340.550907007983,0.99977434,1.0099470163891173
1340.5522958732658,0.9998156,1.0110891211181277
1340.5536847384326,0.9999639,1.0113171588579462
1340.5550736037153,0.9997265,1.0102241557228018
1340.556462468997,0.99968183,1.0109608900561828
1340.5578513342803,0.99991584,1.0126101916331456
1340.5592401994468,0.99981046,1.0105260318304734
1340.5606290647293,0.99962264,1.0107492877230446
1340.5620179300126,0.99951,1.0104242199204776
1340.5634067952951,0.99957997,1.0129347046661554
1340.5647956605778,0.9997859,1.0113866099051336
1340.5661845258605,0.99992406,1.010723807518033
1340.5675733910266,0.9997118,1.0098841670536711
1340.56896225631,0.99998605,1.0088717305785602
1340.5703511215925,0.9998559,1.0122253723515282
1340.5717399868745,0.9997143,1.0123994249023522
1340.5731288521579,1.0000801,1.010037725061763
1340.5745177174413,0.9997094,1.0111280046741558
1340.575906582723,0.99967706,1.010689016196476
1340.5772954480058,1.000075,1.0114252784233633
1340.5786843132892,0.9998115,1.0105893540381348
1340.580073178571,0.9999102,1.010246941411032
1340.5814620438537,0.9997971,1.0097017880532044
1340.5828509092532,0.9997225,1.011531941092424
1340.5842397745364,0.9999535,1.0111388022559042
1340.5856286398193,0.9999653,1.0093818071888143
1340.5870175051011,0.9998998,1.0123725776711954
1340.5884063703843,0.99983495,1.0105392767408576
1340.5897952356677,1.000009,1.0106077733456562
1340.5911841010661,0.9997108,1.0120612183704571
1340.593961831632,0.99971277,1.0112441246297124
1340.595350696914,0.9998368,1.011559114423846
1340.596739562313,0.9998431,1.0094270645585706
1340.5981284275963,0.99969256,1.010108988567812
1340.5995172928788,0.9995999,1.0109215686452735
1340.6009061582781,0.99988097,1.008702450116188
1340.6022950235606,0.9999604,1.0114420421110228
1340.603683888843,0.9995931,1.0098007869947943
1340.6050727542429,0.9999034,1.0104470302389699
1340.6064616195256,0.9998759,1.0130132050173881
1340.6078504849247,0.99970776,1.010252634206644
1340.6092393502079,0.9996129,1.0084255026498536
1340.610628215607,0.99987155,1.0097433911591305
1340.6120170808895,0.9997098,1.0099383846727192
1340.6134059462886,0.99979264,1.0093218294882487
1340.6147948115713,0.99957436,1.009252507921306
1340.6161836769702,0.99974656,1.0117643053751786
1340.617572542253,1.0000373,1.0094668647278564
1340.618961407652,0.9995077,1.0115865542045153
1340.6203502730518,0.9998774,1.011077541486133
1340.6217391383343,0.99976397,1.0100768745073674
1340.6231280037327,0.9999239,1.00881528161355
1340.624516869016,0.99990296,1.0117113534416131
1340.6259057344155,0.9999139,1.0110444905274623
1340.627294599814,0.99953127,1.0083374975474875
1340.628683465213,0.9999642,1.01113809970574
1340.6300723304962,0.9998168,1.0104842468979869
1340.6314611958956,0.99972683,1.0103393496284816
1340.6328500612944,0.9998048,1.0107553020168965
1340.6342389266933,0.99972266,1.0093315074062295
1340.6356277919767,0.9999622,1.0105460219275173
1340.6370166573756,1.0000509,1.0066570395976073
1340.638405522774,1.0000125,1.0126229552971453
1340.6397943881739,0.99992573,1.0091703599000288
1340.6411832535737,0.9999749,1.0114422961659015
1340.642572118972,0.99979943,1.008451933181134
1340.643960984371,0.9995984,1.0106712504776558
1340.6453498496544,0.99979,1.0108602417464865
1340.6467387150533,0.9998047,1.0069846874766493
1340.6481275804522,0.99976,1.010542025568492
1340.6495164458515,0.9998026,1.0097507079638444
1340.6509053112504,0.99975544,1.0103730433646525
1340.6522941766493,0.9997318,1.0087462721353162
1340.6536830420487,1.0000424,1.0104227537778214
1340.6550719074482,0.99981284,1.0100412216226249
1340.6564607728478,0.99989974,1.0105411209797421
1340.6578496383627,0.99966335,1.0090907266275304
1340.6592385037616,0.99975747,1.0103386536309942
1340.6606273691614,0.99993545,1.0105476359028316
1340.6620162345605,0.99993604,1.0087138982948274
1340.6634050999596,0.99963945,1.0097646178171458
1340.6647939653585,0.9998884,1.0094813263921771
1340.6661828307576,0.9996449,1.0107863023995003
1340.6675716962732,0.9999973,1.0096827286783399
1340.668960561672,0.9995169,1.009419518376388
1340.6703494270712,0.999901,1.010237322948809
1340.6717382924708,0.9997981,1.009602245594965
1340.6731271579863,0.99980175,1.009209407537818
1340.6745160233845,0.9999961,1.0091580901372137
1340.6759048887843,0.99972916,1.0097267448327176
1340.6772937541841,0.9998778,1.0098486578640054
1340.6786826196994,0.9996723,1.0081430730269145
1340.6800714850988,0.99977726,1.0084079488934603
1340.6814603504977,0.99967015,1.010711468746015
1340.682849216014,0.9999766,1.007837104743975
1340.6842380814128,0.99984664,1.0089840851323606
1340.6856269469276,0.99984944,1.0090195071678165
1340.6870158123274,0.9999811,1.0094514409765825
1340.6884046778428,0.9999222,1.008139264108781
1340.6897935432412,0.99962646,1.009433546849996
1340.6911824087574,0.9997447,1.0102300619377866
1340.692571274157,0.9997847,1.0094179273802824
1340.6939601396716,0.9997708,1.0094793908259574
1340.695349005071,0.99984014,1.009303708626222
1340.696737870587,0.9998726,1.0094242281802321
1340.698126735986,0.9999646,1.010045843959625
1340.6995156015014,0.99979836,1.0090266842483502
1340.7009044669003,0.99967295,1.0092635175228977
1340.7022933324165,0.99994683,1.0087708775002544
1340.703682197932,0.9998615,1.01074992954374
1340.7050710633303,0.9998635,1.0078736528942898
1340.7064599288465,0.9997924,1.0108112513938576
1340.7078487943627,0.99979055,1.0071381407676183
1340.7092376597611,0.9996845,1.007789251766305
1340.7106265252764,0.9999538,1.012208637484931
1340.7120153907927,0.9997312,1.008622318799628
1340.7134042561916,0.9998034,1.0098729142553176
1340.714793121707,1.0000998,1.0094458478807262
1340.7161819872226,0.99996805,1.009797797260403
1340.717570852738,0.9998617,1.0077484239058017
1340.7189597181377,0.9999894,1.0083364171297118
1340.720348583653,0.99977326,1.009134645133008
1340.721737449168,0.9996248,1.0077761510289696
1340.7231263146841,0.9997264,1.0102586018444846
1340.7245151801994,1.0001099,1.006369207185924
1340.725904045715,0.99994963,1.0097128478692592
1340.727292911231,0.9999498,1.008799061965253
1340.7286817767467,0.99974024,1.008755490533101
1340.7300706421456,0.9998971,1.0086222742725486
1340.731459507661,1.000015,1.0096416994990305
1340.7328483731767,0.9999893,1.0092687247089922
1340.7342372386927,0.9999121,1.0070962363188234
1340.7356261042082,0.9998476,1.009215996146817
1340.7370149697228,0.9996522,1.008705244884679
1340.7384038352388,0.9995994,1.0103532866197442
1340.739792700755,0.9997697,1.0075670508316887
1340.74118156627,1.0000236,1.0075466409669487
1340.7425704317852,0.99966335,1.010152236706193
1340.7439592974179,0.9998521,1.008319549815117
1340.7453481629327,0.9998518,1.009294595807952
1340.746737028448,0.99963415,1.0085470784491333
1340.7481258939642,0.9997847,1.0087624844580663
1340.7495147594805,1.000025,1.007131018725258
1340.7509036249958,0.9997101,1.0093741782620453
1340.7522924905106,0.99988097,1.0080431637402532
1340.7536813561433,0.99996895,1.0094693524681597
1340.7550702216595,0.99994165,1.0083098223368923
1340.756459087174,0.9998512,1.0094666210550125
1340.7578479526896,0.99995565,1.0070080809675521
1340.7592368182059,0.9996113,1.0073658907174228
1340.760625683837,0.99982035,1.0119034923638741
1340.7620145493524,0.9998622,1.0068050200779295
1340.7634034148684,0.99958014,1.00838467294457
1340.7647922805004,0.9999029,1.0089234217504504
1340.7661811460157,0.9997752,1.0095018066850068
1340.7675700115312,0.9994819,1.007474357000943
1340.7689588771632,0.9997896,1.0093451418871866
1340.7703477426794,1.0000925,1.007789487907885
1340.7717366081947,0.99974036,1.0079260710529843
1340.773125473826,0.9997372,1.0079309859647307
1340.7745143393422,0.99997157,1.0083612469264207
1340.7759032048582,1.000149,1.00780202918661
1340.7772920704901,0.99993896,1.0083762375313878
1340.7786809360055,1.0002325,1.0079954866427958
1340.7800698016372,0.9998501,1.0094949929314094
1340.781458667153,0.9998543,1.0075813239704048
1340.7828475327847,1.000068,1.00911441887752
1340.7842363983,0.99976206,1.0080085752105188
1340.7856252639326,0.9998339,1.007447731035648
1340.7870141294482,0.99997133,1.0062758635147702
1340.7884029950792,0.9997021,1.0105558843680142
1340.7897918605954,0.9998396,1.0067915334000948
1340.791180726228,0.99963516,1.0077008898506548
1340.7925695918593,0.99977183,1.0081847379721092
1340.7939584573746,0.99983007,1.006585471107831
1340.7953473230073,0.9999065,1.0088650150895182
1340.7967361885221,0.9999461,1.0069103523380882
1340.7981250541538,0.99982953,1.0077754095843525
1340.7995139197865,0.999773,1.0085387526200167
1340.8009027853027,0.99975216,1.009339226155593
1340.8022916509344,1.0001028,1.0064206712966661
1340.8036805165657,1.000019,1.0068399493672628
1340.805069382198,0.9997081,1.008870433801665
1340.806458247714,0.9998031,1.009164561275735
1340.8078471133454,0.99978304,1.0089152103406753
1340.8092359789773,0.9997123,1.0055664336979655
1340.8106248446097,0.9997542,1.007547130684723
1340.8120137101255,0.99984145,1.007096727758425
1340.8134025757572,1.0000262,1.0076560415138098
1340.814791441389,0.9998561,1.008441127026435
1340.8161803070209,0.99988264,1.0087308259233194
1340.8175691726528,0.9998339,1.0066669176815795
1340.8189580382846,0.9998646,1.0082422927210215
1340.8203469038,0.999954,1.0084004202534367
1340.8217357694325,0.9999482,1.0063679814352224
1340.8231246350647,0.9997446,1.0086317821357025
1340.8245135006964,0.9998951,1.0074783653609045
1340.825902366329,1.000056,1.0070635712486
1340.8272912319608,0.9998388,1.008503440113192
1340.8286800975925,0.99984145,1.007170059908526
1340.8300689632247,0.9997571,1.009256674723947
1340.8314578288564,0.9999712,1.005655464379757
1340.832846694489,0.9997327,1.0098567433043901
1340.8342355601208,0.9998397,1.0056812817122673
1340.835624425752,0.99998915,1.007246995864157
1340.8370132913847,0.99996334,1.0076132238410151
1340.8384021570164,0.99988323,1.0077489544580949
1340.8397910226477,0.9999373,1.0067878587466552
1340.8411798882803,0.9998469,1.00783986661176
1340.8425687539127,0.99998367,1.0039284602267953
1340.8439576195437,0.9997741,1.0064088382706944
1340.845346485176,0.9998697,1.0100881936985888
1340.8467353509247,0.9997675,1.0075187715009153
1340.8481242165572,0.99987704,1.004359942193339
1340.8495130821893,1.0001326,1.006829879658892
1340.8509019478204,0.99973184,1.0071643614291323
1340.8522908134528,0.9998975,1.0078438173782838
1340.8536796790847,0.9999228,1.0077560571433979
1340.8550685448322,0.9999015,1.0072512046408368
1340.8564574104648,1.000007,1.0068885628111166
1340.8578462760975,0.9999193,1.0069119312019654
1340.8592351417287,0.9998025,1.0085255585154458
1340.8606240074769,0.99996996,1.0071001186508488
1340.8620128731095,0.9998455,1.0078784545192432
1340.8634017387412,0.9999297,1.0076406091259271
1340.8647906043734,0.9998148,1.0077707645752179
1340.8661794701216,0.9999123,1.0048305570978657
1340.8675683357533,0.99999315,1.0084735400084757
1340.868957201386,1.0000389,1.004525807805312
1340.870346067134,1.0000204,1.008239674203241
1340.8717349327662,1.0000472,1.0059575956145381
1340.8731237983986,0.9999515,1.0061334543746894
1340.874512664146,1.0000496,1.007423448840561
1340.8759015297783,0.99988693,1.007841578621878
1340.877290395527,1.0000938,1.0063074300822508
1340.878679261159,0.9999852,1.0065267512292806
1340.8800681267908,0.99993026,1.006313691105686
1340.881456992539,1.0001103,1.0057472647758683
1340.882845858171,0.9999739,1.0060162926922072
1340.88423472392,1.0000278,1.0062561128450789
1340.8856235895519,0.9999633,1.0069914120145462
1340.8870124552996,0.9999565,1.0051097841901953
1340.888401320932,0.9998022,1.0071017532112783
1340.8897901866808,1.0000948,1.0052806801284804
1340.891179052312,1.0001007,1.0083890955026058
1340.8925679180602,0.99998426,1.0073732531093156
1340.8939567836928,1.00001,1.0068113416130053
1340.8953456494412,1.0000682,1.0076249659176284
1340.8967345151896,0.9999229,1.0061636410434562
1340.8981233808213,1.0000173,1.0051100670943587
1340.8995122465703,0.9998707,1.0067738810316846
1340.900901112202,0.99999195,1.0066316985653898
1340.9022899779497,1.0000589,1.0047735222141034
1340.9036788436988,0.9996945,1.0063171329816514
1340.9050677093314,0.9999153,1.007296368062065
1340.906456575079,0.99972177,1.0069581953788196
1340.9078454408273,0.9998836,1.007252963403683
1340.90923430646,0.9996999,1.007222111984717
1340.9106231722074,0.9998333,1.006649136201008
1340.9120120379557,0.9996616,1.0064536517212628
1340.9134009037048,0.9999411,1.0078955406840282
1340.9147897693365,1.0002472,1.0035746931980671
1340.9161786350846,0.99992454,1.0055679717985389
1340.917567500833,0.99994415,1.0072467385186439
1340.9189563665818,0.9999849,1.0079427640327459
1340.9203452322145,0.999345,1.002852093292569
1340.9217340979621,0.9998942,1.0050643371728463
1340.9231229637103,0.9998665,1.0050230900928676
1340.9245118294593,0.99986845,1.0076524630924966
1340.9259006952077,0.99997246,1.0021641068471778
1340.9272895608397,0.99985045,1.0093783324281704
1340.9286784265878,1.0000243,1.0047223726378236
1340.9300672923362,0.99983776,1.0058431655887978
1340.9314561580845,1.0000604,1.0039096393086875
1340.9328450238327,0.99978393,1.0067979654106165
1340.9342338895808,0.9999502,1.0055534451307344
1340.9356227553299,1.0000753,1.0081206786578896
1340.9370116210782,1.0000913,1.0049028150957138
1340.9384004868257,1.000098,1.006988898850884
1340.9397893525747,1.0000873,1.0066906980546197
1340.942567084072,0.9996667,1.0067088858292745
1340.9439559498203,0.9997762,1.0053464718057183
1340.9453448155687,0.9998599,1.006225100630239
1340.9481225470659,0.9997538,1.0078745981499795
1340.9495114128135,1.0002156,1.0061765917811845
1340.9509002785626,1.0001203,1.0045511054627043
1340.9522891443107,0.99994063,1.0061835632461962
1340.9536780100584,1.000024,1.006472829131514
1340.9550668758075,1.0001005,1.0067491931848274
1340.9564557415563,0.9999011,1.0055319698845269
1340.9578446073037,1.0000181,1.0050932181737706
1340.959233473052,0.99982417,1.006170661354759
1340.9620112045495,1.0000492,1.0057009245411732
1340.963400070414,0.99995565,1.0058410995604419
1340.9647889361622,1.000243,1.004691350788596
1340.9661778019113,0.99989593,1.0066606282007868
1340.9675666676596,1.0000093,1.004686459896798
1340.9717332650216,0.99995226,1.006903251006154
1340.9731221307693,0.9998297,1.0055170468431358
1340.9745109965174,0.9999598,1.0050010853049478
1340.9758998622665,1.0000584,1.0064061392437122
1340.977288728131,1.0001863,1.0056509644655782
1340.9786775938794,0.9999862,1.0053248683939162
1340.9800664596278,0.99982405,1.007349472563604
1340.981455325376,1.0000159,1.0042449025876046
1340.9828441912414,1.0000776,1.006237537641399
1340.9842330569895,0.999889,1.0050086625084076
1340.9856219227372,0.999898,1.0047057104160158
1340.9870107886027,0.9996306,1.007771450893869
1340.9883996543508,0.999804,1.0011976160419485
1340.9897885200992,0.9997623,1.0053398324886686
1340.9911773859644,0.99990475,1.0049204121226516
1340.992566251713,0.99979675,1.0059559072498196
1340.9939551174612,0.99999624,1.005659026233372
1340.9953439833257,0.9998871,1.0048973167695425
1340.996732849074,0.9997648,1.0055782018452961
1340.9981217149393,1.0000066,1.003292930183197
1340.999510580688,0.99968386,1.0067085871716586
1341.0008994465518,0.99998194,1.006093916390978
1341.0022883123006,1.0000542,1.0062137583984763
1341.0036771780497,0.99991065,1.0048713653770398
1341.0050660439138,1.0002185,1.0042891065629054
1341.006454909662,1.0000963,1.0051571432470863
1341.0078437755274,0.99984664,1.0069775103706164
1341.009232641275,1.0000405,1.0053786824002737
1341.0106215071396,0.99996305,1.0059905174323927
1341.0120103728887,0.9999753,1.0054064593297434
1341.0133992387541,0.99988693,1.0058328004899288
1341.0147881046187,0.9998336,1.0051387519617514
1341.0161769703664,0.9999535,1.0047796457815787
1341.0175658362318,0.9997662,1.0062745622776292
1341.0189547019809,0.99980795,1.004826800881646
1341.0203435678447,0.99992704,1.005022912549082
1341.0217324335931,0.99983054,1.006465288338836
1341.0231212994584,0.99996954,1.0052756616156495
1341.0245101653222,1.0001785,1.0037628177046896
1341.0258990310708,0.99988943,1.0060686936165204
1341.027287896936,0.99980164,1.005319195319319
1341.0286767626844,0.9998874,1.0060307420977066
1341.030065628549,1.0000564,1.005653561033393
1341.0314544944138,0.99982053,1.00495562879997
1341.0328433601621,0.99991035,1.0051815642063042
1341.0342322260276,0.99991846,1.0055104551645626
1341.0356210918922,0.9996525,1.0041524251331315
1341.0370099577567,0.9999247,1.0061184749496295
1341.0383988235058,0.9998749,1.0053922091369305
1341.0397876893703,0.9996106,1.0056457556874463
1341.0411765552353,0.9999674,1.0057270543883268
1341.0425654209835,1.0000684,1.0055461967177524
1341.043954286848,1.0000117,1.0054769141357178
1341.045343152713,0.99994874,1.0059703871449202
1341.0467320185776,1.0001035,1.0050602213329358
1341.0481208844421,0.9999712,1.0053184123919532
1341.0495097501912,0.99959284,1.005465683269988
1341.0508986160557,1.0001702,1.0043273433596556
1341.0522874819198,0.9998434,1.0046766928646227
1341.0536763477853,0.9999239,1.0055281062229369
1341.0550652136508,0.9998013,1.0033368019359155
1341.0564540793985,0.9998702,1.0046205199736173
1341.057842945263,1.0000522,1.0042432993586794
1341.0592318111285,0.9997296,1.0070039275264155
1341.060620676993,1.000204,1.0036180524776381
1341.0620095428576,0.99973166,1.0054150074059227
1341.0633984087226,0.999797,1.0060499207381495
1341.0647872745878,0.99976516,1.0051202637372385
1341.0661761404526,0.99976,1.0052728536425948
1341.0675650063167,0.99994975,1.0039066601975697
1341.0689538720655,0.999702,1.0045479890291196
1341.0703427379308,0.9999846,1.0053895285323298
1341.071731603795,0.99981415,1.0060845068036728
1341.0731204696594,1.0000103,1.0054277692770375
1341.074509335525,1.0000213,1.0041192269466814
1341.0758982013897,0.99986917,1.0058391384408634
1341.0772870672545,1.000045,1.0059438533580045
1341.078675933119,1.0001907,1.0043739946710615
1341.0800647989838,0.9997834,1.0063686341274378
1341.081453664849,1.0000225,1.005075321687487
1341.082842530714,0.999898,1.0054956623840943
1341.084231396578,0.9999384,1.005108924579891
1341.0856202624432,1.000007,1.0042249360591031
1341.087009128308,1.0002983,1.006811531712685
1341.0883979941727,0.9998409,1.0041944318342744
1341.0897868601546,0.9999342,1.0049741054016856
1341.0911757260192,0.9999684,1.0055927490630787
1341.0925645918837,0.9998674,1.0062029005981248
1341.0939534577487,0.9998416,1.003881731447554
1341.0953423236133,0.9999918,1.005793846575886
1341.0967311894788,1.0000265,1.0038292064648449
1341.0981200553433,0.99986583,1.0040210446239446
1341.0995089212074,0.99982655,1.0052498664036356
1341.1008977870729,0.9999274,1.0056103974664212
1341.1022866530539,0.9999299,1.003701007911696
1341.103675518918,0.9999025,1.0063191872269308
1341.1050643847834,1.0000042,1.0026761056742477
1341.1064532506487,0.9999299,1.0067907307489288
1341.1078421165125,1.0000075,1.0059263779674552
1341.1092309823775,0.99980396,1.0026809840864348
1341.1106198483592,1.0000279,1.0045734881686106
1341.1120087142244,0.99981785,1.0048815075797999
1341.1133975800892,1.0000747,1.0049459451594436
1341.114786445953,0.9999517,1.0040387764773109
1341.116175311935,1.0000371,1.0049691746739287
1341.1175641778004,1.0001308,1.0054642580337894
1341.1189530436645,0.99998546,1.0052610389808032
1341.120341909529,0.9998931,1.0045709138294479
1341.121730775511,1.0001467,1.0057385875587483
1341.123119641375,0.9996631,1.0025390030225485
1341.1245085072396,0.9998518,1.0038665971017489
1341.1258973732215,0.99972767,1.007898935771187
1341.127286239086,0.9997393,1.0050478472123574
1341.1286751049508,0.9997482,1.0044525161192843
1341.1300639708156,0.9997612,1.0045293287234167
1341.1314528367966,0.99991167,1.0035064695160039
1341.132841702662,1.0000997,1.0048016125565253
1341.134230568643,0.9999428,1.0045294230710304
1341.135619434508,0.99970585,1.0054891902811725
1341.1370083003733,0.9998669,1.005524870889455
1341.1383971663545,0.9998743,1.004682674104652
1341.139786032219,1.0001353,1.0047415482589286
1341.1411748980836,1.000161,1.0034290817322378
1341.142563764065,1.0000502,1.0052526228379213
1341.1439526299296,0.999929,1.0051329172505339
1341.1453414959105,0.9998033,1.0025075996953305
1341.1467303617756,0.9999834,1.0041305534698772
1341.1481192277572,1.0002106,1.0066626059867767
1341.149508093622,0.9998804,1.0036961905455553
1341.1508969594859,0.99988025,1.0027019794245131
1341.1522858254675,0.99991554,1.0043895128239149
1341.153674691333,1.0001053,1.0053396653926343
1341.1550635573135,0.9999386,1.0048226444786588
1341.156452423178,0.9998058,1.0057386754369129
1341.15784128916,0.999926,1.0049414716130796
1341.1592301550254,1.0001007,1.0028240527177468
1341.1606190210064,0.99998504,1.0059919251143077
1341.1620078868705,1.0002228,1.004227914044256
1341.1633967528523,1.0000004,1.0045229758950953
1341.164785618717,1.000017,1.0040392976575376
1341.1661744846974,0.99980175,1.0043340009038613
1341.1675633506793,0.9996626,1.004825688378167
1341.1689522165448,0.99971247,1.0042654445388908
1341.170341082525,0.99955696,1.0032406228817659
1341.1717299483898,0.9996621,1.0061963369068405
1341.1731188143717,0.9998008,1.0009465934669892
1341.1745076802363,0.9997454,1.0041574574096446
1341.1758965462172,1.0000842,1.0047257660041056
1341.1772854121984,0.99934644,1.0016355540506237
1341.1786742780632,0.99975705,1.002753717215976
1341.180063144045,0.9997733,1.004463741455366
1341.181452010026,0.9998085,1.0046281360883926
1341.1828408758906,0.99993795,1.0049642579558045
1341.1842297418725,1.0001063,1.0039023010555177
1341.185618607853,1.000005,1.0041306464269297
1341.1870074737176,1.0002146,1.0043191900096202
1341.1883963396995,0.9998739,1.0060467609165453
1341.1897852056807,1.0000385,1.0036557875773584
1341.1911740715454,1.0000476,1.0050246376764453
1341.1925629375264,0.9999883,1.0046405100795734
1341.1939518035074,1.0001727,1.003567839061956
1341.1953406693729,0.9998911,1.0052967084682203
1341.196729535354,1.0000814,1.0052099311781253
1341.1981184013343,0.99966764,1.0041761759700618
1341.1995072673162,0.9999508,1.0053976756525846
1341.2008961331817,1.0001055,1.0038215925518899
1341.2022849991622,0.99982387,1.0056340228275753
1341.2036738651432,0.9997589,1.0027758079243863
1341.205062731125,0.9996671,1.0021031941943164
1341.2064515969896,0.9998824,1.004853197720461
1341.2078404629708,0.9994958,1.0024081877036826
1341.209229328952,0.9998488,1.0052378048240944
1341.2106181949339,0.9998258,0.9998315987993704
1341.2120070609149,0.99960154,1.0042882946343774
1341.213395926779,0.99968016,1.003546604862229
1341.2147847927608,0.99955153,1.0040659654103616
1341.2161736587425,0.99975383,1.002949028752998
1341.2175625247228,0.9998795,1.005524117031529
1341.218951390704,1.0000154,1.0024357254674134
1341.2203402566856,1.0000157,1.0038881311094379
1341.2217291226661,1.000085,1.0047362585524047
1341.223117988531,0.9996158,1.0035993153873402
1341.2245068545126,0.99996847,1.0037805954694627
1341.225895720494,1.0000647,1.0031607089318184
1341.227284586475,0.99976647,1.0053450185887305
1341.228673452456,0.99980766,1.004255670425825
1341.2300623184378,0.9996339,1.002798077373206
1341.2314511844197,0.9998936,1.0056832738620602
1341.2328400504002,0.9996924,1.0024396879842141
1341.2342289163812,1.0001947,1.0051440036375945
1341.235617782363,0.99982405,1.0040511370896903
1341.237006648344,0.9998249,1.0030150340909576
1341.2383955142088,0.9997795,1.003650718882929
1341.23978438019,1.0000688,1.0034543162297063
1341.241173246171,0.99989086,1.0046335352861298
1341.2425621121522,0.999676,1.00082367317579
1341.2439509781334,0.9994518,1.002579164326045
1341.2453398441144,0.9995194,1.005321273763775
1341.2467287100962,0.9996523,1.0026303940209955
1341.2481175760772,0.9998179,1.0044258715840972
1341.2495064420577,0.99977064,1.0031544057027073
1341.2508953080396,0.9998797,1.0025503570461995
1341.2522841740215,0.99967116,1.002744161963524
1341.2536730400025,0.9998835,1.0043833326406315
1341.2550619059834,0.99972045,1.0005321002702736
1341.256450772081,0.9996668,1.005497073279532
1341.2578396380627,0.9997834,1.0038294468689963
1341.2592285040441,0.99982756,1.003282671621007
1341.2606173700244,0.99992466,0.9994645087954568
1341.262006236006,0.9995947,1.0051846556210784
1341.2633951019875,0.9998193,1.0025719075574528
1341.2647839679678,0.9999425,1.004609760929133
1341.2661728339494,0.9997083,1.002765761950996
1341.2675616999313,0.9997792,1.0047722823339642
1341.2689505659118,0.9998695,1.000331123871803
1341.2703394318928,0.99974555,1.0056456450792828
1341.271728297991,0.9996886,0.9999386436438534
1341.273117163972,0.9997922,1.0032776946231046
1341.2745060299535,0.9996984,1.0022388279074064
1341.2758948959345,0.9997233,1.0047643602529217
1341.2772837619164,1.0000402,1.0027257271397545
1341.2786726278982,0.99982494,1.0041847206927503
1341.2800614938785,0.9999598,1.0061218097883815
1341.2814503599761,0.99967533,0.9991523749012955
1341.2828392259578,0.999804,1.0027887965330013
1341.284228091938,0.9999726,1.0033317343613624
1341.2856169579195,0.99974823,1.0031471626139121
1341.2870058239012,0.99959254,1.004467752393279
1341.2883946899988,0.99987787,1.0001262125331385
1341.2897835559797,1.000085,1.0015110192190173
1341.291172421961,0.99982715,1.0041004942407592
1341.2925612879421,0.99981284,1.003647385215232
1341.293950153924,0.9994269,1.0008682434350666
1341.2953390200214,0.99970025,1.004381764475442
1341.296727886002,1.0001111,1.0022164441597197
1341.2981167519836,0.9995851,1.00365105061065
1341.2995056179652,0.9999112,1.002615500632936
1341.300894484063,0.9999011,1.0025770685757636
1341.302283350044,0.9999502,1.0037862244362894
1341.303672216025,0.9998585,1.002885686205327
1341.3050610821228,1.0000621,1.0021380216686528
1341.3064499481038,0.99976087,1.003291077828765
1341.3078388140848,0.999581,1.0022488496065365
1341.3092276800667,0.99984705,1.002679980325812
1341.310616546164,0.99964875,1.001739435856834
1341.3120054121446,1.0000402,1.0033312548919848
1341.3133942781265,0.9997525,1.0022116946418531
1341.3147831442247,0.99985796,1.0049821424956646
1341.3161720102053,0.99972165,1.000255727738804
1341.3175608761862,1.0000888,1.0067973152528118
1341.3189497422845,0.9996968,1.0005842881834206
1341.3203386082655,0.99977654,1.0026626054652952
1341.3217274742465,0.9997619,1.002987130021991
1341.3231163403443,0.9998699,0.99866207945269
1341.324505206326,0.999447,1.0049401029684195
1341.3258940724236,0.9997056,1.0012305250944118
1341.327282938404,0.9997065,1.0010524044480114
1341.3286718043857,0.9997777,1.0057277861325384
1341.3300606704838,0.99986833,1.0000734497802406
1341.3314495364643,0.9994311,1.002542093711725
1341.3328384025617,0.99967885,1.002988004290784
1341.3342272685436,0.9998451,1.004339132496307
1341.3356161345248,0.99966997,1.004049295627145
1341.3370050006224,0.99977434,0.9983227036233698
1341.3383938666034,0.9994304,1.0025754298188447
1341.339782732701,0.9995266,1.0032749516426054
1341.3411715986826,0.99995244,1.0033190133614729
1341.3425604647805,0.99952483,0.9995981472617574
1341.3439493307608,0.9999503,1.0047512504906078
1341.3453381968588,0.9995746,0.9986952469872421
1341.34672706284,1.0000938,1.0033690925623377
1341.3481159289377,0.99964744,1.0040126801613427
1341.3495047949195,0.9997884,1.0033533875877383
1341.350893661017,0.9998183,1.003952168883387
1341.352282526998,0.99977934,1.0013970468441409
1341.3536713930957,0.99991786,1.0054151273970482
1341.3550602590767,0.99963456,1.0003328455926908
1341.356449125175,0.99982387,1.0035364339729975
1341.357837991156,0.9996181,1.0029957208706017
1341.359226857253,0.9996785,1.0002233609021367
1341.3606157232348,0.999988,1.0045271028824225
1341.3620045893329,0.9997409,1.0017583804735386
1341.3633934553131,0.9998708,1.0017960838612936
1341.364782321411,1.000013,1.0063379712006781
1341.3661711873926,1.0000343,1.000548045600052
1341.3675600534893,0.99976546,1.0011462782924418
1341.3689489195872,0.99987364,1.0022798608868961
1341.3703377855688,0.9997225,1.0041111161190344
1341.3717266516664,0.99976313,0.9987649906166925
1341.3731155176474,0.99979305,1.002946746824142
1341.3745043837448,0.9999423,0.9999668125345537
1341.375893249843,0.99954224,1.00514118406858
1341.377282115825,0.99959433,1.0012119244428654
1341.378670981922,0.9996422,1.0055980222226102
1341.3800598479029,0.99959,1.0004496998943726
1341.3814487140012,0.99952847,1.0024664411504225
1341.3828375800986,0.99997073,1.002856314444195
1341.38422644608,0.9999875,1.0032804072964774
1341.3856153121774,0.9998846,1.0049336493244527
1341.3870041782748,0.9996534,1.0002207255590327
1341.388393044256,0.9997619,1.003387075213437
1341.3897819103536,0.9995932,1.0016274547569959
1341.391170776451,0.9998158,1.0024095167220615
1341.3925596424328,0.99984074,1.0022450097153963
1341.3939485085302,0.99971163,1.0020653702041773
1341.3953373746272,0.999775,1.004003936701262
1341.396726240609,1.0000504,1.0019014742332442
1341.3981151067073,1.0001837,1.0030675265283884
1341.4008928387857,1.0000354,1.0022921669360372
1341.4022817048835,0.999799,1.0034748476329394
1341.4036705709816,0.9999356,1.0021863746156479
1341.4050594370792,0.9998226,0.9999107802467182
1341.4064483030597,1.00002,1.0045855304265172
1341.4078371691578,0.99952024,1.001616624313592
1341.4092260352554,0.99976915,1.0003368458880857
1341.4106149012357,0.999429,1.0047374038827446
1341.4120037673338,0.9997183,1.0016254824511632
1341.413392633432,0.9999649,1.0023464013912984
1341.414781499529,0.9998687,1.0034409123102606
1341.4161703656264,0.99994445,1.0006523699341594
1341.4175592316083,0.9997752,1.0019927029894957
1341.4189480977059,1.0001574,1.0021099390289525
1341.4203369638035,0.9999239,1.0004266707020328
1341.4217258299009,0.9998544,1.0016437490725951
1341.424503561981,0.9998963,1.0020992700403815
1341.4258924280778,0.99982,1.002666303793933
1341.4272812941754,0.99965096,1.001978927620022
1341.4286701602737,0.999916,1.000670513473351
1341.430059026254,0.9997976,1.0034721727334868
1341.4314478923516,0.99947476,1.001785638074589
1341.4328367584499,0.9996973,1.0042367643103942
1341.4342256245473,0.99959344,1.0004385472827566
1341.4356144906446,0.99980485,1.0002500309543212
1341.4370033567423,0.9998805,1.0009758404056468
1341.4383922228399,0.9996532,1.002861114405788
1341.4397810888217,0.9992404,1.0025667874305308
1341.4411699549191,0.9997662,1.0006280895062762
1341.442558821016,0.9998652,1.0005825943623234
1341.4439476871144,0.9997648,1.0042663578980842
1341.4453365532124,0.9996111,1.0022643679957464
1341.44672541931,0.9997011,1.0009294350346396
1341.4481142854074,0.9999624,1.0039664130568486
1341.449503151505,0.9998787,1.0008587860934244
1341.4508920174862,0.9997808,1.0017992069469426
1341.4522808835836,0.99969405,1.0034971955617051
1341.453669749681,0.99989694,1.0022964117385895
1341.4550586157793,1.0000603,1.0036032206427488
1341.456447481877,0.9997527,1.000616004925846
1341.4578363479736,0.9996621,1.0015361761079449
1341.459225214072,0.9999548,1.0045141530300452
1341.4606140801702,0.99960005,1.000815869714882
1341.4620029462671,0.9997025,1.0036249991836452
1341.4633918123645,0.99984944,1.0005972602627369
1341.4661695445602,0.99974346,1.0026087031308095
1341.4675584106578,0.99994916,1.000175039102385
1341.4689472767554,1.0000156,1.0031383449095492
1341.4703361428537,0.99969006,1.0012006193009224
1341.4717250088347,1.0000019,1.0024010077337453
1341.4731138749316,0.9997007,0.9990539334208507
1341.47450274103,0.9997857,1.0037371129337567
1341.475891607128,0.9999413,1.000903556548356
1341.4772804732247,0.99997944,1.0012191111952764
1341.4786693393223,0.99988633,1.0027474883632905
1341.4800582054204,0.99965376,1.0025488673427079
1341.4814470715182,0.99995416,1.0007310405176613
1341.4828359376156,0.99983156,1.0019601502334707
1341.484224803713,0.99997574,1.002651217303455
1341.4856136698108,0.99959487,1.0028183604139906
1341.4870025360253,0.9998689,1.0012673530317062
1341.488391402123,0.9999139,1.0016914718799141
1341.4897802682196,0.9998453,1.0018613681173185
1341.4911691343177,0.9997861,1.0024333227392486
1341.4925580004156,0.9998426,1.0007706053968108
1341.493946866513,0.9997495,1.000432083812899
1341.4953357326112,0.9995109,1.0039348699701698
1341.4967245987086,0.9999317,1.0004655850382782
1341.4981134648062,0.999994,1.0033071884303435
1341.4995023309039,1.0000916,1.0008808764321189
1341.5008911970012,0.9995998,1.001898499445685
1341.5022800630995,0.9999094,1.0007975029259897
1341.503668929197,0.9998232,1.0010843312445645
1341.5050577952939,0.999855,1.0019151044872883
1341.5064466613921,0.9999336,1.0021201354395926
1341.5078355274904,0.9999119,1.000666124063953
1341.5092243937036,0.9997071,1.0008811468595087
1341.5106132598012,1.0002265,1.001630601250687
1341.5120021258995,0.9996942,1.0043701598454926
1341.5133909919962,0.9998965,1.0008748804188763
1341.5147798580938,1.0000604,1.000946045981447
1341.5161687241919,0.9997073,1.0020863483669256
1341.51755759029,0.9994542,1.0002964509706156
1341.5189464563878,0.99978155,1.0026313219447522
1341.5203353226009,0.9997861,1.0014888161699824
1341.521724188699,0.99969465,1.0004440943707473
1341.5231130547972,1.0000511,1.0023829325533
1341.5245019208942,0.99994314,1.0014877381372214
1341.5258907869916,0.9997121,1.0032767574190664
1341.5272796530899,0.9997934,1.0027738306530212
1341.5286685191875,0.9997119,1.0010202039075728
1341.5300573854015,0.99985266,1.0016003852351096
1341.531446251499,0.9997223,1.0021144934648814
1341.5328351175963,1.0001289,1.0021906953214816
1341.5342239836941,0.99962014,1.0017463010772518
1341.5356128497915,1.0000503,1.0005692385652862
1341.5370017160053,0.9998267,1.0031609638457049
1341.5383905821036,0.99966276,1.0022691506681993
1341.5397794482012,0.9998978,1.000258461665094
1341.5411683142988,0.999974,1.0021048799336336
1341.542557180397,0.99983406,1.0006776932783792
1341.543946046611,1.0001237,1.0017498152987114
1341.5453349127083,0.999848,1.0019034549409778
1341.546723778806,0.9999627,1.0012645817131123
1341.5481126449035,0.9997733,1.0019736749392472
1341.5495015110018,0.9998396,1.000889060731387
1341.5508903772156,0.9997308,1.0021389063767467
1341.5522792433126,1.0000721,1.002351810011467
1341.5536681094109,0.99978524,1.001772704787417
1341.5550569755083,0.9997548,1.001574100689816
1341.5564458417216,0.99990505,1.0027992113818454
1341.5578347078197,1.0001941,1.0005563588641226
1341.5592235739177,0.99979544,1.0019307213528172
1341.5606124400147,0.9999617,1.00222426629858
1341.5620013062287,0.9997536,1.0009054319578352
1341.5633901723268,1.0000647,1.0014810959793305
1341.564779038425,0.9998164,1.0026466898133028
1341.566167904639,0.99979985,1.0024728961603186
1341.5675567707358,0.999865,0.9996789327849552
1341.568945636834,0.99986553,1.0031666841635092
1341.5703345029324,0.99971515,0.999250217075851
1341.5717233691457,0.99987775,1.0030182255932583
1341.5731122352431,0.99967706,0.9972634817378382
1341.5745011013414,0.99980026,1.0036342631489095
1341.5758899675548,0.9998583,1.0019301598742563
1341.5772788336521,0.99981046,1.0020502052087181
1341.5786676997504,0.99982804,0.9995940404294433
1341.5800565659642,0.99987185,1.001261529729712
1341.5814454320616,1.00008,1.001539637508662
1341.5828342981595,0.9997824,1.0033268325395683
1341.5842231643733,0.99982154,0.9995714889789244
1341.5856120304716,0.9999122,1.0001437809393656
1341.587000896569,0.99976647,1.001996761415547
1341.588389762783,0.9999573,1.0004366057679208
1341.589778628881,1.0000414,1.0015981356655863
1341.591167494979,0.99987304,1.000212687945786
1341.5925563611927,1.0000505,1.0020081825645626
1341.59394522729,0.999547,1.0021766116201685
1341.5953340933877,0.999959,1.0021612441197747
1341.5967229596017,0.99985,0.9999156460104901
1341.598111825699,0.9998012,1.0027097987287032
1341.5995006917967,1.0000966,1.0005952874973767
1341.6008895580112,1.0000708,1.0010036351792826
1341.602278424109,0.9996578,1.0023718698579835
1341.6036672903222,1.0000598,1.0003606846554072
1341.6050561564202,0.9998124,1.001217287967728
1341.6064450225185,0.9998376,0.9999172605639672
1341.6078338887319,0.99977946,1.0020530136989652
1341.6092227548293,0.99989974,1.0003688759200318
1341.610611621044,0.99996364,1.0017778337820604
1341.6120004871423,0.9998647,1.000013878809497
1341.6133893532397,0.9999734,1.0041729327184523
1341.614778219453,0.9999826,1.001262031559203
1341.6161670855513,0.99982435,1.0017703701241436
1341.617555951765,1.0000345,0.999708144075568
1341.618944817862,0.9994219,1.0022839933203829
1341.6203336839603,0.99996907,0.999378045554531
1341.6217225501748,1.0000069,1.0013699008387256
1341.6231114162715,0.99986315,1.001286703932917
1341.6245002824858,0.9997905,1.001056526701009
1341.6258891485838,0.9998733,1.0025813347001429
1341.6272780147979,0.99990463,1.001286572805836
1341.6286668808953,0.99959904,0.9998624321382206
1341.6300557471093,0.99980766,1.0032495622579953
1341.631444613207,0.99969465,0.9992064483327661
1341.6328334794216,0.9998297,1.0012234739080226
1341.634222345519,1.0000265,1.0003292338298293
1341.6356112116164,0.9999751,1.0018714198431746
1341.637000077831,1.0002156,1.0014892620744527
1341.6383889439285,0.9997362,1.0015520959568054
1341.6397778101427,0.99990547,1.0013129047162888
1341.6411666762401,0.9998584,1.0030707939015513
1341.642555542454,0.9997429,1.000201917721766
1341.6439444085518,0.999854,1.002625149404275
1341.6453332747656,1.0001388,1.0004682326832102
1341.646722140863,1.000015,1.0010309180256645
1341.6481110070777,0.99976164,0.999659735099455
1341.649499873175,0.99998325,1.0023805556134855
1341.6508887393884,1.0000602,1.0001837222604082
1341.6522776054867,0.9997946,1.0017561528486945
1341.6536664717014,1.0000678,1.0020759514979458
1341.6550553377983,0.9997942,1.0007552819366714
1341.6564442040121,0.99980956,1.0014164668301924
1341.6578330701104,0.999912,1.0027198530829042
1341.660610802539,0.99996895,1.002801145587234
1341.6619996686359,0.99961644,0.9996741039198719
1341.6633885348504,0.9999177,1.0035054053153656
1341.664777400948,0.9998481,1.00115724866971
1341.6661662671613,0.99962646,1.000173681582109
1341.6675551332594,0.99985445,1.0023476220992096
1341.6689439994739,0.99972636,1.0007763091007944
1341.6703328655708,0.99993056,1.0004448757986066
1341.673110597883,0.9998721,1.0015745442474404
1341.674499464097,0.9999548,1.002219725874664
1341.675888330311,0.99990916,0.999680161898864
1341.6772771964083,0.9998146,1.0014524800062146
1341.6800549287204,0.99988216,0.9986824173811673
1341.6814437949347,0.9998515,1.0016971343739147
1341.6828326610314,0.9999313,1.0019614232602128
1341.6842215272459,0.9998513,1.0015840815354555
1341.68561039346,0.999715,1.0042143525505403
1341.6869992595575,0.99998015,1.0002907619092565
1341.6883881257722,0.99998593,1.001507594471546
1341.6897769918696,0.9997666,1.0018562548645435
1341.6911658580834,0.99988246,1.0008744972547368
1341.693943590395,0.99998593,0.9986026224618104
1341.6953324566098,0.9995139,1.0011919258322215
1341.6981101889205,0.9999237,1.0004160629162897
1341.7008879212333,0.9998476,0.9998956733857788
1341.7036656536607,0.99990714,1.0005886542716254
1341.7050545197587,1.000044,1.0015982938397405
1341.7092211182842,0.99993277,1.0023189305361606
1341.7106099844987,0.9996318,0.9988648999480652
1341.7119988505963,0.9999209,1.0007116862966914
1341.7133877168094,1.0000535,1.0018142493292144
1341.714776583024,1.0001254,1.001545272500117
1341.7161654491224,0.9999202,1.000815174124258
1341.7175543153357,0.99993473,0.99973607413833
1341.7189431815495,1.0001106,1.0020197158727064
1341.7203320476478,0.9999938,1.0004877982075637
1341.7217209138616,0.9999952,1.00183188368812
1341.7231097800757,0.9998009,1.0014057708471926
1341.7244986461733,0.9998897,0.9996618237525352
1341.725887512387,0.9996173,1.0011389448251815
1341.7272763786011,0.9998476,1.0033826069424394
1341.7286652446987,0.9998235,0.9994863812665805
1341.7300541109125,1.0000352,1.0018299919899638
1341.7314429771272,0.9999425,1.001065778786722
1341.732831843341,1.0000596,1.0010274935467423
1341.734220709439,0.9997961,1.0024717020999216
1341.7356095756534,0.9999626,0.9985986317154264
1341.7369984418674,0.9998324,1.0009580838577743
1341.7383873079648,0.99978286,1.0017580737682192
1341.7397761741786,0.99996287,1.0018203491237079
1341.7411650403928,1.0000122,1.0004262513380806
1341.742553906491,1.000186,1.0008748679055686
1341.743942772705,0.99985445,1.0019580049289203
1341.7467205051328,1.0001228,1.0012889710967332
1341.7481093712308,0.9998441,0.999400986613252
1341.7494982374442,1.0000539,1.0028882980060283
1341.750887103658,0.9997837,1.0000160314486637
1341.7522759698727,0.99979466,1.0022876840210402
1341.7536648359696,0.9996497,0.9989101674143613
1341.7550537021834,0.99963367,1.0016287396872865
1341.7564425683981,0.9996752,1.00045920798155
1341.7578314344964,0.99977976,1.001568324883588
1341.7592203007102,0.9998056,1.000761291260883
1341.7606091669236,0.99997276,1.0015710784374705
1341.7619980331383,0.99980456,1.0010080355756212
1341.7633868992366,0.99998814,1.001155306466093
1341.7647757654497,0.99971247,0.9985703989431038
1341.7661646316637,0.99975294,1.001516135114397
1341.7675534978785,1.0000156,1.0020282879192763
1341.7689423640923,1.0001671,1.0020558980816763
1341.7703312301896,1.0002067,1.000357219620788
1341.771720096404,0.9996969,1.0001769350240535
1341.7731089626177,1.0000105,1.0009800955298678
1341.7744978288315,0.99986994,1.0021876695727268
1341.775886694929,0.99973476,0.999940521476
1341.7772755611431,0.9997608,1.0015598627718072
1341.7786644273579,1.0000113,1.003840579393322
1341.7800532935717,0.9998187,0.9977073250263974
1341.7814421597855,0.9998972,1.0023999113386888
1341.7828310258838,0.9997851,1.000196120933693
1341.7842198920978,0.9996202,1.000449492875015
1341.7856087583118,1.0001664,1.0000755486207844
1341.7869976245256,0.9998675,1.0006336804945786
1341.7883864906232,0.9997785,0.9985288500092317
1341.7897753568377,0.9998648,1.001314712633672
1341.7911642230517,0.9997926,1.0037568852093905
1341.7925530892649,1.0000278,1.0020336394702538
1341.7939419554796,0.9997671,0.9999583953413492
1341.7953308215772,0.9999157,1.0004846396711762
1341.7967196877903,0.9997572,1.001909931520369
1341.798108554005,0.99980694,0.9988062906844808
1341.7994974202197,0.9999637,0.9994787779568008
1341.800886286433,0.99992716,1.0011284089781127
1341.8022751526469,0.9999313,1.001093404007253
1341.8036640187452,0.9998714,0.9994218672332645
1341.8050528849599,1.0000075,1.0014080443337887
1341.8064417511737,0.99978703,1.0008801603064998
1341.807830617387,0.9998542,0.9998032701385529
1341.8092194836017,0.99970007,1.000999026416522
1341.8106083498162,0.99998695,1.0017822815252606
1341.811997215913,0.9999598,1.0008347231670325
1341.8133860821272,1.0000397,0.9992984567587837
1341.8147749483417,0.99992704,1.001346315670826
1341.8161638145548,0.9999642,1.0010556495442056
1341.8175526807688,0.9997864,1.0014445140359616
1341.8189415469833,0.999488,1.0005852401453417
1341.8203304130811,0.9997525,0.9999879939349217
1341.821719279295,0.9998175,1.0001095195217995
1341.8231081455087,0.9999222,1.0020388358522063
1341.824497011723,0.999702,0.999840099367208
1341.8258858779375,0.99990517,1.0008955226608243
1341.8272747441515,0.99988073,1.0016483726114405
1341.8286636103653,0.9997936,1.0006453438939196
1341.83005247658,0.99971414,1.000605703907666
1341.8314413426774,0.99984366,1.0011414201898914
1341.8328302088914,0.99970126,0.9999214597927908
1341.8342190751055,0.99971473,0.999339931501779
1341.8356079413193,0.99979216,1.0016772928778446
1341.836996807534,1.0000197,1.000302958186489
1341.8383856737478,1.000004,1.0000916903820745
1341.8397745399611,0.9998847,1.002181450731608
1341.8411634061758,0.9997722,1.0000114211061435
1341.8425522722732,0.99995595,1.002372385666341
1341.8439411384866,0.999722,1.0002007039133582
1341.8453300047013,0.99944913,1.0015786247051701
1341.846718870916,0.9998571,1.0010943793006146
1341.848107737129,0.9998445,0.9999161707305337
1341.8494966033431,0.9995318,1.0015460998205377
1341.8508854695579,0.9997631,0.9983052364102695
1341.8522743357723,0.9999853,1.0016080752663958
1341.8536632019864,0.99953514,0.9998992372428881
1341.8550520681995,0.9998247,1.00225695125582
1341.8564409342976,0.9999269,1.0006632508773352
1341.8578298005123,0.99980813,1.0007646149976994
1341.8592186667256,0.99999774,1.0001673335378174
1341.8606075329394,0.999949,1.0012970725825676
1341.8619963991541,0.9999436,0.9992342156897078
1341.8633852653675,0.9998872,1.0005062671450544
1341.8647741315813,0.9999033,1.001738010302635
1341.866162997796,0.9997832,0.9963284763341895
1341.8675518640098,0.9999848,1.0033914518060751
1341.868940730224,0.99991703,0.998866438505169
1341.8703295964378,1.0000324,1.0015603426351236
1341.8717184626516,0.9998899,1.001674244270071
1341.87310732875,0.9999896,0.9973829093447188
1341.874496194964,0.99994063,1.0019748539156896
1341.875885061178,0.9999122,1.0002448399066195
1341.8772739273927,0.99999434,1.0011822110516697
1341.8800516598203,1.0000362,1.0008542251397228
1341.8814405260343,0.9997974,1.001095136862447
1341.8828293922484,0.9998389,0.9985615475312228
1341.8842182584622,0.9997832,1.0010197922230222
1341.8856071246762,0.99983925,1.0007532776304422
1341.8869959908902,0.999857,1.0025122295577142
1341.888384857105,0.9998461,0.9983636819816905
1341.8897737233187,0.9994678,1.0030137804166208
1341.891162589532,0.99956274,0.9997601187670269
1341.8925514557468,1.0000907,1.0005121306501947
1341.8939403219613,0.9994965,1.0009210503279917
1341.8953291881744,0.99963695,1.0015061975187258
1341.8967180543884,0.99995786,1.0000809451760897
1341.898106920603,1.0001191,0.999491187103646
1341.8994957868176,1.0001221,1.000640142630894
1341.9008846529152,0.99987614,0.9992403095631758
1341.9022735191284,0.9995069,1.0035435072600836
1341.903662385343,0.999736,0.9988584074520244
1341.9050512515578,0.9994285,0.9997287671763425
1341.9064401177711,0.99953496,0.9992498222008291
1341.907828983985,0.99997073,0.9993218587491214
1341.9092178501996,0.99956256,1.0051884036589895
1341.910606716413,0.9997252,0.9950219717567486
1341.9119955826268,0.99977803,1.0008817106387693
1341.9133844488415,0.99993044,1.0006725020740184
1341.9147733150553,0.9999656,1.0014483377635772
1341.9161621812693,0.99966526,0.9997910945766312
1341.9175510474834,0.9997445,0.9991921193680592
1341.9189399136972,0.9996768,1.0016753545936883
1341.9203287799119,0.9997457,1.0003968973143902
1341.9217176461257,0.9998787,1.0015093317565043
1341.9231065123397,0.999882,0.9998296375636858
1341.9244953785542,0.99975276,1.001701978132369
1341.9258842447684,0.9996923,1.000258780475586
1341.9272731109822,0.99994683,0.9997067726441641
1341.928661977196,0.9999127,1.0002291349690664
1341.9300508434103,0.999644,1.0007533159119717
1341.931439709624,1.0000423,0.9991463003340403
1341.932828575838,0.99968415,0.9999218668902731
1341.934217442052,0.99978304,1.0003458479688467
1341.9356063082664,0.999876,1.002636066159923
1341.9369951744807,0.9993316,0.9991246469908759
1341.9383840406938,0.99964523,0.9959295604786914
1341.9397729069083,0.99993795,1.0001495780868581
1341.941161773123,0.999907,0.997171277057368
1341.9425506393363,0.99991167,1.0048765711515932
1341.9439395055501,0.9997024,0.9979591625630672
1341.9453283717648,0.99950796,1.0003134494203638
1341.9467172379796,1.0000648,1.0000120266369792
1341.9481061041934,1.0002457,1.0004239129065153
1341.9494949704067,0.9996444,0.9999349904883391
1341.9508838366214,1.0000495,1.0006965908867353
1341.9522727028361,0.9998463,0.9988680947161909
1341.9536615691657,0.9998836,1.001509328794858
1341.9550504353797,0.99986976,1.0005084712328522
1341.9564393015944,1.0000942,1.0010143474119886
1341.9578281678075,1.0000187,1.0018638627216294
1341.9592170340215,0.99984527,0.9983278326881974
1341.960605900236,1.0001262,1.0033504658032792
1341.96199476645,0.9999876,0.9993049975986822
1341.9633836326639,0.9999697,1.0000578661601522
1341.964772498878,0.99986327,0.9982129538322818
1341.966161365092,0.9995684,1.0034984319343339
1341.9675502313066,0.999721,0.9958988063728158
1341.9689390975204,0.99998444,1.0018304600736776
1341.9703279637342,0.99965525,0.9999154393845109
1341.971716829949,0.99982435,0.9968392712092531
1341.9731056961627,0.9997175,1.002918422433554
1341.974494562377,0.999441,0.9987783766949083
1341.9758834285908,0.99962014,1.0025060622775908
1341.9772722948046,0.9999612,1.001526153953292
1341.9786611610189,0.99999726,1.000250411854681
1341.9800500272327,0.9997144,0.9987809768869307
1341.9814388934465,0.99994135,1.002656868988863
1341.9828277596612,0.9996046,0.9971426930517708
1341.9842166259916,1.000148,1.0034321801460013
1341.9856054922047,0.9997617,1.0018202609098412
1341.9869943584195,0.9997956,0.9982586464926508
1341.9883832246342,0.9999251,0.9988939566677768
1341.9897720908475,0.9998596,1.0010483210480707
1341.9911609570613,0.9999521,1.0017576383611266
1341.992549823276,0.9999341,0.9988245669444329
1341.9939386894898,0.99964845,1.0004093566410381
1341.9953275557039,0.99975276,1.0024670739694939
1341.9967164219179,1.000003,0.9994727931769594
1341.9981052881324,0.9998528,1.0030397191591651
1341.9994941543468,0.99991626,0.9985693836846106
1342.0008830205602,0.9999458,0.999667865681583
1342.0022718867742,0.9999531,1.000293604120358
1342.0036607529887,0.99984604,1.0011556658576597
1342.0050496193185,0.99991703,0.9983594239693843
1342.0064384855325,0.99953663,1.0041127164352097
1342.0092162179612,1.0000613,1.0019886717696687
1342.010605084175,0.99971396,1.0013065711942182
1342.0119939503888,0.99969137,0.9996584544371766
1342.0133828166029,0.9996424,1.001395308748478
1342.0147716828174,0.9997762,0.9979291185960388
1342.0161605490316,0.99971545,1.0002465883137666
1342.0175494152447,0.99959403,1.0012510613185939
1342.0189382814592,0.9996591,1.0013747024969186
1342.020327147674,0.99994206,0.9994037888745608
1342.0217160140044,0.9996646,1.0024479171717924
1342.0231048802184,0.9995681,0.9978370661493939
1342.0244937464322,0.9997412,1.001545127187356
1342.025882612646,0.9994949,1.0013995546462615
1342.0272714788603,0.99994427,1.001053664561282
1342.028660345074,0.99978805,1.000530251613684
1342.0300492112888,0.9997193,1.003254553336502
1342.0314380775026,0.9998757,0.9986444578308082
1342.032826943716,0.9997716,0.9988659524856989
1342.0342158099306,0.9999174,1.001499136314698
1342.0356046762618,0.9997429,0.9992698462614019
1342.0369935424749,1.0000588,1.0020192046097052
1342.038382408689,0.9998558,0.9982607631287077
1342.0397712749034,0.9992126,1.0013700626297537
1342.0411601411174,1.0000383,1.0004315135257167
1342.0425490073312,0.99998945,0.9991936685327516
1342.0439378735452,0.99976146,1.002626593985631
1342.0453267397597,0.99981165,0.9996397863018279
1342.0467156059744,0.9998558,0.9989706680968258
1342.0481044723042,0.9997482,1.002442891475609
1342.049493338518,0.999906,0.9981183999209252
1342.0508822047327,0.9999621,1.0007282387969765
1342.052271070946,0.99950635,0.9998522695442197
1342.0536599371599,0.99993086,1.0011216961365341
1342.0550488033746,0.9997648,0.997971962717805
1342.0564376695884,0.9997887,0.9993459591596491
1342.0578265358026,0.99998647,1.002238705680932
1342.0592154020164,0.9996658,0.9986570271799133
1342.0606042683467,0.9999799,1.00164372113785
1342.0619931345614,1.0000687,0.9993722187245339
1342.0633820007754,1.0001091,1.0020959666593958
1342.0647708669885,0.99942607,0.998649719947593
1342.0661597332032,0.9998675,1.0010460874899516
1342.067548599418,0.99975294,1.0001692499696349
1342.0689374656317,0.9996671,0.9991307311535359
1342.0703263318458,1.0000296,1.0016763855568114
1342.0717151981762,0.9998419,1.0001847192063513
1342.07310406439,0.9997436,0.996553315589404
1342.074492930604,0.99953365,1.0009408038025445
1342.075881796818,1.0000117,1.0008112123408168
1342.0772706630326,0.9997358,0.998835927140238
1342.0786595292466,1.0000684,1.0019579740451852
1342.0828261280053,0.99936813,0.9946801065567293
1342.0842149942187,0.9991163,1.001855387189657
1342.0856038604327,0.999812,0.9985860256277284
1342.0869927266472,0.9995694,1.0023500046591696
1342.0883815928612,0.9997056,0.998465341684348
1342.0897704590752,0.9996986,0.9995503763260924
1342.091159325289,0.9997011,1.0008756001802064
1342.0939370578349,0.99972457,0.9999214166691788
1342.0953259240482,0.99984396,1.0013361843892157
1342.096714790262,0.9994958,0.9977367775070008
1342.0981036564767,0.999626,1.0008074725869454
1342.0994925226898,1.0002826,1.0004124048721657
1342.1008813889039,0.999676,1.0007258926211722
1342.102270255235,0.9992446,0.9966305900527161
1342.1036591214488,0.9995924,1.0036654045785023
1342.1050479876626,0.9998029,0.9947736255177896
1342.1064368538769,1.0002079,1.0029707689231853
1342.1078257200907,0.9997849,0.9979304571129008
1342.1092145863054,0.99967915,1.0007107190578524
1342.1106034525192,0.9999313,0.9979422654506052
1342.111992318849,0.9998108,1.0015181020051709
1342.1133811850636,1.0001003,1.000332142715819
1342.1147700512781,0.99980515,0.998586849549198
1342.1161589174922,0.9996375,0.9994315557645873
1342.117547783706,1.0001377,1.0004691825448218
1342.11893664992,0.9998623,1.002514710274276
1342.120325516134,0.99996656,0.9978466462681228
1342.1217143824642,0.99989563,1.0009675196421475
1342.1231032486783,0.9998438,1.0004142980812936
1342.1244921148927,0.9998926,0.9988845533354052
1342.1258809811068,0.9998786,1.0025101367868343
1342.12726984732,0.9998108,0.9972009471524721
1342.1286587135346,0.9996237,1.0030182726101973
1342.1300475797493,0.99995524,0.9983401155093818
1342.131436446079,0.99967766,1.0019061478213978
1342.1328253122929,0.9996504,0.9995896541421111
1342.1342141785076,0.99975073,1.0006008813744325
1342.1356030447214,1.0001111,1.0017794331928889
1342.1369919109356,0.99985766,0.999395828072628
1342.1383807771495,0.9995266,1.0028268512829128
1342.1397696434806,0.9996084,0.9989160882845021
1342.1411585096953,1.0000142,0.9969541372454084
1342.1425473759084,0.99945617,0.9990884486810239
1342.1439362421224,0.99964803,0.9989090279705244
1342.145325108337,0.9995321,0.996176927349926
1342.14671397455,0.99983907,1.0005617924703196
1342.1481028408807,0.9997179,0.9980352230589699
1342.1494917070952,1.0000154,0.9997825068429402
1342.1508805733092,0.99978715,0.9970657931175335
1342.152269439523,0.9999,1.0011189160097516
1342.153658305737,0.9996281,0.9994688055721072
1342.155047171951,0.99964905,0.9979902809099404
1342.156436038282,0.99984294,1.0020999804396487
1342.157824904496,0.9997648,0.9985274775584481
1342.1592137707094,0.9993426,1.0016675293306265
1342.1606026369238,0.9998115,0.9991908923896177
1342.1619915031383,0.9997046,1.0002033501928016
1342.1633803693526,0.99983555,1.0009791342204073
1342.1647692355664,0.9993037,0.9892126272663577
1342.1661581018966,0.99971867,1.0019458748732044
1342.1675469681106,0.99999547,0.9986541695426107
1342.1689358343247,1.0001351,1.002357771009551
1342.1703247005385,0.99970746,0.9924755952872047
1342.1717135667532,1.0000542,1.0001111409561187
1342.173102432967,0.99976856,1.0033558208130053
1342.1744912992967,0.9999227,0.9984369119169179
1342.1758801655114,0.99972874,0.999647339673171
1342.1772690317262,0.99973595,0.9978034813777998
1342.1786578979393,1.0000771,1.0014714229958899
1342.1800467641533,0.9998486,0.999970652240145
1342.191157694099,0.99979293,0.9844122649561805
1342.1925465603135,0.9998757,0.9932180982808414
1342.1939354265269,0.99980026,0.9965480004278006
1342.1953242927407,0.99987656,1.0003709708042838
1342.1967131589554,0.9998388,0.9997871793758846
1342.1981020252858,0.9998916,0.99876227234734
1342.1994908914999,1.0001118,1.0009266065213795
1342.2008797577137,0.99993527,1.0016512493466594
1342.2022686239277,1.000047,1.0002728397106926
1342.2036574901422,1.0001427,0.9996782034078289
1342.2050463563562,0.99998176,1.0006845533365065
1342.2064352226857,0.99997765,1.002611754521293
1342.2078240889005,1.0000793,1.0004370986111155
1342.2092129551152,0.9999702,0.9994424648105364
1342.210601821329,1.0001134,1.0010081014849643
1342.2119906875432,1.0001024,1.0017797783485995
1342.213379553757,0.9999679,1.0009649901995883
1342.2147684200881,1.0002314,1.000922488089621
1342.216157286302,1.0003616,1.0013453588031107
1342.2175461525153,1.0001823,1.0011478000674503
1342.21893501873,1.0002115,1.0012970476852379
1342.2203238849438,1.0000803,0.9998258783823543
1342.2217127512736,1.0001131,1.0011109971454402
1342.2231016174883,1.0001999,1.0014668994003522
1342.2244904837028,1.0002207,1.0011857537452074
1342.2258793499159,0.9998397,0.9998267263083165
1342.2272682161301,1.0000777,1.001113441353836
1342.2286570823446,1.0001004,0.9998806013159157
1342.230045948675,1.0002162,1.0011541594514917
1342.2314348148889,1.000075,0.9984177263222626
1342.2328236811027,0.9999421,1.0012454616356787
1342.2342125473174,1.0001918,1.000183248522203
1342.235601413532,1.0001686,1.0015757050034566
1342.2369902797454,0.99994683,0.9996333682981987
1342.2383791460757,0.9998888,1.001583203539862
1342.2397680122904,0.99995583,1.000015201279551
1342.2411568785037,1.0002972,1.0018442890172636
1342.2425457447175,1.000212,1.000677266546781
1342.2439346109322,1.0001781,1.0000342670549285
1342.2453234772624,1.0002403,1.0003087824847032
1342.2467123434765,1.0002534,1.0013712562275454
1342.2481012096905,0.9999535,0.9992920573957729
1342.2494900759043,0.9999749,1.0018831389834022
1342.250878942119,1.0001087,1.002280959868405
1342.2522678083328,0.9998019,1.0003002127102065
1342.2536566746626,1.0000963,1.0010557811824905
1342.2550455408773,1.0000834,1.0012039167711753
1342.256434407092,1.0000955,1.000666597620978
1342.2578232733058,0.99993235,1.0020614642121537
1342.2592121395196,1.0000336,0.9997746890781207
1342.2606010057339,0.9999893,1.0015142697982242
1342.2619898720648,1.0000503,1.000490722821836
1342.2633787382788,0.99976814,1.0007234461561605
1342.2647676044921,0.99998915,1.0003262251002183
1342.2661564707066,1.0000846,1.0001029201084415
1342.2675453369206,1.0001547,1.0016090951366874
1342.2689342032504,0.99990165,0.9995150091768432
1342.270323069465,1.0000534,1.0007033492312054
1342.2717119356794,0.9999975,1.0015806737440132
1342.2731008018927,1.0000315,1.0012958121575022
1342.2744896681065,1.0000411,1.0011748142922732
1342.2758785343212,1.0000795,0.9992670771331986
1342.2772674006517,0.99997276,1.0006425142781656
1342.2786562668657,1.0000678,1.0021947283950448
1342.2800451330795,1.0001742,1.0004631605504566
1342.2814339992942,0.999938,1.0001786234661512
1342.282822865509,1.0002043,1.001588925480246
1342.284211731722,1.000172,1.0019353637980042
1342.2856005980525,1.0001546,1.0007434952913923
1342.2869894642672,0.9998847,0.9988167160515476
1342.288378330481,1.0000455,1.0010892176131523
1342.2897671966948,1.000162,1.0018280908796102
1342.291156062909,0.9999657,1.0001209399244673
1342.2925449292393,1.0000899,1.0023893741662808
1342.293933795453,1.000038,1.0001724838960133
1342.2953226616673,1.0002015,1.000815986150625
1342.2967115278811,1.0000299,1.0011142799660104
1342.2981003940959,1.0000519,0.9994339689113754
1342.2994892603097,0.99994737,0.9998434986543262
1342.3008781266394,0.9999116,1.000002637941844
1342.3022669928541,1.0000702,1.0027300881272083
1342.3036558590686,1.0002078,0.9997327478018101
1342.3050447252817,0.99998647,0.9991139197312062
1342.306433591496,1.0000845,1.001682540463303
1342.3078224577105,0.99989295,0.9999227762570241
1342.3092113240414,1.000015,1.0018568084494592
1342.3106001902554,0.999989,1.0016644398294436
1342.3119890564685,1.000045,1.0010147195070138
1342.3133779226832,1.0002428,0.9995429800593316
1342.314766788898,1.0000067,1.001116143122678
1342.3161556551113,1.0002065,1.0014941532268182
1342.3175445214415,1.0002356,0.9996938723196325
1342.3189333876562,0.9998896,1.0029038274151214
1342.3203222538696,1.0000551,0.9986702288903566
1342.3217111200834,1.0000759,1.0007599965061496
1342.323099986298,1.0000784,1.0031211434184095
1342.3244888525119,0.9997787,0.9989391905565456
1342.3258777188423,1.0000756,0.9986391772215757
1342.3272665850563,1.0001254,1.0011866396179188
1342.3286554512702,0.9998888,1.0016574177427284
1342.3300443174849,0.99992204,0.9997615322363067
1342.3314331836987,0.99996656,1.002353945311745
1342.332822049913,0.9999058,1.0002540328236564
1342.3342109162438,1.0001845,1.0002539388603664
1342.3355997824578,1.0000862,1.0008738993953534
1342.3369886486716,1.0000132,1.0001206087285348
1342.3383775148855,0.9999122,1.0016594865836241
1342.3397663810997,0.99991333,0.9999140852354946
1342.3411552473135,1.0000643,1.0024111897664185
1342.3425441136437,1.0000529,1.000592035930827
1342.343932979858,0.99977535,1.001183499560934
1342.3453218460725,0.999841,1.0000689540560765
1342.3467107122865,1.0001202,1.0024610362832955
1342.3480995784996,1.0000707,0.9998109134193308
1342.349488444714,1.0002663,1.0010842426471014
1342.3508773110452,0.9999433,0.9996753265009388
1342.3522661772586,0.99992305,1.0022125554153407
1342.3536550434724,0.9999423,1.0004487060037093
1342.355043909687,0.9999314,1.002070519762567
1342.3564327759018,0.9997281,1.0004951387342393
1342.3578216421156,1.0000458,1.0017554902002281
1342.3592105084454,0.99996185,1.0000832614436521
1342.36059937466,0.99996823,1.0020090174365612
1342.3619882408748,1.0000007,1.000971120502538
1342.363377107088,1.0000792,1.001045439900798
1342.364765973302,1.0000159,0.9995094816778587
1342.3661548395166,0.99999714,1.0018438855318417
1342.3675437058462,1.0001024,0.9999616523303627
1342.3689325720602,1.0000154,0.9995363032074217
1342.370321438275,1.0001166,1.0016872474444989
1342.3717103044887,0.9999803,1.0003388022117674
1342.3730991707025,0.9998553,1.000919158668419
1342.3744880369165,1.0001223,1.0011315488613275
1342.3758769031306,0.9999321,1.0009909622775095
1342.3772657694617,1.0000522,1.001112868848177
1342.3786546356755,0.9999436,0.9993583130184516
1342.3800435018893,0.9998469,1.0013536629053106
1342.381432368104,0.9997772,0.9879075812729937
1342.382821234318,1.000202,1.0025683893277686
1342.384210100532,0.9999684,1.0010557855120847
1342.3855989668623,1.0000594,1.0008263589969046
1342.3869878330763,0.9999903,1.0013279555321595
1342.3883766992908,1.0000825,1.0005987135826089
1342.3897655655048,1.0001626,1.0006911479005882
1342.391154431718,1.0000408,1.001311061794157
1342.3925432979327,0.9999423,1.0004732531448157
1342.3939321641467,0.99983156,1.0010438815259355
1342.3953210304762,0.99995893,0.999830955693577
1342.396709896691,1.0000373,1.0013322840422432
1342.3980987629056,1.0001069,1.000066718566418
1342.399487629119,0.999944,1.0006852068628649
1342.4008764953328,1.000134,1.0011268781585567
1342.4022653615475,1.0001206,0.9995652956095388
1342.4036542277622,0.99989235,1.000733859037491
1342.4050430940924,0.9999771,1.0011487976921736
1342.4064319603058,1.0002198,0.9999097729247877
1342.4078208265205,1.0000013,1.0020201526902552
1342.409209692735,1.000119,1.0001297048914433
1342.410598558948,1.0001519,0.9985983623822084
1342.4119874251624,1.0001619,1.000575299599055
1342.4133762913768,1.0001166,1.0012137644212926
1342.4147651577073,0.9999091,0.9998987601970026
1342.416154023921,1.0001822,1.002416124149769
1342.4175428901349,1.0001254,1.000340779671789
1342.4189317563491,1.000042,1.0017792223844162
1342.420320622563,1.0000706,1.0001215817949956
1342.4217094887767,1.000042,1.001712831657041
1342.423098354991,0.99998254,1.0011001398231838
1342.4244872212055,1.0000361,1.0002279885485361
1342.425876087536,0.9999009,0.9991095845500884
1342.4272649537497,0.99992716,1.0019456158087188
1342.4286538199644,0.99989426,1.0014055256761865
1342.4300426861782,1.0001098,1.001548091009538
1342.4314315523923,0.99993217,0.9992770456730481
1342.4328204186063,0.9999647,1.0003828161017738
1342.43420928482,0.9999209,1.001029098620014
1342.4355981510348,1.0002216,1.0000504062137114
1342.436987017365,0.9998064,1.001150369279523
1342.4383758835784,1.0001086,1.0003643655990428
1342.439764749793,1.0001537,1.0004555659394423
1342.4411536160078,1.0002717,1.000065935767485
1342.442542482221,1.0002043,1.0007057141129496
1342.443931348435,0.9998677,1.000886341569925
1342.4453202146497,1.0001737,1.000460871836708
1342.4467090808628,1.0001254,1.0011750807082864
1342.4480979471932,1.0000643,0.9995173106982479
1342.449486813408,1.0000025,1.0013932160021652
1342.4508756796224,1.0000215,1.0001817253222374
1342.4522645458364,0.9998409,1.0004656855181686
1342.4536534120496,1.0004286,1.0006528373322343
1342.455042278264,0.9999807,1.0004674948468821
1342.4564311444788,1.0000466,1.0012694500799266
1342.457820010692,1.0000987,1.0006459404748465
1342.4592088770223,0.9999621,0.9993842417475804
1342.460597743237,1.000088,1.0009850182719122
1342.461986609451,1.0001599,1.000289541492738
1342.463375475665,0.999957,1.0018121830684497
1342.464764341879,0.9999676,0.9997773165998187
1342.466153208093,1.0000542,1.0007318916093262
1342.4675420743074,1.0000213,1.0015525241211352
1342.4689309405214,1.000058,0.999909804762953
1342.4703198067346,1.0001227,1.0002126664269018
1342.4717086730657,0.999998,1.0006333369715277
1342.4730975392797,1.0000051,1.0011094776664715
1342.4744864054937,1.0000372,0.9995105565520208
1342.4758752717084,1.0000323,1.002193707347691
1342.4772641379222,1.0002253,1.0008961632340538
1342.478653004136,1.0001788,1.0007972803752465
1342.48004187035,0.9999365,1.0004292043843028
1342.481430736564,1.0000962,1.002043220815827
1342.4828196027788,1.0001847,1.0002746871774588
1342.4842084689926,1.0002238,0.9998447735583018
1342.4855973353224,1.0002539,0.9995943326250853
1342.486986201537,1.000028,1.0022549790537758
1342.4883750677516,1.000114,0.9999081914349485
1342.4897639339647,0.9999508,1.0009308550053302
1342.491152800179,0.99998677,1.0008505652994173
1342.4925416663934,1.0001675,0.9992685073272676
1342.4939305326075,0.9999498,1.0006900301451385
1342.4953193988213,1.000052,1.0004907771332996
1342.496708265035,0.99996436,1.0017757140820247
1342.4980971312498,1.0002643,1.0003748287711016
1342.4994859974638,1.000244,1.0013676511648708
1342.5008748637933,0.99998176,1.0001745703977587
1342.502263730008,1.0000327,1.000240087640105
1342.5036525962228,1.0001116,1.0003873654265747
1342.505041462436,0.99999225,0.999320998426186
1342.50643032865,1.0003104,0.9999806356613025
1342.5078191948646,0.99996084,1.000485507338684
1342.5092080610784,1.0000601,1.0008345878188012
1342.5105969272925,0.99991304,1.0006938613404641
1342.5119857935065,0.9999552,1.0013918136892108
1342.5133746597203,0.9998061,1.0009093403600717
1342.514763525935,1.0001683,0.9990383754241172
1342.5161523921488,1.0000007,1.0004055388704303
1342.5175412583621,1.0000751,0.9993294256213981
1342.5189301246933,1.000024,1.0024546713105975
1342.520318990908,0.9998508,1.0001225488033816
1342.5217078571218,1.0000616,1.0000656786133408
1342.5230967233356,1.0001057,0.9989144482471206
1342.5244855895498,1.0001639,1.0008469114813345
1342.5258744557636,1.0001316,1.0017926573285771
1342.5272633219774,0.99985796,1.0004412702876397
1342.5286521881917,0.99987775,1.0007835091714516
1342.5300410544062,1.0000638,0.9995873654454654
1342.5314299206202,1.0000361,1.001605125502121
1342.5328187868333,1.0000087,0.9998835550501264
1342.5342076530478,1.0001299,1.000061974928277
1342.5355965192625,1.000094,1.0000525142757828
1342.5369853854759,0.99996656,1.001069659380573
1342.5383742516897,1.0002791,1.0008359422272413
1342.5397631180208,1.0003724,1.0002343960483524
1342.5411519842348,0.9999614,0.9996953368419225
1342.5425408504489,0.9999303,1.001161893020034
1342.5439297166627,1.0001508,1.000649122888328
1342.5453185828774,1.000044,1.0009286107383322
1342.546707449092,1.0001324,0.9994375685498353
1342.5480963153052,0.9999259,1.000693534256511
1342.5494851815192,0.99975914,1.0004802649131548
1342.550874047734,0.99998397,1.001661655292539
1342.552262913947,0.9999286,0.9999045750300704
1342.553651780161,1.0001245,1.0012201176669655
1342.5550406463758,0.9999436,1.0001294987425682
1342.5564295125896,1.0001442,0.999195634000625
1342.5578183788034,1.0000688,1.0016134218544999
1342.5592072450174,1.0002126,0.9984292074357254
1342.5605961112315,1.0000664,1.0010126396745573
1342.5619849774462,0.9999513,0.9998532116354649
1342.56337384366,1.0001066,0.9997936255446874
1342.5647627098733,1.0000348,1.0023236697174764
1342.566151576088,1.0000548,1.000064624573948
1342.5675404423025,1.000083,0.9996639452223886
1342.5689293085165,1.0000266,0.9993798475516718
1342.5703181747303,1.000094,1.0012106506449845
1342.5717070410608,1.0000545,1.0006085529005733
1342.5730959072753,1.0000752,1.0015280750135978
1342.5744847734893,1.000048,0.9994637973508882
1342.5758736397024,1.0000697,1.0004416946941082
1342.5772625059171,0.99988294,1.0017270000018108
1342.5786513721312,1.0000405,1.000536485635045
1342.5800402383443,1.0000739,1.0021473178311842
1342.581429104559,1.0002998,1.0007216835045574
1342.5828179707737,0.99993074,0.9996776264731952
1342.584206836987,1.0000538,0.99992490939247
1342.5855957032009,0.9999971,0.99949131825827
1342.5869845694156,0.9997583,1.0014543347165028
1342.5883734356294,0.99997425,0.9986869109203573
1342.5897623018434,1.0000556,1.0004868458654723
1342.5911511680574,1.0001111,0.9998160369631858
1342.5925400342712,1.0000123,1.0008074713447128
1342.593928900486,1.0001132,1.0005655774120579
1342.5953177666997,1.0001681,1.0003215342404284
1342.596706632914,1.0000058,1.0006243906838315
1342.5980954991285,1.0000726,1.0005471188505388
1342.5994843653425,1.0001233,1.000651914199586
1342.6008732315563,0.9999791,1.0013517762738182
1342.60226209777,1.0000553,0.9999674891296074
1342.6036509639844,1.000268,1.0000801587951884
1342.6050398301982,1.0001341,1.0002604949041274
1342.606428696412,1.0002946,1.0018809235351398
1342.6078175626262,1.0002338,1.0008378499900772
1342.6092064288407,0.9999571,1.0010089558537767
1342.6105952950547,0.99999684,1.0001152998884144
1342.6119841612679,0.99996537,1.0011327233689473
1342.6133730274823,1.0000386,0.9998487297327323
1342.614761893697,1.0001358,1.0018455481077033
1342.6161507599104,1.0002115,1.0018917381677002
1342.6175396261242,1.0002148,1.0006117668359726
1342.618928492339,0.9998612,1.0000455779468902
1342.6203173585536,1.0001041,1.0008473101286477
1342.6217062247674,0.999989,0.9994475725858495
1342.6230950909808,1.0001764,1.001687344694752
1342.6244839571955,1.0000088,1.0006340829337104
1342.6258728234102,0.9999444,0.9997702714323988
1342.6272616896233,1.0000274,1.0006786497938218
1342.6286505558373,0.9999386,1.0006685880454813
1342.630039422052,1.0000777,1.0007651780726132
1342.6314282882652,1.000142,1.0000378886243686
1342.6328171544792,1.000056,0.9995076964178011
1342.634206020694,1.0001142,1.0012332019131733
1342.6355948869077,1.0002712,0.9988298434772482
1342.6369837531215,1.0002333,1.0004016924085872
1342.6383726192191,1.0001318,1.0014571860390733
1342.6397614854332,1.0000485,1.0008048625170591
1342.6411503516479,1.0000111,1.0003276722392422
1342.6425392178617,0.9999451,1.0010727235846197
1342.6439280840755,1.0002021,1.00094689458579
1342.6453169502902,1.0000296,0.9998052966388583
1342.6467058165042,1.0000913,1.0012135790025056
1342.6480946827182,1.0001013,1.0004644791379456
1342.649483548932,1.0001786,1.0011356690759712
1342.650872415146,1.0000418,1.0006717187393435
1342.6522612813606,1.0001644,0.9998567150957721
1342.6536501475746,1.0001222,1.0006868526654535
1342.6550390137877,0.9999799,1.0015810799363662
1342.6564278800024,1.0001211,0.9999239451637577
1342.6578167462164,0.9999776,1.0020788250856913
1342.6592056124296,1.0000184,1.0000337814092606
1342.6605944786443,1.0001091,1.000370561604265
1342.661983344859,0.9999438,1.0011737786754296
1342.6633722110723,1.0001944,0.9999721922752414
1342.6647610772861,1.0000778,1.0005418739277905
1342.6661499435008,1.0000991,0.9999949891757324
1342.6675388095991,1.0000286,1.0002639422757056
1342.668927675813,0.99996686,1.001770429814969
1342.6703165420263,0.9999272,1.0005525657352337
1342.671705408241,1.0001068,1.0013723120141833
1342.6730942744555,1.0000957,1.0005968864462806
1342.6744831406686,0.99999267,1.000030534709839
1342.6758720068829,1.000024,1.0009908479074658
1342.6772608730973,1.0001029,1.000780616936931
1342.6786497393114,1.0000304,0.9990610143616542
1342.6800386055252,0.9999762,1.0015379279715853
1342.681427471739,1.0000194,1.0005837532743729
1342.6828163379532,0.99978304,1.0007663670191786
1342.6842052041677,1.0001966,1.0002928840501253
1342.6855940702653,0.9999512,1.0006108638570361
1342.6869829364787,1.0001515,0.9998575465612511
1342.6883718026932,1.0000031,1.000491249930932
1342.6897606689072,1.0001867,0.9996308472734335
1342.691149535121,1.0000219,1.0012751642495947
1342.6925384013357,0.9998807,0.9998442674790744
1342.6939272675495,0.9999229,1.0015533202801807
1342.6953161337635,1.0002419,1.0001483025138242
1342.6967049999776,1.0003604,1.00041863097966
1342.6980938661914,0.99995357,0.9992413360470345
1342.699482732406,0.9999821,1.0010169969927871
1342.7008715985035,0.99996907,0.9991182015005414
1342.7022604647168,1.0001616,0.9996508039371426
1342.7036493309315,1.0000831,1.0018280876525827
1342.7050381971462,0.9999396,0.9990496348746432
1342.7064270633593,1.0001296,1.00241159478612
1342.7078159295734,0.9998546,1.0000996818285506
1342.709204795788,1.0002314,1.0006744935737324
1342.7105936620019,0.999909,1.0006775744601952
1342.7119825282157,1.0001012,0.9998078066986921
1342.7133713943135,1.000038,1.000207631938492
1342.714760260528,0.9999845,0.999464992652747
1342.716149126742,1.0001854,1.000858751978859
1342.7175379929552,1.0003709,1.0005674499020738
1342.7189268591696,0.9999883,1.0003559225704726
1342.7203157253844,0.99988323,1.0007871547936023
1342.7217045915977,1.0001576,1.0007876357470096
1342.7230934578115,1.0002378,1.0003735150318573
1342.7244823239098,1.0002061,0.9999273038715943
1342.7258711901238,1.0000223,1.0006746647894305
1342.7272600563379,0.9999701,1.000553986203557
1342.7286489225517,1.0001755,1.0005473524413167
1342.7300377887655,1.0001574,0.999686328020642
1342.7314266549802,0.9999893,1.0019411333006263
1342.7328155211942,1.0001984,0.9994279542832908
1342.7342043874073,1.0000725,1.000633489404812
1342.7355932535056,1.0001632,0.9997814954150561
1342.7369821197203,1.0001054,0.999716453281793
1342.7383709859341,1.0001136,1.0009620724725636
1342.7397598521484,1.0001162,1.0001361095981243
1342.7411487183622,1.0003297,1.0000777071629807
1342.742537584576,1.0000932,1.0002124320973214
1342.74392645079,0.99979943,1.000527978364084
1342.7453153168876,1.0001566,1.0007202935517525
1342.7467041831023,0.9999706,0.9994014859970409
1342.7480930493161,0.99987036,1.0005881895550945
1342.7494819155295,1.0000138,1.0002975970175676
1342.7508707817442,1.0000684,0.9993541130207623
1342.7522596479587,1.0000803,1.001544813513848
1342.7536485140554,0.99991995,1.000073072453967
1342.7550373802694,0.9997049,1.0007944582810235
1342.756426246484,1.0000921,0.9997517105247067
1342.7578151126982,0.9999699,1.0009710471318742
1342.759203978912,0.9999624,1.0002692201886727
1342.7605928451258,0.9999852,0.9987901272703108
1342.761981711224,1.0000829,1.0013192283158385
1342.7633705774388,1.0000341,0.9992174384298633
1342.764759443652,0.99991494,1.0008625177537314
1342.766148309866,0.99987775,1.0007130841396747
1342.7675371760806,1.000128,1.00017707379368
1342.7689260421776,1.000149,0.9998465728744863
1342.7703149083914,0.9999456,1.0020010303552807
1342.771703774606,0.9997888,1.0003808377269265
1342.7730926408199,1.0001041,0.9995817593029321
1342.774481507034,1.0000476,1.0004941895590844
1342.7758703731315,1.0001787,1.0001322785833793
1342.7772592393453,0.99990535,1.000388866614289
1342.77864810556,1.0002986,0.9999689536927989
1342.7800369717738,1.0000674,1.0006624379687548
1342.7814258379872,1.0000428,0.9995670181026552
1342.7828147040855,1.0001436,1.0005251904709456
1342.7842035703002,1.0002575,1.0011939031043091
1342.785592436514,1.0002373,0.9989501908296601
1342.7869813027278,1.000101,1.0012348622572802
1342.788370168942,1.0002596,1.0022466767904232
1342.78975903504,0.9999573,0.9989227634958988
1342.7911479012541,1.0001452,0.9991431982993358
1342.7925367674675,1.0001315,1.0013649337627784
1342.793925633682,0.99996704,0.999324751165259
1342.7953144998964,0.9999901,1.0011213778950654
1342.7967033659934,1.0000226,1.0003903422859648
1342.7980922322072,0.99995375,1.001558114545429
1342.799481098422,0.9999824,0.9997544130552878
1342.8008699646352,0.999872,1.0010242967308445
1342.8022588307326,0.99983406,1.0009678913773414
1342.8036476969473,1.000265,1.0005792700691394
1342.8050365631614,1.0000962,0.9999253716006058
1342.8064254293754,1.0000732,1.0008314552426707
1342.8078142955892,1.0002267,0.9998484626992665
1342.8092031616875,1.0001936,1.001127386541099
1342.8105920279022,0.99990416,1.00066176944695
1342.8119808941153,1.0000594,0.999198977645815
1342.8133697603294,0.9999475,1.0014833827978709
1342.8147586264276,1.0000738,1.000504150447456
1342.8161474926414,0.99998397,1.000252430683295
1342.8175363588553,0.99995786,0.9999509105373481
1342.8189252250695,1.0000548,1.000881707229982
1342.820314091167,1.0001187,1.0011407961012346
1342.8217029573816,1.0001417,1.0002830404397471
1342.8230918235954,0.99989915,0.9992053892809296
1342.8244806898088,1.0002598,1.000450906655747
1342.825869555907,1.0001868,1.0006406043852376
1342.8272584221208,0.9999453,0.9997948295072867
1342.8286472883342,1.0001838,1.0004839418938385
1342.8300361544325,1.0000201,1.0006218348097413
1342.831425020647,1.0000141,1.0002740630187235
1342.832813886861,1.0000491,0.9996194028111983
1342.8342027530748,0.99987113,1.0015416204716867
1342.8355916191722,1.0000737,1.0014511225106537
1342.836980485387,1.0000266,1.000339880600856
1342.838369351601,0.999983,0.9988373935114908
1342.839758217814,1.0000609,1.0011414904358007
1342.8411470839123,1.0000411,0.9997112888409223
1342.842535950127,0.9998303,1.0013335300429618
1342.8439248163404,0.9999239,0.9999863737912531
1342.8453136824378,1.0001447,1.0000815218704058
1342.8467025486525,1.0000979,1.0010997645414403
1342.8480914148663,1.000295,1.0006293983885959
1342.849480280964,1.0000899,0.999437585710479
1342.850869147178,0.9999786,1.0009367056284297
1342.8522580133917,1.0002764,1.001121111299743
1342.8536468796065,1.0001832,1.00070102539423
1342.8550357457038,1.0001484,0.9998475828298459
1342.856424611918,1.0000843,1.0012902565516233
1342.8578134781326,1.0001074,1.0012545799513033
1342.8592023442293,0.99998176,0.9995402805531373
1342.8605912104433,1.000145,1.0006509672066874
1342.8619800766578,1.0000505,1.0005953285678615
1342.8633689427556,1.000076,0.9997524461227179
1342.8647578089694,1.000124,0.9997399608922284
1342.8661466751832,1.0000627,0.9994788757076569
1342.867535541281,0.9999915,1.0016704070757296
1342.8689244074956,0.9999927,1.000485157894608
1342.8703132737096,1.000188,1.0000851871516037
1342.8717021398063,1.0001956,1.0001603343405965
1342.8730910060208,0.99998194,1.0009048574460313
1342.8744798722355,1.0000548,1.0004840125730432
1342.8758687383324,1.0001664,1.000102043839489
1342.8772576045462,1.0003144,1.0003740450827792
1342.878646470761,1.0002022,1.0003100131302156
1342.8800353368592,0.9999595,1.0007213248323972
1342.881424203073,0.9999548,1.001514381572228
1342.8828130692864,0.99998313,0.9999350530077016
1342.8842019353847,1.0002398,1.0006508619538104
1342.8855908015985,1.000175,1.0000755224716125
1342.8869796678118,1.0000322,1.0011640405761515
1342.8883685339101,1.0000248,1.0008316779135573
1342.8897574001248,1.0004547,0.9999444362066281
1342.891146266338,0.99993926,1.000679410655057
1342.8925351324356,0.9999125,0.9997589165052869
1342.8939239986503,0.9997718,0.9990648255088989
1342.895312864864,1.0000621,1.001437919061377
1342.8967017309615,1.0000645,1.000945672628571
1342.8980905971757,1.0000854,0.9996982011929589
1342.899479463273,1.0002877,0.9998587496781507
1342.9008683294878,0.9999481,0.9992888866968889
1342.9022571957016,1.0001543,1.0016778637970967
1342.9036460617986,1.0001174,1.0008648817990198
1342.9050349280133,0.9999796,0.9992715953881581
1342.9064237942277,0.9998944,0.9998955670613364
1342.9078126603254,0.9999029,1.0014166679192404
1342.9092015265392,0.99995995,0.999553617256179
1342.9105903926368,1.0002205,1.0012701983475503
1342.9119792588513,0.9997412,1.0004491316287232
1342.9133681250653,1.0001478,1.0027003806971575
1342.914756991162,1.000082,0.9992868481194003
1342.9161458573767,1.0002282,1.0004035660634172
1342.9175347234743,0.9999259,1.000201215180458
1342.9189235896874,1.000189,0.9994566422991155
1342.9203124559021,1.0001513,1.001505723978611
1342.9217013220004,0.99988073,0.9999058275407412
1342.9230901882138,1.0000725,0.9999220357693579
1342.9244790543112,1.0001447,1.0000946015733907
1342.925867920526,1.0001328,1.0010074827685538
1342.9272567867397,0.99999416,1.0011634370359146
1342.9286456528373,1.0001016,0.9996395683830624
1342.9300345190513,1.0002109,1.0010183192051982
1342.9314233851496,1.0000108,1.0001028594178476
1342.932812251364,1.000097,0.9996322374513902
1342.9342011174608,0.99994344,1.0014902437837119
1342.935589983675,1.0000004,0.9991833351559853
1342.9369788498896,1.0000134,0.9993821539411083
1342.9383677159872,1.0000074,1.0010555061113644
1342.939756582201,1.0000169,1.0002536388707473
1342.9411454482984,1.0002298,1.000705304134696
1342.9425343145126,0.99995816,1.0009634895782256
1342.94392318061,0.99995065,0.9993452087245297
1342.9453120468238,0.9999848,1.001342831120348
1342.9467009129216,0.9999453,1.000438011884381
1342.9480897791361,1.0002098,0.9996488772804025
1342.9494786453502,1.0000077,1.0009130405160618
1342.9508675114469,0.99984694,1.000430820804145
1342.9522563776613,0.9999958,1.0003002490019466
1342.9536452437596,0.9998859,0.9997598563322698
1342.9550341099737,0.9999137,1.001183570422181
1342.9564229760713,0.9999272,1.000594633084824
1342.957811842285,1.000092,1.001696036611496
1342.9592007083834,0.9998481,0.9992842902888253
1342.9605895745972,1.0000888,1.001650989299545
1342.961978440694,0.9999166,1.000377701143572
1342.9633673069088,0.9999033,1.0016646204603645
1342.9647561730071,0.99981296,1.0001719574296999
1342.9661450392202,0.9997847,1.0007208100498002
1342.9675339053179,0.9998948,1.0015514862257238
1342.9689227715326,0.99978775,1.0002512590894779
1342.9703116377464,1.000012,0.9998234087727796
1342.9717005038437,0.99992156,1.0003105490454007
1342.973089370058,0.99995536,1.0002317950298374
1342.9744782361554,1.0001982,1.000078587305349
1342.9758671023692,1.0000615,0.9999280637620892
1342.9772559684668,0.9998455,0.9993467601875191
1342.9786448346813,1.0001781,1.001203299726059
1342.9800337007796,0.9999035,0.9990963564322838
1342.981422566993,1.0000589,1.0006344526070228
1342.9828114330903,0.99983615,1.0006830132942959
1342.984200299305,1.0001057,1.000820962793383
1342.9855891654026,0.9999054,1.0000204423494585
1342.9869780315003,0.99985296,1.000565313794499
1342.988366897714,1.0001658,1.000472328892427
1342.9897557638117,1.0001047,1.0002993041704686
1342.9911446300262,1.00001,1.001496368669323
1342.9925334961238,1.0000086,1.001187542127938
1342.993922362337,1.0002756,0.9996775997779214
1342.9953112284352,1.0001526,0.9995464399974507
1342.99670009465,1.0001885,1.001105878892758
1342.9980889607468,0.9997837,1.0006520672363923
1342.9994778269606,0.9999704,1.001223288927674
1343.000866693059,0.9999131,0.9990784782135127
1343.0022555592727,1.0001106,1.0024798136484478
1343.0036444253703,1.0000725,1.0007152741665408
1343.0050332915844,0.99974406,1.00051879360046
1343.0064221576827,0.9997439,1.0010923495663064
1343.00781102378,0.9997506,0.9996484461212778
1343.0091998899934,1.000078,0.9986552501220384
1343.0105887560917,1.0000234,1.0020526791472992
1343.0119776223062,0.99999523,1.0014037103553484
1343.0133664884029,0.99986625,0.9984374094632464
1343.0147553546171,0.99973714,1.0008774273471575
1343.0161442207152,1.0001154,1.0006397302887704
1343.0175330869292,0.9999442,0.9994958162490405
1343.0189219530266,0.99988925,1.000450098084728
1343.020310819124,0.99985665,1.001264437580444
1343.0216996853383,1.0000619,0.9995151844773993
1343.0230885514363,1.0000461,1.001192937387796
1343.0244774176504,1.000059,1.0013364467763268
1343.0258662837477,1.0000161,1.001614359279706
1343.027255149846,1.0000858,0.9983807081456298
1343.0286440160598,0.9997725,1.0017608486147713
1343.0300328821577,1.0000833,1.0003211602877013
1343.0314217483715,0.99989897,0.9991794609362608
1343.0328106144689,1.0001763,0.9993246461888343
1343.034199480683,0.99994093,1.001297816539361
1343.0355883467805,1.0001302,1.0008818920277955
1343.036977212878,1.0001239,0.9990412824768008
1343.0383660790926,0.9998674,1.0013856218980606
1343.03975494519,1.0001924,0.9993390265992728
1343.0411438114033,1.0000503,0.9999430660673578
1343.0425326775016,1.0001318,1.0008573966195449
1343.0439215436,1.0001233,1.000854920464044
1343.045310409813,0.9998735,0.9975152349749548
1343.0466992759107,1.0000225,1.0004811345606148
1343.048088142009,1.0000792,1.001626575296862
1343.0494770082234,0.9999538,0.9985344175076524
1343.050865874321,1.0002165,1.000853717944815
1343.0522547405344,1.0003949,1.0001910881376888
1343.0536436066325,0.99999094,0.9993062682188086
1343.0550324727305,1.0001558,1.0001638014632601
1343.056421338944,0.9999977,1.0018449181344675
1343.0578102050413,1.0001454,1.0002311675742206
1343.0591990711396,1.0000548,0.9996774756620636
1343.0605879373536,0.9998755,1.0011325032562002
1343.0619768034512,1.000004,1.0005364329096775
1343.0633656695486,1.000127,1.0003831518536879
1343.0647545357626,0.9999998,0.9996493615231596
1343.0661434018602,1.0000036,0.9998373122345439
1343.0675322679576,1.0001493,1.001214840191655
1343.0689211341717,1.0001273,1.0018844062256345
1343.0703100002697,0.99982953,0.999658422546438
1343.0716988663673,0.9999931,0.9998844936635679
1343.0730877325814,0.99985915,1.0000989714721593
1343.0744765986797,0.99973226,0.998968939651808
1343.075865464777,1.0001178,1.0004780451528485
1343.0772543309909,0.99990815,1.0011934699188265
1343.0786431970887,0.99998367,1.0009237669961946
1343.080032063186,1.0000147,0.9993776882672476
1343.0814209294008,1.000073,1.000617331540453
1343.0828097954982,0.9997934,0.9983889819925819
1343.084198661595,1.0000433,1.0013099393631941
1343.0855875278098,1.0001751,1.0008538424985174
1343.086976393908,1.0000657,1.0001140946527758
1343.0883652600046,0.9999382,0.99876464775713
1343.0897541262188,0.9999305,1.0012609522483658
1343.091142992317,0.9999486,1.0000095500645232
1343.0925318584145,0.99986494,1.0004215674928012
1343.093920724512,0.99994314,1.0009551051211343
1343.095309590726,1.0000402,0.9996473958456084
1343.096698456824,1.0002297,1.0015156062616857
1343.0980873229216,1.0000172,0.9997295740126254
1343.0994761891347,1.0000134,1.0012978787061746
1343.100865055233,0.99974525,0.9995204250692196
1343.1022539213313,0.9999349,1.0006496749219416
1343.1036427874283,1.000081,0.997111665214833
1343.105031653642,1.0002233,1.0015999870911458
1343.1064205197404,0.99990547,1.0012706045912243
1343.1078093858378,0.99986666,0.998620222213094
1343.1091982519354,0.99999166,0.9976130054872221
1343.1105871181494,0.99963653,0.9998097383547497
1343.1119759842468,1.0000433,0.9999160516943212
1343.113364850345,1.0000772,1.0008113646928596
1343.1147537164425,0.9999689,1.0003377442711228
1343.1161425826558,1.0001353,0.9997364997507665
1343.117531448754,1.0002323,0.99876016272132
1343.1189203148524,1.000201,1.0007748891916142
1343.1203091809498,1.0000653,0.9974742347296901
1343.1216980471638,0.9999819,1.0011261016167927
1343.1230869132614,0.99983627,1.0005868894017376
1343.1244757793588,1.0001296,1.0010153419277823
1343.1258646454562,0.9999743,0.999209573026088
1343.1272535116705,0.99993306,1.0010815665117379
1343.1286423777685,1.0000792,0.999776311175564
1343.1300312438661,0.99998707,1.0018719746076008
1343.1314201100213,1.0000725,0.9992802928658898
1343.1328089761193,0.99985313,0.999602364404207
1343.1341978422174,0.99997276,1.0015306158793118
1343.1355867083726,0.9999849,1.0001645703488617
1343.13697557447,0.99989235,0.999924636710622
1343.1383644406264,0.9999977,1.0017921803043606
1343.139753306724,1.0001208,0.997155505826543
1343.1411421728799,0.9998978,0.9998984857721658
1343.1425310389773,0.9999863,1.0013436123140926
1343.1439199050756,0.99999696,1.0003655403171694
1343.145308771232,0.99991345,1.000374621404631
1343.146697637329,0.9996937,0.9989477803211444
1343.1480865034264,0.9998627,1.0020732657415905
1343.149475369583,0.99984694,0.9976165625670047
1343.1508642356803,0.99995774,1.0000351719628817
1343.1522531018359,0.9997075,0.9996590072652739
1343.1536419679337,1.0001853,0.9988080381838255
1343.155030834031,1.0001514,1.0011957338630892
1343.1564197001867,0.99999446,0.9977062091842378
1343.1578085662845,0.99986,1.0001394300129132
1343.159197432382,0.9997921,1.00032869942887
1343.1605862985384,0.9999677,1.0011116779689864
1343.1619751646358,0.99980205,0.9992753483763898
1343.1633640307327,1.0000453,1.0009465242943738
1343.1647528968892,1.0000157,0.9980450513520176
1343.1661417629873,1.0000548,0.9994806494668963
1343.167530629085,1.000055,1.0014728027559754
1343.1689194951823,1.0002245,0.999093943521584
1343.1703083613381,0.99969655,1.001685863347304
1343.1716972274362,0.9998971,1.0002931888825415
1343.173086093534,0.99989045,1.0003805033154596
1343.174474959689,1.00001,0.9994559206205375
1343.175863825787,0.99996066,1.0012805170964354
1343.1772526918853,0.9996594,0.9992669353813175
1343.1786415579822,0.9999209,1.001864464041841
1343.1800304241378,1.0002182,0.9981496982802697
1343.1814192902361,0.9999353,0.9995377907610594
1343.1828081563335,0.99999046,0.9994658812090104
1343.1841970224314,0.9998905,1.001123619888935
1343.1855858885287,0.999946,0.998920957584942
1343.1869747546843,0.9997839,1.0003825113958495
1343.188363620782,0.9998621,1.000453826797653
1343.1897524868796,0.99991065,0.9996574041564014
1343.1911413529779,0.99998057,0.9998973915016577
1343.192530219076,0.9999164,1.0003248329327714
1343.1939190852308,0.9997969,1.0007804502216182
1343.1953079513287,0.999976,0.9984131840082197
1343.1966968174268,0.99965686,1.0002084477750743
1343.1980856835244,1.0001718,1.0015933143452875
1343.1994745496218,0.9999612,1.0003772880085142
1343.2008634157776,0.999837,0.998946629998472
1343.2022522818752,0.9999737,0.9994113818524109
1343.2036411479733,1.0000215,1.00258463564213
1343.2050300140709,0.9999094,0.999423046992921
1343.2064188801678,1.0001127,0.9979100820982424
1343.2078077462659,1.0001949,1.0017041844067416
1343.209196612364,1.0000336,1.0005779583023067
1343.210585478519,1.0002185,0.9983693737392331
1343.2119743446167,1.0000026,1.001652297144471
1343.2133632107148,0.99985194,0.9992467271327748
1343.2147520768124,0.9998615,0.9998147448041006
1343.21614094291,0.9998266,0.9997741251837958
1343.2175298090074,0.9999157,0.9990971404792367
1343.2189186751057,0.99990463,0.9990320278537448
1343.220307541203,0.9997044,1.0018729677477205
1343.2216964073,0.9998764,0.9985457927931121
1343.2230852733983,1.0001072,1.0005202352301348
1343.2244741394966,0.9998334,0.9996976367898385
1343.2258630055933,1.0001358,0.9991659390335051
1343.227251871749,1.0002619,1.0011576917709595
1343.2286407378474,1.0000257,0.9988197168594464
1343.2300296039448,1.0000196,1.0008294866883323
1343.2314184700422,0.9998621,1.0005950684875782
1343.23280733614,1.0000038,0.9992792116987039
1343.2341962022374,1.000123,1.000091325816779
1343.2355850683357,1.000066,1.0001324824923457
1343.236973934433,0.9999311,1.001332025731323
1343.23836280053,1.0002571,0.9990596652297312
1343.2397516666283,1.0000888,1.0007450958065016
1343.2411405327264,1.0001557,1.0013090160893448
1343.242529398824,0.99966776,1.0006422371785553
1343.2439182649214,1.0000278,1.0009347519573066
1343.245307131019,0.99987924,1.0003477951397195
1343.246695997117,0.9999343,0.9985799689002798
1343.248084863215,1.0000287,1.0003643036098417
1343.2494737293116,0.99992913,1.0008188689093336
1343.2508625953515,0.9998635,0.9972911478054416
1343.252251461449,0.9999849,1.0013329403401887
1343.2536403275458,0.9998038,0.9997788027880825
1343.255029193644,0.9997792,0.9995622478305738
1343.2564180597424,0.99976295,1.0007778852726452
1343.2578069258393,0.9997536,1.0000623586194277
1343.2591957919367,0.99992955,0.9986285682746087
1343.260584658035,1.0001227,1.000938724734311
1343.2619735241324,1.0001206,0.99877462240529
1343.2633623902302,1.0000575,0.9997273381778996
1343.2647512563276,1.000046,1.0024593162265543
1343.266140122426,0.99975675,0.9982839164361347
1343.267528988466,0.99987155,1.0009464865486553
1343.2689178545627,1.0001302,1.0009363763808101
1343.2703067206603,0.99979156,0.9991606531700173
1343.2716955867584,0.99995184,1.0004095482439774
1343.273084452856,1.0000257,0.9995417991424194
1343.2744733189534,0.9998243,1.0003085439388673
1343.275862185051,1.0001564,1.000364979066122
1343.2772510510904,0.9999454,0.9984701121798547
1343.2786399171887,0.99982893,1.0016619357309935
1343.280028783286,1.0000067,1.0004534972340338
1343.281417649383,0.99996287,1.0003655253931603
1343.282806515481,1.0000014,0.9995304849765569
1343.2841953815787,1.0000423,1.0008710563813255
1343.2855842476174,1.0002556,1.000353480504772
1343.2869731137155,0.9998371,0.9998001706785609
1343.2883619798135,0.99984854,1.0007680280573672
1343.2897508459114,1.0000776,1.0001400657213064
1343.2911397119506,0.9998536,0.998873830902484
1343.292528578048,1.0000678,1.0011779393046294
1343.2939174441462,1.0001305,1.0004833950368905
1343.2953063102439,0.9998123,0.9978702241384083
1343.2966951763406,0.999814,0.9994527181830732
1343.2980840423807,1.0001671,1.0001611443683616
1343.299472908479,0.99996656,0.9998145555450036
1343.3008617745759,1.0000012,1.0006277515990847
1343.302250640615,0.99986595,1.000216871354308
1343.3036395067134,1.0000167,1.0001243660726447
1343.3050283728107,1.0001148,1.0007220413820692
1343.3064172389084,0.9997909,1.0008636153039994
1343.3078061049478,1.0000182,1.0009672294287635
1343.3091949710451,0.99979717,0.9989988518937366
1343.3105838371434,0.99992675,0.9999106009863351
1343.3119727031826,0.9999033,1.0012462681674688
1343.3133615692802,0.9998397,1.0006668621955859
1343.3147504353783,0.99975336,0.9998831602448554
1343.316139301418,0.99990916,1.000653498082071
1343.3175281675153,0.99999,0.998934019204823
1343.3189170336127,0.9999189,1.0005388193290772
1343.320305899652,1.0001234,1.000774614955051
1343.3216947657497,1.0001464,0.9995309838267395
1343.323083631847,0.9997299,0.9998299586712769
1343.3244724978865,1.0001295,0.9994934739245103
1343.3258613639846,1.0001123,1.0007189692373424
1343.3272502300824,0.9997843,0.9996725013950578
1343.328639096121,0.9997494,1.0001619990434698
1343.330027962219,1.0000781,1.000019405467754
1343.331416828259,1.0000994,0.9991645712449632
1343.332805694356,0.9998476,0.9996950703265758
1343.3341945604534,1.0001569,1.0004219825447482
1343.3355834264935,0.9999137,0.9990983743850556
1343.3369722925918,0.99981433,1.0009039199129663
1343.338361158631,1.00002,0.9976835862651936
1343.339750024728,0.9998687,1.0012814397238317
1343.341138890768,1.0000681,0.9988493413587253
1343.3425277568663,1.0000747,1.0005826273667642
1343.3439166229048,0.9997509,1.0002675354063726
1343.3453054890024,0.9999913,0.9992939660329981
1343.3466943551005,1.0001395,1.0001893909220685
1343.3480832211399,1.000288,0.9997431102163629
1343.3494720872372,0.9998843,0.9990319543170345
1343.3508609532767,1.0001674,1.001321430774706
1343.3522498193743,1.0001832,1.0005932780566318
1343.3536386854134,1.0000618,1.0012837070166913
1343.355027551511,1.0001224,0.9994301568112898
1343.3564164175505,1.000194,1.0010118645368593
1343.3578052836488,0.9999023,1.0002993415713317
1343.359194149688,0.9999785,0.9993900522965907
1343.3605830157271,1.0001261,0.9997432151840823
1343.3619718818254,1.0000817,1.0013164889143964
1343.3633607478646,1.0000743,1.001152284168123
1343.3647496139624,0.99982804,0.9988244599544129
1343.3661384800016,0.999916,1.0000902437607384
1343.367527346099,0.9998009,1.001730156432538
1343.368916212139,0.9999996,0.9987288206804076
1343.3703050782367,1.00007,1.0005730477382342
1343.3716939442752,1.0000634,1.00043163650573
1343.3730828103153,0.9999953,0.9979712221817406
1343.3744716764136,1.0000215,1.00301544585847
1343.3758605424523,1.0001851,0.9988389151530788
1343.3772494085497,1.000008,1.000848001620572
1343.3786382745898,0.9999544,0.999339343250191
1343.380027140629,1.0001796,0.9993715653810756
1343.3814160067266,1.0000008,0.9993180835657441
1343.382804872766,0.999837,1.0005852247198823
1343.384193738806,0.9999136,1.0013145999655653
1343.3855826049034,1.000078,0.9991236093745632
1343.3869714709422,1.0000987,1.000715961534099
1343.388360336982,0.9998599,0.9992110615656916
1343.38974920308,0.99991685,1.0008754562730149
1343.3911380691188,0.9999697,1.0010351686365973
1343.3925269351582,1.0000237,0.9999967229500418
1343.3939158012563,1.0000577,1.0002791265496742
1343.395304667296,0.9999587,1.0003335611478292
1343.396693533335,0.9998421,1.00018276559079
1343.3980823994325,0.99988073,0.9985775085234082
1343.399471265472,0.99991417,1.001250482666
1343.4008601315118,1.0000138,1.0011674438886202
1343.4022489976096,0.99988896,0.9982435406436868
1343.403637863648,0.9999182,1.001784504175431
1343.405026729688,1.0000018,1.0003590650984944
1343.406415595728,0.99978185,1.000457400309609
1343.4078044618257,1.0002241,1.0011424389064032
1343.409193327865,0.99949116,1.0002362243789429
1343.4105821939042,1.0000097,1.0013864966510797
1343.4119710599443,0.99994683,1.0003733996095754
1343.4133599259835,1.0001115,0.999266457053621
1343.4147487920804,0.9997625,1.0014221177226899
1343.4161376581205,0.9999867,1.0008478008020827
1343.4175265241606,1.0001253,1.0000384187368836
1343.4189153901991,0.99993604,1.0011031186827968
1343.4203042562385,0.9999697,1.0024068077455845
1343.4216931223368,0.999816,0.9986599439673197
1343.4230819883753,1.0000306,1.0001184807817611
1343.4244708544147,0.9998436,1.0003065128776438
1343.4258597204546,1.0001357,0.9996511602997319
1343.427248586494,1.0002509,1.0005959256350518
1343.4286374525332,0.99962294,0.9985672588237144
1343.4300263186308,1.000022,1.0017233855297611
1343.4314151846706,0.9999841,1.0000670367580151
1343.4328040507107,0.99985164,1.0008795569168631
1343.4341929167495,1.000135,1.0004313473832849
1343.4355817827886,1.000122,1.0017011094238524
1343.4369706488287,1.0002551,0.9984309437776686
1343.4383595148681,0.9998023,1.000101886489836
1343.4397483809075,1.0000266,0.9986553289151585
1343.4411372469467,0.99996066,1.0012327162153076
1343.442526113044,1.0001798,0.998414282197188
1343.4439149790842,0.9997747,0.9996972961610074
1343.4453038451236,0.99991834,1.0005933167670322
1343.446692711162,0.9999436,0.9985162863718416
1343.4480815772022,1.0000389,0.9978784230116804
1343.4494704432423,0.99996847,1.0001537416930564
1343.450859309281,0.9997411,1.000581282306196
1343.4522481753202,1.000248,1.0006571179488732
1343.4536370413603,0.99996996,0.998281197769955
1343.4550259073994,0.9999946,1.0002761754536384
1343.4564147734388,0.9999961,1.0004206371422268
1343.4591925055183,0.99986565,1.000984084380322
1343.4605813715575,0.99973786,1.0010670063871385
1343.4619702375962,1.0000216,1.0009108881215736
1343.4633591036363,1.0001569,0.9997333457749622
1343.4647479696762,0.99992007,0.9999227204074533
1343.4661368357147,1.0000287,1.0002055910754535
1343.467525701754,0.99976546,1.0008724354145797
1343.468914567794,1.0000291,1.000757363947309
1343.4703034338336,1.0000085,1.0005544450257875
1343.4716922998728,0.99989176,0.9998049380811286
1343.473081165912,0.9999996,1.0002101714303935
1343.4744700319516,1.0001229,1.0012933620647901
1343.4758588979914,0.99990046,0.9995907977074883
1343.4772477639726,0.9998553,1.0005081010379062
1343.4786366300118,0.9999544,0.9996267747589158
1343.480025496052,0.99993473,1.0008171084874142
1343.481414362091,0.9999614,1.0009563710336713
1343.4828032281305,0.99977636,0.9985785091535476
1343.4841920941699,0.9998395,1.0008672300195327
1343.485580960209,1.0000551,1.001309330227111
1343.4869698262492,0.9998561,0.9999868540074275
1343.4883586922883,0.9999299,0.9993858718296501
1343.4897475582688,1.0001867,1.0011318479757505
1343.491136424309,0.99993074,0.9987945171435065
1343.492525290348,0.99998134,1.0015107207706575
1343.4939141563868,0.9999965,0.9968036938311964
1343.495303022427,0.9998191,1.0006179433709281
1343.496691888467,0.9999314,0.9988681939520891
1343.4980807544473,0.9999284,1.0004597650478226
1343.4994696204867,0.9996529,0.9987770859620414
1343.5008584865268,0.9998263,0.9976069360414681
1343.5022473525667,0.99967885,1.0025900831825634
1343.503636218606,0.9997733,0.9991035602366664
1343.5064139506262,0.9999841,0.9991063642911885
1343.5078028166663,1.0000795,1.0024882880136108
1343.509191682705,0.99992204,0.9985215087063987
1343.510580548686,0.99983877,0.998699330104695
1343.511969414726,0.99999815,1.001380966558313
1343.5133582807655,0.99972737,0.9987223467720394
1343.514747146805,1.0001565,1.0021589573166847
1343.5161360127859,1.000192,0.9971100902529709
1343.5175248788253,0.99978864,1.0022718899297776
1343.5203026108463,1.0001515,0.9981708498180711
1343.5216914768848,0.99993587,0.9999168376962286
1343.523080342925,0.9999488,0.9995657571971386
1343.5244692089643,0.9999207,1.0000482191017988
1343.5258580749446,1.0000311,1.0001339418974478
1343.5272469409847,0.99999696,0.9999133287589933
1343.5286358070248,0.9999264,0.9989287144642236
1343.5300246730058,1.0000746,1.0015489259405008
1343.5314135390452,0.99989456,0.9989726803984871
1343.5328024050264,0.99982303,0.9985392003742772
1343.5341912710664,1.0000141,0.9981507692661588
1343.5355801371056,1.0000262,1.0009112296003768
1343.5369690030861,1.0000226,1.0014082480922815
1343.5383578691262,1.0001332,0.9982589135848023
1343.539746735166,0.9996853,1.0001048704590234
1343.5411356011464,1.0001036,1.0003547954885643
1343.542524467186,1.0000031,0.9990162386793372
1343.5439133331677,0.99983156,1.0012607165392235
1343.545302199207,0.9998737,0.9999540471932141
1343.546691065188,0.99985063,1.000556219794168
1343.5480799312272,1.0001622,1.0010493137431193
1343.5494687972669,0.99979925,0.9975483192030243
1343.5508576632485,0.9997131,1.0017388555875004
1343.552246529288,0.9997758,0.9995143089867595
1343.55641312729,1.0000324,0.9995951056116451
1343.5578019933293,0.999999,0.9999623366487859
1343.5591908593105,1.0003141,1.0000609411422643
1343.5605797253497,1.0000424,1.0002167321143158
1343.561968591331,1.0000768,0.999852871076661
1343.5633574573703,0.9997984,1.0006294987895459
1343.5647463233513,0.9997546,0.9992957596852552
1343.5661351893914,0.99999434,1.0012050106434496
1343.5675240553724,1.0003115,0.9981373112125471
1343.568912921411,1.0000082,1.0009206032227373
1343.570301787393,1.0002443,0.9993721380555073
1343.571690653433,0.99988544,0.9966011480840297
1343.5730795194133,0.99974066,0.9980653134783386
1343.5744683853945,0.99991834,1.000659184369784
1343.5772461174163,0.9995509,0.9986734734910261
1343.5786349834557,0.9999774,0.997872601741156
1343.5800238494362,0.9997088,0.9982742067880771
1343.5828015814577,1.0001706,1.0011116451862423
1343.5841904474382,0.99990547,0.9992188342309507
1343.5855793134774,0.9998484,1.0013180711317513
1343.5869681794593,0.9997467,0.9984337595966674
1343.5883570454405,1.0000918,0.9991090779479643
1343.58974591148,1.0001041,1.0010937777864195
1343.5911347774609,0.99965656,1.0011290713031784
1343.592523643442,0.99991953,0.9986262707429358
1343.593912509482,0.9998459,1.000022850983194
1343.5953013754631,1.0000662,0.9993313991784462
1343.5966902414434,0.9998197,0.9995067583741534
1343.5980791074835,0.99976563,0.9983837178517658
1343.5994679734647,0.9995485,0.9992537033801242
1343.600856839446,0.9994175,0.9987777482249898
1343.6022457054278,0.9996078,0.9970343416989053
1343.603634571467,1.0000868,1.0007363218010077
1343.605023437448,0.9998574,1.0005114516443072
1343.6064123034294,1.0000207,0.9990633858902724
1343.6078011694685,0.999598,1.0023496691842282
1343.6091900354504,0.99972886,0.9993625491900077
1343.6105789014314,0.99982387,1.0015000754777093
1343.611967767412,0.9998553,1.0003796293694989
1343.6133566333938,0.9999336,0.9981571178678206
1343.6147454994336,0.999916,0.9989075250339979
1343.616134365414,0.9997915,1.0011607779178984
1343.6175232313954,1.0000093,1.0001962181257267
1343.618912097377,1.0000706,1.0011675260893413
1343.6203009633582,0.9998699,0.9995458485377691
1343.6216898293974,1.0001218,0.9991933006924442
1343.6230786953784,1.0000036,1.000537520085611
1343.6244675613602,0.9998475,0.9991808062639925
1343.6258564273421,1.0002477,1.0004401286236793
1343.6272452933226,0.9999241,1.0004298377404863
1343.6286341593036,0.9999314,0.9997126305165855
1343.6300230253437,0.99977666,0.9984657224952808
1343.6314118913242,1.0002029,1.0022728043696205
1343.6328007573052,0.99977076,0.9986389423418004
1343.634189623287,0.9996198,0.9988044233347734
1343.635578489268,1.0000557,1.0004837397724773
1343.6369673552492,1.0001997,0.9994687204826455
1343.6383562212304,1.0001534,0.9989037961365582
1343.6397450872114,0.9996148,1.00020246241151
1343.6411339531933,0.9997538,0.9988789349102843
1343.6425228192325,1.0002476,1.0017650831336398
1343.643911685213,0.9998814,0.996326159134466
1343.6453005511949,0.99978703,1.0003395937120716
1343.6466894171767,1.0000283,1.0015220662780313
1343.6480782831577,0.9996356,0.9970681077664847
1343.649467149139,1.0000074,1.003340372600832
1343.65085601512,0.9996379,0.9981449859604072
1343.6522448811018,0.9996742,1.0015819059986968
1343.653633747083,0.9998553,0.9978029953617921
1343.6550226130635,0.9998762,1.0005350075049608
1343.6564114790451,0.9999579,1.0014754726530748
1343.6578003450268,0.9997704,0.999472393919629
1343.6591892110073,0.9996142,0.9985557508896025
1343.6605780769885,0.99971914,1.0010791627699476
1343.6619669429701,0.99966764,0.998952241479978
1343.6633558089513,1.0000757,1.0002471983474615
1343.6647446749325,0.9999789,0.9993213690060715
1343.6661335409135,0.9998175,1.0000292715828298
1343.6675224068947,0.99972767,0.9991227930022605
1343.668911272876,0.99993366,0.9995158247499624
1343.6703001387987,0.999906,0.9986514737267514
1343.6716890047805,1.0000647,1.0003704816222392
1343.6730778707624,0.99997497,0.9990059078743012
1343.6744667367427,0.9998772,0.9999450969706891
1343.675855602724,0.9999463,0.9985570338141034
1343.6772444687058,0.9997115,1.0014382223145668
1343.6786333346868,1.0000632,0.9969903344012938
1343.6800222006677,0.99957913,1.000617663542436
1343.6814110666492,0.9998671,0.9967128146365586
1343.6827999326301,0.99994767,1.0008990823499495
1343.6841887985538,0.99992484,1.0012323436876294
1343.6855776645348,0.9997032,0.9982839735221436
1343.6869665305153,0.999872,1.000908189959326
1343.6883553964972,1.0000435,0.9990248768791018
1343.6897442624788,0.9996049,1.0001207602866808
1343.6911331284591,0.9998438,1.0007780790198846
1343.6925219943823,0.9999654,0.9979832733571504
1343.693910860364,0.9998052,0.9991276633709448
1343.6952997263456,1.0000598,1.002204722209388
1343.696688592327,0.9995855,0.9988852251040636
1343.6980774582491,1.0000596,0.9993733396131826
1343.6994663242308,0.99990064,1.0014429392065891
1343.7008551902127,0.9998347,0.9975941212209867
1343.7036329221742,0.99979264,1.002153104168343
1343.7050217880978,0.99979925,0.9988693250153913
1343.7064106540784,0.9999764,1.0004286916890592
1343.7077995200593,1.000148,0.9997819942235795
1343.709188385983,0.99978775,0.9986657660974686
1343.710577251964,1.00004,1.0005567461088765
1343.7119661179454,0.9998978,0.999838685606068
1343.7133549839264,0.99999833,0.9991610464345542
1343.7147438498491,1.0002302,0.999362562460635
1343.716132715831,0.99983215,1.0012748338362911
1343.717521581812,1.0000817,0.9975643894923115
1343.7189104477352,0.99977803,0.9994413006769565
1343.7202993137169,0.9999617,1.000530421753659
1343.721688179698,1.0002426,0.9973250107419585
1343.7230770456208,1.0000557,1.0002294836138583
1343.724465911602,1.000126,0.998283105956392
1343.725854777525,1.0000194,0.9999400121886307
1343.7272436435069,0.9999098,0.9991074730307044
1343.7286325094879,0.9998756,1.0021910523231554
1343.7300213754102,1.000041,0.9973052981050581
1343.7314102413918,0.99974316,0.999701233163037
1343.7327991073153,0.9998753,1.0005336440283226
1343.7341879732958,0.9998008,0.999314844787055
1343.735576839277,0.9997088,1.0010274482982102
1343.7369657052004,0.99997276,1.0016195756725759
1343.7383545711818,0.9998438,0.9992408144828692
1343.7397434371046,1.0001643,0.9997443613941069
1343.7411323030856,1.0000823,1.000171276542821
1343.7425211690093,0.9999322,0.9981628331215466
1343.7439100349904,0.9999766,0.9981210890505398
1343.7452989009125,0.99981993,1.0000971257493494
1343.7466877668944,0.99989843,0.9997603091362152
1343.748076632818,0.999914,1.0003056604636502
1343.7494654987986,0.99991864,0.9983857661194645
1343.7508543647214,1.000022,1.0021460049102933
1343.7522432307032,0.99974006,0.9952835380000814
1343.753632096626,1.0000237,0.9994315432772289
1343.7550209626072,1.000276,0.9978424211548561
1343.7564098285302,1.0001261,1.002049704419997
1343.7577986945112,0.99996805,0.9995333120502935
1343.7591875604348,1.0001639,0.9995567893858232
1343.7605764264158,0.9998847,0.9989817026274121
1343.7619652923381,1.0001403,0.9991153546245158
1343.7633541582618,1.0003475,0.9994710312851207
1343.7647430242437,0.9999915,1.000490849518882
1343.7661318901664,1.0000072,0.9996023270113954
1343.7675207561474,1.0001438,1.001339130430901
1343.7689096220704,0.9996667,0.9978733756997531
1343.7702984879938,1.000146,0.9984696295791803
1343.7716873539753,0.99993175,1.0002656061820494
1343.7730762198973,0.9996181,1.0017419353475725
1343.774465085879,1.0001013,1.0002663715854454
1343.7758539518027,1.0000458,0.9977364914420872
1343.777242817725,0.9997743,0.9993576733211272
1343.778631683706,0.999666,1.00024321235941
1343.7800205496296,0.9998902,0.9990252855003204
1343.7814094155526,0.9996281,1.0017256734978557
1343.7827982815338,0.99970585,0.9989585132934375
1343.7841871474566,0.9999065,0.9998578521015865
1343.7855760133793,0.99990547,0.9998019503672665
1343.7869648793026,0.9996888,0.9986636776770451
1343.7883537452835,0.99991935,1.0002224879930945
1343.7897426112072,1.0001092,0.9987309560480125
1343.7911314771309,1.000131,1.0009424687459294
1343.7925203431112,0.9998202,0.9978334758362257
1343.7939092090342,0.99991316,0.9990454664774253
1343.7952980749576,0.99982995,1.0002683524773612
1343.7966869408806,0.9999374,1.0018189679570555
1343.7980758068034,0.9999261,0.9986859047385789
1343.7994646727846,0.9996895,0.9987817329365816
1343.8008535387075,0.9999426,1.0004354262156745
1343.8022424046312,0.99991184,0.9991486803939923
1343.803631270554,0.9999093,1.0015726103763551
1343.8050201364763,1.0001042,1.0000043682003008
1343.8064090024582,0.9996228,0.9963433238794792
1343.8077978683816,0.99988693,1.000936911560402
1343.8091867343037,0.9995908,1.0010692304821351
1343.8105756002267,0.9996375,0.9985596176435624
1343.8119644661501,0.9998009,1.0001807478498326
1343.8133533320738,0.9998252,0.9996265330137
1343.814742198055,0.99976796,0.9994687849965925
1343.816131063977,1.0000688,1.0006002630771405
1343.8175199299008,1.0001897,1.0021954406026674
1343.8189087958244,0.999957,0.9985100348503857
1343.8202976617467,0.99981767,0.9969528385768587
1343.8216865276695,0.9999454,1.0014444768732649
1343.8230753935932,0.9998898,0.9983664243688358
1343.8244642595155,0.99999934,1.000879599308888
1343.8258531254382,0.99980146,0.9972940989958763
1343.827241991362,1.0000321,0.9986619729525941
1343.8286308572847,0.9999949,1.001192644938612
1343.8300197232077,0.9999652,1.0001876992992418
1343.8314085891889,0.9997924,0.9979301613479468
1343.8327974551116,0.99991,1.0014809674588305
1343.8341863210353,0.99988323,0.9977423061169455
1343.835575186958,0.99974376,1.0004326431674018
1343.8369640528804,0.9999633,0.9995368075788088
1343.838352918804,0.99990267,1.000147769366742
1343.8397417847277,0.9997195,0.9988887657280076
1343.8411306506505,1.0000424,1.0000711927965527
1343.8425195165732,0.9999226,0.9998430643313094
1343.8439083824965,0.99974406,0.9995486485451552
1343.8452972483617,0.9995778,0.9991522218465528
1343.8466861142847,0.99976647,0.9989064477913001
1343.8480749802068,0.99971193,1.0007406111300943
1343.8494638461302,0.999666,0.9970198228399472
1343.850852712054,0.99942297,0.9995710415904714
1343.8522415779762,0.99994814,0.9990105346465016
1343.853630443899,0.9995908,0.9994814512357059
1343.8550193098226,0.9998812,1.0000870559940984
1343.8564081757456,0.99990934,0.9989724254092285
1343.8577970416686,0.9999776,1.0000654110073182
1343.8591859075914,0.999806,0.9991462628977353
1343.860574773456,0.99998444,1.0007756971401294
1343.8619636393792,1.0001447,0.9994317668330136
1343.863352505302,0.99998343,0.9993832463461727
1343.8647413712256,1.0001689,1.0000631610788968
1343.8661302371493,0.999908,0.9997425830682792
1343.8675191030713,0.99966496,0.998996913088281
1343.8689079689943,0.9997698,1.0009988052785617
1343.8702968348598,0.9998247,1.0007819254893444
1343.8716857007826,0.9998652,0.9987066695460304
1343.8730745667053,0.9998307,0.9983928687139582
1343.8744634326283,0.9999954,1.0010170985972784
1343.8758522985513,0.9997312,1.0012324480065369
1343.8772411644168,0.9998656,0.9975041279001599
1343.8786300303395,0.9999291,1.0012482519630352
1343.8800188962618,0.999678,0.9987846973391239
1343.8814077621855,1.0000025,1.0004347094375357
1343.8827966280508,0.99973595,1.000667569646743
1343.8841854939728,0.99996704,0.9974353944147487
1343.885574359896,1.0000738,0.9985450546625338
1343.8869632257613,1.0001745,0.9999601562714104
1343.8883520916847,1.0003922,1.001893580149089
1343.8897409576077,0.99984145,0.9963510113726148
1343.8911298235298,0.99984694,1.0013537782698476
1343.8925186893953,0.99989444,1.0003475222883855
1343.893907555319,0.99960583,0.9996215446760347
1343.8952964212413,0.9996909,1.0005689357596024
1343.8966852871058,0.99978787,0.9987730788782085
1343.8980741530295,0.9997195,1.0000860577759725
1343.8994630189522,0.9999626,0.9995150872902553
1343.900851884817,1.0000147,1.0002294357116952
1343.90224075074,0.9999672,0.9996230584336326
1343.9036296166046,0.99997944,0.9988506820051142
1343.9050184825276,0.999767,0.9990962188821321
1343.9064073484506,1.0001866,1.0001192309350413
1343.907796214315,1.0000664,0.9999615926333782
1343.9091850802388,1.0001447,1.0018371873748182
1343.9105739461033,0.9996266,0.9983147320853918
1343.9119628120266,0.99985826,1.0017818397726082
1343.91335167795,0.9998696,0.9994229010932564
1343.9147405438148,1.0000465,1.001156942352658
1343.9161294097376,0.99997723,0.9995263928603677
1343.917518275602,0.9998961,1.0003485348291568
1343.9189071415253,0.99967784,0.9982145040218916
1343.9202960073906,0.99986494,1.0009110585495924
1343.9216848733136,0.99970436,1.0011903705159066
1343.9230737391777,1.0001159,1.0004951318037858
1343.924462605101,0.9995124,0.9993757895631796
1343.9258514709663,0.9998927,0.9989533080633505
1343.9272403368886,0.9999202,1.001088715899532
1343.9286292027532,0.99974257,0.9971385397394359
1343.9300180686769,0.9997907,1.0010554060072392
1343.9314069345417,0.99985296,1.0010196128974633
1343.9327958004646,0.9998622,0.9968124987023602
1343.9341846663292,0.99990296,1.000170101345499
1343.9355735321947,1.0001582,0.9978871655616761
1343.9369623981183,0.99979836,1.0001845294897114
1343.9383512639822,0.99998444,0.9997872755442144
1343.9397401299052,0.9993779,1.0001112247197976
1343.9411289957707,0.999974,0.9981324500318467
1343.9425178616934,0.9996185,0.9993844526794377
1343.943906727558,1.0000725,0.9996411222429915
1343.945295593423,0.9998872,1.0006960011182018
1343.9466844593458,0.9999062,0.9988437209164034
1343.9480733252103,0.99994767,0.999781691890542
1343.9494621910753,0.99984574,1.0032675156205855
1343.950851056998,0.9997559,0.9965240050678942
1343.9522399228636,0.9998801,1.002258432985588
1343.953628788728,0.9998075,0.9985349488162273
1343.9550176546504,0.99981475,0.9975674972351444
1343.9564065205159,0.9998704,0.9996545954767825
1343.9577953863811,0.99960303,0.9978096806162386
1343.959184252304,1.0001879,0.9994869538325576
1343.9605731181687,0.99979573,0.9967252549358645
1343.9619619840335,0.9999816,1.0016871657025104
1343.9633508498987,0.999716,1.0003269420285357
1343.9661285816856,0.9995624,0.989763012131156
1343.967517447551,0.99959576,1.0019522203215778
1343.9689063134165,0.9997196,0.9981774797869619
1343.9702951793388,0.9997196,1.0000397560048329
1343.9716840452033,0.999867,1.0000933471708364
1343.9730729110688,1.0000767,1.0008010767456565
1343.9744617769334,0.9998113,0.9955063730578825
1343.9758506427984,1.0003568,1.000652751133816
1343.9772395087211,1.0000492,0.9993090137074445
1343.9786283745857,1.0000244,0.9973989362435323
1343.9814061063157,1.0000087,0.9991828786064166
1343.9827949721807,0.9996619,0.9978873167074859
1343.984183838046,0.9996524,0.9987017913431138
1343.985572703968,0.99970526,1.0036814542592774
1343.986961569833,0.99995184,0.9984968294086934
1343.9883504356983,1.0000262,1.0014711904044333
1343.989739301563,0.9997882,0.9999272892377155
1343.9911281674276,0.99984074,1.0011338179372078
1343.9925170332922,0.9999815,0.9986802720983307
1343.9939058991572,0.99976563,0.9993205940121477
1343.9952947650224,1.0001767,1.00144236638125
1343.9966836308872,0.99990374,0.9979588342599939
1343.9980724967513,0.99985296,1.0015170228263264
1343.9994613626166,0.99997073,0.9976331730474706
1344.00085022854,1.0000134,1.00105904897699
1344.002239094404,0.9999426,0.9999144828554056
1344.003627960269,0.9997573,1.0000836408784255
1344.0050168261341,0.9999399,0.9983084855836235
1344.0064056919996,0.9998231,1.0016244713439437
1344.0077945578644,0.99982333,1.0004861437079073
1344.0091834237282,0.99963486,0.9968973193999963
1344.0105722895937,0.99985,1.0010283594434644
1344.0119611554592,0.9999366,1.0005786573971998
1344.0133500213233,0.99999934,0.9997904126172944
1344.0147388871296,0.99982035,1.0001464678500915
1344.016127752995,0.9997897,1.001002828546221
1344.0175166188596,0.999597,0.9991239219995303
1344.0189054847244,1.0000069,1.0004022874962255
1344.0202943505892,1.0000908,0.9994988193987845
1344.0216832164538,0.9998195,0.9989353604471104
1344.0230720823192,0.99999094,1.002688677955256
1344.0244609481838,0.9997556,0.9986357412942086
1344.025849814048,0.99969274,1.000718752115353
1344.0272386799134,0.9996922,0.9986070931174593
1344.028627545778,0.9998786,0.9997690531179964
1344.0300164115845,0.9997613,0.9982067129227242
1344.0314052774497,1.0001019,0.9989701656192596
1344.0327941433145,0.99978703,0.9997900702672187
1344.0341830091793,0.99978787,0.998856269853076
1344.0355718750438,0.99952525,1.0003895860895207
1344.0369607409086,0.9997533,1.001983834071186
1344.0383496067739,0.9998898,0.9977717299118011
1344.0397384725807,0.9999649,1.0018474443714707
1344.0411273384445,0.9998056,0.9975950523207636
1344.0425162043098,0.99989945,1.000388845986168
1344.0439050701752,0.9998473,0.9982784626681608
1344.0452939359811,0.9998915,1.0014897367240425
1344.0466828018457,0.99973553,0.9987165543620931
1344.0480716677112,0.9998625,1.0004625043793698
1344.0494605335757,1.0000652,1.001149208363369
1344.0508493993825,0.99985063,1.0001509420457786
1344.052238265247,1.0000573,0.9992314925371143
1344.0536271311125,0.9997569,1.0004031287610249
1344.055015996978,1.0000991,0.999292463533812
1344.0564048627837,0.99973166,1.0019355371564997
1344.0577937286484,0.99975425,1.0000753416555135
1344.0591825945137,0.99980026,1.0000399755805716
1344.0605714603203,0.99985415,0.9986628565549399
1344.0619603261848,0.99969846,0.9989997957583748
1344.0633491920496,1.0004282,1.0004092556950053
1344.0647380578562,0.99972016,0.9950989095719475
1344.0661269237216,0.9999838,1.0029615574704074
1344.0675157895862,0.99977064,1.0006853620629221
1344.068904655392,0.99982333,0.9984719588084332
1344.0702935212576,0.99974096,1.0008373821590295
1344.071682387122,1.0001531,0.9998393390349768
1344.073071252928,0.9997848,0.9971123002327815
1344.0744601187932,0.99971235,0.9993856668152706
1344.0758489846003,0.99991745,1.0009924622413044
1344.0772378504653,1.0000571,1.0000104652286195
1344.0786267162716,0.99992615,1.002256323728406
1344.0800155821362,0.99982476,0.9974623382409149
1344.0814044480016,0.9999182,1.0020658194197725
1344.0827933138082,0.99946654,0.9986657602526702
1344.084182179672,0.99983037,1.0015171076435279
1344.0855710454794,0.9997683,0.9963036144328198
1344.0869599113448,0.9998583,1.0026380382221016
1344.0883487771507,0.99976027,0.99890734997011
1344.0897376430153,0.99967635,0.9983618361909741
1344.0911265088225,0.99992573,0.9988409062557337
1344.092515374687,1.00008,1.0001741248311038
1344.0939042404937,0.99997014,0.9998046042099029
1344.0952931063584,1.0000427,1.0005325818011155
1344.0966819721648,0.9998916,0.9999620336103026
1344.0980708380303,0.999968,0.9990916332284473
1344.0994597038366,0.9997533,1.0004250111216286
1344.1008485696432,0.999898,0.9991428186752741
1344.1022374355084,0.9996897,1.0022103797527089
1344.1036263013152,1.0000658,0.9971759797829476
1344.1050151671798,1.0003012,1.0013419259200615
1344.1064040329861,0.9999156,1.0005386327933292
1344.107792898793,0.9999251,0.9994672891156318
1344.1091817646582,1.0000424,1.0001452139367077
1344.1105706304647,0.99991286,0.9997079063572797
1344.1119594963286,0.99971765,0.9993517367031305
1344.1133483621356,1.0000936,1.0010823685394308
1344.1147372279424,0.9997598,0.9987293036944155
1344.1161260938063,0.99976027,0.9994895847821236
1344.1175149596133,0.9999803,1.0006812750931458
1344.1189038254206,0.9999545,0.9971584742716608
1344.1202926912265,0.99974656,0.9996179865942002
1344.121681557091,0.9999873,0.9981679007945591
1344.1230704228983,0.9998739,0.9981264613371575
1344.1244592887049,0.99988204,1.0006697292124305
1344.1258481545697,0.9998652,1.0002765604544421
1344.127237020376,0.9997705,0.9994428586047481
1344.1286258861833,0.9999653,0.9994783480254392
1344.1300147519905,0.999816,1.0001777580304805
1344.1314036178544,1.0000908,1.0003062447572806
1344.132792483661,0.9998254,0.9979121796325011
1344.1341813494682,0.99985546,1.00124649979904
1344.1355702152746,0.9998092,1.0003340411563646
1344.1369590811391,0.9999521,0.9990463467327517
1344.1383479469457,1.0001495,0.9997185337793892
1344.1397368127523,0.9999648,1.0008227819136575
1344.1411256785595,0.9998033,0.9980773570891108
1344.142514544366,1.0000561,1.0005989585702522
1344.1439034101718,0.9998922,1.0011853009588807
1344.1452922760373,0.9997076,0.9971440501002975
1344.1466811418443,0.9999177,1.0011166502618156
1344.14807000765,0.99982744,0.9998663541491584
1344.1494588734568,0.9997343,1.000128169620556
1344.1508477392638,0.99980104,0.9996428027250924
1344.1522366050708,0.99974775,1.0008694171551118
1344.1536254708774,0.9998221,1.000550789428251
1344.155014336683,0.99974424,0.9996862971165105
1344.1564032024903,1.0000752,1.0022300808251232
1344.1577920683558,0.9997718,0.997180562407581
1344.1591809341617,1.000134,1.001960618233271
1344.160569799968,0.99958634,0.9995193685395785
1344.1619586657753,0.9993686,1.0013055436310634
1344.1633475315812,0.9998602,0.9971856208306112
1344.1647363973875,0.9995915,0.999531696836121
1344.1661252631948,0.9998212,0.9989937408020619
1344.1675141290011,0.9998073,0.9991774003031745
1344.1689029948077,0.99994355,0.999932796308612
1344.1702918606143,0.9998884,0.9999637374460443
1344.1716807264206,0.9999555,0.9986272561510947
1344.1730695922279,0.99999166,1.0003289483728763
1344.1744584580342,0.9998011,0.9995596242427632
1344.175847323841,1.0000741,1.0010767641464304
1344.177236189648,1.0001606,0.9971585990123751
1344.1786250554546,0.9997644,1.0014591461119782
1344.180013921261,0.999806,0.9998493193803031
1344.1814027870091,0.9994001,0.998220582265425
1344.182791652816,0.9999085,1.0016819758282638
1344.184180518623,0.99976915,0.9963967141076598
1344.1855693844295,0.9998982,1.0008312828002477
1344.1869582502354,0.9998102,0.9999562262013257
1344.1883471160425,0.99997276,0.9996268679481484
1344.1897359818495,1.0000368,0.9984360415383208
1344.1911248476554,0.9999851,0.999641833514171
1344.1925137134617,0.99995273,1.0011836630745818
1344.1939025792108,1.0000157,1.000504107461888
1344.1952914450173,1.0000296,0.9983682657706701
1344.196680310824,0.999967,0.9999964580076253
1344.1980691766303,1.0000271,0.9995214396814921
1344.1994580424375,0.99996084,0.9981738527798106
1344.2008469081866,0.9998548,1.0010455023995142
1344.2022357739922,1.0001705,0.998709677195865
1344.2036246397988,0.99957144,1.0008470212592104
1344.205013505606,0.9998871,1.0001671292975787
1344.2064023714117,0.9998523,0.998948692256481
1344.20779123716,0.9997218,0.9997424025146813
1344.2091801029674,0.99978757,0.9999721604127261
1344.2105689687737,0.9998361,1.0015857463486955
1344.2119578345219,0.9998467,0.9981286933236012
1344.2133467003287,0.99984795,0.9979742120789846
1344.214735566135,1.0000657,1.0017870956147403
1344.2161244319423,0.9999199,1.001043243292717
1344.2175132976904,0.9997389,0.9995669622924312
1344.2189021634963,0.99964637,1.001096315298692
1344.2202910293036,0.9999272,0.9988886935777392
1344.2216798950524,0.9999334,1.0015773015216336
1344.223068760859,0.99980986,0.9984374782341465
1344.2244576266653,0.9997455,1.0028035043731747
1344.2258464924137,0.99998677,1.0002440741180194
1344.2272353582207,0.99987924,0.9987507733692522
1344.2286242240273,0.9999311,1.0007464199009393
1344.2300130897747,0.9997792,0.9978470181898199
1344.231401955582,0.99964523,1.0002606753212069
1344.232790821331,0.99988586,1.0006287529796654
1344.234179687137,0.9997276,0.9985188640331834
1344.2355685529433,0.9999294,1.0004826621188183
1344.2369574186923,1.000045,0.9991066879927315
1344.2383462844987,0.9999684,1.0013454583867267
1344.2397351502473,1.0000672,0.9975485963648287
1344.2411240160536,1.0000043,1.0008294259084727
1344.2425128818018,1.0002322,0.9999257367143135
1344.243901747609,0.99974203,0.9995946291160893
1344.2452906133574,0.9998647,1.0005751238354212
1344.246679479164,0.99966526,0.9981858495196415
1344.2480683449128,0.999589,1.0014927578016692
1344.2494572107194,0.99981683,1.0014722808047092
1344.2508460764675,0.9997439,0.9988397123854657
1344.252234942274,0.9996295,1.0019546180564323
1344.2536238080224,0.9994482,0.9992025016111641
1344.2550126738288,0.9996142,1.0001010028115211
1344.2564015395772,0.9996449,1.0014793127705781
1344.2577904053255,0.9998068,1.0006754626159964
1344.2591792711326,0.9997551,0.9999643462021522
1344.260568136881,0.99948657,0.9983114886547743
1344.2619570026868,0.999815,0.9999516374784746
1344.2647347342427,0.9994204,0.9961381021480185
1344.2661235999904,0.9992018,0.9996834691679316
1344.2702901972948,0.9994796,0.99769814831678
1344.2716790630432,0.9995748,0.999238064656352
1344.2730679288488,0.99947256,1.0004475756431646
1344.2744567945979,0.9996637,1.0004598874051445
1344.275845660347,0.9994005,1.001296464698801
1344.2772345261528,0.99961793,0.9993538099324545
1344.278623391901,0.99946153,1.0003705658378506
1344.28001225765,0.9995932,1.0021132347869957
1344.2814011233982,0.9994798,0.9983309933464132
1344.284178854953,0.999815,0.9986434106454738
1344.2855677207012,0.99959755,1.0002636510078715
1344.2869565864503,0.99941915,1.0007139712855384
1344.2883454522566,0.99935347,0.999308861171243
1344.2897343180043,0.9996646,1.001197047459061
1344.2911231837534,0.999656,1.0003672890489579
1344.2925120495024,0.99921817,0.9964056025504702
1344.2939009153088,0.99972063,1.0005202142375345
1344.295289781057,0.99940115,0.9991997347906819
1344.2966786468053,0.9996693,0.9993880087160979
1344.298067512554,0.9997208,0.9985558354247768
1344.2994563783027,0.999044,1.0023935531506936
1344.3008452440502,0.9997697,0.9981909579972633
1344.3022341098572,0.99979174,0.998812213104335
1344.3050118413532,0.99948627,1.0022229275381482
1344.306400707102,0.9996437,0.9974859829085153
1344.307789572851,0.9994933,1.0018986324512942
1344.3091784385988,0.9996216,0.9985174964992483
1344.310567304347,0.9993873,0.9998504599762159
1344.311956170096,0.99966145,1.001986513770934
1344.3133450358441,0.999717,1.0007121177904883
1344.3147339015927,0.9996384,1.0001097067030646
1344.3161227673409,0.99935555,0.9989406171293599
1344.31751163309,0.9995808,1.0024505201804808
1344.3189004988972,0.9993995,0.9980224892873144
1344.3202893646446,0.9996467,0.9993359582361284
1344.321678230393,0.99941605,1.0009574920338433
1344.3230670961418,0.99959517,0.9993362513597376
1344.3244559618902,0.999794,1.0007124871870536
1344.3258448276383,0.9994871,0.999742661022501
1344.3272336933285,0.99985164,1.0004201540442337
1344.3286225590768,0.99951446,0.9999341812081498
1344.330011424826,0.99974304,1.0011268420084536
1344.331400290574,0.9991402,0.99948312278672
1344.3327891563217,0.9996623,1.0017071051419955
1344.3341780220708,0.9992213,1.000068379495202
1344.3355668878196,0.99969834,1.0001663455542904
1344.336955753567,0.99949944,1.0008253042820805
1344.3383446193154,0.99969524,0.998386113249726
1344.3397334850642,0.999552,1.0006771179883767
1344.3411223508133,0.99953884,1.0005880750098242
1344.3425112165617,0.9994828,1.0001308395512811
1344.343900082251,0.99958247,1.0000415486969072
1344.345288948,0.99976516,1.0007928096606047
1344.346677813749,0.99965477,0.9979365227652217
1344.3480666794967,0.9997112,1.0030761979509542
1344.3494555452448,0.9996233,0.9973465592608858
1344.350844410994,0.99943995,1.0020038030007867
1344.3522332766834,0.99962497,0.997869841135903
1344.3536221424315,0.9995328,1.0014461871306823
1344.3550110081806,0.9993018,1.0002392169453105
1344.3563998739287,0.99964076,0.9990862768735375
1344.357788739677,0.99955654,1.001101643092189
1344.3591776053672,0.99957246,1.0013787836728347
1344.3605664711154,0.99926966,0.9996153902347784
1344.3619553368644,0.9997864,0.9978752727652132
1344.3633442026126,0.9994487,1.000824778755869
1344.3647330683027,0.9995179,1.0010670801092942
1344.3661219340515,0.99942625,0.9971928773583641
1344.3675107998001,0.99948144,1.001380367961926
1344.36889966549,0.9998669,0.9993896599145987
1344.3702885312382,0.99989045,1.0013867324648773
1344.3716773969868,1.0001295,0.9991301079752545
1344.3730662627356,0.99976563,0.9995952370894321
1344.3744551284258,0.9997322,0.9999544984743002
1344.3758439941732,0.9999232,0.998634787499172
1344.3772328598639,0.9997476,1.000217883938772
1344.378621725613,0.9996385,1.0000471033779386
1344.3800105913606,1.000089,0.999297381282186
1344.3813994570505,0.9999085,1.0016279966737405
1344.3827883227996,0.9999377,0.9982706682402159
1344.384177188548,0.99981374,1.0017227736952996
1344.385566054238,0.99981916,0.9981594977928513
1344.3869549199862,0.9997988,1.0006272713006452
1344.388343785677,0.9998937,0.996466368372081
1344.3897326514261,0.999819,0.9994203848182258
1344.3911215171154,1.0002229,1.0023832312505108
1344.3938992485546,0.9997974,0.9999826306885429
1344.3952881143027,1.0000194,0.9994684796550017
1344.3966769800509,0.99977666,0.9964916030218168
1344.3980658457413,1.0000548,1.000920471769811
1344.3994547114894,0.99978447,1.0005831696193994
1344.4008435771793,0.9998021,0.9991132483393436
1344.4036213086179,0.99969405,1.0018942377245232
1344.4050101743087,0.99999094,1.0001820052278307
1344.4063990400568,0.9999597,1.0005919044881102
1344.4077879057463,1.0001565,0.9985706378571818
1344.4091767714954,0.99980414,0.9996110972781485
1344.410565637186,0.99976546,0.9995297509636668
1344.4119545029343,0.9997901,0.99991886909131
1344.4133433686243,1.0000384,0.9992365317152896
1344.4147322343144,0.99973035,1.0005342605579695
1344.4161211000633,0.99962026,0.9988228811073563
1344.4175099657534,0.9998772,1.000722153264107
1344.4188988314427,0.99979925,1.0013678272187805
1344.4216765628826,0.9998598,0.9993641801095114
1344.423065428572,0.9999921,0.9988021149849352
1344.4244542943202,0.999989,0.9994414802038386
1344.425843160011,0.99995494,1.002096306374283
1344.427232025701,0.99984777,0.9989554954956565
1344.4286208914493,0.99984664,0.9984750955418322
1344.4300097571395,0.99980277,0.9985928403071131
1344.4313986228294,0.9999635,0.9988061748319076
1344.4327874885785,0.9997096,1.004159301732453
1344.4341763542684,0.999582,0.9968168862242069
1344.4355652199579,0.9998461,1.0001802669832915
1344.4369540856487,0.99994665,0.9997170589495523
1344.4383429513978,1.0000768,0.9996863949309892
1344.4397318170877,0.9998569,0.9994742318465185
1344.4411206827779,0.9998647,1.0014785355671585
1344.442509548468,0.99988425,0.9983333723315214
1344.4438984141586,0.9997777,0.9976073444543605
1344.445287279907,0.99995184,1.0024779942614659
1344.4466761455965,0.9998954,0.9999145601170687
1344.448065011287,0.99974525,0.9984926269373379
1344.4494538769777,0.9998782,0.9997975046434975
1344.4508427426672,0.9999824,1.0010757257465954
1344.4522316083574,0.9997069,1.0005835463080432
1344.453620474048,0.9998077,0.999134186413903
1344.4563982054856,0.9997844,1.0008494231725538
1344.4577870711764,0.9997777,1.0019671493638365
1344.4591759368666,0.9998899,0.9987153793307258
1344.4605648025567,0.99962145,0.9999729602610615
1344.4619536682467,0.999504,0.9999437291157659
1344.4633425339375,1.0000074,1.0009571033942972
1344.4647313996284,1.0000993,0.9977649183819447
1344.4661202653176,0.99976516,1.001612444890307
1344.4675091310078,0.9997638,0.9970927579619495
1344.4688979966986,1.000034,1.0008445553305667
1344.4702868623885,0.9997297,0.9996877526253857
1344.4716757280785,0.9999374,1.0002469560374356
1344.4730645937689,0.9999851,0.9988464263253326
1344.4744534594588,1.0002788,1.0009917437706424
1344.4758423251496,0.9999294,0.9970290910865423
1344.4772311908396,0.9998619,0.9991380893261981
1344.478620056529,0.99983674,1.0008690282981463
1344.48000892222,1.0000024,1.0022417310303957
1344.4813977879107,1.0001756,0.9976700170306909
1344.4827866536,0.99997306,1.000975162381058
1344.4841755192901,1.0000225,0.9991966639507731
1344.4855643849808,0.99997133,1.0003239528185983
1344.4869532506714,1.0001054,0.9990467315395167
1344.4883421163618,1.0000914,0.9994468906112512
1344.4897309819928,0.9995731,1.0009708478876618
1344.4911198476834,0.9998864,0.9997594969916732
1344.4925087133743,0.9998026,1.0006047070968143
1344.4938975790637,1.000122,0.9957303617106099
1344.4952864447537,0.99966896,1.0017012366579665
1344.4980641760762,1.000005,1.0011203705679028
1344.4994530417666,1.0000854,0.9990556019866423
1344.5008419074566,0.9999388,0.9982184328785476
1344.5022307731465,0.9997668,1.0000372939399957
1344.5036196388369,0.9999127,1.0003150464899586
1344.5050085044686,1.0000652,0.9975728045718475
1344.5063973701585,1.0000414,1.0012565117922014
1344.5077862358494,0.9999761,0.9980976550338071
1344.5091751015395,0.9998598,1.0016043149217304
1344.5105639671715,0.9997524,0.9996561614192069
1344.511952832862,1.0001243,1.0004372822775853
1344.5133416985523,0.99969155,0.9988729496806104
1344.5147305642422,0.9997073,0.9999708716815486
1344.5161194298742,0.99999607,0.9982396059363035
1344.5175082955643,0.9994853,0.9995587464784139
1344.5188971612552,1.0001024,1.000388333742184
1344.5202860268869,0.9999259,0.9998717888874687
1344.5216748925764,0.9996501,0.9994975158595845
1344.523063758267,1.0001767,0.9983508327595636
1344.5244526238994,0.999888,1.0009683547592978
1344.5258414895889,1.0000054,1.0035722701904624
1344.527230355279,0.99994445,0.9958612285700097
1344.5286192209114,0.99969846,0.9997910368043029
1344.5313969522335,0.9996043,1.0085011220983309
1344.5327858179235,1.0001643,1.003944772922304
1344.534174683556,0.9999969,1.0025410648873505
1344.5369524149364,0.9998762,1.001005944895459
1344.5383412805681,0.99990517,1.001104079438789
1344.539730146259,0.9998158,0.9987323240469627
1344.5411190118907,0.9999576,1.0000126216304976
1344.5425078775809,0.999775,0.9999076841577137
1344.5438967432128,0.9996918,0.9990320642987012
1344.5452856089028,0.9996899,0.9976983435672264
1344.5466744745354,0.9998523,1.0007485218363765
1344.5480633402253,0.99960977,1.0023008887630371
1344.5494522058566,0.9996223,0.9960523807676304
1344.5508410715474,0.9999606,1.0004821979487655
1344.55222993718,0.99982685,0.9994220199200765
1344.5536188028111,0.99999994,0.9998998323099962
1344.5550076685013,1.0000966,0.9999467250685128
1344.556396534134,1.0000668,1.0027736882717724
1344.5605631310875,0.9997136,0.9992400946472024
1344.5619519967781,0.999827,0.9996687130035816
1344.5633408624103,0.999818,1.0013345939253078
1344.5647297280996,1.0002154,0.999792801543231
1344.566118593732,1.0000852,0.9991021817436854
1344.5675074593646,1.0000323,1.000921646572049
1344.5702851906858,0.9998193,1.002158575524843
1344.5716740563184,0.9995963,0.9953795372653044
1344.5730629220086,1.000045,1.00124024966878
1344.5744517876406,1.0000261,1.0013267685309977
1344.5758406532723,1.0001767,0.9995471738272308
1344.577229518904,0.99991316,0.999213963204656
1344.5786183845948,1.0000606,1.0003070618485668
1344.5800072502268,0.99977267,1.0002891142084536
1344.5813961158588,0.9998249,0.9987637876038704
1344.5827849814914,0.99998593,1.0009295893951846
1344.5841738471813,0.9996144,0.9991524061385528
1344.585562712813,0.9998951,0.9987076610480884
1344.586951578445,1.0002981,1.000716364807007
1344.588340444077,0.99981266,1.0012904510518188
1344.5897293097096,1.0002596,0.9977244549309484
1344.5911181753995,0.99990916,1.0016522537621106
1344.5925070410308,1.0001353,0.999071937922625
1344.5938959066634,0.99995494,0.9974854798307335
1344.5952847722958,1.0001324,0.9987957124123337
1344.5966736379269,0.9999108,1.0019967843536959
1344.598062503559,1.000038,0.9983032453147419
1344.5994513691915,0.9997109,1.000041535061354
1344.6008402348816,0.9999167,0.9987129979940395
1344.6022291005133,0.9999119,1.000711468641152
1344.603617966145,0.9999714,0.9986126246064103
1344.6050068317777,0.9998098,1.001475513354687
1344.6063956974103,0.9999048,1.0009096781490374
1344.6077845630416,0.99999994,0.9997811451606933
1344.6091734286733,1.0001549,1.0004843998939945
1344.610562294306,0.9999326,0.9981702775009483
1344.6119511599377,0.9997282,1.0005101195192045
1344.6133400255699,0.9997683,0.99934478322846
1344.6147288912016,0.9997905,1.0004904717722443
1344.6161177568333,0.99981034,0.9985537061654259
1344.6175066224653,1.0001874,1.0005306128327986
1344.6188954880972,0.9997181,0.9992300225430715
1344.620284353729,0.99993944,0.9987304155292289
1344.6216732193616,0.9998392,1.0000707886712534
1344.6230620849933,0.9997864,1.0009409411330237
1344.6244509506246,0.99989694,0.9983036169242856
1344.6258398162572,1.0000526,1.0006694252153616
1344.6272286818898,0.99972886,0.9995612587937127
1344.6286175475216,0.9998446,0.9968417001910923
1344.630006413095,1.000216,1.0013481860721123
1344.6313952787273,0.99985,1.0018325374427706
1344.6327841443597,0.9998899,0.9989298226938572
1344.6341730099916,1.0000088,0.9995733657466059
1344.635561875623,0.9998316,0.999708012003393
1344.6369507412553,0.9995997,0.9998979242492412
1344.6383396068877,1.0000815,1.0003470177795033
1344.6397284724608,0.99999785,1.0000672489634366
1344.6411173380925,0.9999112,1.00044839394236
1344.6425062037251,0.9999521,0.998325774114979
1344.643895069357,0.9997355,1.0009369799399417
1344.645283934989,0.9998133,0.9989259181035193
1344.6466728005626,0.9997817,0.9980311814863546
1344.6480616661945,1.000147,1.0011519803451694
1344.649450531827,1.0000398,1.0002178682107938
1344.650839397459,0.99965006,0.9970649109406706
1344.6536171286652,0.99978507,0.9952120957274152
1344.655005994297,0.9999687,1.0012294032884121
1344.6563948599287,0.9997722,0.9975502539977957
1344.6577837255027,0.9998544,0.9989323119388788
1344.6591725911344,1.0000648,1.0022339115000871
1344.660561456767,0.9999684,0.997156038178901
1344.6619503223405,1.0001657,1.0000205325076812
1344.6633391879718,1.0001436,1.0002667800853098
1344.6647280536044,0.99981046,1.0012724208255332
1344.6661169191789,0.9998264,0.9979315537455704
1344.66750578481,0.9997282,1.0001751010127646
1344.6688946504419,0.9999403,1.0007691581618612
1344.670283516016,0.99975276,0.99999901350126
1344.671672381647,1.0003215,0.999546235366055
1344.673061247221,1.0000646,0.9977537565255721
1344.6744501128535,1.0002241,1.000585045149982
1344.675838978486,0.99950653,0.9993130347730458
1344.6772278440599,1.0000277,1.0013436977345052
1344.678616709691,0.99965394,0.9967401370546654
1344.680005575265,1.0000036,1.0012983309589107
1344.691116500088,0.9999245,0.9944648971902991
1344.6925053657205,0.9998861,0.9976497648207696
1344.6938942312943,0.99969673,0.9980523508738174
1344.6952830969253,1.0000972,1.0007549162273828
1344.6966719624997,1.0001564,0.9988923200997744
1344.6980608280742,1.0001655,1.0006525591726374
1344.699449693706,1.000001,1.0018027579829136
1344.7008385592796,0.9998748,1.000846921208228
1344.7022274249116,1.0001235,1.0002807800668116
1344.703616290486,1.0002428,1.0009664634038768
1344.7050051560595,1.0000007,1.0004106294553674
1344.7063940216908,1.000183,0.9995465799423071
1344.7077828872652,0.9998996,0.9993966525140987
1344.7091717528394,1.0000732,1.0025997181131956
1344.7105606184705,1.0000479,0.9994084994126271
1344.7119494840442,1.00011,1.0001289895204204
1344.7133383496184,1.0000337,1.0006757917399631
1344.7147272152506,1.0002091,1.0009843938613812
1344.7161160808241,1.0000745,1.0000281825145156
1344.7175049463976,1.0002347,0.9998517322184489
1344.7188938119716,1.000217,1.002626360633988
1344.720282677604,1.0001296,1.0000923988547965
1344.7216715431778,1.000159,1.000898653429103
1344.7230604087513,0.9999569,1.0010250465700727
1344.7244492743257,1.0000564,1.000544942738559
1344.7258381399574,1.0001148,1.000871029214738
1344.7272270055312,1.0001565,0.9997600132775256
1344.728615871105,1.0001456,0.9990945534994817
1344.7300047366784,0.99998116,1.0018535081566324
1344.7313936022522,1.0002224,0.9994436478789431
1344.732782467826,1.0001788,1.0005286859751519
1344.7341713334577,1.0001385,1.0006094170888697
1344.735560199032,1.0000094,0.9998910105338198
1344.7369490646056,1.000406,1.001643679604794
1344.7383379301787,1.0000736,0.9996843420222501
1344.739726795753,1.000081,1.001500218426025
1344.7411156613275,1.0001037,1.0007369177647822
1344.7425045269003,1.0000685,1.0006066433055567
1344.743893392474,0.99976933,1.001461047997878
1344.7452822580485,0.9998847,0.9989268677258272
1344.746671123622,1.0002625,1.002452569072742
1344.7480599892538,1.000003,1.0003853757952803
1344.7494488548275,0.99994665,0.9994847068236038
1344.7508377204017,1.0000136,1.0025871328844254
1344.7522265859761,1.0002382,1.0002133630115682
1344.7536154515492,1.0000743,0.9984791131371872
1344.7550043171227,0.99999046,1.0017186039704722
1344.7563931826971,1.0001167,1.0002427445168138
1344.7577820482709,1.0000074,1.0003933751562735
1344.7591709138446,1.000064,1.0005348898837756
1344.7605597794181,1.0001148,1.0024467993909354
1344.7619486449335,1.0000972,0.9993838381509591
1344.7633375105079,0.9997708,1.0005480732473948
1344.7647263760816,1.000112,1.0010082161179499
1344.7661152416545,1.0001539,0.9997402193796764
1344.767504107229,1.0003169,1.0003684327821345
1344.7688929728033,1.0000211,1.0002931257654837
1344.7702818383764,1.0001669,1.0004956602707087
1344.77167070395,1.0000567,1.001837024682097
1344.7730595695243,0.9999085,1.001883483825545
1344.7744484350987,1.0000883,0.9993060951632021
1344.775837300614,0.99978757,1.0002824750100165
1344.7772261661871,1.0000374,1.0018659965077026
1344.7786150317615,1.000254,0.9999804792770443
1344.7800038973357,1.0001626,1.001144112239757
1344.7813927629086,1.0000771,1.0002544916609504
1344.7827816284826,1.0000829,1.0002928336895145
1344.7841704939985,1.0000635,1.0014386247480518
1344.7855593595723,0.9998789,1.0011349019850044
1344.7869482251458,1.0001944,0.999811842698698
1344.7883370907193,0.9999699,1.0029945137277156
1344.789725956235,1.0000982,0.9980686917993601
1344.7911148218093,0.99981457,1.0015148262226257
1344.792503687383,1.0000644,0.9998046926572794
1344.793892552956,1.0001411,1.0018763239642823
1344.795281418472,0.99998695,1.0003244640346884
1344.7966702840458,1.0000676,1.001977351702615
1344.7980591496193,1.00014,0.9985046604990592
1344.7994480151356,1.0000881,1.0009574178302973
1344.800836880709,1.0002017,1.0004424005514228
1344.8022257462828,1.0000231,1.0012777346816757
1344.8036146117984,1.000088,1.0012945024593873
1344.8050034773719,1.0000452,0.9986598199101544
1344.8063923429463,1.0002223,1.0006489360444455
1344.8077812084616,1.0000949,1.0012265492917594
1344.8091700740347,1.0002353,0.9995503901494889
1344.810558939551,1.0001324,1.0002403205998007
1344.8119478051253,1.000043,1.0010947686797211
1344.81333667064,1.0002339,0.9994159105033477
1344.8147255362137,1.0000281,1.0016815693521866
1344.8161144017881,1.000051,1.001242958178704
1344.8175032673034,0.99993587,1.0008528657109685
1344.818892132877,1.0002228,1.0007402198526354
1344.8202809983927,1.0001996,1.0004920553075907
1344.821669863967,1.0000876,0.9999568015017065
1344.823058729483,0.99993837,1.000041467734187
1344.824447595056,1.0000356,1.0019925665818434
1344.8258364605713,1.0001866,1.0011300627651982
1344.8272253261457,1.0000399,0.9990045411231557
1344.8286141916612,1.0001961,1.0001000975098144
1344.830003057235,0.99986994,1.0005220929055352
1344.8313919227503,1.0000548,1.0004347650143768
1344.8327807882658,1.0000798,1.0006487601442051
1344.83416965384,1.0003492,1.0004909978786736
1344.8355585193558,1.000241,1.0023372885352722
1344.8369473849286,1.0001347,0.9964199842491108
1344.8383362504446,1.0001506,1.0013447350966325
1344.8397251159608,1.0003046,1.000849176187107
1344.841113981534,1.0001011,1.0013928396895888
1344.8425028470492,1.0000279,1.00020464815207
1344.8438917125654,1.0002755,1.001300384402838
1344.8452805781399,1.0000486,1.000242666002602
1344.8466694436552,0.999949,1.001265811167292
1344.84805830917,0.9998449,1.0000978823985078
1344.8494471747445,1.0001372,1.0017889152069819
1344.8508360402607,1.0002016,1.0001956626608217
1344.8522249057753,1.0001037,1.000259740265956
1344.853613771349,0.999982,1.001698944922557
1344.855002636865,1.0000486,1.0002718385904352
1344.8563915023806,1.0000545,1.0008691017363658
1344.8577803678959,0.9999917,1.0008149766197125
1344.8591692334696,1.0000188,0.9999437917028079
1344.8605580989852,0.9998396,1.0002883648805814
1344.8619469645005,0.99997056,1.0016393055129398
1344.863335830016,1.0000033,0.9993101743812867
1344.8647246955315,0.9999164,1.0018618640050285
1344.866113561106,0.99998486,0.9997887520204044
1344.8675024266213,1.0001652,1.0012647055075183
1344.8688912921366,1.0000756,0.9996906689086973
1344.8702801576528,1.0003009,1.0006398786585948
1344.8716690231681,1.0001954,0.9995751433839749
1344.873057888684,1.0002465,1.0017973588976814
1344.8744467542574,0.99997556,0.997668688456828
1344.8758356197727,1.0000439,1.002662375407876
1344.877224485289,1.0000607,0.9996571984215032
1344.8786133508045,0.99989814,1.0018650406513916
1344.880002216319,1.000096,1.0007852336453567
1344.8813910818353,1.0000851,0.999299469100403
1344.8827799473515,1.0003732,1.0004730908712962
1344.8841688128664,1.0000008,1.002092105656915
1344.8855576783817,0.9999336,1.0010719625181015
1344.886946543898,0.9998302,1.0014706202074373
1344.8883354094132,1.0002224,1.002055035649669
1344.8897242749288,0.9999995,1.0002624174293968
1344.8911131404443,0.9999873,1.000178238407177
1344.8925020059605,1.0001633,1.0017953571256588
1344.8938908714765,1.000316,0.99922913098835
1344.8952797369911,0.9999189,1.0016772222614425
1344.8966686025067,1.0001642,0.9998618444998777
1344.8980574680227,1.0001385,1.0020442948182002
1344.8994463335384,1.0003477,1.0008682814632304
1344.9008351990537,1.0001068,1.001607756176671
1344.902224064569,0.99979573,1.0004321183159388
1344.9036129300848,1.0000203,0.9993963092738544
1344.9050017956008,1.0001941,1.00104839760188
1344.9063906610581,1.0001594,1.0007072619950168
1344.9077795265728,1.0001507,1.0008530660678416
1344.9091683920888,0.9999313,0.9989637094616425
1344.910557257605,1.000161,1.0022542008549213
1344.9119461231198,0.99996096,1.0017396512185353
1344.9133349886351,1.0000772,1.000441354531508
1344.9147238541514,0.9999903,1.0002104764919946
1344.9161127196094,1.0000206,1.000235824058425
1344.9175015851247,0.9999352,1.0013239127097104
1344.9188904506395,1.0000257,1.0012177700786054
1344.9202793161558,1.0002975,0.9997941726860552
1344.9216681816138,1.0002569,1.0009432107756127
1344.9230570471284,1.0003024,0.9992362182196972
1344.924445912644,1.0001947,1.000965418251716
1344.9258347781602,1.0000721,1.0013336929675976
1344.9272236436166,0.9999176,1.001121094452412
1344.928612509132,0.9998805,1.0005993585693156
1344.9300013746483,1.0001082,1.00151360525758
1344.9313902401636,0.9999985,0.999723526122978
1344.9327791056207,1.000202,1.0006096297091256
1344.9341679711363,1.0001546,1.0017674214171222
1344.9355568366518,1.0000217,1.000816519983097
1344.9369457021098,1.0002381,1.0003631973370681
1344.9383345676251,1.0001144,1.0010111251838265
1344.9397234330822,0.99991417,0.9991987543621018
1344.9411122985985,1.0000398,1.0011723521204514
1344.942501164114,1.0001484,1.0016452996221294
1344.9438900295713,1.0002378,0.9999518203996833
1344.9452788950866,0.9999274,1.0016054437496997
1344.9466677605437,1.0002092,1.000743182224288
1344.94805662606,1.0002115,1.0003499479611446
1344.9494454915755,1.0002724,0.9991957029947136
1344.950834357032,1.0000985,1.0002827290603014
1344.9522232225481,0.9999152,1.001342950363668
1344.9536120880061,1.0001613,1.0017691547021415
1344.955000953521,0.9998835,1.0004722581502197
1344.956389818978,1.0001618,1.0004298063264028
1344.9577786844943,0.99999726,1.0018010065399587
1344.9591675499514,1.0000954,1.0002782603978473
1344.960556415467,1.0000142,1.0011520054001934
1344.9619452809243,1.000052,1.001320453022799
1344.9633341464405,1.0000522,1.0014418213617766
1344.9647230118983,1.0001907,1.0015010155439625
1344.9661118773547,1.0001276,0.9993014413581789
1344.9675007428705,1.0000691,1.0011966023170542
1344.9688896083283,0.99988794,1.0003965093042924
1344.9702784738438,0.99989986,1.0021070131408645
1344.971667339301,0.9998685,0.9999265874424071
1344.9730562047582,1.0002372,1.0009323692967143
1344.9744450702738,0.99999195,1.0015435010647769
1344.9758339357315,1.0000607,0.9984162186023856
1344.977222801247,1.0000683,1.0011733821420021
1344.9786116667037,1.0001745,0.9987739781338216
1344.9800005321615,1.0000137,1.001064940954129
1344.9813893976775,1.0001569,0.9996450932783528
1344.9827782631342,1.000182,1.0017346003823338
1344.9841671285915,0.9998936,1.0006993780990676
1344.9855559940493,0.9999309,1.0012670097558942
1344.9869448595655,1.0000097,1.0008444279557605
1344.9883337250228,1.0000676,0.9990282474384751
1344.9897225904792,0.99990463,1.0011689354607185
1344.9911114559372,1.0001634,1.0004729551741325
1344.9925003214535,1.000183,0.9999427456148657
1344.99388918691,1.0000324,1.0015639997873294
1344.9952780523672,0.999998,1.0011052958097144
1344.9966669178252,0.99991703,1.0006153400986522
1344.9980557833399,1.0001096,1.0001599716190772
1344.9994446487972,1.0000582,1.0016766528571897
1345.0008335142552,1.0000648,1.0017825356114307
1345.0022223797123,1.0001266,1.0015599989989399
1345.0036112451694,0.9999502,1.000191611811698
1345.005000110627,1.0001439,1.000545607959341
1345.006388976084,1.0000253,0.9996419718542587
1345.0077778416003,1.0001044,1.0005869828182599
1345.0091667070574,1.0000873,1.0003381779908616
1345.0105555725147,1.0000063,1.0013985730908102
1345.0119444379725,1.0001299,0.998924777943389
1345.0133333034298,1.0001456,0.9998737765211775
1345.0147221688871,0.9999253,1.0004292490518178
1345.0161110343442,1.0001545,1.0015813565813447
1345.0174998998016,1.0000821,1.0012643912065962
1345.0188887652594,1.0001162,1.000131970470968
1345.020277630717,1.0000066,1.0019413336515435
1345.0216664961733,0.9999259,1.0005715696801623
1345.0230553616311,1.0000947,0.9986228910265919
1345.0244442270891,1.0001221,1.0015841236546335
1345.0258330925458,1.0001781,1.0007059600332568
1345.0272219580029,1.0000441,1.0019237966025782
1345.028610823461,1.0000424,1.0000553012634565
1345.029999688918,1.000029,1.0014134642600576
1345.0313885543756,1.0000817,0.9979677893992097
1345.0327774198327,1.0000399,1.0024545990222582
1345.0341662852907,1.0000368,1.0011840311139375
1345.0355551507487,1.0001159,1.000736950678752
1345.036944016205,0.9999154,1.0011192246512304
1345.0383328816042,1.0001299,0.9998849497437894
1345.039721747062,0.99998814,1.001587710205407
1345.0411106125193,1.0001683,1.0008748143492399
1345.0424994779764,1.0002704,1.0012138463732
1345.0438883434338,0.99994165,1.0004224293042567
1345.045277208891,1.0002099,1.000823455225674
1345.046666074291,1.0001982,1.0012068751201741
1345.048054939748,1.0001003,0.9996803992852843
1345.0494438052046,0.99982786,1.0002678136525274
1345.0508326706627,0.9998518,1.0005946084985575
1345.0522215361204,0.99990547,1.0014116114658476
1345.0536104015187,1.0001048,1.000796128595846
1345.054999266976,1.0001675,1.0001468959275805
1345.0563881324338,1.0001162,1.0009473354623744
1345.0577769978913,1.0000736,1.001248752135897
1345.0591658632902,1.0000777,0.9996364152183281
1345.0605547287473,1.0001254,0.9998404163619548
1345.0619435942053,1.0001,1.0009759213587912
1345.0633324596051,1.0002218,1.000656558656459
1345.0647213250618,0.99985206,1.0012612147975102
1345.0661101905189,0.99993056,0.9995334266067952
1345.0674990559187,1.0000598,1.002091566205516
1345.0688879213758,1.0002232,1.000375954613648
1345.0702767868331,1.0001942,1.0014138779520696
1345.0716656522322,0.9999177,1.0006119398582292
1345.0730545176893,1.0000676,1.0013078740514043
1345.0744433831467,1.0000765,0.9997546210933097
1345.0758322485458,1.0001156,1.0008241369936162
1345.077221114003,0.9999658,0.999543557774978
1345.0786099794027,0.99994403,1.002401189989186
1345.0799988448598,1.0002053,1.000387059838472
1345.0813877102582,1.0000527,1.0006803222432594
1345.0827765757163,1.0001918,1.0011475101792822
1345.084165441116,0.9999867,1.000078648152171
1345.0855543065732,1.0001814,1.0014228816465023
1345.0869431720303,1.0001049,1.000466205265052
1345.0883320374296,0.99999547,1.0012916066609028
1345.0897209028292,0.99996054,1.001323996202359
1345.0911097682865,1.0000567,1.000706618357811
1345.0924986336847,1.0001554,1.0004929106724239
1345.0938874991425,1.0000175,0.9999149033396564
1345.0952763645423,1.0001296,1.000794775269779
1345.096665229999,0.9999545,1.0018899752098531
1345.0980540953979,1.0001243,1.0006903559151419
1345.0994429608559,1.0001303,0.9997982420142052
1345.100831826255,1.0000552,1.000212703643587
1345.102220691654,1.0002106,0.999705061863326
1345.1036095571112,1.0000576,1.0006705785042815
1345.1049984225103,0.9999921,1.0011564633907983
1345.10638728791,0.9998693,1.0001760557353163
1345.1077761533672,1.0000634,1.0011246477422515
1345.1091650187664,0.99997413,1.0001293942528662
1345.1105538841662,1.0002017,1.0008824790826136
1345.1119427496233,1.0000644,1.0004549430077085
1345.1133316150222,0.99989945,0.9996847198757315
1345.1147204804215,1.0000067,1.0000295859083068
1345.1161093458786,1.0002067,1.0018253736845375
1345.1174982112784,0.999999,1.0012585045012317
1345.1188870766773,1.0000957,1.0013273417162718
1345.1202759420758,0.99989027,0.9995207879167418
1345.1216648075338,0.9999967,1.0016596062811123
1345.1230536729333,0.9998312,1.0015545199546163
1345.1244425383316,1.0000333,1.0006889531197463
1345.125831403731,1.0000054,1.001068983197749
1345.1272202691887,0.99991184,1.0004954614746064
1345.1286091345878,0.99990046,1.002117642432154
1345.1299979999867,0.99987394,0.9998455657044034
1345.1313868653858,0.9999269,1.002611478549901
1345.1327757307854,0.999862,0.9999950486692591
1345.1341645961852,1.0000018,0.9990261733550971
1345.1355534615836,1.0000136,1.0015637730595193
1345.1369423270407,1.0000231,1.0013168010707605
1345.1383311924405,1.0001067,1.0007730362762095
1345.1397200578394,1.0001687,0.999369064974965
1345.1411089232388,1.0000277,1.0012245464675882
1345.1424977886377,1.0000757,1.003511268109478
1345.1438866540366,0.9999595,1.0009167875677587
1345.1452755194364,0.9998438,0.9992640923960375
1345.1466643848355,0.9999699,1.0005847113400879
1345.1480532502337,0.9998235,0.9992295718030623
1345.1494421156335,1.0000482,1.0014276281621222
1345.1508309810324,1.0001204,1.0019185518841685
1345.1522198464309,1.0000385,1.000705490834104
1345.1536087118307,1.0000225,1.0013454162831348
1345.1549975772305,1.0003119,0.9987207397123696
1345.1563864426294,1.0002289,1.0009849438686171
1345.1577753080285,1.0000515,1.0019859875034245
1345.1591641734276,1.0001174,0.9992376005811415
1345.1605530388272,1.0000281,1.0027022245851078
1345.1619419042263,1.000143,1.0004463741354495
1345.1633307696247,0.9999803,1.0003861183580314
1345.1647196350243,1.0000439,1.0024681559568716
1345.166108500424,1.0002933,0.999591430722983
1345.1674973657641,1.0000128,0.9990573440217012
1345.1688862311632,0.99992675,1.0016351314416048
1345.1702750965628,1.0001428,1.0012331892007555
1345.171663961962,0.9998919,1.0000421673030417
1345.173052827361,1.00002,0.9991223518606643
1345.17444169276,1.0001256,1.0015310786486598
1345.1758305581009,1.000025,1.001103296371029
1345.1772194235004,0.99978924,1.0008879857710384
1345.1786082888998,0.99991035,1.0008797722757174
1345.1799971542987,0.9999928,0.9996743657002733
1345.1813860196985,1.0002363,1.001724149488629
1345.1827748850392,1.0001818,1.0017102648494114
1345.1841637504383,0.99999964,0.9997374683740156
1345.1855526158374,0.9999463,1.0012745174344408
1345.1869414812363,1.0000199,1.0000028789815176
1345.188330346578,0.9998608,1.0005517612407082
1345.1897192119768,1.0000918,1.0019364949809533
1345.1911080773752,1.0000453,1.000504781582329
1345.1924969427168,1.0001149,1.001094287782267
1345.1938858081166,0.9999098,1.0006926945181451
1345.1952746735149,1.0000813,1.000807261212728
1345.1966635388558,1.0001131,1.0021939245469258
1345.1980524042556,1.0000886,1.0012984812537309
1345.1994412696545,0.9999924,1.0014694614515753
1345.2008301349952,1.0002142,1.0001054726138165
1345.2022190003943,1.000249,1.00030369432054
1345.2036078657356,1.0000987,1.0002832944941409
1345.2049967311355,1.000096,1.0016449760017527
1345.206385596534,1.0000968,1.000001492267258
1345.2077744618746,1.0000104,1.001101727535173
1345.2091633272744,0.99990815,1.0006919083272574
1345.2105521926153,1.0000829,1.0002071913480208
1345.2119410580144,1.0000122,1.001960989110725
1345.213329923355,0.99998814,0.9999678241060007
1345.214718788754,1.0000312,0.9993725126888798
1345.2161076540956,1.0002352,1.001659897699224
1345.2174965194947,1.0000235,1.0002084215424625
1345.2188853848347,0.9999716,0.9996103888426783
1345.2202742502345,0.9999888,1.0007326561431402
1345.2216631155761,0.99998534,1.000534541447771
1345.2230519809746,0.9998563,1.0011351469348952
1345.2244408463152,1.000197,1.0019950533832767
1345.225829711715,1.0000925,0.9984348335152419
1345.2272185770566,1.0001196,1.001873370428581
1345.2286074423973,1.0000175,1.0013235138326693
1345.2299963077958,1.0001222,1.0005037998704387
1345.2313851731374,1.0001614,1.0004353444188827
1345.2327740384787,1.000098,1.0004341842937479
1345.234162903877,0.99998385,1.001411954583279
1345.235551769218,0.9999486,1.000984598155149
1345.2369406345595,1.000114,1.0002591273686086
1345.2383294999577,0.999672,1.0006417708374256
1345.2397183652986,0.99979115,0.9998143914553211
1345.24110723064,1.0000018,1.0011129996610502
1345.2424960960393,1.0000191,1.0006999141538273
1345.24388496138,0.99995685,0.998286423272958
1345.2452738267207,1.0000921,1.002155514237838
1345.2466626920618,1.0000604,1.0002145470491643
1345.2480515574614,1.0000808,1.0002989811272338
1345.2494404228023,0.99971235,0.9995755400375206
1345.250829288143,0.9998926,1.0001481836849089
1345.2522181534846,1.0000733,1.0000544144083972
1345.2536070188835,1.0002289,1.0017862851828068
1345.2549958842244,0.9999589,0.9998444306918607
1345.2563847495653,1.000148,1.0009338427775747
1345.257773614906,1.0002128,0.9998552758377178
1345.2591624802476,1.0003465,1.001252064479344
1345.2605513455883,0.9998951,1.0009552901423504
1345.2619402109867,1.0001268,0.9985871886801687
1345.2633290763283,1.0003119,1.0011596749183245
1345.26471794167,0.9999921,1.000991203903729
1345.26610680701,0.99994165,1.0004897504619537
1345.2674956723508,1.0001694,1.000009175952338
1345.2688845376924,1.0002095,0.9994705115898702
1345.2702734030331,0.99998194,1.0008847785785657
1345.2716622683738,0.9999313,1.001466194286792
1345.273051133715,0.9999639,1.0005394592930896
1345.2744399990563,1.000096,1.0007579479117201
1345.2758288643977,1.0001551,1.0016526835677808
1345.277217729738,0.9999745,1.000209534506086
1345.2786065950786,1.000116,1.0008661574577422
1345.2799954604202,1.0001456,1.000752465457796
1345.281384325761,1.0003259,1.0001781739080462
1345.282773191102,1.000121,1.0000912054728597
1345.2841620564427,1.0001478,1.0009724883715305
1345.2855509217836,0.9998909,0.9994404668285773
1345.286939787125,1.0000368,0.9999920645345414
1345.2883286524661,1.0000886,1.0022370373285963
1345.2897175178061,1.0002266,0.9995347819885839
1345.2911063831475,1.0002108,1.0008615785800548
1345.292495248489,1.0002381,1.000598910178443
1345.2938841138293,0.9999631,1.0011488806022597
1345.2952729791118,0.999904,1.000699198496213
1345.2966618444534,0.99999297,1.0001127351027188
1345.298050709795,1.0001551,1.0000237058649768
1345.2994395751357,1.0001955,1.0002604119795246
1345.300828440476,1.0000196,1.00085250220303
1345.3022173058175,0.99998593,1.001757045542421
1345.303606171101,1.0000128,1.001515871761522
1345.304995036441,1.0001307,0.9995330097961292
1345.3063839017818,1.000073,1.0018755951687321
1345.3077727671232,0.9999726,0.9992322601724877
1345.309161632406,1.0000252,1.0020448117102456
1345.3105504977466,1.0001411,1.0003886670144007
1345.3119393630875,1.0001954,1.0016729365545345
1345.3133282284284,1.0002236,1.0007363731138985
1345.3147170937118,1.0001044,1.0008293089225722
1345.3161059590525,1.0000074,0.9984107877345125
1345.3174948243927,0.9999905,1.0028662350789423
1345.318883689676,1.000132,0.9996664856883016
1345.3202725550175,1.0001084,1.0009987061091754
1345.3216614203584,1.0000871,1.0000983650507471
1345.3230502856409,1.0000879,1.0002547479897217
1345.3244391509816,1.0002396,1.0011874433611962
1345.3258280163227,1.0000701,0.9998766729154956
1345.3272168816052,1.0000302,1.0011806719479062
1345.3286057469459,0.99987197,0.9973070727313913
1345.3299946122293,1.0000062,1.0026788925267538
1345.3313834775702,1.0002332,0.9995002416385786
1345.3327723429102,1.0002034,0.999010445314529
1345.3341612081936,1.0000435,1.0003634715979408
1345.3355500735352,1.0001006,1.0021888548161393
1345.3369389388172,1.0001581,1.0024048290391354
1345.3383278041579,1.0000311,0.9978932492992738
1345.3397166694413,0.99999094,1.000015192072868
1345.341105534782,1.0000333,1.0007586967021906
1345.3424944000647,0.9999141,1.0010751324599751
1345.3438832654056,0.99998915,1.000610543489077
1345.345272130689,1.0000293,1.0015336076991568
1345.3466609960303,0.9998637,1.0002592556143244
1345.3480498613121,0.9997949,1.0008121472676803
1345.349438726653,0.9998056,1.001261779031309
1345.3508275919362,0.9997225,1.0002930931290528
1345.3522164572191,1.0002337,1.0013275231397185
1345.3536053225598,0.99991316,1.0007260977071744
1345.3549941878423,1.0001719,1.0001191722458918
1345.3563830531834,1.0000407,1.0006446898316244
1345.3577719184666,1.0000912,0.9997324362414822
1345.3591607837493,1.000195,1.0018495564118362
1345.3605496490893,0.9999309,1.0006706678458854
1345.3619385143725,1.0001559,1.000796403226137
1345.3633273796559,1.0000733,1.0007994480470197
1345.364716244996,1.0002228,0.9988604445842263
1345.3661051102786,1.0002838,1.002752453822978
1345.367493975562,0.99988157,0.9993905732735681
1345.3688828408447,1.0000824,1.0003650294859978
1345.3702717061856,1.000066,1.00167506182039
1345.371660571468,1.0001132,1.000930130771692
1345.3730494367514,0.99989104,0.9989819329083094
1345.3744383020348,0.99997526,0.9996986342802165
1345.3758271673748,1.0001675,0.9997484728916386
1345.3772160326575,1.0001442,1.000881532721408
1345.378604897941,1.0000757,1.0006735389335775
1345.3799937632234,1.0001849,1.0008324408420473
1345.381382628506,0.99990046,1.0004429513848792
1345.382771493847,1.0001651,1.000539985659216
1345.3841603591295,0.99998647,1.0016567163230687
1345.385549224413,1.0000632,1.0013703822051483
1345.3869380896954,0.99997777,0.9991944208281525
1345.3883269549774,1.0000726,1.0015628388058224
1345.3897158202608,1.0000893,1.0017152245944783
1345.391104685544,0.9996392,0.9974841335783127
1345.3924935508257,0.9997698,1.001955709352922
1345.3938824161087,1.0000801,1.0014423756477382
1345.3952712813918,0.9998364,0.9993316032526467
1345.3966601467332,1.0000277,1.0019800020069014
1345.398049012016,1.0001389,1.000665994672201
1345.3994378772977,0.9999467,1.001370303506948
1345.400826742581,0.9999959,0.9999463008987055
1345.4022156078645,1.0000976,0.9999353807643223
1345.4036044731465,1.000119,1.0034644421625625
1345.404993338429,1.000002,0.9987460395198856
1345.4063822037124,1.0000433,1.0003611549638731
1345.4077710689367,0.99985147,0.9999112982162509
1345.4091599342196,0.9998954,1.000809952570788
1345.410548799502,1.0000466,1.0010102873374032
1345.4119376647845,0.9997778,1.002036385822842
1345.413326530068,0.99984074,1.0004261967392396
1345.4147153953506,0.9999761,1.0017170315656125
1345.4161042606324,1.0002387,0.999158738092893
1345.4174931259158,0.9999863,1.0025144878916157
1345.4188819911992,0.9999073,1.0017282358249728
1345.4202708564817,1.0001568,1.0002857631794324
1345.4216597217062,1.0000756,1.0013418465695896
1345.423048586989,0.99995786,1.0001949404581956
1345.4244374522723,0.9999927,1.0013987190102183
1345.4258263175548,1.0002071,1.001663762463894
1345.4272151828368,1.000002,1.0012854355661542
1345.42860404812,0.999965,1.0006573448770038
1345.4299929133444,1.0001116,1.0002850846118263
1345.4313817786265,1.0002631,1.000582035086415
1345.4327706439096,1.0001751,1.0009110716157508
1345.4341595091928,0.9999031,1.0011740060216934
1345.4355483744166,1.0000656,0.9998403098696748
1345.4369372396993,0.9998695,1.0003651212042899
1345.4383261049825,0.99986917,1.0011663413221947
1345.439714970207,0.9999227,1.0003532436908211
1345.4411038354897,0.9998697,0.9999653766641204
1345.4424927007722,1.0001136,1.0023406770500185
1345.4438815659973,0.9998735,1.0009030147894078
1345.4452704312807,0.99983454,1.0010709686727381
1345.4466592965628,1.0000061,0.9993480242177876
1345.448048161787,1.0001801,1.0019885794012275
1345.4494370270704,1.0000414,1.000594804898008
1345.450825892353,1.000004,1.0012639359451518
1345.4522147575774,0.99962723,1.0002753381907008
1345.45360362286,0.9996933,1.0004372060647655
1345.4549924880844,1.0001092,1.0019306761328588
1345.4563813533678,1.0002878,0.9999023366148123
1345.457770218592,0.9999093,1.0020176842235258
1345.459159083874,0.99998677,1.0005787915686908
1345.4605479490992,1.000082,1.0014054649835042
1345.4619368143826,0.9999697,0.9990119153321715
1345.4633256796644,0.9999448,1.0013325329184821
1345.464714544889,1.0000526,1.0018833617717127
1345.4661034101139,0.99984694,1.000006240272679
1345.467492275397,0.99997824,0.9999947685147168
1345.4688811406218,1.0000383,1.0010282697022028
1345.4702700059036,0.9999485,1.0003830922723618
1345.4716588711285,0.99994904,1.001482235751407
1345.473047736412,1.0000291,1.0010009441880083
1345.4744366016357,1.0000669,1.000927543052022
1345.4758254669182,0.99985564,0.9997729534065969
1345.4772143321434,0.99997824,1.0012375536613665
1345.4786031973679,0.9999846,0.9993095364735377
1345.4799920626506,1.0002636,1.0013235446164552
1345.4813809278749,1.0001355,0.9991963161966355
1345.4827697930991,1.000173,1.0006695136120796
1345.4841586583825,1.0000362,1.0007261043888207
1345.485547523607,0.9999782,1.0024423174123636
1345.4869363888306,1.0000772,0.9997091039875369
1345.488325254114,1.0002255,0.9995933959183642
1345.4897141193392,1.0000912,1.0013224181790232
1345.4911029845634,0.9998836,1.0009483483998811
1345.492491849788,1.0001346,1.0022897293627115
1345.4938807150706,1.0000201,0.9995833782360113
1345.4952695802958,1.0001625,1.002948223152881
1345.49665844552,1.0001955,0.9995173787395666
1345.498047310744,1.0002372,1.0002525997354372
1345.4994361760273,1.0000161,1.0008372137424815
1345.5008250412523,0.9999494,0.9997316154400263
1345.5022139064758,1.0001287,0.9990888626342741
1345.5036027717006,1.000462,1.0014822945643722
1345.5049916369255,0.9997026,1.001896908192039
1345.50638050215,1.0001109,0.9997654657425988
1345.5077693674325,1.0001218,1.0010789751345404
1345.5091582326568,1.0001489,1.0004786144940554
1345.5105470978815,1.0001287,1.0012953954226287
1345.5119359631065,1.0000496,1.0003428526324114
1345.513324828331,0.9999589,1.000407089409584
1345.5147136935552,1.0000279,1.0005206286405641
1345.5161025587804,0.99992436,1.0039579565735575
1345.5174914240047,0.9999592,0.9985854308160546
1345.5188802892292,1.0001489,1.0012088844415659
1345.5202691544537,1.0003248,1.0005214338458666
1345.521658019678,0.9997255,1.000992585851028
1345.5230468849031,0.99996066,1.0000964626334345
1345.5244357501274,1.0000949,1.0019660533142085
1345.5258246153512,0.99991953,1.0000059021499954
1345.5272134805764,0.99993193,1.0012579702686444
1345.5286023458016,0.99982923,0.9992082365869108
1345.5299912110252,1.0000696,1.0028075450923388
1345.5313800762497,1.0001173,0.9997375582158373
1345.5327689414748,1.0001311,1.001381117385816
1345.534157806699,0.99976146,0.9992963177657297
1345.5355466719234,0.99991095,1.002197318099051
1345.536935537148,1.0002555,1.0001206155198759
1345.538324402373,1.0002683,0.9991661023125504
1345.5397132675976,0.9997306,1.0019082796413332
1345.5411021327632,0.99972326,1.0018999081021907
1345.5424909979881,0.9996907,0.9991822779162225
1345.543879863213,0.99984777,1.000413199247139
1345.545268728437,1.0002227,1.00072642278946
1345.5466575936612,0.9999861,1.0016735288052434
1345.5480464588863,0.99987656,0.9991637761589186
1345.5494353240526,1.0001316,0.999824867351439
1345.5508241892771,1.0000021,1.0013175487356845
1345.5522130545014,0.99991477,0.9995413482446602
1345.553601919726,0.99970585,1.0012611653372672
1345.5549907848927,1.0000416,1.0010825906942022
1345.5563796501174,1.0000075,1.0019961934725907
1345.557768515341,0.9998625,0.9989650694757756
1345.559157380566,1.0000921,1.0015358576773612
1345.560546245733,1.000008,1.0012303776287024
1345.5619351109572,0.99997324,1.0000895280315756
1345.563323976182,1.0000108,1.000400378410278
1345.564712841348,1.0000668,1.0020286317628435
1345.5661017065731,0.9998449,0.9987661925195478
1345.5674905717974,1.0001496,1.0004329467648814
1345.568879436963,1.0002049,0.9984521742766312
1345.5702683021882,1.0001171,1.002156244676063
1345.5716571673552,1.0001879,0.9985948997294138
1345.5730460325788,1.0002922,1.0041922162631727
1345.5744348978033,0.99996287,0.9976647590909973
1345.57582376297,0.99999684,1.0005017463517465
1345.5772126281945,1.0000551,1.0011889383361334
1345.5786014933606,0.9999398,0.9991894595155655
1345.579990358585,1.0000825,1.000882247320407
1345.5813792237514,0.9999456,1.0000080546555155
1345.5827680889765,1.0000426,1.0016907623843718
1345.5841569541426,0.9999063,1.0006950316227063
1345.5855458193669,0.9997571,0.9997285515592883
1345.5869346845338,0.99993193,1.0024019627007434
1345.5883235497581,1.0000627,0.9998875987527005
1345.5897124149246,0.99993783,1.0011457426980908
1345.591101280149,1.0001599,0.9997709643327769
1345.592490145315,0.9999935,1.0013755230037584
1345.5938790105401,1.0001215,1.000254058270917
1345.5952678757064,0.9999618,1.0007505160328936
1345.5966567408718,0.9998693,1.0005128695591674
1345.598045606097,1.0001929,1.0014807409644635
1345.599434471264,1.0000236,0.9998488937496878
1345.6008233364296,0.9997301,1.000745403662023
1345.6022122016539,1.0001192,1.0002584328896478
1345.6036010668208,1.0001738,1.001428791542582
1345.604989931987,1.0000628,1.000112765291673
1345.6063787972114,0.99995744,1.0015592250220728
1345.6077676623777,0.9999262,1.0012427145392169
1345.6091565275447,0.9998881,0.9995039752307281
1345.6105453927696,0.9999052,0.999822624924452
1345.611934257935,0.9999846,1.0007894383259168
1345.6133231231013,1.0001526,1.0020682247048738
1345.614711988268,0.99995416,1.0011059537011204
1345.6161008534928,1.0001103,0.9997732389314808
1345.6174897186588,0.99991286,1.001713598285533
1345.6188785838249,0.99966127,0.9995066515865095
1345.6202674489914,0.99994206,1.0023359016087705
1345.6216563142164,0.99998057,0.9989658275129373
1345.6230451793826,0.9997715,1.0011673529945326
1345.624434044548,1.0000418,1.0009779155844032
1345.6258229097148,0.9999313,1.0008153166811817
1345.6272117748817,1.0000678,1.000223683638982
1345.6286006400474,0.999806,1.0018512204743169
1345.6299895052134,0.9999758,0.999264124044861
1345.6313783703804,0.9997451,1.0004703223937899
1345.6327672356056,1.0000498,1.002081414099201
1345.6341561007716,0.9998513,0.9990350775631841
1345.6355449659372,0.9995723,1.0031243605610851
1345.6369338311042,0.99987495,1.0013934276339738
1345.6383226962712,1.0000776,0.9998445172459544
1345.6397115614366,0.99982905,1.0014480089921793
1345.6411004266029,1.0001444,1.0005544817410432
1345.6424892917698,1.0000595,1.0016287783079643
1345.643878156936,1.0001588,0.9989439989937536
1345.645267022102,1.0002286,1.0010844358693054
1345.6466558872685,1.0003893,1.000900621050729
1345.6480447524345,0.99982435,1.0008911249432317
1345.6494336176015,0.999856,1.0005607261695049
1345.6508224827676,1.0000643,1.0016983439160534
1345.6522113479332,0.9999207,1.000946346752917
1345.6536002131002,0.9997222,0.9983486050222927
1345.6549890782087,1.0000001,1.0010075714734883
1345.656377943375,0.99987113,1.0012896957095951
1345.657766808541,1.0000116,1.0010255694039203
1345.6591556737073,0.9998512,1.001580244710462
1345.660544538874,1.0000125,1.001772922981112
1345.6619334040406,1.0000299,0.999975089649929
1345.663322269206,0.9998519,0.999183314445437
1345.6647111343145,0.999901,1.0018534331835376
1345.6660999994815,0.9998098,1.0003033231741782
1345.667488864647,0.99996537,0.9984653442245827
1345.6688777298132,0.99970376,1.002167807103286
1345.6702665949801,0.9998417,1.0008782463961945
1345.6716554600875,0.99996185,1.000053424884682
1345.6730443252536,1.0000242,1.000368643991873
1345.6744331904206,0.99969065,1.0003250867782527
1345.6758220555867,1.0000305,1.0007152333187563
1345.677210920695,1.000037,1.0017060697026199
1345.678599785861,1.0000949,1.000317903479056
1345.679988651027,1.0000194,0.9996996496338766
1345.6813775161359,1.0000515,1.001362779674548
1345.682766381302,1.0001261,0.9999108086402282
1345.6841552464684,1.0000935,0.99987774816378
1345.685544111577,1.0000918,1.0027019543582136
1345.6869329767433,0.9997005,0.9999744425083343
1345.6883218419093,1.0002493,0.9992172449014898
1345.6897107070174,0.9999452,1.0018345115006313
1345.6910995721837,0.9999373,0.9999743148820707
1345.6924884372925,0.9995432,1.0009383991749672
1345.6938773024585,0.9999642,0.9996513218600404
1345.6952661676241,1.0000262,1.0004449143228387
1345.6966550327327,0.99997073,1.0015424008952407
1345.6980438978994,1.0000095,0.9997107575587559
1345.6994327630068,1.000078,1.0007475683579716
1345.7008216281731,0.99991137,1.0004354707896372
1345.7022104932817,1.0000887,1.0001451854049113
1345.7035993584482,1.0001358,1.0010120859608842
1345.704988223556,0.9999573,1.002077057519138
1345.706377088722,1.0000418,0.9999908103989454
1345.7077659538309,0.99971163,1.0017515343609766
1345.7091548189978,1.000056,1.000572379835475
1345.7105436841052,0.9997664,0.9991964737905146
1345.711932549213,1.0000724,0.9989300228633031
1345.71332141438,1.0001215,1.0029697474596477
1345.714710279488,1.0000246,1.0009784532898307
1345.7160991446542,1.0000265,0.9983960763126422
1345.7174880097623,1.0001224,1.0015183788612199
1345.7188768748701,1.0001847,1.0004857986803792
1345.7202657400371,1.000139,0.9997518703768099
1345.721654605145,0.999999,0.9993658316031427
1345.7230434702524,1.0000074,1.0003772464541913
1345.7244323354194,1.0003194,1.0013656002899727
1345.7258212005281,1.000037,1.0003890000164346
1345.7272100656353,1.0000162,0.9993556771988874
1345.7285989308016,1.0001478,1.0014889506492475
1345.7299877959103,0.9998463,0.9984533673947982
1345.7313766610189,0.99982435,1.0021583329606618
1345.732765526127,0.99997073,1.0002283917582315
1345.7341543912923,0.99982226,0.9981525326634098
1345.735543256401,0.9998687,1.0017226195932378
1345.7369321215097,0.9998306,1.0013017254328636
1345.738320986617,1.0001016,1.0002180746689637
1345.739709851725,0.99993384,1.0003665054519864
1345.7410987168919,1.0001627,1.0008944536386162
1345.742487582,1.0000312,1.0001788149253954
1345.743876447108,1.0001427,1.000176231252689
1345.745265312216,0.9998415,1.0024497051450263
1345.7466541773238,1.0001976,0.998850764025331
1345.7480430424325,1.0001289,1.0010978545201077
1345.7494319075406,0.9999786,1.001209646909582
1345.750820772706,0.99988306,0.9992577035504938
1345.7522096378148,0.9999172,1.0023708419496136
1345.7535985029235,1.0000829,0.9997444195285593
1345.7549873680314,1.0000744,1.001506825412594
1345.7563762331397,1.0000087,1.000746041428109
1345.7577650982475,1.0000517,0.9986701254142287
1345.7591539633563,0.99981415,1.0012517156828378
1345.7605428284642,1.0000321,1.0014346240043723
1345.7619316935716,1.0001036,1.0010880769122823
1345.7633205586803,1.0000024,1.0002992757614415
1345.7647094237889,1.0000862,1.0005577821002176
1345.766098288896,0.99994665,1.0007352796429918
1345.7674871540044,1.0000273,0.9987167769512993
1345.768876019113,0.9999351,1.0025984873795764
1345.770264884221,1.000032,0.9982987321986014
1345.7716537492706,0.9999251,1.001473308940457
1345.7730426143787,0.99984545,1.0002370890219971
1345.7744314794868,0.99972737,1.001874240637287
1345.7758203445953,0.999892,1.001013699983625
1345.7772092097034,0.9999944,1.0006093414421444
1345.7785980748113,1.0001361,1.0008179815521376
1345.77998693992,0.99991083,1.0014336515201328
1345.7813758049697,1.0001029,1.0009812460306573
1345.782764670078,1.0000284,0.9996569774803946
1345.7841535351859,1.0000534,0.9993520707246539
1345.7855424002937,0.9999525,1.0021640047489315
1345.7869312654025,0.99981666,0.9986813685028564
1345.7883201304523,0.9996978,1.0016590726801753
1345.7897089955595,0.99979275,1.0009871526442218
1345.7910978606683,0.9999325,1.0007530933708053
1345.792486725777,1.0001634,0.9995232544381776
1345.7938755908262,0.99980044,1.0005380417665741
1345.795264455934,0.99992526,0.9999621163977475
1345.7966533210429,1.0000646,1.000808962493484
1345.7980421860925,0.9998739,1.0010558560044538
1345.7994310512006,1.0002389,0.9995678804668304
1345.8008199163087,0.9996151,1.0001093204557778
1345.802208781359,1.0000681,1.0012670565865196
1345.8035976464676,0.9999104,0.998609115790199
1345.804986511575,0.999775,1.0009353321895467
1345.8063753766248,1.0000153,1.0010422711088618
1345.8077642417334,0.99987245,1.0006336320578755
1345.8091531068417,0.99986076,0.9988975901666846
1345.8105419718913,0.9999035,1.002049532124446
1345.8119308369992,1.0000495,1.0009985617882204
1345.813319702049,0.99981505,1.0007527648889039
1345.8147085671576,1.000495,0.9994108734565986
1345.8160974322077,1.0000465,1.0025167958756709
1345.8174862973149,1.0000736,1.000552992678311
1345.8188751623652,1.000017,0.9997072126423683
1345.820264027474,0.99999064,1.0018721322213795
1345.8216528925232,1.0001698,1.000200868373848
1345.823041757631,0.9998119,0.9997702108255874
1345.8244306226816,0.9998334,1.0017949203545369
1345.8258194877903,0.9998232,1.0013515912375304
1345.82720835284,0.9999598,1.0000196652375994
1345.8285972179474,0.9999811,1.0009993428401507
1345.829986082998,0.9997372,1.0010448329308863
1345.8313749480476,0.99991286,1.0007240787899623
1345.832763813155,1.0001112,1.00184015588866
1345.8341526782056,1.0000654,1.00063850417674
1345.835541543256,1.0000615,1.0002913809863723
1345.8369304083633,1.0000329,1.0002575779121838
1345.8383192734132,0.9996431,0.9983699761495812
1345.8397081384635,1.0000027,1.0017610099236305
1345.8410970035716,0.99989486,1.0001241614093346
1345.8424858686212,0.9999788,0.9997535649635599
1345.843874733671,0.99985516,0.9998657494259828
1345.8452635987792,1.0000091,1.0015714085871446
1345.8466524638297,0.99984914,0.999123745359478
1345.8480413288794,0.9998078,1.002149331285403
1345.849430193929,0.9998108,0.9993767489900082
1345.8508190590378,0.999994,1.0010742928788765
1345.8522079240877,0.9996857,1.001451618452573
1345.8535967891376,0.9999478,0.9995495722543256
1345.8549856541872,0.999959,1.0014632316688814
1345.8563745192369,0.9998428,0.9988739310565631
1345.8577633843456,0.99976236,1.0035682901418261
1345.8591522493955,0.9999649,0.9994449112147493
1345.8605411144445,0.9998084,1.0016506919674395
1345.861929979495,0.9998872,0.9992444342666882
1345.8633188445456,0.99979943,1.0014605060348887
1345.8647077095948,0.9998558,0.9985648879939437
1345.8660965746444,1.0003172,1.0016594251216453
1345.867485439695,0.9998919,1.0000215217033448
1345.8688743047446,0.9998948,1.0009465740204004
1345.8702631698527,0.9999108,0.9974843061259695
1345.8716520349026,0.9999959,1.0013713384650307
1345.8730408999531,0.99995977,1.0003073577027484
1345.8744297650035,0.9999294,0.9997962110776422
1345.8758186300524,0.9998364,0.9978709640978946
1345.8772074951025,0.99998075,1.0032756604382418
1345.8785963601529,0.9998924,0.9990127565298238
1345.8799852252027,1.0000049,1.0015408233899523
1345.8813740902524,1.0000812,1.0007354189260798
1345.8827629552438,1.0002886,1.0009485505394111
1345.884151820294,0.9998871,1.0003230714906362
1345.8855406853443,1.0000414,0.9988615022366801
1345.8869295503941,1.0001484,0.9998314530117891
1345.8883184154433,1.0001562,1.000408772031091
1345.8897072804937,0.9999908,1.0014012032580921
1345.891096145544,0.99990934,1.000106263135783
1345.8924850105932,1.0000592,1.0002044830940346
1345.8938738756428,0.9996893,1.0007808735515937
1345.8952627406352,1.0000979,1.0001355572763666
1345.8966516056857,0.9998903,1.000813174124675
1345.8980404707354,0.99993575,0.9985780075532872
1345.8994293357846,0.99992454,1.0030089965350169
1345.9008182008351,1.0000219,0.9990739453593788
1345.9022070658275,0.9999604,1.0020758396781975
1345.9035959308767,0.9995718,0.9987846811700937
1345.9049847959263,0.99990517,0.9997692501101266
1345.906373660977,0.99989814,1.0015176285002978
1345.9077625259683,1.0001916,1.0015505554707302
1345.909151391018,1.0002978,1.0008461494784682
1345.910540256068,0.99997216,0.9985305584828789
1345.9119291211177,0.99994147,1.000728024923704
1345.91331798611,1.0000366,0.9989318559102819
1345.9147068511597,1.000103,1.0014397825687897
1345.916095716209,0.9996936,1.0003945952891837
1345.9174845812013,1.0001972,0.9990879732018081
1345.9188734462518,0.99977666,1.0015236411112343
1345.9202623113015,1.000083,0.9986485955754713
1345.921651176293,0.9999689,1.0019111523326345
1345.9230400413428,1.000037,0.9998335370707777
1345.924428906335,1.0000892,1.0003030180309942
1345.925817771385,0.9999279,1.0008214789308902
1345.9272066363758,0.99980515,1.0022610451128737
1345.9285955014261,1.0001798,1.000517666999036
1345.9299843664767,0.9999458,1.000208670796477
1345.9313732314677,1.0001216,1.0000459964325092
1345.9327620965173,0.99994963,1.0014120325276568
1345.9341509615097,0.9999953,0.9979462318304719
1345.9355398265593,0.999769,1.002736299995381
1345.9369286915512,0.9997619,0.9979587991719194
1345.9383175565426,0.9999143,1.0006816276592863
1345.9397064215923,0.9998938,0.9990035243328044
1345.9410952865846,1.0000899,1.0011957066110782
1345.9424841516345,0.9999404,0.9991863296411917
1345.9438730166262,1.0001202,1.00139820817098
1345.9452618816767,0.9999714,1.0006607367014806
1345.9466507466682,0.99993855,1.0006379032703279
1345.9480396116596,0.99997795,0.9986886494124446
1345.9494284767095,0.99960023,1.0015067297889433
1345.9508173417012,0.99975646,1.0014149538244308
1345.9522062066935,0.9997573,1.0005932928531793
1345.9535950717432,0.99985266,1.0004810870816583
1345.9549839367342,0.99984235,0.9990073411133881
1345.9563728017265,0.9997859,1.0010230013260826
1345.9577616667768,1.0003586,1.0018985555252071
1345.9591505317676,1.0001806,0.9987944330682157
1345.9605393967593,1.000117,1.003374592287446
1345.9619282617514,0.99978805,0.9990868505752102
1345.9633171268015,1.000077,1.002300361953876
1345.964705991793,0.9997264,1.000708661722887
1345.9660948567844,1.0001899,0.9996013050233398
1345.9674837217763,0.99999964,1.001232978723473
1345.9688725868266,1.000304,1.0012155655226544
1345.9702614518183,1.0000705,1.0011233962640644
1345.9716503168097,0.99988574,1.0018634931639625
1345.973039181802,0.99991626,0.9992939550828494
1345.9744280467935,0.9999077,1.0008957625835149
1345.9758169117852,0.99987286,0.9970601931631625
1345.9772057767768,1.0001059,1.0012884638679034
1345.9785946418265,0.9997984,1.0008269105631524
1345.9799835068188,0.9997593,1.0005918933583209
1345.9813723718103,1.000121,0.9999040429048361
1345.9827612368013,1.0000366,0.9999207027091587
1345.9841501017936,0.9998814,1.0015344064938159
1345.985538966786,1.0000279,0.9996273356104444
1345.9869278317767,0.99993336,0.99979807376955
1345.9883166967684,1.0000628,1.0004506685155414
1345.9897055617607,1.0001307,1.0010864200214966
1345.9910944267522,0.99988323,0.9997505055270967
1345.9924832917436,1.0000317,1.000623186185689
1345.9938721567355,0.99992007,1.0012055456824696
1345.9952610217276,1.0001664,1.0019915801800916
1345.9966498867198,0.9997874,1.0000004583369397
1345.9980387517107,0.9999744,1.000452005566833
1345.9994276167024,1.0000385,1.0002805295982158
1346.0008164816945,1.0001788,1.0022376258517265
1346.0022053466862,0.9998483,1.0008344531771958
1346.0035942116197,0.999773,0.9990327101542342
1346.004983076611,0.9999297,1.0018229052049394
1346.0063719416028,1.0000228,1.0007455442494313
1346.007760806595,1.0000043,1.0008684314569272
1346.0091496715868,0.9998459,1.000693283260869
1346.0105385365775,0.9998998,1.001510102877752
1346.0119274015115,1.0003029,1.000321381269798
1346.0133162665038,0.99994373,0.9983553589544114
1346.0147051314948,0.99997306,1.0006229735542498
1346.0160939964862,1.0000061,1.001421727952555
1346.0174828614786,0.99987924,1.0003232013647052
1346.0188717264127,1.0002633,1.0006618324087817
1346.0202605914042,0.9997225,1.0007322589475836
1346.0216494563952,0.99979824,1.0004706815622668
1346.0230383213875,0.9998436,1.0018032142432516
1346.0244271863216,1.0000441,1.0013759421788426
1346.0258160513124,0.9998025,1.0004572185815948
1346.027204916304,0.9998539,1.0002498175480725
1346.028593781238,0.9997926,1.0013585031808239
1346.0299826462297,1.000007,1.0002593826964763
1346.031371511221,0.9997451,1.0020972268815023
1346.0327603761546,0.99988294,1.0001097542349597
1346.0341492411462,0.9999136,1.0013516494015158
1346.0355381060804,0.99992305,1.0021330908721955
1346.0369269710718,0.99998426,1.0014430923294937
1346.0383158360628,0.9997643,1.0013421261693851
1346.039704700997,1.0001482,0.9977716002199145
1346.041093565989,1.0001972,1.001435732691753
1346.0424824309225,1.0000957,1.0027717580994937
1346.043871295914,0.9998344,1.001231835444805
1346.0452601608472,0.99994546,0.9996240792617956
1346.0466490258395,0.99981934,1.0018142202872191
1346.048037890773,1.0002266,1.0004478948983517
1346.0494267557638,0.9998532,1.0001668543299083
1346.050815620698,0.9999828,1.0024506414852976
1346.0522044856903,0.9999398,1.000047721706165
1346.053593350623,0.9998895,1.0012339917838522
1346.0549822156145,0.9999735,1.0014793843439587
1346.0563710805486,0.99993193,1.0004261431796444
1346.0577599454818,0.99990225,1.0019117653891942
1346.0591488104735,0.99977285,0.9983558201105814
1346.060537675407,1.0000534,1.0039064824352
1346.0619265403402,0.9999436,1.0000207217542858
1346.0633154053319,0.99989194,1.0009110114029545
1346.0647042702653,1.0001009,0.9993550194002615
1346.0660931351995,1.000166,1.0021937976937958
1346.0674820001916,0.99988246,1.0015508711227452
1346.0688708651242,0.99983793,0.9990834002625327
1346.0702597300576,0.99996084,1.003361133480843
1346.0716485950497,1.0002028,1.001378919021081
1346.0730374599834,1.0002229,0.998909657575046
1346.0744263249167,0.9998241,1.0008552828377213
1346.07581518985,1.0000182,1.0024368993774073
1346.0772040548418,1.0002012,1.001160168348047
1346.0785929197757,0.9998756,0.9986779625833719
1346.0799817847092,0.99986684,1.0032835237224906
1346.0813706496417,0.99974406,1.0013345646117653
1346.0827595145756,0.9998421,0.9996627125583334
1346.084148379568,0.9999408,1.0008521495577858
1346.0855372445008,0.9999063,1.0022977893792182
1346.086926109434,0.99967885,0.9996293990095956
1346.0883149743681,1.0001571,1.0017532892573793
1346.0897038393023,0.99979174,0.9996773548672012
1346.0910927042355,1.0001405,1.0028035736657337
1346.0924815691683,0.9996484,0.9991785709889067
1346.0938704341024,0.99967253,1.001163645729384
1346.0952592990948,0.9996646,1.0001859377304043
1346.0966481640273,0.999793,1.0013661752404934
1346.0980370289608,1.0000268,1.0010294008942726
1346.099425893895,0.99978673,1.0011307897160018
1346.1008147588282,0.99968904,0.9982807339518437
1346.1022036237614,0.9999963,1.0005753264859976
1346.103592488695,1.0000845,1.0017919237210602
1346.1049813536283,1.0001987,1.000949637862248
1346.1063702185625,1.000054,0.999949049496784
1346.1077590834957,0.99981296,1.001748161158014
1346.1091479484285,1.0000863,1.0020716274179744
1346.1105368133044,0.9997735,0.9997574143454473
1346.1119256782383,0.9996735,1.0003517182885606
1346.1133145431718,0.99997425,1.0020993443057227
1346.114703408105,0.9999259,1.000643060579926
1346.1160922730385,0.999917,0.9999390602457945
1346.1174811379724,1.0001777,1.0008985366265815
1346.118870002906,0.9997011,1.0015732371454187
1346.1202588678386,0.9998011,0.9997673721019601
1346.1216477327143,0.9999701,1.0013356591726168
1346.1230365976485,0.99995935,1.001808187656376
1346.1244254625813,0.99996746,0.9996048524662805
1346.1258143275145,0.9999516,1.000499113926081
1346.1272031924486,1.0001072,0.9984435001111166
1346.1285920573237,0.99996954,1.000770134086516
1346.1299809222573,0.99990666,1.0004876344261042
1346.1313697871906,0.99980986,1.0024218352358765
1346.1327586521238,0.9999167,1.0011947590430974
1346.1341475169997,0.99971974,1.0006370326853027
1346.1355363819332,0.99995464,0.99937584229521
1346.1369252468667,0.999816,1.0015572192989173
1346.1383141117424,0.99978805,1.0003524968379875
1346.1397029766758,0.99980044,1.0013805773770874
1346.141091841609,0.9998805,1.0003014124581706
1346.1424807064843,0.9998938,1.0038149125012854
1346.1438695714178,0.99959,0.9979308604147877
1346.145258436352,0.9999021,0.9998377624107551
1346.146647301227,0.9998078,1.0030393701205098
1346.1480361661597,0.99977165,1.0004180404538945
1346.1494250310354,0.9999795,1.000180534301399
1346.1508138959693,0.9998674,1.0022050212460962
1346.1522027609021,0.999817,1.0011320826829897
1346.1535916257774,0.9997585,1.0009210931759371
1346.1549804907113,1.0000837,1.000489776421752
1346.1563693555868,0.9998386,0.9990734768326858
1346.15775822052,1.0001945,1.0018662476969242
1346.159147085395,1.0000757,0.9996602298342309
1346.1605359503292,1.0001187,1.00215660691594
1346.161924815205,0.99988294,1.000315140008275
1346.1633136800797,0.9997327,1.0008288492330761
1346.164702545013,0.9999774,0.9995857145523638
1346.1660914098888,0.9997934,1.0026911656391093
1346.167480274822,1.0001633,1.00187058786579
1346.1688691396973,1.0002629,1.000502679065164
1346.1702580046308,0.99962556,0.9994110101475642
1346.1716468695058,0.99977785,1.002128020847668
1346.1730357343818,0.9995411,1.0008510006310287
1346.174424599315,1.000002,1.0027427106192628
1346.1758134641896,0.99981874,0.9999401780394744
1346.1772023290655,0.9999977,0.9986913189082421
1346.1785911939996,0.9998565,1.0013556595814233
1346.179980058874,0.99985826,1.0007603612276954
1346.1813689237492,0.9999684,1.0015347088936457
1346.1827577886834,0.99985963,1.0003392900446055
1346.184146653559,1.0001179,1.0020935622099172
1346.1855355184343,0.99999464,1.002242703141119
1346.1869243833087,0.99971515,1.0009461679004161
1346.1883132482426,0.99990547,1.0006173879837958
1346.1897021131185,0.9998463,1.0023366884076057
1346.191090977993,0.9997666,1.000213883592018
1346.1924798428681,0.99962014,1.0008047986149198
1346.193868707744,0.9997052,1.0001434844334844
1346.1952575726193,0.99982595,1.0020089928312084
1346.1966464375528,1.0000362,1.001836492506909
1346.1980353024278,0.99985373,1.0019732775273595
1346.199424167303,0.9999008,0.9997933081193913
1346.2008130321788,0.99967414,1.0008487457168969
1346.202201897054,0.9996395,1.0014701150134768
1346.2035907619284,0.99995804,0.9996710331049752
1346.2049796268043,0.9999227,1.0032081516356819
1346.2063684916802,1.0001235,1.0008266462174804
1346.2077573565552,1.0000739,0.9966289089019242
1346.2091462214307,0.99948543,1.0000652861224275
1346.2105350863058,1.0000937,1.0005637030346206
1346.2119239511817,0.99970746,1.0016958320996887
1346.2133128160567,0.9998357,0.9983955579045355
1346.2147016809313,0.999916,1.0005945914235599
1346.2160905458072,0.9999953,1.0011651554473393
1346.217479410683,0.9998726,1.0010934912012497
1346.2188682755573,0.9997175,1.0018697775192829
1346.2202571404328,1.000031,1.00017843797986
1346.2216460053085,1.000138,0.9998585365183635
1346.2230348701837,0.9999525,1.001524972875349
1346.2244237350587,1.0000408,1.0025204121842288
1346.225812599934,0.99994504,1.0013900120816028
1346.2272014648092,0.99990565,1.000087607165104
1346.2285903296852,1.0001845,0.9998667849860091
1346.229979194502,1.0001879,1.0010619606544373
1346.231368059377,0.9999125,1.0013394711083883
1346.232756924253,0.99963665,0.9999258590647696
1346.234145789128,1.0000758,1.0021473942622245
1346.2355346540035,0.999893,1.002729425645168
1346.2369235188203,0.9999987,0.9989754075531656
1346.2383123836953,0.9998608,1.0005974748792203
1346.2397012485712,0.9995133,1.0013783617618068
1346.2410901134465,1.0002189,0.9987432563590126
1346.2424789782626,0.9999784,1.002864241892095
1346.2438678431386,0.99998033,0.9982193614830261
1346.2452567080145,1.0000337,1.0003592072114127
1346.246645572889,0.9997447,1.0036311534294962
1346.2480344377059,0.99988216,0.9989260242803228
1346.2494233025818,0.9999905,1.0012579295041593
1346.2508121674568,0.99973804,1.0022668196217086
1346.252201032274,0.999727,1.0018994582323846
1346.2535898971491,0.99984545,0.9982845698960764
1346.2549787619669,0.99993193,0.9998956191762979
1346.2563676268426,0.99986434,1.0017984084062805
1346.257756491717,1.0002989,1.0007383178064013
1346.259145356534,0.99987537,1.0014164697467145
1346.2605342214097,0.99979794,1.0014883447092424
1346.261923086227,0.99983555,1.0019402080964497
1346.263311951102,0.99980444,0.9995805358596643
1346.2647008159188,0.99987453,1.0009786689949463
1346.2660896807943,1.000047,0.9997860555495541
1346.2674785456118,0.99999166,1.0009858698549932
1346.268867410487,0.99995166,1.0015500162824633
1346.2702562753032,0.9998528,1.001627035370097
1346.2716451401789,0.99993694,1.0001989912990292
1346.2730340049966,0.9999672,1.002810862396766
1346.2744228698712,1.0000478,1.0002780983929564
1346.275811734688,0.99999934,1.0007565858806386
1346.277200599564,0.99997634,1.000072091105782
1346.278589464381,1.0001664,1.0011453800309542
1346.279978329198,0.9999276,1.0027873152872266
1346.281367194073,0.99990106,0.9985990852060865
1346.2827560588908,0.99990416,0.9999879411746423
1346.2841449237085,0.9996919,0.9994073721567419
1346.2855337885828,1.0000299,1.003436716613521
1346.2869226533999,0.9998811,1.00050103527715
1346.2883115182176,0.9998718,1.0028545615635271
1346.2897003830926,0.9997775,0.999315122411705
1346.2910892479094,0.99998176,1.0003231646273638
1346.2924781127267,0.9998674,1.0024287059890866
1346.2938669776017,0.9998532,1.0007296351253057
1346.2952558424195,0.99975234,1.0015350121149502
1346.2966447072363,1.0001227,1.0002324609599813
1346.2980335720526,0.9999351,1.0013329377934694
1346.2994224368704,0.9999287,1.0016733972985399
1346.300811301746,1.0000774,1.0012497121776194
1346.3022001665622,1.0000905,0.9993161411126459
1346.3035890313795,0.9999591,1.0024797590065762
1346.304977896197,0.9999262,1.0010412105219535
1346.3063667610145,0.9999649,1.0010489472698456
1346.3077556258315,0.99972045,0.9999248904844317
1346.3091444907059,0.99982077,1.0021545135478485
1346.3105333555236,0.99990195,1.0011614868832541
1346.3119222203413,0.9999097,1.0012772190413923
1346.3133110851577,0.9997899,1.0021488162536598
1346.3146999499745,0.9998868,1.0008823273060612
1346.3160888147922,0.999995,1.001410258601156
1346.317477679609,1.0000374,1.0015242203231083
1346.3188665444263,0.9996591,1.0014573658930224
1346.3202554092431,0.99992055,1.002003190148165
1346.32164427406,0.99988544,0.9990675386065426
1346.3230331388777,0.9997735,0.9996789236002552
1346.3244220036945,1.0000156,0.9991129759158162
1346.3258108685109,0.9998098,1.0041288601619682
1346.3271997333286,0.99945307,1.0005781715934634
1346.3285885981463,0.99980485,1.0019612514368808
1346.3299774629631,0.99973637,0.9998936783963568
1346.3313663277802,0.9998707,1.0011502768874594
1346.3327551925972,0.99993426,0.9989340741189477
1346.334144057415,1.0001625,1.0024681906529112
1346.3355329221736,0.9998622,0.9991266177394738
1346.33692178699,1.0001428,1.0028560604431687
1346.3383106518074,0.99987763,1.0007817059778963
1346.339699516625,0.9998119,1.0005846443868467
1346.3410883814413,0.9999923,1.0001331569704432
1346.3424772462583,1.0000058,1.002082522631377
1346.3438661110176,0.9997509,1.0000427544651633
1346.345254975835,0.99996537,1.000281472869527
1346.3466438406517,0.99981815,1.0016105659864605
1346.3480327054685,0.99991685,1.002392437245435
1346.3494215702274,1.0000237,1.0015767405757081
1346.3508104350449,0.9996576,1.0004578088187142
1346.3521992998621,0.9997861,1.0018161950293716
1346.353588164679,0.99998397,1.000674568882713
1346.3549770294385,1.0000638,0.9998763595097463
1346.3563658942553,1.000161,1.0016578016999882
1346.3577547590723,0.99972767,1.0009604424234415
1346.3591436238312,0.99981576,1.0005917434434015
1346.360532488648,0.99963135,0.9995882453716352
1346.3619213534657,0.9999517,1.0034612479003848
1346.3633102182243,0.9999422,0.9989269133773382
1346.3646990830407,0.99989045,1.000215856549118
1346.3660879478002,0.9999719,1.0011853933344137
1346.367476812618,1.0001236,1.0028468870333576
1346.368865677434,0.9997019,0.9977704685489295
1346.370254542193,0.99997246,1.003109815545699
1346.3716434070107,0.99994546,1.0013566554741058
1346.3730322717693,0.9998183,0.9999662031315849
1346.374421136586,0.99994296,1.0021138199796917
1346.375810001345,0.99989647,0.9990949573991653
1346.3771988661624,0.99981934,1.0014501057685787
1346.378587730922,0.9996849,1.001044499545728
1346.3799765957383,0.99978787,1.0018417932575538
1346.381365460497,1.0001743,1.0005958547105285
1346.3827543252564,1.000098,0.9959829274666306
1346.3841431900735,0.9999261,1.0035492392289926
1346.3855320548323,1.0000229,1.0011348207371658
1346.3869209196491,0.99970675,1.0028217746969708
1346.388309784408,0.99993336,1.0015789091004759
1346.3896986491673,0.99995536,1.001645666314919
1346.3910875139843,0.9998146,0.9985427236278368
1346.3924763787422,0.9998413,1.0023560465368382
1346.3938652435018,1.0001358,0.9987094326614386
1346.3952541083195,0.9999685,1.002266940986134
1346.3966429730776,0.99977744,0.999119110042615
1346.3980318378362,0.9998224,1.0004131882528042
1346.399420702654,0.9998645,1.002246162157242
1346.4008095674135,0.99979657,0.999583399767894
1346.402198432172,0.9997613,1.0018609179739602
1346.4035872969303,0.9997179,1.0004982252793406
1346.404976161748,0.999857,1.0008717438459758
1346.4063650265073,0.99990165,1.0001386578615798
1346.4077538912652,0.9996997,1.0019581827879585
1346.4091427560243,0.9999741,1.0004209347957567
1346.4105316207836,0.9999744,1.001513425585409
1346.4119204856006,0.9998652,1.0032874568803576
1346.4133093503592,0.9999192,1.0014537483516115
1346.414698215118,0.9996193,0.997551375124382
1346.416087079877,0.9998222,1.0012376751602667
1346.4174759446362,0.9999272,1.0015885804769615
1346.418864809395,0.999724,1.0004894762716954
1346.4202536741532,0.99955624,1.0041185239236516
1346.4216425389125,0.99989957,1.0008636529471426
1346.4230314036718,0.999658,1.0019333920167486
1346.4244202684308,1.0002898,1.0011920305419453
1346.4258091332476,0.999728,1.0017122464593575
1346.4271979980062,0.99996,1.0010086604572603
1346.4285868627658,0.99969137,0.9988133591524744
1346.4299757275246,0.9996437,1.0009971452757866
1346.4313645922825,0.9997088,1.002259922683458
1346.4327534569838,0.99983346,0.9992018779777307
1346.4341423217434,0.9999482,1.0032822067048992
1346.4355311865015,0.9999771,1.0003764456838806
1346.4369200512601,0.99988157,1.0007348409464296
1346.4383089160197,0.9998778,0.9992760514654384
1346.4396977807783,0.9999736,1.0024874270090596
1346.441086645537,0.99994916,1.0039765320325993
1346.442475510296,0.99978286,1.0006321458278076
1346.4438643750545,0.9998662,0.9984843882071675
1346.445253239814,0.9997882,1.0013282914649289
1346.4466421045145,0.9999811,0.999441185070342
1346.4480309692733,1.000095,1.0027390067172224
1346.4494198340326,0.9997755,0.999620536582424
1346.4508086987917,1.0001347,1.0019287376903918
1346.4521975635503,0.99977434,1.001021327059349
1346.4535864282507,0.9995373,1.0013242105525446
1346.4577530225279,0.9997936,1.0025656650708683
1346.4591418872276,0.99979794,1.0012613880512025
1346.4605307519869,0.9997343,1.0017918406147237
1346.4619196167464,0.9999152,1.0023996854986048
1346.4633084814463,1.0000727,1.0001232537552638
1346.464697346205,0.9996215,1.0012436820018107
1346.4660862109645,1.0000768,0.9998946475574646
1346.467475075665,0.9998558,0.9993908500851126
1346.468863940424,0.99983627,1.002118485843789
1346.4702528051826,0.9998125,1.0005130785804148
1346.4716416698839,0.9998993,1.0001993237266695
1346.4730305346434,0.9994842,1.001774811551467
1346.474419399343,0.9998033,1.0005654051462332
1346.475808264102,0.99965024,1.001897739557004
1346.4771971288615,0.9999784,1.0019159788480703
1346.4785859935619,0.9998071,1.0012815223396645
1346.4799748583205,0.9999409,1.0022396473142883
1346.4813637230213,1.0000771,1.0004866699579806
1346.48275258778,0.9998264,1.0006601276791718
1346.4841414524813,0.9999785,1.000382447519441
1346.4855303172399,0.9999657,1.0020876432102872
1346.4869191819398,0.99988896,0.9993703095371081
1346.4883080466411,0.9998871,1.0022571454550626
1346.4896969114004,0.9999579,0.9994458488612058
1346.4910857761001,0.999856,1.0013234307153533
1346.4924746408592,0.99956167,0.9997437804307605
1346.4938635055603,0.9999157,1.0022821304898482
1346.4952523702614,0.9997061,1.000528835936381
1346.4966412350202,0.99991494,1.0021632711590815
1346.49803009972,0.9995221,1.0012633827039097
1346.4994189644794,0.99978924,1.0012285154712768
1346.5008078291808,0.99960655,1.0008192488989118
1346.5021966938807,0.9998623,1.0005060944235535
1346.503585558581,0.99991906,1.004248121616335
1346.5049744233406,0.9997372,0.9978993341948343
1346.506363288041,0.99953115,1.0020469993266738
1346.507752152742,1.0001671,0.9992451196195008
1346.5091410175005,0.99986553,1.0017701205025704
1346.510529882201,0.9997628,1.0019071629428815
1346.5119187469022,0.9996309,1.0022574206116401
1346.5133076116026,0.99998844,1.0007848902669934
1346.5146964763026,0.9998948,1.0011330598004853
1346.516085341062,0.99969864,1.0009816559065245
1346.5174742057634,1.0000262,1.00207207474251
1346.5188630704638,0.9999023,1.0015375219320313
1346.5202519351644,0.9999322,1.0005744198200823
1346.521640799865,0.99992406,1.0014499263646373
1346.5230296645664,0.9998175,0.9997931734301899
1346.5244185292668,0.9998598,0.9993380267718874
1346.5258073939667,1.0000174,1.0014734454628629
1346.527196258726,0.9996509,1.000012087840416
1346.528585123427,0.9998613,1.0017043507407786
1346.529973988127,0.9995904,0.9990678280208403
1346.5313628528277,0.99994504,1.0010440329206112
1346.5327517175288,0.99991053,1.000489014439814
1346.5341405822296,1.0000569,1.0022531509400663
1346.53552944693,0.9997303,1.0006203635328246
1346.5369183116304,1.0000383,1.00095504686224
1346.538307176331,0.9997658,1.0003134288100481
1346.5396960410321,0.9998056,1.0009994364708026
1346.541084905733,0.9994097,1.0019146490955106
1346.5424737703752,0.9996581,1.0018952426223215
1346.5438626350765,1.0000876,1.0008229413337943
1346.545251499777,0.9997803,1.000764894641804
1346.5466403644775,1.0002409,1.000107690972284
1346.5480292291782,0.9998146,1.0017302737723526
1346.5494180938786,0.99988824,1.0010948308526049
1346.5508069585799,1.0000165,1.0025478488181416
1346.5521958232803,0.99957395,0.9991469825137577
1346.553584687922,0.99982303,1.0014038500840232
1346.5549735526233,0.9999562,1.000060416630059
1346.5563624173246,0.9998952,1.000773672420372
1346.5577512820244,0.9997758,1.0011174492402375
1346.559140146725,1.0000004,1.0026298903058646
1346.560529011368,1.0001103,0.9988482321499488
1346.5619178760685,1.0001352,0.9991257530241194
1346.563306740769,0.999532,1.0037607232158479
1346.5646956054695,0.9997326,0.9983341214101286
1346.5660844701124,0.99956816,1.0001109184081447
1346.5674733348137,0.99986863,1.0023908317900032
1346.5688621995137,0.999709,0.9983626224542069
1346.5702510641559,0.9995179,1.000645329152641
1346.5716399288572,0.9999149,1.0034189757486753
1346.5730287935578,0.99958354,1.0002886510002469
1346.5744176582002,0.9999085,1.0020687077351553
1346.5758065229006,0.9997859,1.0013068796452533
1346.577195387543,0.999577,1.0000048304938125
1346.5785842522441,0.9999577,1.003435616990001
1346.5799731169448,0.99996126,0.9987187036794889
1346.5813619815863,0.99994177,1.003017368994234
1346.5827508462876,0.9998463,1.000598205334862
1346.5841397109307,0.9999537,1.0004793401585501
1346.5855285756306,0.99982953,1.0004013575070303
1346.5869174402728,1.0003295,1.0035079655645405
1346.5883063049741,0.99970424,1.0022511420453704
1346.5896951696163,0.9998971,0.9999771976392178
1346.591084034317,0.99994665,1.0040757675056147
1346.5924728989594,1.0003086,0.998814265110281
1346.5938617636607,0.99964345,0.9981751369313702
1346.5952506283036,1.0002025,1.0038435233855665
1346.596639492945,0.9996793,0.9982390967292127
1346.598028357646,1.0000497,1.002982661215946
1346.5994172222888,0.9999983,0.9976125430533519
1346.6008060869895,1.0000057,1.0017318539067965
1346.6021949516316,0.9995418,1.0001895259202707
1346.603583816274,0.9997157,1.0007098495006572
1346.6049726809747,0.99969196,1.0021549644027625
1346.6063615456176,0.99996656,1.0003205755741724
1346.60775041026,0.9998867,1.0019057400183764
1346.6091392749017,0.9999592,0.998946784947236
1346.6105281396028,0.9998745,1.0017495859441554
1346.6119170042457,1.0001388,1.0024765806063713
1346.6133058688874,0.99989676,1.0015722146751391
1346.614694733588,0.99993694,0.9998125270069548
1346.616083598231,0.9997235,1.0020344015320704
1346.617472462874,0.9999587,1.0008600690191092
1346.6188613275165,1.0000829,1.0006034743338101
1346.620250192158,0.9999314,1.0007450174008208
1346.6216390568593,1.000054,1.0019825492748489
1346.6230279215024,0.99970144,1.0017898938438146
1346.6244167861441,0.9996663,0.9990653060848181
1346.6258056507863,0.99996537,1.001800272944595
1346.6271945154294,0.99991,1.001430760519678
1346.6285833800716,1.0000103,1.000862443946837
1346.629972244714,0.99981934,0.9998000668524929
1346.6313611093565,1.0001358,1.0005650888062394
1346.6327499739987,0.9998872,1.0020320357693149
1346.6341388386418,1.0000874,1.000769213414015
1346.635527703284,0.99996203,1.0002082235762695
1346.636916567984,0.999822,1.000918083284331
1346.638305432627,0.999736,0.9999847657376411
1346.6396942972701,0.99975693,0.9991726500797269
1346.6410831619123,1.0001785,1.0030965164371464
1346.6424720264963,0.99992156,1.0007785518004522
1346.6438608911387,1.0000368,0.9986288980838335
1346.6452497557816,0.9996835,1.0000146309580478
1346.6466386204243,0.999895,1.0026230468832138
1346.6494163497086,0.9998573,0.9978839646792202
1346.6508052143517,0.9995246,1.0000059135196395
1346.6521940789935,0.99978447,0.9993611002155522
1346.6535829436357,0.999773,1.003881843266205
1346.6549718082788,0.99974936,0.9994519943150524
1346.656360672863,0.9998913,1.00335523714358
1346.6577495375054,0.9996161,0.9981172764161376
1346.6591384021476,0.9999023,0.9997621654378912
1346.6605272667898,0.9995959,1.0026640836248497
1346.661916131433,0.9997689,0.9981421642543
1346.6633049960178,0.9999508,1.0026047364881585
1346.66469386066,0.9998679,1.001846601523228
1346.6660827253027,0.9997581,1.0004744074628422
1346.6674715899449,0.99929434,1.0019092337915996
1346.6716381838137,0.99984115,1.0015675461704607
1346.6730270483986,0.9998218,0.9988207005550366
1346.6744159130415,0.99968183,1.0019047235430731
1346.675804777683,0.9999684,0.9991000150061409
1346.6771936422674,0.9997551,1.0004681526500443
1346.6785825069103,0.9996996,1.000772634562598
1346.6799713715527,0.99987805,1.0032829796553038
1346.6813602361367,0.99977183,0.9996900843467299
1346.6827491007791,0.99944264,0.9981694377993295
1346.6841379653633,0.9995267,1.0005971678561931
1346.6855268300064,0.9997447,1.0017661880876785
1346.6869156945904,1.000022,0.9998631092094205
1346.6883045592326,0.9995596,1.0005001130410764
1346.6896934238175,0.9999503,1.002894584682324
1346.6910822884597,0.9996507,0.9996070096224288
1346.6924711530442,0.99978614,1.0012881583485636
1346.6938600176863,0.9998626,0.9998299432852291
1346.6952488822703,0.99958616,1.0014175915983505
1346.6966377469134,0.99993813,1.0012482917684016
1346.6980266114977,0.99982285,1.0020220569326206
1346.6994154761392,0.999777,1.001221001863245
1346.700804340724,0.99978536,0.9985212613771073
1346.7021932053672,0.99981993,1.0019701344236676
1346.7035820699507,1.0000305,1.001481102447253
1346.7049709345347,0.9999932,1.00123553427713
1346.7063597991778,0.9999691,0.9989811122152782
1346.7077486637618,0.99991786,1.001537775154343
1346.709137528346,0.9999177,1.0028369847266154
1346.7105263929884,0.9999403,0.9989230359998996
1346.7119152575733,0.99959135,1.0002546993885104
1346.713304122158,1.000072,1.001423398772831
1346.7146929867413,0.9996772,0.999858635819893
1346.7160818513837,0.9996332,0.9990514962881433
1346.7188595805528,0.9997896,1.0013330834921321
1346.7202484451368,0.9997296,0.9991690003262751
1346.721637309779,0.9997733,1.0037759769429833
1346.7230261743634,0.99981886,0.997558728965337
1346.724415038948,0.99981874,1.0010167488231314
1346.7258039035323,1.0000821,1.0002430597528797
1346.7271927681156,0.9999691,1.0025743025937608
1346.7285816327003,0.999772,0.9989440813230533
1346.731359361927,0.99987555,0.9997381287027634
1346.732748226511,0.9999565,0.9998672366621392
1346.7341370910958,0.9997808,1.0045837161662925
1346.7355259556807,0.9998525,0.9983694111214301
1346.7369148202647,0.9999203,0.9994490337475731
1346.7383036848482,0.99947315,1.0011680241972136
1346.7396925494331,0.99995434,1.0005082797022122
1346.741081414018,0.99972665,1.0005678680710761
1346.7424702786013,0.99993265,1.0016683431265794
1346.7438591431855,0.9998483,0.9992171291071161
1346.7452480077704,0.99985415,1.002309956078092
1346.7466368723544,1.0000507,0.9992253444821324
1346.7480257369384,0.9999572,0.9994990834944393
1346.7494146015229,0.99977386,0.9998230791662781
1346.7508034661068,0.9998031,1.00301881858409
1346.7535811952175,1.0000048,1.0005606246194776
1346.754970059801,0.99991,0.999564292610479
1346.756358924386,0.9997733,1.001843082721566
1346.7577477889706,0.99973637,1.0022630161651336
1346.7591366535548,0.99971104,0.9983956074298903
1346.7605255181388,0.9998612,1.0022074075132124
1346.761914382723,0.999672,0.9995362929577336
1346.7633032472495,0.9995864,0.9994832752725307
1346.7646921118337,0.9996783,0.9991912690847955
1346.766080976417,0.9998031,1.0014806770016984
1346.767469841002,0.99984175,1.0038383348331121
1346.7688587055286,1.0000111,0.9976261993803641
1346.7702475701121,1.000051,1.001107419529345
1346.7716364346961,1.0000657,1.0019606924179776
1346.773025299281,0.9995984,1.0016334735381904
1346.7744141638068,1.0002081,1.0007793652680084
1346.7758030283912,0.9998836,1.0005960609353723
1346.7771918929752,0.9998326,1.0009296221287223
1346.778580757501,1.0002264,1.0027186092703726
1346.779969622086,0.9998795,0.9997150240997804
1346.781358486612,1.0001104,1.000336369940541
1346.7827473511961,0.99970293,0.9999576031649193
1346.7841362157808,1.000007,1.0023908276877567
1346.7855250803068,0.9997524,1.0012256971384994
1346.7869139448908,0.9999845,1.0011961035833699
1346.7883028094168,0.9998448,1.0002444389767111
1346.789691674001,0.9996231,1.0007995019583251
1346.7910805385277,0.9997894,0.9985304356894947
1346.7924694031117,0.99998045,1.002736540193862
1346.793858267637,0.9997247,0.9997716175391493
1346.7952471322217,0.9996986,1.002740970645884
1346.7966359967481,0.99972284,0.996792273372229
1346.7980248613317,0.9998849,1.0038360220399638
1346.7994137258577,0.99972534,1.0000712144269484
1346.8008025904423,0.9998431,1.0017780396789895
1346.8021914549686,0.9998015,0.9996543247550891
1346.8035803194944,0.9999973,1.0000162687397707
1346.8049691840783,0.99947506,1.0007375585448515
1346.806358048605,0.9998339,1.0029638857620875
1346.80774691319,0.9997858,0.998421086773019
1346.8091357777153,1.0000134,0.9987773777195726
1346.810524642241,1.0000023,1.001294975264592
1346.811913506826,0.99985665,1.002492609323963
1346.8133023713517,0.99976915,0.9979950001858663
1346.8146912358777,0.9998272,1.0022145843961716
1346.8160801004037,0.9999479,0.999101161333235
1346.8174689649877,1.0001568,1.000673051098793
1346.8188578295144,1.0000825,1.0022825179094346
1346.8202466940402,0.9999958,1.0002260958057239
1346.8216355585655,0.9999371,1.0001540804330542
1346.8230244231504,1.0001113,1.0025105602777475
1346.824413287677,0.99970174,0.9986800707413384
1346.8258021522022,0.99992216,1.0002138621146763
1346.8271910167282,0.9999712,0.9995639674534893
1346.8285798812549,0.99995637,1.0014185470686177
1346.8299687457813,0.9999915,0.9993524425305579
1346.8313576103656,0.99987787,0.9990860870002056
1346.8327464748907,0.9998347,1.0044656679920752
1346.8341353394171,0.99958175,0.9976119339781427
1346.8355242039438,0.99997157,0.9998335271483739
1346.838301932995,0.99988586,1.0006572028272174
1346.8396907975216,0.9999272,1.0004862303334432
1346.8410796620476,0.99965626,1.0007741197384212
1346.8424685265736,0.9995945,0.998433091725375
1346.8438573910994,1.0002337,1.0025126313496275
1346.8452462556254,0.99972045,1.0027937466427979
1346.8466351201519,0.999857,1.0007557539796217
1346.8480239846779,0.9996569,1.0013761783425124
1346.849412849203,1.0000359,1.0002231026597812
1346.8508017137297,0.99971247,1.001780130878802
1346.8521905782563,0.9998309,1.0000501853381947
1346.8535794427821,0.9998753,0.9992489320420469
1346.8549683073084,0.9996536,1.0014577864109757
1346.856357171776,0.9996601,1.0025173298121384
1346.8577460363026,0.9998797,0.998733982126386
1346.8591349008284,0.99994177,1.0020148395766522
1346.8605237653537,0.99959284,1.000482953601032
1346.8619126298804,0.9999174,1.001105349093582
1346.8633014944069,0.9999739,0.9987140704882208
1346.8646903588738,0.99971354,1.0017214668647565
1346.8660792234,0.99967515,1.0026322174063012
1346.8674680879265,0.99980515,0.9999786297495056
1346.8688569524525,0.99977666,1.0007673152134222
1346.8702458169782,1.0000476,0.9996095083976501
1346.871634681446,1.0000502,1.0008811785674323
1346.873023545972,0.999728,1.0023028131418912
1346.8744124104985,0.9999305,1.0014715206550875
1346.8758012749663,0.9997009,0.9994820521677289
1346.877190139492,0.9998587,1.0035770547044793
1346.8785790040188,0.9996849,1.0008511647098564
1346.8799678684863,0.9999509,1.0004713372698013
1346.8813567330126,0.9997705,0.9987358427117273
1346.8827455975384,1.0000007,1.0019513817127736
1346.884134462006,0.999804,1.0020776589931462
1346.8855233265326,1.0000261,1.0018630742103705
1346.8869121910004,0.9998129,1.0016140175700194
1346.8883010555255,0.99974173,1.0008634395159184
1346.889689919994,0.9999378,1.000289301094129
1346.8910787845207,0.99981356,1.0018203687859009
1346.8924676489878,1.0000709,0.9989508433969866
1346.8938565135136,0.99962515,1.0010934511422562
1346.895245377982,0.9996805,0.9993315501565632
1346.8966342425078,0.9998026,1.0015770659053778
1346.8980231069763,0.9999788,1.0023167640877557
1346.899411971502,0.9998621,0.9989499536059767
1346.9008008359692,0.99972785,1.0004052348183512
1346.902189700496,0.99999666,1.001732024948166
1346.9035785649644,0.999676,0.9995694617464661
1346.904967429432,1.000119,1.0020633619461532
1346.9063562939577,0.9994904,0.9967802071647269
1346.9077451584258,0.9998125,1.0011013707123895
1346.9091340229522,1.0001369,1.0003673512259417
1346.91052288742,0.9996744,1.0021602385452422
1346.9119117518871,0.9999136,1.0003574915433613
1346.9133006164136,1.000096,1.0011134888382338
1346.9146894808819,0.99968654,1.000203223470764
1346.916078345349,0.999702,0.9975047338784477
1346.9174672098166,0.99972,1.0002325325331445
1346.9188560743432,0.99967575,0.9997371273852136
1346.920244938811,0.99979275,1.0038134361098103
1346.9216338032788,1.0000162,1.0002366836680416
1346.9230226677464,0.9995963,1.0010115020676902
1346.9244115322724,1.0001783,1.0017921052071044
1346.9258003967407,0.99991685,1.0007006668619538
1346.9271892612085,0.9998525,1.0016180644617791
1346.9285781256763,0.9999453,1.0003384723793751
1346.9299669901447,0.99977386,1.0023922020508758
1346.9313558546123,0.9998309,1.000179674718373
1346.93274471908,1.0002022,1.001418325042369
1346.9355224480737,1.0000017,1.0029039561765214
1346.9369113125422,1.000135,1.0001978734956272
1346.9383001770098,0.99971044,1.0021750484850438
1346.9396890414769,0.9997648,1.0004791692118518
1346.9410779059453,0.9999195,1.0004726253872442
1346.9424667704136,0.999959,1.000494192109827
1346.9438556348805,0.99973035,0.9996458618263684
1346.9452444993485,1.0001485,1.0025946551767804
1346.9466333638168,0.99964035,0.999569353752691
1346.9480222282846,0.99995357,1.0036024114561728
1346.9494110927521,0.99981624,1.0013461213053487
1346.95079995722,0.9997226,1.0008275138661826
1346.9521888216882,0.99982387,0.9998508385642609
1346.9535776861567,0.9998011,1.0007080876540217
1346.9549665505656,0.99981433,1.0003895156564702
1346.9563554150332,0.999663,1.0006154408676133
1346.9577442795016,0.9997693,1.000783338659363
1346.9591331439692,0.9998477,1.0021340199476738
1346.9605220084372,0.999999,1.0017363875724716
1346.9619108729048,1.0000734,0.9990775909932352
1346.9632997373142,0.99990624,0.9994677571119998
1346.9646886017827,0.999859,1.0019386393324452
1346.9660774662505,0.99982333,1.0015497739359598
1346.9674663307173,1.0000336,0.9993197816659518
1346.9688551951858,0.9999552,0.9987542032742323
1346.970244059596,0.99979,1.0005662571750735
1346.9716329240632,1.0001639,1.0007998808871184
1346.9730217885308,0.9996943,1.0008523800579776
1346.974410652941,0.9999262,0.999903490688845
1346.9757995174095,0.9997638,1.0015836419579083
1346.977188381877,0.99999505,1.0063926483672072
1346.978577246286,0.99973184,0.9960249490110793
1346.9799661107545,1.0000296,1.0023912727475812
1346.9813549752228,0.9998717,1.000418105371556
1346.9827438396314,1.0001657,1.0022401827716412
1346.9841327040992,0.9996071,1.0000977934411681
1346.9855215685675,0.999916,1.0009878593873858
1346.9869104329773,0.9998517,1.0007210746369324
1346.9882992974449,0.99963284,0.9986876729772256
1346.9896881618542,0.999686,1.0040448361330367
1346.9910770263223,0.99978614,1.00063042535787
1346.9924658907323,0.9996748,0.9988903743085564
1346.9938547552001,0.999717,1.0012348627934717
1346.9952436196088,0.999833,1.0011953546697272
1346.996632484077,1.0000713,1.002140828171903
1346.9980213484873,0.99982786,1.0019713946178774
1346.9994102129551,0.99993026,1.000045399754162
1347.0007990773647,0.99994797,1.0034147660265007
1347.002187941774,1.000047,1.0016827269541626
1347.0035768062426,0.99986356,1.0002874568507254
1347.004965670652,0.99990934,1.0022204172443128
1347.006354535119,0.99981874,0.9983082566993937
1347.0077433995293,0.99991333,1.0037528905565436
1347.0091322639396,0.9999512,1.0018045665687967
1347.0105211284065,0.99989915,0.9989009603351292
1347.011909992816,0.9997457,1.000409620044924
1347.0132988572263,0.99977833,1.0012968244408864
1347.014687721694,0.99968886,1.0025139792781463
1347.0160765861033,0.9999991,0.999952652893768
1347.017465450513,0.99982053,1.0022308223683425
1347.0188543149225,0.9999232,1.0022083116917613
1347.020243179391,0.99992776,1.0004409212252097
1347.0216320438003,0.9999334,0.9973496179452234
1347.0230209082097,0.9998575,1.003889438642175
1347.02440977262,0.9998849,1.000546742000208
1347.0257986370295,0.9998382,1.0010954572338413
1347.0271875014973,0.9997496,0.9998759323151444
1347.0285763659067,0.9995198,1.0024761425163797
1347.0299652303163,0.9997681,0.9979459297987936
1347.0313540947263,0.99936676,1.0040513360248637
1347.0327429591362,1.0000592,0.9990766161193906
1347.0341318235448,0.99999714,1.0004580642076368
1347.0355206879549,1.000274,1.001429885968887
1347.0369095523652,1.0000308,0.9998517207720141
1347.038298416774,1.0001221,0.9999042267414906
1347.0396872811834,0.9997123,0.9991558797577528
1347.0410761455937,0.99972516,1.0014460806464471
1347.042465010003,0.99981534,1.0047532522092992
1347.043853874413,1.0000509,0.9993730126332105
1347.0452427388223,0.9999755,0.9996168437242076
1347.0466316032325,0.99972576,1.000816052332044
1347.0480204676428,0.9998216,1.0006778401795537
1347.0494093320515,0.9999067,0.9987237130046337
1347.050798196461,0.9999869,1.0042267186327067
1347.0521870608711,0.9996223,1.0002274086179244
1347.0563536541003,0.9996773,1.0003449493853316
1347.0577425185093,1.000036,0.9989106112209625
1347.0591313828613,0.9996043,1.0020499802446106
1347.0605202472714,0.99981064,0.9995760426590581
1347.06190911168,0.9999212,1.0019814140126493
1347.0646868404997,1.0001031,1.000188717859195
1347.0660757048513,0.9998447,1.0016798805899023
1347.0674645692607,0.9998241,1.0039095812063978
1347.06885343367,0.9998374,0.9965856151612152
1347.0702422980803,1.0003047,1.0026233603502823
1347.0730200268413,0.9997895,1.0021644462641144
1347.0744088912506,0.99979085,0.9999740682535223
1347.0757977556027,0.9998093,1.0026083291675136
1347.077186620012,0.99991935,0.9996810444789677
1347.0785754844217,0.9998965,1.0006870828043475
1347.079964348773,0.9999286,1.0011752336759197
1347.0813532131824,0.9997998,1.0009758260077215
1347.0827420775345,1.0000042,1.0001812869589184
1347.0841309419438,0.9999438,1.0027195872842094
1347.0855198063527,0.9997472,0.9989117865587447
1347.0869086707048,0.9999177,1.0038170317259703
1347.088297535115,0.9998809,1.000884664915999
1347.0896863994656,0.99997526,0.9989339854357734
1347.0910752638752,0.99963075,1.0016885607458965
1347.0924641282272,0.99982387,1.0001879890846728
1347.0938529926373,0.99990374,1.0026086493663986
1347.0952418569887,0.9995658,0.9988424760958425
1347.0966307213976,0.9998399,1.0008782825071416
1347.0980195857494,0.9997974,1.0026500854428526
1347.0994084501594,0.99956423,1.000316518711219
1347.1007973145101,0.99993175,0.9991015653189366
1347.1021861788613,0.99960023,0.9965687382428203
1347.1035750432716,0.9997945,1.0056333145090692
1347.104963907623,0.9998427,1.0007208541404766
1347.1063527719743,0.9998456,1.0016259930879026
1347.1077416363837,0.99981594,1.0011755526281132
1347.109130500735,0.99991626,1.0003054639585616
1347.110519365087,0.9998285,1.0017493343684882
1347.1119082294967,0.99986804,1.0015600096578001
1347.1132970938472,1.00002,1.001820681886662
1347.114685958199,0.99984086,1.0006690371248228
1347.1160748226093,0.9998061,1.000919150131931
1347.1174636869605,0.99995375,1.0009337727747045
1347.118852551312,0.9995077,0.9991939012651452
1347.1202414156633,0.99958867,1.0025275175793336
1347.1216302800153,0.9999527,0.9965562795362539
1347.1230191444247,0.9999913,1.0070557480437226
1347.1244080087754,0.99938864,0.9958526785510984
1347.1257968731275,1.0001464,1.0028759645116665
1347.1271857374795,0.99984276,1.0018003924640262
1347.12857460183,0.99979126,0.9982547034411138
1347.1299634661814,0.9997019,0.9953828451385277
1347.1313523305332,0.9999734,1.0040443870137543
1347.1327411948846,0.99972016,0.9969333117256906
1347.134130059294,0.99969816,0.9996068145235973
1347.1355189236453,1.0002277,1.0047876068465895
1347.1369077879967,0.999799,0.996248415966842
1347.1382966523488,0.9998336,1.0035209802435594
1347.1396855167,0.9997223,0.9997419486130904
1347.141074381051,0.9997943,1.0036080739507827
1347.1424632454032,0.9998608,1.0014601845367914
1347.1438521097546,0.9999182,0.9957806283821643
1347.145240974106,0.9998717,1.0016029375421103
1347.146629838457,0.9998573,1.0012625469534457
1347.14801870275,0.9995845,1.0033484031690323
1347.1494075671021,0.9997496,0.9989532835525956
1347.1507964314535,0.9999297,0.9977041842658803
1347.152185295804,1.0000249,1.0042431638766576
1347.153574160156,0.99994856,0.9965399351555819
1347.154963024508,1.0000122,1.00315992373851
1347.1563518888588,0.9996123,0.9994471747326003
1347.15774075321,0.9997419,1.003325824679883
1347.1591296175038,0.9998272,0.9985387341293843
1347.160518481855,0.99986386,1.0028661575493805
1347.1619073462064,0.9994646,0.9943082208262404
1347.1632962105577,0.9996936,1.003632179630962
1347.1646850748516,0.9995055,1.0017927007975025
1347.1660739392034,1.0000618,0.998727325601786
1347.167462803554,1.0001537,0.9996501320096826
1347.1688516679055,0.99985397,1.0025994432418623
1347.1702405321992,0.99975663,1.0006357135216262
1347.1716293965505,0.9999398,0.9992157601565489
1347.1730182609017,0.99973947,1.0000310399644312
1347.1744071251946,0.9997243,1.0012066732260292
1347.1757959895463,0.9996376,1.0012955857490269
1347.177184853898,0.99965656,1.0004048353296404
1347.1785737181913,0.9996161,1.0008697988391362
1347.179962582542,0.99986804,0.9974031072939242
1347.1910734971216,0.9998648,0.9948863845085177
1347.1924623614727,0.99990314,1.0003657916387108
1347.1938512257666,1.000003,1.000564598798408
1347.1952400900595,0.99987847,1.0014306707961071
1347.196628954411,0.9999227,1.00097798227039
1347.198017818704,0.99994195,1.0011538233153732
1347.1994066830553,1.0000046,1.0014993193057382
1347.2007955473491,0.9999585,1.0022404535709535
1347.202184411642,1.00001,1.000545549306143
1347.2035732759928,0.999901,1.0018993062775376
1347.2049621402866,1.0003182,1.0019143615398856
1347.2063510045805,0.9998477,1.002502179378623
1347.207739868931,1.000111,1.0009039206021213
1347.2091287332241,1.0001978,1.0024703780040647
1347.2105175975178,0.9999987,1.001190476881873
1347.2119064618691,0.9999073,1.001738738622736
1347.213295326162,0.9999697,1.0025096382691303
1347.2146841904553,1.0000246,1.0013619401302027
1347.216073054749,1.0000575,1.0021059616939714
1347.217461919101,1.0000929,1.0003415422967004
1347.2188507833935,1.0000821,1.0020046798020772
1347.2202396476864,1.0000837,1.001759310812312
1347.2216285119803,1.0000871,1.002135127624106
1347.2230173762734,0.9999726,1.0003404934145774
1347.2244062405666,0.99988323,1.002441187697837
1347.2257951048596,1.0000287,1.0015398605542416
1347.2271839692107,1.0000341,1.0007492778873672
1347.2285728335046,0.9999428,1.0031696807631096
1347.2299616977978,0.9999771,0.9998514927625803
1347.23135056209,1.00002,1.0022937719677736
1347.232739426384,1.0001518,1.0021186513335114
1347.2341282906777,1.0000702,1.000593233125215
1347.2355171549702,1.0003015,1.001610868072857
1347.2369060192632,1.0000814,1.0020310195594087
1347.238294883557,1.0002196,1.0002188692430245
1347.239683747851,1.0001061,1.0021042650782863
1347.2410726121439,0.9998595,1.0004727939970788
1347.2424614764363,1.0000015,1.0027931021047236
1347.2438503407302,1.0000539,1.0012725701538723
1347.2452392050238,1.0002687,1.002260371475435
1347.246628069316,1.0000821,1.0018378157989125
1347.2480169335513,0.99992174,1.0022072486850577
1347.249405797845,1.0001131,1.00228470690816
1347.250794662138,1.0000821,0.9996247980882034
1347.252183526431,1.0001513,1.0018711797883528
1347.253572390724,0.99996084,1.0025629914291332
1347.2549612550174,1.0000187,1.001998203691016
1347.2563501192528,1.000038,1.0024843191031165
1347.257738983546,1.0001972,1.0016730360113313
1347.2591278478385,0.9999828,1.0019957248658893
1347.2605167121321,0.9999228,1.001349197365986
1347.2619055764258,1.000165,1.0018413865627633
1347.263294440661,1.0002084,1.0020049190786748
1347.264683304954,1.000138,1.0010139075233728
1347.2660721692469,1.0000323,1.0026602877249429
1347.2674610334825,1.0001022,1.0011390365319817
1347.2688498977755,0.9999309,1.0002441183275919
1347.270238762068,1.0000782,1.001705613480325
1347.2716276263036,1.0001512,1.0018438014171223
1347.2730164905975,1.0002954,1.002228762516745
1347.27440535489,1.0001633,1.000065871293835
1347.2757942191247,1.0000111,1.0031197431186925
1347.2771830834185,0.99989593,1.001570128716205
1347.2785719476533,1.0000331,0.9999491492421576
1347.2799608119462,1.0001405,1.0010345607053064
1347.2813496761814,1.0000122,1.0020237567790573
1347.2827385404744,0.9998973,1.001308509493529
1347.28412740471,1.0002586,1.002550218458264
1347.285516269003,1.0001647,1.002406484345135
1347.286905133238,0.99991953,1.0010040617015858
1347.2882939975316,1.0001184,1.0014632864666366
1347.2896828617668,1.0001563,1.002018324462886
1347.2910717260597,0.9999125,0.9997447514229381
1347.2924605902945,0.9999811,1.0019533880939233
1347.2938494545876,0.99998295,1.0026667667453277
1347.295238318823,1.0000399,1.0020980059935751
1347.2966271830587,1.0000871,1.0014488865209918
1347.2980160473512,1.0000935,1.0026168333240504
1347.299404911586,0.99993545,1.0005123656413641
1347.3007937758216,1.0002818,1.0007215170167985
1347.3021826401148,0.99994195,1.001133273237461
1347.3035715043497,1.000037,1.002215120176711
1347.3049603685845,1.0001774,1.0018475228595514
1347.3063492328774,1.0002426,1.002189869509837
1347.307738097113,0.99991417,1.000998630461895
1347.309126961348,1.0001581,1.0017628474499247
1347.310515825583,1.0000054,0.9997680002053877
1347.3119046898769,1.0000476,1.0045491576894772
1347.3132935541116,0.999972,1.000957924078648
1347.3146824183464,1.0000108,1.0006211673073777
1347.3174601468163,0.9999177,1.0016913251768467
1347.318849011052,1.0001084,1.0063952036345354
1347.320237875345,1.0003365,1.0026896282079665
1347.3216267395792,1.0000966,1.0008679891123713
1347.3230156038148,1.0001451,1.0025029720652527
1347.3244044680503,1.0001631,1.0011173429579394
1347.3257933322843,1.0000806,1.0016242279175769
1347.3271821965195,1.0001276,1.0026238186841456
1347.328571060755,1.000327,1.0029470456022664
1347.32995992499,1.0003767,1.001157880787574
1347.3313487892246,1.0002333,1.0024388323540656
1347.3327376534594,1.0000929,1.001550484709071
1347.334126517695,1.0000716,1.0019641760839053
1347.3355153819307,1.0002128,1.0023347650553258
1347.336904246165,1.0000618,1.001568606012499
1347.3382931103997,1.0001527,1.0027841430551652
1347.3396819746354,1.000143,1.0012484195445344
1347.34107083887,1.0000389,1.0023632831390206
1347.3424597031053,1.000068,1.0022353014196015
1347.34384856734,1.0000637,1.0013823219372626
1347.3452374315166,1.0001094,1.0021650638406698
1347.3466262957522,1.0000005,0.9996994413290267
1347.3480151599872,1.0000575,1.0028069478173207
1347.3494040242213,0.99997723,1.0004708584927642
1347.350792888457,1.0000159,1.0030850036237027
1347.3521817526926,1.0002196,1.0003849022958549
1347.3535706168686,1.0001689,1.0012567357450797
1347.3549594811034,1.0000598,1.0011575434781976
1347.356348345339,1.0000552,1.002461818076512
1347.3605149379855,0.99988073,0.9856955752424692
1347.361903802221,0.99961644,0.986937443369782
1347.3632926663981,0.99981767,0.9966435133572527
1347.3646815306324,0.99972314,0.9952705350520993
1347.3660703948674,0.99988586,0.9970880612549236
1347.3674592590446,0.9994538,0.9997971437465084
1347.3688481232798,0.9997241,1.0005375829389096
1347.3702369874563,0.9998156,0.9982625054624834
1347.371625851691,0.9999083,1.0024780237346025
1347.373014715926,0.99989146,0.9974292468534094
1347.3744035801033,0.9998094,1.0002449875466348
1347.3757924443385,0.9997973,1.0029975460548524
1347.3771813085143,0.99963826,0.99851139083399
1347.3785701727497,0.9999206,1.0001520387691707
1347.3869033579858,0.9997358,1.0040742046335993
1347.393847678928,0.99953085,1.0022985104200042
1347.3952365431633,1.0000837,1.0029711289924006
1347.3966254073398,0.99997807,0.9988432237372293
1347.3980142715172,0.99976534,1.00374618217444
1347.399403135752,0.9998086,1.0002420477835274
1347.400791999928,0.99986523,1.0013741165362353
1347.4021808641055,0.99968654,0.9992369886673249
1347.4035697282827,0.9998717,1.004718772330602
1347.4049585925177,0.999893,0.9981609762765621
1347.4063474566942,0.9997031,1.0020790255539043
1347.407736320871,1.0001063,0.999461419798738
1347.4091251850482,0.9995481,1.0005870942295156
1347.4105140492252,0.9997035,0.9978700897939284
1347.4119029134592,1.0000211,1.0029530693951059
1347.4132917776365,1.0001636,1.002726782717885
1347.414680641814,0.9994443,1.0002648694130072
1347.41606950599,1.0000565,1.003427341784561
1347.4174583701665,0.9999336,0.9957676880514238
1347.418847234344,0.9996044,1.0025793550274664
1347.4202360985205,0.99974304,0.9996834254389719
1347.4216249626975,1.000035,0.996665895766003
1347.423013826874,1.0000756,1.0050756087903272
1347.4244026910505,1.0002025,0.9976394660853126
1347.425791555228,0.99970055,1.0006186677976279
1347.4271804194047,0.9998183,1.003349226845965
1347.4285692835815,0.9997833,0.9976430460289628
1347.4299581477587,0.99952173,1.0030009539044256
1347.4313470119355,0.9992337,0.9970296624017473
1347.432735876112,0.99951506,0.9945680148336178
1347.4341247402888,0.9998129,1.00150997775727
1347.4355136044655,0.9991006,0.9902699785429715
1347.436902468643,0.9993195,1.0039754138050123
1347.4382913328195,1.0000265,1.0040148968432345
1347.4396801969956,0.9999639,0.997666113941184
1347.4410690611146,1.0001991,1.001929358522126
1347.4424579252918,0.9998023,0.9947713571895586
1347.443846789468,0.99979156,1.0014139438100405
1347.4452356536447,0.9998441,1.0004968594654078
1347.4466245178219,0.9998528,0.9992764217958593
1347.4480133819407,0.9996544,1.0014154746727943
1347.4494022461172,0.99908435,0.9966790044545514
1347.4507911102937,0.9995179,0.9999838576163774
1347.4535688385904,0.9997297,0.9998784333891332
1347.4549577027665,0.9995016,0.9957222992401233
1347.456346566943,0.999269,1.0000176582241183
1347.4577354310622,0.99953556,0.9984160518527296
1347.4605131594155,0.998988,0.9931080000160429
1347.4632908877106,0.9995549,0.9884291096000883
1347.4688463443017,0.9997834,0.9900862364683146
1347.4730129367736,0.99956673,1.0007601330099383
1347.4744018008928,0.9997101,0.9902349909700697
1347.47579066507,0.9994878,0.9942244297133529
1347.4771795291886,0.99977577,1.0032718615627334
1347.4785683933646,0.9996964,1.0021997053889715
1347.4813461216027,0.9997914,0.9990357073087284
1347.4855127140745,0.9996902,0.9986874206762103
1347.486901578193,0.9995974,1.0003266451770367
1347.488290442312,0.99980193,0.998459287592053
1347.489679306489,0.99950266,0.9980641830658329
1347.493845898845,0.9989234,0.9991000284000529
1347.4966236271393,0.9994256,1.003949425759835
1347.4980124912586,0.9993901,0.9917941901763871
1347.499401355377,0.9989811,0.9949661801604579
1347.5035679477915,0.9992481,0.9982740606641523
1347.5105122684427,0.9990711,0.9926377717289988
1347.514678860798,0.9990612,0.9957502308799047
1347.5160677249173,0.9989888,0.9955488158755651
1347.5174565890356,0.9997467,1.002542967090442
1347.5188454531535,0.99967647,0.9993438776934838
1347.5202343172728,0.99921423,0.9989285876181464
1347.5216231813918,0.99962324,1.00182167168257
1347.5230120455094,0.9998225,0.999690521447871
1347.524400909628,0.9995798,1.000200826930061
1347.525789773747,0.99989843,0.9985656245492491
1347.5271786378662,0.999724,1.0025449345540745
1347.5285675019265,0.9996698,0.997625064661481
1347.5299563660442,0.9994132,1.0041735999592685
1347.5313452301634,0.9996079,0.9967817822522547
1347.5327340942827,0.9997988,1.0027173273943073
1347.5341229584005,0.9998473,0.9975921105266071
1347.5355118225189,0.9992163,0.9996406468424408
1347.536900686638,1.0002681,0.9973204062282626
1347.5382895506982,0.9996104,0.9999312747020005
1347.5396784148168,0.999583,0.9990949578111316
1347.5410672789353,0.9997505,0.9976555583938399
1347.5424561430536,0.9995617,0.9974801584170588
1347.5438450071147,1.00009,1.0030850595850538
1347.545233871233,0.9995445,0.9975869243796813
1347.5466227353509,0.9995856,1.0013777582130972
1347.54801159947,0.9998166,0.9969933426937789
1347.5494004635311,0.9997817,1.0002336076808247
1347.5646779686026,0.99967647,1.0015816063817229
1347.566066832663,0.9997107,0.999835389369502
1347.567455696782,0.9996799,0.9986600355122487
1347.5688445608425,0.9996738,0.9995811884148992
1347.570233424902,0.99988306,1.0024098162338357
1347.571622289021,1.0000017,1.0029845013214598
1347.573011153082,0.9999038,0.99132275594873
1347.5744000172006,0.9996743,0.9980524196999501
1347.575788881261,0.99997526,1.008548959254175
1347.577177745321,0.9996718,0.9965544032309746
1347.5785666094403,0.99954796,0.9949689972455713
1347.5799554735004,0.99975914,0.9970733577866272
1347.58134433756,0.99972725,0.9972534626241878
1347.5827332016793,1.0003681,1.0018276300860094
1347.5841220657403,0.99963886,0.9969207249832956
1347.5855109297997,0.99964815,1.002549247483658
1347.5882886579793,0.99935174,0.9945986407625979
1347.5896775220394,0.9993698,0.992508162781844
1347.592455250218,0.9997827,0.9963837025077181
1347.5952329783395,1.000375,1.0010101848140915
1347.5966218423996,0.9999013,0.997182820623214
1347.5980107064597,0.99941105,1.0019447758362536
1347.5993995705207,0.9994157,0.9998160388840679
1347.600788434581,0.9992703,1.0017328706070765
1347.6021772986996,0.99972636,0.9956200165901238
1347.6035661627598,0.99912214,0.9983747766791746
1347.606343890881,0.99940205,0.9899731182834898
1347.6077327549413,0.999715,0.9991446540489872
1347.6091216190007,0.9993625,1.0007616232562215
1347.6105104830617,0.9999987,0.9962659440643171
1347.6118993471227,1.0001723,1.000302712773531
1347.6132882111824,0.9997244,0.9985570980159522
1347.6146770752425,1.0000174,1.001337950903735
1347.6160659393036,1.0001367,1.001318488316186
1347.6174548033637,0.9999172,0.9987883595096786
1347.6188436673658,1.0000192,0.9996411286624645
1347.6202325314262,1.0001057,0.9981952302962593
1347.6216213954872,0.99985445,1.0027666570882328
1347.623010259548,0.99986,0.9976997501620779
1347.6243991236074,0.99994045,1.0005259996560731
1347.625787987668,0.9999701,0.9980885044022939
1347.6271768517288,0.99928457,1.0007751570565784
1347.628565715731,1.0000827,1.000939434358266
1347.629954579791,0.99988544,0.999336426398745
1347.6313434438512,0.9993051,1.0008814494378415
1347.6327323079117,0.99910843,1.0011094054849135
1347.6341211719143,0.9995999,1.000926248663357
1347.6355100359747,1.0001142,1.002720301052262
1347.6368989000343,0.9998085,1.0010207462319771
1347.6382877640951,0.9995509,1.0002544001501645
1347.6396766280977,0.99946755,0.9957779801477339
1347.6410654921574,0.99971205,1.002149585121684
1347.6424543562175,0.9994978,0.9983479894452094
1347.6438432202203,0.9994843,1.0002531199676634
1347.6452320842814,0.99933845,1.0025531768870006
1347.6466209483424,0.99966764,1.0008397774193163
1347.6480098123438,0.9998922,1.0004989045612092
1347.649398676404,1.000271,1.0005456919197908
1347.6507875404068,0.99997455,1.0001040886266954
1347.652176404467,0.9998289,0.9983501184972751
1347.653565268469,0.99964154,0.9956192830044119
1347.6549541325294,0.99992746,1.0067360793261197
1347.6563429965313,0.99942154,0.9989451355949036
1347.6577318605923,1.0000306,0.9992653013678433
1347.6591207245942,0.99959254,1.0002417351417232
1347.660509588654,0.9997586,1.002975932066057
1347.6618984526567,0.9998256,0.9967879548609815
1347.6632873167177,1.0001434,1.000433525662799
1347.664676180719,0.9997498,0.9993950239334869
1347.666065044721,0.9998988,0.9983181827369413
1347.6674539087821,0.99993086,1.0042469714276612
1347.6688427727847,0.9994221,0.9836040669587787
1347.6702316367869,0.9992904,1.0014131879868813
1347.6716205008463,0.9991501,0.9903900095266265
1347.673009364849,0.99956423,1.0010449061110318
1347.6743982288517,0.99981934,0.9999719500464375
1347.6757870929114,1.0000722,1.0002354516959087
1347.6771759569133,0.99947643,0.9960118805063616
1347.678564820916,0.9994037,1.0003995779680879
1347.6799536849182,0.9994255,1.0020019072392752
1347.6813425489786,0.99956113,0.9917508006101187
1347.6827314129805,0.99960905,0.9923838448994262
1347.6841202769826,0.999863,1.0028315321062864
1347.6855091409852,0.9996775,1.0016871308546547
1347.6868980049874,0.9996445,0.995121561620807
1347.6882868690468,0.9994704,0.9961324508744328
1347.6896757330496,0.99966586,0.9987373479307231
1347.6910645970524,0.9995666,0.992981286062293
1347.6924534610544,0.9994607,1.0011103219431763
1347.6938423250567,0.9998278,0.9958514684286128
1347.6952311890586,0.9997963,1.0020589737912482
1347.6966200530615,0.9996354,0.9998092401288898
1347.6980089170634,0.9992486,0.9964883276047384
1347.6993977810648,0.9997131,1.0007951261224242
1347.7007866450676,0.9993978,0.9987434123349523
1347.7035643730715,0.9993095,0.9941032563890637
1347.7049532370738,0.9996683,0.996187905316386
1347.7063421010764,0.99965304,1.000707719462147
1347.7077309650786,0.99965024,1.0004197907379
1347.7091198290805,0.99985653,0.9965439210469736
1347.7105086930826,0.9993498,1.00374571488709
1347.7118975570847,0.99966913,0.999724407989752
1347.7132864210873,0.9996384,0.9992945181625195
1347.7146752850317,0.99976224,0.9991119208020679
1347.716064149034,0.9996216,0.9998863390791706
1347.717453013036,0.9997558,1.001524594344022
1347.718841877038,0.9996887,0.9997736177186318
1347.7202307410407,0.999415,0.9988398207483058
1347.7216196049847,0.9997355,1.0021325983775038
1347.7230084689859,0.9994706,0.9998501660469443
1347.7243973329887,0.9998528,0.9984552313938053
1347.7257861969915,0.99961853,0.9985994260196073
1347.7271750609348,0.99910676,0.9975509406244902
1347.7563412044565,0.9988729,1.0065562362810399
1347.757730068401,0.9995045,0.9955667195208161
1347.7688409800699,0.9997942,0.995016984081292
1347.7702298440718,0.9998056,0.9936113159989216
1347.7716187080155,0.99984187,1.0003300203172274
1347.7730075719596,1.0001944,0.9965098239016841
1347.7743964359033,0.9993578,0.9995971582949664
1347.775785299848,0.9997706,0.9960552720031004
1347.7771741638498,0.9994063,1.0007351551991852
1347.778563027793,0.99960256,0.9998378218197774
1347.7799518917377,0.9992976,0.998084406647364
1347.781340755682,0.99991685,0.9999375991326459
1347.7827296196251,0.9995422,0.9999051361664011
1347.7841184835693,0.99997056,1.0013449434804946
1347.7855073475137,0.9996382,0.9932183637149743
1347.786896211458,0.99969625,1.0024381944646878
1347.7882850754027,0.9993657,0.9984185238069663
1347.789673939346,0.99973774,0.9999057886634427
1347.7910628032896,0.99959403,0.9981712491125994
1347.7924516672342,0.99878734,0.9977087682068538
1347.8091180345036,0.99935114,0.998330407416248
1347.811895762333,0.9993397,0.997896097985927
1347.813284626277,0.99969673,0.9981588974275286
1347.8146734902216,0.9997757,0.9993941336429395
1347.8160623541078,0.99963886,1.0037776854010139
1347.8174512180508,0.9996021,0.9990400054365146
1347.818840081995,0.9994159,1.0011369705595068
1347.8202289458811,0.9999017,0.9984262102450161
1347.821617809825,0.9998523,1.0009611276831676
1347.8230066737688,0.99964917,0.9972980490330393
1347.8243955376543,0.9999684,0.9989741241437906
1347.8257844015984,1.0001601,0.9975306574305497
1347.8271732655428,0.99923587,0.9972659661520512
1347.8285621294285,0.99966276,1.0006106885473278
1347.8299509933718,0.9995982,1.0016795309808573
1347.831339857258,0.9996903,0.9978066572435491
1347.8327287212023,0.9993948,1.0004410795341967
1347.8341175850874,0.99938226,0.9980757173147303
1347.835506449031,0.99977106,0.9936156961025138
1347.8368953129175,0.99915904,0.9989117422722651
1347.838284176862,0.99925435,1.0016460751887006
1347.8396730407476,0.9996111,0.9968360742348297
1347.8410619046908,0.9999998,0.9987665312438461
1347.8424507685772,0.9994993,0.9990532771089231
1347.8438396324636,0.9995537,1.000407417494575
1347.8452284964067,0.99965006,0.9987270588646342
1347.8466173602924,0.99927336,0.9989035091969672
1347.8480062241788,0.999088,0.997227985600477
1347.8493950881225,0.9993212,0.9979202529357597
1347.850783952009,0.99959,0.9987646893319926
1347.8521728158944,0.9994773,1.0026033673167323
1347.8535616798376,0.9994703,0.999100951925314
1347.854950543724,0.9996997,0.9988852940379597
1347.8563394076104,0.9995812,0.9980032950271
1347.8577282714953,0.999463,0.9990929413161879
1347.8591171354392,0.99964404,1.0059153538921928
1347.8605059993254,0.999279,0.9947327156815862
1347.8618948632115,0.9996889,1.002418918983312
1347.8632837270975,0.9998302,0.9987806716438044
1347.8646725909823,0.9996525,1.0010126405259838
1347.8660614549267,0.99978405,1.0015525173327826
1347.867450318813,0.9999177,1.0028177601093455
1347.8688391826981,0.9996588,0.9982513575211525
1347.8702280465836,0.9999401,0.9989825620436934
1347.87161691047,0.99944264,0.9998306349080369
1347.8743946382415,0.9996581,1.0041385666430684
1347.875783502127,0.9992968,0.9971234977609733
1347.8771723660125,0.9994003,1.0009613555832468
1347.8785612298989,0.9996556,0.9970693165162048
1347.8799500937846,0.9997005,1.0021410833128397
1347.8813389576694,0.9993136,1.0027822502259822
1347.8827278215558,0.99991643,0.9973284494585312
1347.8841166854422,0.9995159,1.0001195662349953
1347.8855055493277,0.99985397,0.99948069500438
1347.8868944132134,0.9993553,0.9965611209055733
1347.8882832770992,1.0001054,1.0046002848012712
1347.8896721409856,0.9999254,0.9941534559991904
1347.8910610048129,0.99973905,1.0043826621503968
1347.892449868698,0.999656,0.9991492384629248
1347.8938387325843,0.99968415,0.9948908657467849
1347.8952275964705,0.9998697,1.0003866853783538
1347.8966164603553,0.99989545,1.0013967205165664
1347.898005324183,0.9986959,0.9896525881728169
1347.8993941880692,0.99886584,0.9906276323721313
1347.900783051955,0.9992176,1.0022464124441193
1347.9021719158404,0.9986718,0.9962744537593409
1347.9035607796677,0.9989512,0.9918705293034645
1347.9049496435537,0.99923,1.0004706706094055
1347.9063385074398,0.9996107,0.9987433453238438
1347.9077273712674,0.99958396,1.001172268255318
1347.9091162351529,0.9998424,0.9964799064824494
1347.9105050990393,0.9999083,1.0020158526629486
1347.9118939628665,0.9998685,0.9840238935564489
1347.913282826753,0.9998764,1.0021155597476905
1347.9146716906387,0.9995649,0.9992421980056055
1347.9160605544653,0.9995146,0.9975947013498845
1347.9174494183517,0.9997585,1.001365295583682
1347.9188382821799,0.9996146,0.9944812922387173
1347.920227146065,0.99870634,1.0017985472800344
1347.9271714653191,0.99944097,0.9988773550861972
1347.9285603292046,0.99936986,0.9936949403333282
1347.9299491930328,0.9992813,0.9993695317358368
1347.93133805686,0.9993014,0.9984918809620894
1347.9327269207458,0.9997544,0.9972484927129834
1347.9341157845738,0.9989189,0.9906246581038982
1347.9355046484015,0.99914926,0.9785443298771511
1347.936893512287,0.99978787,0.992960267306547
1347.9382823761143,0.99906725,0.9996891555380844
1347.939671239942,0.9998359,0.9950116572884357
1347.9410601038282,0.9988826,0.9894100126888057
1347.9424489676558,0.9994433,1.0007628071841632
1347.9438378314824,0.99962604,0.9882916709820979
1347.9452266953103,0.9998162,1.002891445497225
1347.9466155591967,0.99956155,0.9990194081486573
1347.9480044230236,0.9999222,0.9995424972187331
1347.9493932868509,0.9991355,1.0035535426214015
1347.950782150679,0.99988675,1.0040516811973146
1347.9521710145066,0.9996775,0.9968646291820702
1347.9535598783923,0.99998134,0.9970395310780145
1347.9549487422196,0.9997967,0.9962468934428914
1347.9563376060478,0.9995032,1.0046854081271932
1347.957726469876,0.9996899,1.001038654388204
1347.9591153337026,0.9992525,0.9944175196378877
1347.96050419753,0.99979055,1.000565838805525
1347.9618930613583,0.9989151,0.9930917259586497
1347.9632819251856,0.9990852,1.0002069818087285
1347.9646707890129,0.99951833,0.9971398971419397
1347.967448516668,0.99914056,0.9995603308546
1347.9702262443234,0.99937356,0.9993996343179422
1347.9716151081502,0.99909186,0.9933575378975021
1347.9730039719784,1.0001513,1.001803979992426
1347.9743928358064,0.9998654,0.9948852159478976
1347.975781699634,0.9997283,0.9945642871385216
1347.977170563403,0.9997799,0.9950196096104248
1347.9785594272305,0.999118,0.9956585944354343
1347.9799482910585,0.9998647,0.9972276944335263
1347.9813371548867,0.9992779,0.9920221879468809
1347.9827260187135,0.99947846,0.9952220994436304
1347.9841148824826,0.9995567,0.9976985153301774
1347.9855037463108,0.99926275,0.9947995490677487
1347.986892610138,0.9992178,0.9934346752644031
1347.9882814739658,0.99977094,1.0012430812606419
1347.9896703377349,0.9988489,0.997635107660001
1347.9910592015622,1.0001945,1.0029184603857197
1347.9924480653904,0.99955887,0.9992726518380657
1347.9938369292179,0.9994974,0.9986742712957521
1347.9952257929863,0.999036,0.9992820285297195
1347.9966146568145,0.99949217,0.9953669771057784
1347.9980035205845,0.99974716,1.0046794764023588
1347.9993923844113,0.99951106,0.9978798286524445
1348.0007812482386,0.9994428,0.9984275062378407
1348.0021701120086,0.99934644,0.9998961559395979
1348.0035589758368,0.99955386,1.000391977885537
1348.0882796659428,0.9999122,1.0004207373020655
1348.091057393423,0.9994845,0.9964068982558411
1348.1105014857285,0.99894315,0.9968688943545929
1348.1118903494403,0.9987127,0.9946883198880212
1348.113279213209,0.99928916,1.0058230976914917
1348.1146680769198,0.99993306,0.9975846402711231
1348.1160569406316,0.9993394,0.9999735837699592
1348.1174458043424,0.9988604,0.9973939914393595
1348.1188346680535,0.99931335,0.9982997566178067
1348.1202235318228,0.9997596,0.9989990387730726
1348.1216123955337,0.9996453,1.0029998011867698
1348.1230012592455,0.99979717,0.9981826378800442
1348.1243901229564,0.9995575,1.0018288120341419
1348.1257789866675,0.999872,0.9983288408399876
1348.127167850379,0.99951434,1.0014552723414183
1348.1285567140903,0.99959403,1.0006232708268674
1348.1299455778012,1.0000837,0.9972480854761825
1348.1313344415703,1.0000876,1.002581763182725
1348.1327233052814,0.9997608,0.9953473719540866
1348.134112168993,0.9994903,1.0002426954647106
1348.1355010327043,0.9996075,0.9955520212479441
1348.1396676238378,0.99918944,1.0014435074479489
1348.14105648749,0.9991483,0.9964098518670184
1348.1424453512009,0.999364,0.9934101984522018
1348.1438342149127,0.99937487,0.9931020941301583
1348.1466119423353,0.99809813,0.9943225963973777
1348.1577228519086,0.9986886,0.9985271479289517
1348.1591117156195,0.99947876,0.9993548211505404
1348.16050057933,0.99888307,0.9965753245735572
1348.1618894430417,0.99956983,1.0001466989305476
1348.163278306695,0.99950355,0.9965044879887026
1348.1646671704052,0.99977404,0.9986454785024509
1348.1660560341165,0.9993149,0.9995570343483808
1348.1674448977699,0.99929845,0.9946971281008656
1348.177166943573,0.99930423,0.9956265552954447
1348.1785558072847,0.9994029,1.0022538642112924
1348.1799446709374,0.9995196,0.9944814564639568
1348.1813335346487,0.9992082,1.0016435189538764
1348.1827223983014,0.999789,1.0005303009293331
1348.184111261954,0.99943703,0.9970256266517251
1348.1855001256658,0.9997949,1.0014506014073912
1348.1868889893187,0.99957705,0.9962563343562322
1348.188277853029,0.999577,0.9971052737208984
1348.1896667166825,0.999728,1.0001975238114564
1348.191055580336,0.99989325,0.9927361065173805
1348.1924444440465,0.9992039,0.9958133269497892
1348.1966110350063,0.99907297,1.0020383826605628
1348.1979998987179,0.9987235,0.9961610309589614
1348.2007776260227,0.9995908,0.998616552872849
1348.202166489676,0.99974555,1.0000328231182225
1348.2035553533874,0.999638,0.9941619028673443
1348.20494421704,0.9989764,0.9967795484660654
1348.2063330806927,0.9994646,0.9987830280769069
1348.2077219443458,0.99924624,0.9994598291643135
1348.2091108079992,0.99981433,1.0009729989523501
1348.210499671652,0.99978155,0.9987186807953725
1348.211888535304,0.99900496,1.0028583366695638
1348.2132773990156,0.9987604,0.9958706543014816
1348.22855489914,0.99960405,1.005204886543648
1348.2313326264461,0.9991384,1.0029535764691095
1348.234110353752,0.9989843,0.9969400406265598
1348.2396658083048,0.99913484,0.9951960868476689
1348.2535544446027,0.9986507,0.9911183912212959
1348.267443080841,0.99941146,0.9978883164373623
1348.2716096717422,0.99964297,0.9972838209478924
1348.2729985353367,0.99959534,1.0004653378452908
1348.3174421704853,0.998585,0.9999058137072572
1348.3216087612689,0.99961793,1.0057206545740534
1348.3229976248058,0.9996196,0.9970774905462132
1348.3243864884007,0.9996151,0.9960984676845591
1348.3285530791268,0.99971396,0.9974907585788805
1348.3299419427208,0.998849,0.9960440248041611
1348.3327196698524,0.99885833,0.9997653645660969
1348.334108533447,0.9991651,0.9915612427676027
1348.3354973969836,0.99905246,0.9999207663838918
1348.336886260578,0.99901825,0.9942862661455037
1348.3382751241152,0.9997835,1.0004858854394132
1348.3396639877105,0.99984646,0.9993419720347022
1348.3452194419724,0.999268,0.9999437127324823
1348.3591080775705,0.99930054,1.002994694992793
1348.3632746682392,0.99996585,1.0002337474394423
1348.364663531775,0.99945074,0.9876755409868381
1348.3660523953113,0.99948263,0.9939741553914773
1348.3702189859796,0.9986285,0.9902423527702274
1348.3716078495158,0.9994642,1.0023174794267975
1348.372996713052,0.99962604,0.9980406947040905
1348.3743855765892,0.99998677,0.9958802731804572
1348.3757744401257,0.9993642,1.0002697730071881
1348.3771633036613,0.99933356,0.9948318418576123
1348.3785521671984,0.9991458,0.9995389602955621
1348.3841076213448,0.9992682,1.0003135860912307
1348.385496484882,0.9987055,0.9939265340258611
1348.3868853484182,0.9992828,0.994308586973276
1348.388274211954,0.9993876,1.001735072368675
1348.3896630754912,0.9992593,0.9981016246447761
1348.391051939028,0.9991076,1.000153190447306
1348.3924408025637,0.99991053,1.000362259257742
1348.3938296661001,0.9994144,0.9989792867032661
1348.395218529637,0.99981064,1.0022354481306934
1348.3966073931156,1.0000057,0.9992801962616433
1348.3979962566525,0.9992705,1.0003050149331851
1348.399385120189,0.9995945,1.0005511291813871
1348.4007739837248,0.9994943,1.0008388533857504
1348.4021628472617,0.99964887,0.9969177322822954
1348.4035517107404,0.99987704,0.9981437435283261
1348.4049405742762,0.99986005,1.0008850021991862
1348.4063294378125,0.99938834,0.999194333630914
1348.4077183012914,0.9996725,1.0012547122862323
1348.4091071648286,0.99946135,0.9964088305795789
1348.4118848918424,0.9991041,1.000520914335054
1348.4146626189167,0.99912363,1.0038580796568393
1348.416051482394,0.999413,0.9943526939909852
1348.4174403459306,0.9988675,0.9996148200491204
1348.4188292094095,0.9994366,0.994613053146417
1348.4202180729458,0.9994542,0.9988711208020743
1348.4216069364238,0.9996151,0.9990836965109309
1348.4229957999605,0.9996388,1.0001516764443696
1348.4243846634386,0.99907196,1.0002983336696905
1348.4257735269757,0.9997106,0.9996558657776555
1348.4313289810057,0.9982896,0.9992329978767495
1348.432717844483,0.9990492,0.9915544492437802
1348.4785503394432,0.9981971,0.9987103112354188
1348.4799392029208,0.9987044,0.9930580362982175
1348.48271692982,0.99853396,0.9986852650757101
1348.4841057932986,0.9987206,0.9988532470287701
1348.4868835202547,0.99885833,0.9933938732233216
1348.4882723836754,0.99888825,0.9970194843625925
1348.491050110632,0.99881804,1.0005281414272833
1348.4938278375307,0.9989056,0.9934854361488761
1348.4952167009506,0.99939287,0.9973655761414488
1348.4966055644288,0.9993846,0.9986167580443669
1348.497994427907,0.9990151,0.999229389707446
1348.499383291327,0.9995808,0.9964662491952105
1348.5007721548059,0.99920124,0.9943249480425385
1348.5021610182257,0.99969923,0.9970305666393245
1348.5035498817033,0.99955213,0.9987271623378605
1348.504938745124,1.0000445,1.0001930402866683
1348.506327608603,0.9995826,0.9933836237830316
1348.5077164720228,0.9993348,0.9979616769480409
1348.5091053355009,0.9998662,1.0041033117370761
1348.5104941989212,0.99948406,0.9945706579231834
1348.5118830623417,0.9993739,0.9996274518447019
1348.51327192582,0.99910593,0.9995610790534001
1348.514660789239,0.9991444,0.99606734942546
1348.5160496526596,0.999225,0.999278663252446
1348.5174385161386,0.9992817,0.9959040186221216
1348.518827379558,0.99876046,0.9991974292714964
1348.5202162429778,0.99926525,0.9958771136505875
1348.5216051064567,0.99958223,0.9968195419253812
1348.5229939698768,0.999228,0.9994278628442743
1348.5243828332968,0.99967766,0.999124555363153
1348.5257716967167,0.99922097,0.9798099828459702
1348.5271605601365,0.9987648,1.0005403127556207
1348.5493823749173,0.9990543,1.0012558894659467
1348.552160101758,0.99925786,1.0023259405547713
1348.553548965178,0.99930215,0.9997923056923816
1348.5549378285978,0.99949837,0.9959906089505919
1348.5563266920185,0.999279,1.0009102259264273
1348.5591044188004,0.99898565,0.9993631128359961
1348.56188214564,0.9988009,1.0009215779945349
1348.5632710090026,0.9997984,0.9966178466602179
1348.5660487358418,0.99944985,0.990512306225565
1348.5674375992626,0.9993943,1.0005971446832242
1348.568826462625,0.99857706,0.9896246950131878
1348.5702153260445,0.99910706,1.0022884268618593
1348.5716041894061,0.9993356,0.9929159009245716
1348.5743819162467,0.998533,0.9974003827483088
1348.5757707796092,0.9990077,0.9879601935931347
1348.577159643029,0.9994756,0.9944044201765978
1348.5785485063911,0.99973637,0.9901268728010914
1348.5799373698117,0.99947244,1.0057105570295073
1348.6021591839512,0.9985753,0.9882367510084626
1348.6077146374573,0.99919844,0.9935913428506832
1348.6104923641806,0.998894,1.0051355827336717
1348.6118812275427,0.99954367,0.9829055319875313
1348.6132700909043,0.9996337,1.0007591966523863
1348.6146589542668,0.9993244,0.9969584539360347
1348.6160478176284,0.99904394,1.001383636760345
1348.6174366809896,0.9993425,0.999519866117027
1348.6202144077147,0.9998508,1.002383592758785
1348.6216032710763,0.9987672,0.9889905964299253
1348.6243809977998,0.99906594,0.9951289748055733
1348.6271587245246,0.9989791,0.9996754655318117
1348.6285475878858,0.99941295,0.9924436346415738
1348.6299364512474,0.9995959,0.9957625169828274
1348.63132531461,0.99900585,0.9918924884429023
1348.6327141779718,0.99967253,0.9862543279461427
1348.643825084751,0.99903005,0.9881655388203486
1348.73132347335,0.99937046,1.0053396483241641
1348.7327123365953,0.99929345,0.991761959345879
1348.7341011998994,0.99870723,0.9820105120324651
1348.7368789264483,0.9985474,0.988724019733435
1348.7563230121764,0.99929726,0.9893421386244408
1348.8007666358585,0.99941146,0.9906958770397535
1348.807710951969,0.9990888,0.9904536753648965
1348.8090998152152,0.9995547,0.9964082015910809
1348.8104886784022,0.99941635,0.9910616248641235
1348.8285439001288,0.9983957,0.9922856509635151
1348.8299327633736,0.9988425,0.9837670032046838
1348.8327104897485,0.9991248,1.0034679733132499
1348.835488216123,0.998446,0.9864783492431967
1348.83687707931,0.99907297,1.0011402084781298
1348.8382659425552,0.9987813,0.9947173287208608
1348.839654805743,0.998837,0.9862834826242006
1348.8410436689303,0.9994517,0.9996128022246596
1348.8424325321175,0.99916816,0.9871894078352065
1348.860487753494,0.99803066,0.9857168227286937
1348.8632654798691,0.99945694,0.9999864948829711
1348.8646543430564,0.9996049,0.9931770763430445
1348.8660432062434,0.99900144,0.9989136074375041
1348.867432069373,0.99880266,0.9932702457461259
1348.9021536483565,0.9987837,0.9997346783313624
1348.9202088691513,0.99821556,0.9799186801536145
1348.9229865954092,0.99870914,0.9919849742807292
1348.9243754585382,0.9988623,0.9909615796228733
1348.9271531847967,0.9986914,0.994630946000516
1348.9285420478668,0.9989738,0.9974466173193459
1348.9299309109965,0.9991387,0.9980585966099897
1348.931319774126,0.9989823,0.9941418787266009
1348.932708637254,0.9994281,0.9935053027467297
1348.9340975003834,0.99964005,0.9994834416056535
1348.9354863635128,0.99962866,1.0050766593986542
1348.9368752266423,0.99958134,0.9971547041986472
1348.9382640897138,0.9994403,0.9918566087199512
1348.9396529528422,0.9995154,1.0008885672954875
1348.941041815971,0.9996219,0.9982587654906875
1348.9438195421712,0.9994045,1.0048023871493195
1348.9452084053005,0.99863267,0.9986960494551623
1348.9479861314999,0.99948955,1.0026746630248027
1348.9493749946296,0.99875516,0.9997691832929645
1348.9507638577586,0.9984096,0.9985050041494677
1348.9590970363583,0.99929917,0.9922258893614856
1348.9646524887585,0.9986437,0.9942123768095812
1348.9660413518297,0.99898595,0.9909208369284008
1348.9674302148997,0.9989315,0.9924874791606465
1348.9688190780287,0.99934864,0.9869155596856901
1348.9702079411,0.99931014,0.991016345258647
1348.971596804171,0.99885064,0.9974956423250351
1348.9729856673005,0.9997121,0.9980506347340203
1348.9743745303713,0.99867135,0.9956506482966748
1348.9757633934414,0.99880314,1.0000986876211142
1348.984096571984,0.9988533,0.9929462195016421
1349.009096107202,0.9980753,0.9874681422097731
1349.0146515594265,0.99883896,0.9875545150289269
1349.0368733681535,0.9992628,0.9978641937866769
1349.0382622312236,0.999405,0.9953558222875587
1349.0493731354422,0.99829,1.0014340448556265
1349.0507619984542,0.99889463,0.9921157483544163
1349.0521508614672,0.9995211,1.0005452202098843
1349.0535397245385,0.9996121,0.9976979715963455
1349.0549285875504,0.99933803,1.0009269025776508
1349.056317450563,0.9990166,0.9908725805805106
1349.057706313576,0.9993293,0.9990106631184195
1349.0590951765894,0.99883467,0.9999169599874266
1349.060484039602,0.9991934,0.9977062923977
1349.0618729026137,0.99862623,1.0022779986253092
1349.063261765627,0.99882096,0.991755674882228
1349.0840947107595,0.9992275,0.9953918963677687
1349.0854835737714,0.99918586,0.9975831937566066
1349.0882612997393,0.99942565,0.9951708136732506
1349.0938167517313,0.9989303,0.9924879356976501
1349.0993722036656,0.99793565,0.9874279784981073
1349.10076106662,0.99923754,0.9997242051437151
1349.1021499296317,0.9996196,0.9950104919027994
1349.1035387925867,0.9993734,0.9975812022429585
1349.1049276556,0.9995407,1.0015097552079544
1349.1063165185542,0.9996179,0.9994218467013897
1349.107705381567,0.99952245,0.9976376093707009
1349.1104831075345,0.9994885,1.0044478985438905
1349.1118719704896,0.99940836,0.9939321762259948
1349.1146496964557,0.9994493,0.9967050119503194
1349.118816285319,0.9990624,0.9838501741893166
1349.134093777935,0.99943244,0.9988481215018614
1349.1354826408894,0.9992889,0.9961786190270517
1349.136871503843,0.99963933,1.0013875700136778
1349.138260366798,0.9993647,1.006281323126869
1349.139649229753,0.99910784,0.9935247812372865
1349.1993703356306,0.9988961,0.9914973268351543
1349.2021480614235,0.99930954,0.9950031807060742
1349.2035369243197,0.9992999,0.997048835929695
1349.2063146501118,0.9993787,0.9953868552857715
1349.2090923759047,0.9992487,0.9942365541325381
1349.2104812388009,0.9996781,0.992916880097272
1349.2118701016961,0.99914455,0.99453263733882
1349.213258964593,0.99930245,1.000391231405873
1349.2160366903859,0.99866474,0.9942643377893727
1349.2174255532823,0.99868757,0.9935672939997641
1349.2188144161782,0.99849266,0.994063092841085
1349.220203279016,0.9991342,0.9950794876922127
1349.2257587305437,0.999845,0.9994856145855697
1349.2285364563359,0.99918187,0.9961411584706165
1349.2299253191738,0.9995883,1.0039912690967667
1349.23131418207,0.99881536,0.9923795562942495
1349.2340919078047,0.9997772,0.9966398163301279
1349.2354807707002,0.9991423,0.9995107931652893
1349.2382584964355,0.9992626,1.003775944951076
1349.2410362221688,0.99951214,0.9949492882982245
1349.3063127756159,0.99917156,0.993658565573078
1349.3077016384545,0.99933684,0.9982829182206661
1349.309090501234,0.9994256,0.9960504426347796
1349.3104793640714,0.9988413,0.9971124905576139
1349.3118682268519,0.99980694,0.9980506549115115
1349.3174236780876,1.0000043,0.999344051793142
1349.3188125408678,0.9998438,1.0015608389853907
1349.3202014037065,0.9996961,1.0014191967809392
1349.3215902664856,0.9999182,1.0006115302760359
1349.3229791292651,0.99975985,1.0031625705098361
1349.3243679920456,0.9998481,0.9995792054817938
1349.3257568548834,0.99985784,1.0049206996068183
1349.3271457176634,0.9993687,1.000515484959306
1349.328534580443,0.9998038,1.0010861557374933
1349.3299234432225,1.0001785,1.0038567560653067
1349.3313123060611,0.99970794,1.0003032750394674
1349.332701168841,0.9996822,1.001293052831811
1349.3340900316198,0.999765,1.0019007843783092
1349.3354788944002,0.999954,1.003211374702574
1349.3368677571807,0.99979293,0.9999427654969363
1349.3382566199598,0.99983925,1.0012529596680209
1349.3396454827393,0.99999964,1.003268814575328
1349.3410343455198,0.9998558,1.0021300295572488
1349.3424232082994,0.99957937,1.0012899551414827
1349.3438120710798,1.0001879,1.0044760345980857
1349.3452009338594,0.99999213,1.0001474123859815
1349.3479786594196,1.0002254,0.9983631380235441
1349.3493675221994,0.9999977,1.0030795890288484
1349.350756384979,0.9997646,1.0031024317609734
1349.3521452477585,0.9998685,1.0010635010753846
1349.3535341105385,0.99997735,1.0019553085262722
1349.3549229732605,1.0000815,1.003496296026193
1349.3563118360403,0.99989426,1.0032543282792656
1349.3577006988194,0.999946,0.9997020365204103
1349.3590895615996,1.0000174,1.003111735880716
1349.3604784243798,0.99987,0.9990045120718554
1349.3618672871007,1.0000992,1.0061533066040782
1349.3632561498803,0.9998436,0.9994980093768903
1349.3646450126607,0.9997519,1.0044115142530894
1349.3660338753823,0.9995629,0.9978898450699079
1349.367422738162,0.9994367,1.0012148579974642
1349.3688116009416,0.9998978,1.006478468770243
1349.3702004636639,0.9997663,1.0020026170226335
1349.372978189165,0.99987787,1.0051322983737216
1349.3743670519448,0.9996979,1.0024254693543133
1349.375755914667,0.99980193,0.9988925961433992
1349.3771447774466,1.0000783,0.9999997500632326
1349.3785336401688,1.0000913,1.0030652946309484
1349.3799225029484,0.99974906,1.0021807949052273
1349.3813113656693,0.9998175,0.9990151681162064
1349.3827002284497,0.99967265,1.0019940404350396
1349.384089091172,1.000017,0.99779935664648
1349.3854779538926,0.99957484,1.0028928986439367
1349.3868668166724,1.0000095,1.000754277784742
1349.3882556793947,0.9999826,1.0002881339216785
1349.389644542116,0.9999231,1.0023525013401493
1349.3910334048956,0.9999882,1.002682556399195
1349.3924222676171,0.99947727,0.9986196503227176
1349.3938111303391,0.99962294,0.998969292589613
1349.3965888558405,0.99965644,0.9992534038176438
1349.3979777185618,0.9999136,1.0019000370620037
1349.399366581284,0.99994814,1.0024613727301108
1349.4007554440057,1.0000097,1.0030197885802128
1349.4021443067272,0.99991435,1.0003340956171392
1349.4035331694486,1.0000736,1.0015397820451017
1349.40492203217,0.9997704,1.0016484723986447
1349.4063108948922,0.9998847,1.0031946561430907
1349.4076997576726,0.9998881,1.001786195057279
1349.4090886203935,1.0001432,0.9997953937307908
1349.4104774831148,1.0001123,1.0045386455421308
1349.411866345837,0.9999503,0.9974828776854195
1349.4132552085002,1.0004333,1.0027744018798974
1349.414644071222,0.9997548,1.002525869300647
1349.4174217966656,1.0001725,1.007249095718267
1349.4188106593876,0.9994972,0.9976125064130207
1349.4201995221083,0.9997524,1.0029425233091311
1349.42158838483,0.99967325,0.9990730662844861
1349.4229772475521,1.0000395,1.0020435029745807
1349.4243661102155,0.9998922,1.0022876119154016
1349.4257549729368,0.99967146,0.9968635437502947
1349.4271438356584,0.99993294,1.0039574567386118
1349.42853269838,0.99976015,1.0012504967255473
1349.429921561044,1.0000566,0.996406813647532
1349.4313104237654,0.9998287,1.0043572799190958
1349.4326992864862,0.9993833,0.9964601646232043
1349.43408814915,0.99986476,1.0020635129008202
1349.435477011872,1.0000651,1.0047143332258157
1349.4368658745348,0.99996656,0.9978687357545538
1349.4382547372563,0.99982095,1.0005121482022603
1349.4396435999784,0.9998724,1.0007190999801228
1349.4410324626424,1.0001776,1.0047311029449917
1349.4424213253646,0.9996779,0.999093229116629
1349.4438101880273,0.99993014,1.0041601462026595
1349.4451990507487,1.0001522,0.998426988354267
1349.4465879134127,0.9996554,1.0005993757201856
1349.4479767760758,0.9997757,1.0034836337231419
1349.4493656387974,0.99983984,1.0018321405947983
1349.4507545014608,0.9999606,0.9998984945213684
1349.4521433641821,0.99991953,1.000298400811534
1349.4535322268462,1.000133,1.0050322716286386
1349.4549210895093,0.99982375,0.9998077125354554
1349.456309952172,0.9997384,1.0007709335791783
1349.4576988148942,0.99985266,0.9994193355986045
1349.4590876775583,1.0000533,1.003646018775237
1349.4604765402207,0.99990463,1.00360316387523
1349.461865402884,0.9997113,0.9997644683599841
1349.4660319909335,0.99991274,1.0002326335105531
1349.4674208535962,0.99986595,1.0033391324305423
1349.46880971626,1.0000408,1.0006328354279508
1349.4701985789238,0.99998444,1.0011026772487905
1349.4715874415872,1.0000452,1.0002223738851528
1349.4729763042506,1.0000162,1.0034945513522067
1349.4743651669137,1.0000962,1.0016441712862587
1349.475754029577,1.0001932,0.9994792155090171
1349.4771428922409,0.99982804,0.9994193825354167
1349.4785317549045,0.99993265,1.0050333745416349
1349.479920617567,1.0001333,0.9969515590926471
1349.4840872055574,1.000136,1.0033455078755307
1349.4854760682206,0.9999637,0.9985593940692512
1349.4868649308846,0.9998094,1.0021262514461973
1349.4896426561536,0.99988776,0.9984197699301213
1349.4910315188163,0.9995661,1.0056179719910068
1349.4924203814803,0.9996805,0.9932427769778404
1349.4938092440862,0.99967563,1.004817498918151
1349.4951981067486,0.9999425,1.000121585288616
1349.496586969412,0.99996686,1.0033937014496632
1349.4979758320178,0.9996586,1.001606073628486
1349.499364694681,0.9998963,0.9977896949181371
1349.500753557345,0.99970156,1.0025525981322294
1349.50214241995,0.9999791,1.0045158822439761
1349.5049201452184,0.99982846,1.003341795813376
1349.50908673315,1.0000684,1.0019527306659286
1349.5104755957557,1.0002787,1.002829205660496
1349.5118644584195,0.9994642,0.9969465866035077
1349.5132533210246,0.99997103,1.0048069759296232
1349.514642183687,0.99974716,1.0017916897336352
1349.516031046293,0.99976647,1.0024286439057362
1349.5174199088988,0.99995786,1.0031338394302367
1349.5188087715615,0.9998,0.9957332804467565
1349.5201976341664,0.9997749,0.9984667880574057
1349.5215864967722,0.99987715,1.0043404259569784
1349.5229753594353,1.0000031,1.0030218971017746
1349.5257530846457,0.9997762,0.9924092381224379
1349.5271419472506,0.9999342,1.0056159579572226
1349.5285308098564,1.000115,0.999979632753184
1349.5299196725205,0.99982244,0.9959248648378705
1349.531308535125,0.99975157,1.006490136318149
1349.5326973977299,0.99990976,0.9989432172919639
1349.5340862603357,0.9999208,0.9953541678061611
1349.5368639855465,0.9999761,1.0024493642735124
1349.538252848151,0.99969757,1.001093119132536
1349.5396417107568,1.0000349,0.9993031286486815
1349.5410305733624,0.99976206,1.0002444436701543
1349.5424194359666,0.9999677,0.9995510137283281
1349.5438082985718,0.9996069,0.9973473717125725
1349.5451971611774,0.9997952,1.0002676021113515
1349.5465860237828,0.99987847,1.0031936652411304
1349.5493637489926,0.9997265,0.9968336413666739
1349.5507526115398,0.9994232,1.005137870222738
1349.5521414741454,0.9996959,0.9965895445538245
1349.5535303367506,1.0001255,1.0019427593580124
1349.5549191993548,0.99984837,0.9993966400588321
1349.5563080619604,0.9999865,1.000261593861779
1349.5590857871139,0.999608,1.003652873475971
1349.5604746497188,0.99999404,0.9991978297541727
1349.561863512265,0.9999265,1.0030566171931423
1349.563252374871,0.99959886,0.995629535761371
1349.5646412374767,0.99981475,1.0054698073195973
1349.5660301000228,0.99978286,0.999869898411413
1349.5688078251756,0.9994555,0.9958305226630325
1349.5715855503272,1.0000584,0.9951008961592773
1349.5729744129326,0.99968183,1.005406583327945
1349.5743632754793,0.9998226,0.9989253833002972
1349.5757521380851,0.99997926,1.0042658129994517
1349.5771410006319,0.99990666,0.9977207055848214
1349.5785298632363,0.9999697,0.9951192657005129
1349.579918725784,0.99972636,1.0037482645547227
1349.5813075883314,0.9998768,1.0017928566860947
1349.5826964509365,0.9998588,0.9956067408039873
1349.5840853134832,0.9996096,1.0024336238986489
1349.5854741760302,1.0000515,1.0019658254717965
1349.5868630386358,1.0000714,1.0011866718461855
1349.5882519011834,0.99997073,0.9977883877329637
1349.5896407637297,0.9993697,1.0073113073777085
1349.5910296262764,0.9997476,0.999325021370519
1349.592418488824,0.99972266,1.0031384720313665
1349.5938073514292,1.0000552,1.0012686454114494
1349.5951962139761,1.0000061,1.0029725948045078
1349.5965850765228,0.9999803,1.0011565080749387
1349.5979739390696,0.9999952,1.0032157659327257
1349.5993628016172,0.99992007,1.0008475496623204
1349.6007516641641,0.9997638,1.0043543630407021
1349.6021405267102,0.9994935,1.0024836430174573
1349.6035293892578,0.99961674,1.0005954621609106
1349.6049182518054,0.9998396,1.0033471894325128
1349.6063071143521,0.99996924,1.0013679830493392
1349.6076959768993,0.9995974,0.9993800501501428
1349.609084839446,0.99984956,0.9992285058986634
1349.6104737019937,0.9996401,1.0029182133488703
1349.6118625645404,1.0000119,1.0025354264361315
1349.6132514270867,0.99952847,1.0016075306485226
1349.614640289576,0.99979824,1.0025264640984817
1349.6160291521235,1.0001713,1.0013662917056145
1349.6174180146704,0.99975944,1.0009961932135758
1349.6188068772171,0.9995052,1.0010690854736362
1349.6201957397059,0.999788,1.001011191672024
1349.6215846022528,0.999999,1.001245521979353
1349.6229734648005,0.99991286,1.002914535605695
1349.6243623273472,0.9997152,0.9983387470288286
1349.6257511898352,0.99982685,1.0026662170109302
1349.6271400523826,0.9997864,1.0025866290788916
1349.6285289148718,0.99967146,0.9996300899979074
1349.629917777419,0.99978787,0.999803732300119
1349.6313066399657,0.9999122,1.0007650195074935
1349.6326955024542,1.0000465,1.0020850038721885
1349.6340843650019,1.0000814,1.0032427084277846
1349.6354732274906,1.0001436,1.0004137428213404
1349.6368620900366,0.999736,1.0005239480415193
1349.638250952526,0.9997924,1.0041258268104696
1349.6396398150155,0.99985933,0.9962336561659975
1349.6410286775617,0.99960274,1.007185187853514
1349.6424175400502,0.99943763,0.9954556068956025
1349.6438064025979,0.9998928,0.994581071262431
1349.6451952650864,0.99979323,1.0036917441532343
1349.6465841275758,0.9995208,0.9968096732015586
1349.6479729901225,0.99957615,1.0030471038724063
1349.6493618526106,0.99959517,0.9989708166194632
1349.6507507151,0.9997973,1.0001507171852773
1349.6535284401355,0.9997239,1.0010872882211204
1349.6549173026242,1.0000468,1.0028843250237862
1349.6563061651136,0.99971396,0.9988939440592403
1349.6576950276028,0.9996514,0.9942528101947902
1349.6590838900916,1.0001246,1.0000202888753538
1349.6604727525796,0.9996805,1.0022807498592305
1349.6618616150688,0.9999642,1.0029757283683587
1349.663250477558,0.99998426,1.0006122768661516
1349.664639340046,0.99976,0.9984038770678215
1349.6660282025346,0.99997526,0.9980957418349737
1349.667417065024,0.99996185,1.00235033472056
1349.6688059275127,0.99958974,1.0027866953910554
1349.6701947900015,0.9999488,0.9985454042575805
1349.67158365249,0.9997673,1.0013338716965114
1349.6729725149787,0.99983305,1.0020241888521864
1349.674361377468,0.9995316,0.9966625787128158
1349.6757502399573,0.9996098,1.004416089383164
1349.6771391024454,0.99976265,1.0021049761168916
1349.678527964934,0.99994403,0.9956156257857489
1349.679916827365,1.000097,1.0049178782439596
1349.6910277271593,0.99974906,1.0031303659777735
1349.6924165895898,0.9999545,1.0022331782297347
1349.6938054520783,1.0000879,1.0035429699975826
1349.6951943145089,0.99999696,1.0017272351187727
1349.6965831769976,1.0001633,1.0030491844638538
1349.6979720394288,1.0001473,1.0027787531321524
1349.6993609019173,1.0001602,1.0031249923140746
1349.7007497643472,1.0000808,1.0036674530642369
1349.7021386268366,1.0001961,1.0014997327573485
1349.7035274892676,1.0000285,1.0039361500555266
1349.7049163517568,1.0000225,1.0031872792389245
1349.7063052141873,1.0000992,1.003397282135853
1349.707694076617,0.99990183,1.003007633090364
1349.7090829391063,0.999973,1.0023710658169438
1349.7104718015376,1.0001445,1.0030378277388083
1349.7118606639674,0.99998397,1.0016208351527682
1349.7132495263977,0.9999475,1.0042880113541586
1349.7146383888871,0.9997951,1.0027682878807678
1349.7160272513174,1.0000744,1.0004610614612737
1349.7174161137482,1.0003862,1.0025498594497733
1349.7188049761785,1.0000739,1.0036185126460577
1349.7201938386088,1.0000634,1.0001877490770426
1349.72158270104,0.99976885,1.0044086602178546
1349.7229715634703,0.99990755,1.0015660634107166
1349.7243604259584,1.0000318,1.0005833721226551
1349.7257492883896,0.99996036,1.0062177551343863
1349.7271381508208,0.999867,1.0032533288685623
1349.728527013251,0.9998913,0.9991986686187244
1349.7299158756816,0.99993265,1.0008045427762706
1349.731304738054,0.99999565,1.0027683234174458
1349.7326936004852,1.0000167,1.0025161329861974
1349.7340824629161,1.0000757,1.003309607723711
1349.7354713253458,1.0000787,1.0034067770167265
1349.7368601877763,1.0000403,1.0027558362786164
1349.7382490502073,0.9999657,1.0015646412409156
1349.739637912638,1.0001901,1.0028099094885714
1349.7410267750683,0.9999795,1.0030693968630895
1349.7424156374404,1.0001442,1.0024665180542522
1349.7438044998712,1.0001711,1.0021837782557463
1349.7451933623022,1.000181,1.0033007143707635
1349.7465822246745,1.0001559,1.0024975155932785
1349.7479710871041,0.9999774,1.0026946407269965
1349.7493599495351,1.0000149,1.0029956357355834
1349.7507488119081,1.0002441,1.0031876151918602
1349.7521376743387,1.000078,1.0008708012287815
1349.7535265367692,1.0000762,1.0023396892365903
1349.7549153991413,1.0001028,1.0030824303934396
1349.7563042615725,1.0001223,1.0026653476505898
1349.7576931239446,1.000188,1.0035668125070234
1349.7590819863744,0.9998932,1.0019573876444328
1349.7604708487474,0.99999964,1.0018040263129502
1349.7618597111787,1.0001955,1.0029356506786755
1349.7632485735508,0.99986476,1.003216141494144
1349.7646374359229,1.0000637,1.0023805324427557
1349.7660262983536,0.99998283,1.0030765135306527
1349.7674151607257,1.0002134,1.0039034632566906
1349.768804023157,1.0002282,1.0017156829729343
1349.770192885529,1.000209,1.003290326567179
1349.7715817479007,1.0002395,1.0024601587324302
1349.7729706102737,1.0001671,1.002359342523946
1349.7743594727046,0.9999535,1.0014545402962929
1349.775748335077,1.0000167,1.0035759186003261
1349.777137197449,1.0002425,1.003052095550007
1349.7785260598214,1.0001479,1.0009075360702442
1349.7799149221942,1.0001506,1.0033140448547824
1349.7813037845667,0.99988776,1.0034850371935125
1349.7826926469963,0.99987036,1.0021673329327905
1349.7840815093691,1.0002146,1.0025718951600489
1349.7854703717421,0.9999045,1.003095944304084
1349.7868592341144,0.9998961,1.0025522947929377
1349.7882480964868,0.99997103,1.0031286412982017
1349.7896369588589,0.9999676,1.0023514654816426
1349.791025821231,1.0002266,1.0028997081252324
1349.792414683604,1.0002928,1.0040789093979288
1349.7938035459763,0.999911,1.0012372933293048
1349.7951924082895,1.0000087,1.0033142622786229
1349.7965812706625,1.0001893,0.9994353176991814
1349.7979701330355,1.0001689,1.0059029889384168
1349.7993589954076,0.9999791,1.0013119272892588
1349.80074785778,1.0001142,1.0020482818407435
1349.8021367201522,0.99994415,1.0025314212324588
1349.803525582467,1.0001371,1.001478935013542
1349.8049144448391,1.0000129,1.001546544016715
1349.8063033072108,1.0001258,1.002927983078427
1349.8076921695256,1.0001434,1.0015352185398532
1349.8090810318984,1.0000091,1.002890021352088
1349.8104698942698,1.000015,1.0020950238862127
1349.8118587565841,1.0001537,1.003666182890131
1349.813247618957,0.99996,1.0014726728962806
1349.8146364813292,1.0002966,1.0040074853849372
1349.816025343644,1.0000963,1.0042383124396093
1349.817414206016,0.99994415,0.9987824201470394
1349.8188030683295,1.0000746,1.0034345689771726
1349.8201919307023,0.99995476,1.0027239416761642
1349.821580793017,0.99984574,1.0029924039062919
1349.8229696553894,0.9999649,1.0021181085539594
1349.8243585177033,0.99987406,1.0013486208265423
1349.8257473800172,1.0000143,1.0041061211932498
1349.8271362423902,1.000127,1.0020621336545192
1349.8285251047043,1.0000299,1.00230149572619
1349.8299139670175,1.0000727,1.003514809679705
1349.8313028293906,1.0000708,1.0024285741561278
1349.8326916917053,0.9998923,0.9988131545653184
1349.8340805540188,1.0001156,1.002719889234455
1349.8354694163327,1.0000943,1.002499381172735
1349.8368582787057,1.0000455,1.0014056000059357
1349.8382471410196,0.99996686,1.0025995941657961
1349.8396360033337,0.9998038,1.0007130594237843
1349.8410248656478,0.99986535,1.0043136253267695
1349.8424137279617,0.9997755,0.998819793847178
1349.8438025902765,1.0001518,1.005453906384398
1349.8451914525913,0.9999813,1.0012197607989293
1349.8465803149052,1.0000453,1.0026126328005154
1349.847969177219,1.0000145,1.0022705975622075
1349.8493580395334,0.999952,1.0024428318339764
1349.850746901848,0.9999737,1.0018098492812402
1349.852135764162,1.0000962,1.0038854171236435
1349.8535246264755,1.0000731,1.002626986998147
1349.85491348879,1.0000738,1.0022615943649789
1349.8563023511047,0.99994427,1.0026135013018742
1349.857691213418,1.0001571,1.0046369005423395
1349.859080075732,1.0001134,1.0015799650438268
1349.8604689379886,0.9999898,1.0014539159578613
1349.8618578003027,1.0002328,1.002747696541468
1349.8632466626168,1.000127,1.002006050424459
1349.8646355249307,0.9998788,1.0048396572515692
1349.8660243871866,1.0001127,1.0019224226181678
1349.8674132495012,1.0001049,1.0039366237777185
1349.868802111816,0.99990183,1.001233847812945
1349.8701909740719,0.9999706,1.0045051143746422
1349.871579836386,1.0000746,0.9991237748229183
1349.8729686986999,1.0000864,1.0037504190938917
1349.8743575609565,0.9999475,1.0009920845058866
1349.8757464232704,0.9999631,1.0030446964753574
1349.8771352855256,0.9999342,1.0027458182946913
1349.8785241478404,0.9999266,1.00246924778345
1349.879913010097,1.0000253,1.0001608481134336
1349.8813018724102,1.0003043,1.0037942579381356
1349.882690734666,1.0002224,1.0019209931717794
1349.8840795969224,0.99997795,1.0029286452873085
1349.8854684592366,0.9999903,1.0017298972084776
1349.8868573214922,1.000044,1.00234463609307
1349.8882461837482,1.0002835,1.003118213541031
1349.8896350460623,1.0001218,1.0024970408752656
1349.8910239083189,1.0000321,1.0026089675627756
1349.8924127705745,0.9999965,1.0024622354109562
1349.8938016328884,0.9999237,1.0032856177971499
1349.895190495145,1.0001252,1.0031159756840446
1349.896579357401,0.99993074,1.003180898571591
1349.8979682196573,1.0001836,1.0014554090558978
1349.8993570819132,0.99997807,1.0020893071330974
1349.9007459441682,1.000147,1.0046973428381234
1349.9021348064248,1.0000216,1.0025639466169443
1349.9035236686814,0.9999339,1.0029201461583361
1349.9049125309948,0.9999229,1.0017083949061238
1349.9063013932505,1.0000528,1.0042363427022685
1349.907690255507,1.0002272,1.001641772000571
1349.9090791177628,0.9997436,1.003272697284333
1349.9104679799607,0.999946,1.0028940933732928
1349.9118568422164,0.99995106,1.0013344380504159
1349.913245704472,0.99999267,1.0050093715829214
1349.9146345667286,0.9999568,1.0017452967844929
1349.9160234289843,1.000091,1.003217733626037
1349.9174122912405,1.00002,1.002625385883583
1349.9188011534968,1.0000436,1.0013986639374954
1349.9201900156945,1.0001593,1.0047485915616308
1349.921578877951,1.0000241,1.0014639368627105
1349.9229677402068,1.000135,1.003382566959212
1349.924356602462,1.0000787,1.003132380406547
1349.9257454646604,1.0000077,1.003400769712676
1349.9271343269168,0.99996966,1.0023764493556624
1349.9285231891718,1.0000613,1.002032593444382
1349.9299120513695,1.0002123,1.0043069444487192
1349.9313009136258,1.0002538,1.003567582197883
1349.9326897758237,0.99995166,1.0017783483759213
1349.9340786380794,1.0000166,1.0025638656784246
1349.935467500277,0.9999737,1.0033309385840423
1349.936856362533,1.0001862,1.0027233761201957
1349.9382452247312,1.0002357,1.002057678975471
1349.939634086987,1.0001544,1.0033220835585621
1349.9410229491846,1.0001198,1.0038398092075056
1349.9424118114412,1.0000963,1.0021693169137451
1349.9438006736386,1.0000423,1.0029400142723273
1349.9451895358363,1.0002012,1.001079693534766
1349.9465783980922,1.0001636,1.005256859340164
1349.9479672602897,0.9999527,1.0002217651401464
1349.949356122488,1.0000563,1.0046483609351933
1349.9507449847447,0.9999597,1.0038255777324228
1349.9521338469415,1.0000912,1.0009122587048997
1349.9535227091392,0.99990875,1.0020310279708091
1349.9549115713376,1.000029,1.0034376917009755
1349.956300433535,1.0001532,1.0013711638934375
1349.9576892957325,0.9999198,1.0006233231878006
1349.9590781579886,1.000057,1.0019100258821247
1349.9604670201861,1.000136,1.0027892706281445
1349.9618558823845,1.0000179,1.0032979906529744
1349.963244744582,0.9999428,1.0015236370790515
1349.964633606779,1.0000236,1.0036843631324743
1349.9660224689774,1.0001565,1.0021898139974879
1349.9674113311755,0.99986726,1.003535870535664
1349.9688001933732,0.9999398,1.0012142001311213
1349.9701890555707,1.0001723,1.004474314655655
1349.9715779177684,0.9999527,1.0047699831950194
1349.9729667799083,1.0000416,1.0012517417954057
1349.9743556421067,1.0000056,1.0030139972284142
1349.9757445043037,0.9999923,1.0019404224367368
1349.9771333665012,1.0000845,1.0042714185483195
1349.9785222286996,1.0000626,1.0022977191640983
1349.979911090839,1.0002714,1.0028316458071733
1349.9812999530368,0.999821,1.0031334947991193
1349.9826888152343,0.9998263,1.002780594657145
1349.9840776773735,0.999968,1.0028742410943172
1349.985466539572,1.0001385,1.0026714103372665
1349.9868554017696,0.9999407,1.0029576475194086
1349.9882442639082,0.9999624,1.0020609223633672
1349.9896331261066,0.9998284,1.001775319163688
1349.9910219882468,1.0000087,1.0026479612720456
1349.9924108504442,1.0001397,1.0031903638907909
1349.9937997125837,0.9999227,1.0011071187637441
1349.9951885747814,0.9999139,1.003886730366648
1349.9965774369216,0.99998885,1.00302333688358
1349.997966299119,1.0002463,1.0024814605504597
1349.9993551612579,1.0000639,1.0011337814561185
1350.0007440234563,0.9999459,1.001659955107672
1350.0021328855962,1.0000228,1.0028288160923418
1350.0035217477357,0.9999823,1.0028745748150463
1350.0049106099332,1.0001991,1.0025423224370227
1350.0062994720727,1.0002258,1.0024004802004918
1350.0076883342122,1.0000801,1.002204752458997
1350.0090771963523,1.0000308,1.0033558334154455
1350.0104660585498,1.0003003,1.0011458443326178
1350.0118549206886,1.0000933,1.003514424450988
1350.0132437828286,1.0000188,1.003223462037325
1350.0146326449685,1.0000978,1.0026552520930452
1350.0160215071082,1.0000901,1.0031720481611635
1350.0174103692475,1.0000657,1.0037383690774897
1350.0187992313868,1.0000722,1.0020042296004996
1350.020188093527,1.0001513,1.004036467893666
1350.0215769556664,1.0000975,1.0021257768075815
1350.022965817805,1.0000361,1.0010185160343188
1350.0243546799452,0.9999565,1.0038026134475628
1350.0257435420854,0.999954,1.0014768308846698
1350.0271324042246,1.0001493,1.0041313702202128
1350.0285212663641,1.0001287,1.001751776196608
1350.0299101285036,1.0001656,1.001252978134367
1350.0312989906429,1.0001513,1.003386719397887
1350.032687852783,1.0001963,1.0010139644827485
1350.034076714864,1.0000372,1.003851493598187
1350.035465577003,1.000397,1.004339493423181
1350.036854439143,0.9999322,1.0008521610814123
1350.0382433012833,1.0000646,1.0029484624203897
1350.0396321633643,0.9999913,1.00303691737621
1350.0410210255036,0.9999067,1.0041337021006185
1350.0424098876433,1.0000199,1.0016689297868993
1350.043798749725,1.0000974,1.002713716630345
1350.0451876118645,1.0001582,1.0022380617922007
1350.0465764739452,1.0001745,1.0024071543234443
1350.047965336085,1.0000756,1.0035047233604473
1350.049354198225,1.0000582,1.0025181700732808
1350.0507430603056,1.0000206,1.0026374948719088
1350.0521319223867,1.0001224,1.0037468096611464
1350.0535207845269,1.0001493,1.0031556126094698
1350.0549096466082,1.0003086,1.0022752654263658
1350.0562985087481,1.0002505,1.0032742618361852
1350.0576873708296,1.0000272,1.0020612080626152
1350.05907623291,1.0001991,1.0034196366361814
1350.06046509505,1.000063,1.0017882283385342
1350.061853957132,0.99993545,1.0012930743523056
1350.0632428192132,0.999855,1.004466487595456
1350.0646316813527,0.9997563,1.000875133057482
1350.0660205434338,0.9998088,1.0034197535192082
1350.0674094055157,0.99983776,1.004748825319596
1350.0687982675968,0.9999826,0.9987533834655192
1350.0701871296774,0.99984777,1.004954090445299
1350.0715759917593,0.99997556,1.001831731009768
1350.0729648538995,0.9998944,1.0034648878505865
1350.07435371598,0.9999408,1.0021544778335782
1350.0757425780612,0.99992204,1.0030260737793302
1350.077131440143,0.9998382,1.003163492098332
1350.0785203022242,0.9999995,1.00224375306621
1350.0799091643062,0.9997955,1.004958915376561
1350.0812980263872,0.99985933,1.0029672639628084
1350.0826868884678,0.999915,1.0017461427301952
1350.0840757504916,1.0000012,1.0038532468219385
1350.0854646125733,0.9999936,1.004586847295904
1350.0868534746546,0.9996047,1.0001761038021175
1350.0882423367357,0.9998508,1.0065029634791838
1350.089631198817,1.0000108,1.0019048688044994
1350.0910200608987,0.9998936,1.002699501733589
1350.0924089229218,1.0002285,1.003670772004308
1350.0937977850022,0.9998907,1.0026824525472862
1350.0951866470841,0.999889,1.0043581748245354
1350.0965755091079,0.99990314,1.0044913574697927
1350.0979643711885,1.0001677,0.9992853246470386
1350.0993532332695,0.9999998,1.0032870051758902
1350.1007420952933,1.000219,1.0038137059268577
1350.1021309573744,0.99989897,0.9997922516589789
1350.1035198193981,1.0000601,1.0040550520985514
1350.1049086814794,0.999909,1.0024792890947123
1350.1062975435016,1.0000464,1.0027335857895496
1350.1076864055835,1.0001606,1.0025775675630162
1350.1090752676073,1.0001265,1.0055100340832084
1350.1104641296884,0.9999223,1.001080052462599
1350.1118529917114,1.0000764,1.0043024909121672
1350.1132418537345,0.99981856,1.002372909139689
1350.1146307158165,0.9998085,1.0027520009972197
1350.1160195778393,1.0001501,1.0010531415022834
1350.1174084398617,1.0001646,1.0050736379966476
1350.1187973019437,1.000052,1.0011306379697662
1350.1201861639672,1.0002412,1.0047094300733468
1350.1215750259894,1.0001624,1.0010106994064787
1350.1229638880125,0.99995255,1.0049286145089558
1350.1243527500942,0.9998822,1.0016594296577581
1350.1257416121175,1.0001473,1.0025101294220542
1350.127130474141,1.0000256,1.0027516954836422
1350.1285193361641,1.0001414,1.0035881956312687
1350.1299081981865,0.999937,1.0015970933064484
1350.13129706021,1.0001223,1.002153416620427
1350.1326859222336,1.000291,1.0026397066960255
1350.1340747842567,1.0001286,1.0023088459942766
1350.1354636462797,1.0000727,1.004036541840357
1350.1368525083026,0.9999904,1.0023162967898167
1350.1382413703263,1.0001171,1.0017438409624013
1350.1396302323492,1.0000397,1.003350270899204
1350.1410190943716,1.0001696,1.0012489763332435
1350.1424079563371,1.0000885,1.0044073017746178
1350.143796818361,1.0000228,0.999729272376163
1350.145185680383,1.0001502,1.0035720802661448
1350.1465745424061,1.000017,1.000257547534826
1350.14796340443,1.0001198,1.0029897958154361
1350.1493522663945,1.0000663,1.0026794394560274
1350.1507411284174,0.9998575,1.0017010082863047
1350.1521299904407,0.9999521,1.0032682915657767
1350.1535188524053,0.99961793,1.0016732258692085
1350.154907714429,1.0000979,1.004092686643177
1350.1562965763947,1.0000198,1.003449332712863
1350.1576854384175,1.0000402,1.001841292936369
1350.1590743003821,1.0001556,1.0022855689454604
1350.1604631624052,0.99985206,1.002257153166933
1350.1618520243705,1.0000812,1.0032023335990699
1350.1632408863939,1.0000049,1.0028060764747793
1350.1646297483578,1.0000689,1.0037902894111055
1350.1660186103813,1.0002173,1.0028959119147944
1350.167407472347,1.0002059,1.0020432539757993
1350.168796334311,1.0001947,1.0042210569412306
1350.170185196334,0.99975747,1.0019084633573194
1350.1715740582995,0.9999701,1.0029380068151872
1350.1729629202644,1.000188,1.002219827117898
1350.1743517822874,0.99988836,1.0023940943206031
1350.175740644252,0.99990296,1.0031560040542726
1350.1771295062167,1.0000395,1.0010708439065858
1350.1785183681823,0.9999979,1.0036095582036402
1350.1799072301478,1.0000939,1.0033320971954263
1350.1812960921707,0.9998608,1.00112607584451
1350.1826849541358,1.0000165,1.001119820591269
1350.1840738161004,1.0002111,1.0052380531642942
1350.185462678066,0.99977785,1.0030938527277944
1350.1868515400306,0.99988323,1.002754872768788
1350.1882404019948,0.99998444,1.0002837646877278
1350.1896292639603,0.9998722,1.0039195707777018
1350.1910181259257,1.0000589,1.0037980837974612
1350.1924069878896,1.0002187,1.0023427056763106
1350.1937958497965,0.9999339,1.002785492999191
1350.1951847117618,1.0002428,1.0025916813103013
1350.1965735737267,1.0001836,1.0021977624939205
1350.1979624356914,1.0000657,1.0046541824821211
1350.1993512976562,1.0000147,1.0024953111744108
1350.2007401595629,1.0001597,1.0024856200674046
1350.2021290215282,1.0001894,1.0021855422634165
1350.2035178834935,0.9998036,1.0024487797296102
1350.2049067454586,1.0001638,1.0029767327477945
1350.206295607365,0.9999274,1.0026488512457439
1350.2076844693297,0.9999044,1.0021546478307188
1350.2090733312953,0.99993175,1.0044943548101022
1350.210462193202,0.9998075,1.0031726970803725
1350.2118510551659,1.000175,1.0036453884977126
1350.2132399170732,1.0000654,1.0030896743625275
1350.2146287790388,0.9999003,1.002599879615637
1350.2160176409448,0.99987286,1.0037906838721804
1350.2174065029094,0.99994427,1.0000528169555667
1350.2187953648167,1.0001265,1.0003049023583965
1350.2201842267232,1.0000577,1.0041281534260849
1350.221573088688,1.0000434,1.0020926462329618
1350.2229619505947,0.99993116,1.000373037027511
1350.2243508125011,0.9999183,1.0054885969598175
1350.2257396744667,0.99996823,0.998585385113345
1350.227128536374,1.0002203,1.0041750116494728
1350.2285173982805,0.99994665,1.0011130360348055
1350.2299062601871,0.9997847,1.0036599572039155
1350.231295122152,0.9997991,1.0013801289890425
1350.2326839840591,1.0001631,1.0042478727778195
1350.2340728459658,0.9999771,1.0017265624681557
1350.2354617078718,0.999877,1.0025595034732924
1350.2368505697789,0.99992704,1.0039272738372036
1350.238239431686,1.0000919,1.0031205766192588
1350.239628293592,1.0000547,1.0020171198480787
1350.2410171554986,0.9999115,1.0020749534084283
1350.2424060174058,0.99983233,1.0033131821238217
1350.2437948793124,1.0001652,1.0028212668383114
1350.245183741219,0.9999935,1.0022479667088586
1350.2465726031255,1.0000713,1.0022491320458304
1350.2479614650322,1.0000458,1.003902328351702
1350.2493503269393,1.0000432,1.0014878385641395
1350.2507391887884,0.9997525,1.003307895688586
1350.252128050695,1.0000621,1.003147603252529
1350.2535169126018,0.99978447,1.0024834006775378
1350.2549057745082,0.99975175,1.0020198111632859
1350.2562946364155,0.99958724,1.0030422531349246
1350.2576834982638,1.000131,1.0018529229817417
1350.2590723601697,0.99970895,1.0020314510365413
1350.2604612220189,1.000119,1.0019198711912083
1350.2618500839262,1.0000234,1.0008683578693138
1350.263238945832,1.0001543,1.0048651452957458
1350.2646278076804,0.9997439,1.0007617396879271
1350.2660166695878,0.9998672,1.0036921938019951
1350.267405531436,1.0000671,1.0004949546541606
1350.2687943933424,0.9996465,1.0027587755188778
1350.270183255191,1.0000169,1.0014077348117427
1350.2715721170975,0.9999668,1.0037578053584375
1350.2729609789467,0.9999135,1.003174568118064
1350.2743498407956,1.0000167,1.0017676373942173
1350.2757387027013,0.9999515,1.0029162559963334
1350.27712756455,0.9998588,1.0029411727196482
1350.278516426399,1.000168,1.0043127320654388
1350.279905288306,1.0000061,1.0027335258588932
1350.2812941501547,0.9998859,1.0039345425370136
1350.2826830120023,1.0003757,1.0022592786400393
1350.2840718738512,1.0000943,1.0017865900854868
1350.2854607357003,0.9999084,1.0038523847190493
1350.2868495976063,0.9999589,1.0036014078428517
1350.2882384594545,0.9999237,1.0025194524768593
1350.2896273213037,0.99997795,1.0019715655922217
1350.291016183152,0.99995255,1.00219878618313
1350.2924050450006,1.000071,1.0041000943395797
1350.2937939068488,0.9999444,1.003284447998838
1350.295182768697,0.9998865,1.0002964059167236
1350.2965716305462,1.0001154,1.0045300896024256
1350.2979604923953,0.9999509,0.9982717000299107
1350.299349354243,1.000031,1.006946844662301
1350.300738216033,0.9998645,0.9991046504712683
1350.3021270778822,0.99982,1.0025867659890233
1350.3035159397314,0.99969137,1.003141236980789
1350.3049048015796,1.0000736,1.0028887000923283
1350.3062936634274,0.99995416,1.00138058335345
1350.3076825252183,1.0002567,1.003663829288344
1350.3090713870672,0.9999131,1.0012138066240854
1350.3104602489148,0.99994045,1.0019478010938148
1350.311849110705,0.9999523,1.0027774863308483
1350.313237972554,0.99992037,1.0032811498424536
1350.3146268344026,1.0001913,1.0018040731642708
1350.3160156961926,1.0000077,1.0035236205394003
1350.3174045580408,0.9997265,1.002943891809823
1350.3187934198313,0.9998859,1.0036516716705461
1350.3201822816802,0.99987286,1.0016657839299812
1350.321571143471,0.9999276,1.0012690311103083
1350.3229600053187,0.999892,1.0021174039687697
1350.3243488671087,0.9995881,0.9997094018493557
1350.3257377288996,1.000096,1.0044390142860675
1350.3271265907488,1.0001403,1.0038050862138812
1350.328515452539,0.9998237,1.0041917282741393
1350.3299043143284,0.99989194,1.0023116418383908
1350.3312931761775,0.9998574,1.001046804500751
1350.3326820379684,1.0001372,1.0032143130086755
1350.334070899758,0.99991065,1.003471013120517
1350.335459761548,0.99987096,1.0016503133780088
1350.336848623339,0.99962354,1.002253421121551
1350.3382374851872,1.0000108,1.0023126184378028
1350.3396263469774,0.9999085,1.0022349227784801
1350.3410152087677,0.99990195,1.0012857074111192
1350.3424040705577,1.0000086,1.0023108474558997
1350.3437929323486,0.99989146,1.0047625181644206
1350.3451817941395,1.0002471,1.00417568141779
1350.3465706559289,0.99982536,0.9994173538151124
1350.3479595177191,1.0002146,1.0011354576582725
1350.34934837951,1.0001804,1.0027876008501955
1350.3507372413007,1.0001781,1.002143542289436
1350.3521261030328,1.0000519,1.0042723332949606
1350.3535149648221,0.99996156,1.0021466874364955
1350.3549038266128,1.0000695,1.0015368060931722
1350.3562926884038,0.9997675,1.0046205871540395
1350.3576815501933,1.0001742,1.002039928049412
1350.3590704119251,0.9999095,1.0031533032000246
1350.3618481355063,1.0001435,1.0045098620532178
1350.3632369972383,0.99976534,1.003219407429558
1350.3646258590284,0.9999284,1.001648081289009
1350.3660147208186,1.0001345,1.0015733633778026
1350.367403582551,0.9997166,1.0056152743652067
1350.368792444342,0.99999356,1.0013366905653782
1350.3701813060734,0.9998503,1.0038695299921996
1350.3715701678634,1.0000564,1.0033524561816964
1350.3729590295961,1.0000864,1.0033421934871678
1350.374347891387,1.0000693,1.0021572910247147
1350.3757367531189,1.0002913,1.0008538047479736
1350.3771256148502,0.99989897,1.005537417142575
1350.3785144766412,0.9996984,0.9970549929818825
1350.3799033383739,0.99998575,1.0059874118417904
1350.381292200105,0.99966145,1.0002842289616536
1350.3826810618953,1.0001816,1.002739551047167
1350.3840699236277,1.000139,1.0041638192356923
1350.3854587853598,0.9999118,1.0019981093976125
1350.3868476470916,0.99995774,1.003102201510219
1350.3882365088236,1.0000777,1.0016642942246594
1350.3896253706139,1.0001271,1.0045264390279014
1350.3910142323466,1.0000497,1.0008581774201952
1350.392403094079,1.0000454,1.0041411827983968
1350.3937919558102,1.0000798,1.003120353640633
1350.3951808175423,1.0000523,1.0011427881679325
1350.3965696792748,1.0000378,1.002355177875711
1350.3979585410075,1.0000552,1.0041015997202412
1350.3993474027395,0.99987346,1.00383868155973
1350.4007362644707,1.0000542,1.0023477881766096
1350.4021251262034,1.0001961,1.002958394795283
1350.403513987878,1.0001308,1.0027046858149826
1350.4049028496092,1.0000473,1.0036872730714026
1350.406291711341,0.99983835,1.0029818156338728
1350.4076805730738,0.99994695,1.0008692059349638
1350.4090694348056,1.0001532,1.0024759655743638
1350.4104582964794,1.0001171,1.003736627469763
1350.4118471582115,1.0001327,1.0014636440651261
1350.4132360199433,1.0001771,1.0043556391300235
1350.4146248816178,1.0000551,1.0022028077381684
1350.4160137433505,1.0000461,1.0027487410161409
1350.4174026050237,1.0000803,1.0037661467103807
1350.4187914667555,0.99984926,1.0007454564767004
1350.42018032843,1.0000534,1.0022303069143048
1350.4215691901627,0.9998565,1.0030929829948145
1350.4229580518363,1.0000108,1.0026732083849896
1350.4243469135677,1.000154,1.0048201998812436
1350.425735775242,0.9997949,1.0007618609494973
1350.4271246369744,1.0001394,1.004448630393951
1350.4285134986476,1.000161,1.0010752226534134
1350.4299023603214,1.0001694,1.0044179159527327
1350.431291222054,1.0001416,1.0033477890801086
1350.432680083728,1.0001563,1.001899492390047
1350.4340689454016,1.0003121,1.0030153123011103
1350.4354578070752,1.0000858,1.0044663921258843
1350.4368466688072,1.000024,1.0010778438086478
1350.4382355304815,1.0002108,1.0042281483517739
1350.439624392156,0.99993825,1.0039654883998619
1350.4410132538292,0.99991685,1.001869764348358
1350.4424021155028,0.99983793,1.002110647797234
1350.4437909771773,0.9998978,1.0044405647026853
1350.4451798388518,0.99986583,1.0027369418175986
1350.4465687005254,0.99998057,1.00365143953153
1350.4479575621986,1.0000428,1.0025557569750005
1350.449346423873,1.0001407,1.003054254553919
1350.4507352855476,1.0000143,1.002664716607677
1350.4521241472205,1.0002906,1.0050486706949866
1350.4535130088943,1.0001156,1.0020878102008497
1350.4549018705106,1.0003219,1.001185301558232
1350.4562907321842,1.0000311,1.0048072379126478
1350.4576795938578,0.99981934,1.0024255169547411
1350.459068455532,1.0000855,1.0031812707351024
1350.4604573171473,1.0000018,1.0026908503580871
1350.4618461788218,1.0002718,1.002183099467084
1350.4632350404963,1.0002546,1.0031261002457879
1350.464623902111,0.9999928,1.0033040877875894
1350.4660127637849,0.999678,1.0022581951950886
1350.4674016254592,0.99993074,1.0038168121069886
1350.4687904870752,1.000147,1.0030371184562599
1350.4701793487493,0.9998866,1.0031756393676172
1350.471568210364,1.0000817,1.0014908768570083
1350.4729570720383,0.9996947,1.0036086268738624
1350.4743459336546,0.9999276,1.0038405813774454
1350.4757347952695,1.0000612,1.0032752407632801
1350.4771236569431,1.0000162,1.0030525666241459
1350.4785125185595,1.0000848,1.0031405787903451
1350.4799013801749,1.0000725,1.0044974266850955
1350.481290241849,0.9999374,1.0008752016437166
1350.4826791034643,1.0000091,1.0045290926920525
1350.4840679650797,0.9999635,1.0032054150579317
1350.485456826696,1.0001444,1.0023475014166827
1350.4868456883705,1.0000895,1.004119603293885
1350.4882345499855,1.0000716,1.0036913418397397
1350.4896234116009,0.99980086,1.0003293444882162
1350.4910122732172,0.99995494,1.003297578991191
1350.4924011348335,0.9998421,1.0028747993912204
1350.4937899964489,1.0002567,1.0052368486108083
1350.4951788580638,0.9996194,1.001732376035074
1350.4965677196801,0.9999612,1.002652177678774
1350.4979565812962,1.0000833,1.0032355131746449
1350.499345442911,0.99978673,0.9989646348913606
1350.5007343045268,1.0000982,1.0028360064119342
1350.5021231661428,1.0003021,1.004615576778612
1350.5035120277003,0.99994296,1.0012048752329796
1350.5049008893156,1.000307,1.0035691949592311
1350.506289750931,1.0001522,1.0026259498791312
1350.507678612547,1.0001756,1.002392457983508
1350.509067474163,1.0002123,1.0042928124227717
1350.5104563357208,0.99999994,1.003168904984738
1350.5118451973358,0.99998945,1.0022556352614593
1350.5132340588932,0.99996674,1.004098217561916
1350.5146229205093,0.99989396,1.0027673412703135
1350.5160117821256,0.9997986,1.0041384044716082
1350.517400643683,0.9996633,1.0043444355070088
1350.5187895052977,1.0000031,1.0032696911863954
1350.5201783668558,0.9997401,1.003676296058172
1350.5215672284721,0.9998739,1.0017677301309453
1350.5229560900289,0.9998185,1.0020691665584829
1350.524344951586,0.99960506,1.0033336051607762
1350.5257338132024,0.9997188,1.0061557261162226
1350.5271226747595,0.9997188,1.001279941836305
1350.5285115363752,0.9997471,1.0029756281663342
1350.5299003979326,0.9998804,1.0009719971035576
1350.5312892594898,0.9998427,1.005084607278161
1350.5326781210479,0.99947286,1.0038456863581702
1350.534066982606,0.9997101,1.0025455969090535
1350.5354558442207,0.9999366,1.003059163076881
1350.536844705778,0.9993943,1.001832978144532
1350.5382335673362,0.99955654,1.0059762066384779
1350.539622428894,0.9996849,1.0026287632442554
1350.5410112904515,0.9996504,1.0028401497160626
1350.5424001520082,0.99971473,1.003497435828687
1350.543789013566,0.9997677,1.0034711312566769
1350.545177875124,0.99972373,1.004454536940115
1350.5465667366807,0.9996671,1.0031302022480806
1350.5479555982379,0.9996457,1.0034357659397044
1350.549344459796,0.99940765,1.002373993464204
1350.5507333213534,0.99976295,1.0046174228131786
1350.552122182853,0.9995358,1.0030050112247542
1350.5535110444107,0.999605,1.0045464613748987
1350.5548999059672,0.9997038,1.0031673839748672
1350.556288767525,0.99944395,1.0028114586538386
1350.557677629025,0.9997855,1.00337127100639
1350.5590664905817,0.99986553,1.003439684515729
1350.560455352139,0.9996772,1.001380124758967
1350.5618442136388,0.99977285,1.0046679568373846
1350.563233075196,0.99984014,1.0026896576066453
1350.5646219367536,0.99983174,1.002831657504618
1350.5660107982526,0.9995011,1.0025379443857487
1350.5673996598107,1.0000263,1.0017143316635329
1350.5687885213106,0.9998431,1.0019895849960498
1350.5701773828089,0.9994682,1.003901174672297
1350.5715662443663,0.99969625,1.0008507952958066
1350.5729551058662,0.99971354,1.001292735763815
1350.5743439674234,0.99964607,1.001813600552353
1350.5757328289233,0.9994453,1.0031454609015946
1350.5771216904222,0.99975127,1.0049995755361687
1350.578510551979,0.9997646,1.0011108827826838
1350.5798994134789,0.9994997,1.004006756147835
1350.5812882749785,0.99962646,1.0041536108952724
1350.5826771364768,0.9996339,1.0016249207052244
1350.5840659979763,0.9998906,1.0028795860119577
1350.585454859476,0.99953187,1.0037702579443937
1350.5868437210333,0.99964744,1.004251671539251
1350.5882325825323,0.99947375,1.0011314601026908
1350.5896214440313,0.99986494,1.0043067399277805
1350.5910103055312,0.99967116,1.002526466278752
1350.592399167031,0.9996609,1.0029604270682124
1350.5937880285296,0.9995865,1.0045295708102921
1350.5951768899704,0.99973506,1.0034301700597303
1350.5965657514703,0.999826,1.0034981514116046
1350.5979546129693,0.9995582,0.9999897348197404
1350.5993434744692,0.99933225,1.006730693213073
1350.6007323359684,0.9995606,0.9996035854530522
1350.6021211974667,0.99969757,1.0039311045664354
1350.6035100589083,0.9998225,1.0021954615210726
1350.6048989204082,0.9997308,1.0035516100429656
1350.6062877819068,0.9995704,1.0014977997807628
1350.6076766433475,0.9995542,1.0024535836784096
1350.6090655048474,0.9996836,1.005459039745498
1350.6104543663464,0.99929094,0.9971330918535559
1350.6118432277874,0.9996368,1.004595909645216
1350.6132320892866,0.9993325,1.0021258844367729
1350.6146209507283,0.99992305,1.0038031225198014
1350.616009812228,0.9995182,1.0019854609777175
1350.617398673668,0.99973774,1.0028008927882752
1350.618787535109,0.99973017,1.004769557767323
1350.6201763966087,0.9998285,1.003325085084976
1350.62156525805,0.99971044,1.0036482919266676
1350.6229541195496,0.99959856,1.0023819240019731
1350.6243429809906,0.99960667,1.0019724438440625
1350.625731842431,0.99977314,1.0042049481136102
1350.6271207038724,0.9998627,1.004073214066193
1350.628509565372,0.99980515,1.0022776809931382
1350.6298984268124,0.99991596,1.0027926441691961
1350.6312872882531,0.9996474,0.9979403186751082
1350.6326761496948,0.9999289,1.0049674004285294
1350.6340650111358,0.9998112,1.0011933950777065
1350.6354538725768,0.99967706,1.002924628721902
1350.6368427340176,1.0000302,1.00313941884526
1350.6382315954593,1.0002732,1.0015208477746034
1350.639620456901,1.0000281,1.0046861784749896
1350.6410093183417,1.0000181,1.0028027406524522
1350.6423981797827,0.9999873,0.9999787039292632
1350.6437870412237,1.0000361,1.0047811805087066
1350.6451759026645,0.99985665,1.0020224729391969
1350.646564764048,0.99976164,1.0023806985251869
1350.6479536254888,0.99992406,1.0020558072338077
1350.649342486929,0.9998952,1.000832390829438
1350.6507313483708,0.99986035,1.0023570390396401
1350.6521202097542,0.999978,1.0037510016050135
1350.6535090711943,0.99985933,1.0040123180932239
1350.6548979326353,0.9999404,1.0020350645819431
1350.6562867940188,0.9999009,1.0039234822336798
1350.6576756554596,0.9998859,1.0007626876279423
1350.6590645168421,0.9997795,1.0044132568867907
1350.6604533782831,0.9999347,1.0026776092543332
1350.6618422396664,0.9999494,1.0041773693085378
1350.663231101108,0.9998629,1.0010552392258856
1350.6646199624909,0.9997536,1.003546317352301
1350.6660088239319,0.99990195,1.002871714619989
1350.6673976853144,0.99966025,1.004726327975767
1350.6687865466972,0.9998747,1.000302293076453
1350.6701754081387,0.99978137,1.0036543734204453
1350.6715642695215,0.99986917,1.0034917618081038
1350.6729531309034,0.9998928,1.003135121597946
1350.6743419922868,0.9998064,1.0008165178765556
1350.6757308537285,1.0001011,1.004120946935194
1350.6771197151106,1.000287,0.9997708471486549
1350.6785085764932,0.99967563,1.0027531103204086
1350.6798974378767,1.0001359,1.0021675057978066
1350.6812862992592,0.9994715,1.001925926570134
1350.6826751606422,0.99957204,0.9998880880910391
1350.6840640220248,0.99987954,1.0041571894336572
1350.6854528834083,1.000119,1.0014772863594077
1350.6868417447915,0.99986976,1.003554858763437
1350.6882306061743,0.9999411,1.0019297239132305
1350.689619467557,0.9999011,1.0041905631487242
1350.6910083288815,0.9998962,1.000945559234072
1350.6923971902643,1.0000743,1.0036555992426024
1350.6937860516477,0.9999934,1.0033540159334613
1350.6951749130303,0.9997367,1.002482909806914
1350.6965637744124,0.9999009,1.0020898568688572
1350.6979526357377,1.0001489,1.0018413336634389
1350.699341497121,0.99992824,1.002801107738141
1350.7007303584446,1.000095,1.0037482295447626
1350.7021192198274,0.99978304,1.0028482351556254
1350.7035080812107,0.9999209,1.002843232649479
1350.7048969425355,1.0000136,1.0039348703615707
1350.7062858039187,0.9998888,1.0015106264966918
1350.7076746652433,0.9996887,1.0037338091763135
1350.7090635266259,0.9996219,1.0019148163787297
1350.7104523879511,0.99987656,1.0041579066784172
1350.7118412492755,0.9998575,1.0010555333639806
1350.7132301106583,0.9997102,1.0040746797571451
1350.7146189719829,1.0000117,1.0001854571455726
1350.7160078333072,1.0000011,1.0046849005782295
1350.7173966946907,1.0000249,1.0024558899975144
1350.718785556015,0.99991554,1.0034746148152625
1350.720174417339,0.9999317,1.0031825521410305
1350.7215632786642,0.9997296,1.0018663014087212
1350.7229521399895,1.0003071,1.002057497886106
1350.7243410013132,0.99951476,1.0030608199270317
1350.725729862696,1.0000613,1.0057374586300465
1350.7271187240212,0.99968237,1.0010926885103069
1350.7285075853456,1.0000764,1.0010073863828666
1350.7298964466709,0.9996099,1.0045016600397096
1350.7312853079952,0.9997974,1.0041225640771585
1350.7326741692616,0.9997952,1.000907803271652
1350.7340630305866,0.9997827,1.004774032153299
1350.7354518919115,1.0000352,1.0021092230777022
1350.7368407532358,1.0001739,1.003647703439333
1350.7382296145602,0.9998571,1.001513308811727
1350.739618475885,1.0000302,1.0009406008196469
1350.7410073371518,0.99995047,1.0054179972413433
1350.7423961984764,0.99960905,1.0015789357959188
1350.7437850598,0.9997374,1.0034882024760494
1350.745173921067,1.0000767,1.002976898973615
1350.7465627823922,0.99990994,0.9996639661032701
1350.747951643716,0.9997764,1.0025686300454033
1350.7493405049822,0.999905,1.003511282123829
1350.7507293663075,0.999863,1.0008265129736043
1350.7521182275739,0.9997444,1.0044470018155285
1350.7535070888407,0.9998187,1.0018829057911625
1350.7548959501653,0.999782,0.9999433383089402
1350.7562848114317,1.0001513,1.0039055192453343
1350.757673672757,0.9997831,1.0021441513950993
1350.759062534023,0.99967647,1.001611141032253
1350.7604513952892,0.99989194,1.0029194243192592
1350.761840256614,1.0000206,1.0037793260127517
1350.7632291178802,0.99985296,1.002974711342786
1350.7646179791473,0.999937,1.004392962076289
1350.7660068404134,0.99972,1.0007117404438408
1350.767395701679,0.999961,1.0027350244143536
1350.7687845629462,1.0001084,1.0016146371471186
1350.770173424213,1.0000029,1.0030141467371914
1350.7715622855376,1.0000876,1.0030184024183464
1350.7729511468037,0.99989146,1.0009529515375217
1350.77434000807,0.9999311,1.0021846611620138
1350.7757288692783,1.0000207,1.0020947907923037
1350.7771177305453,0.9998811,1.0051661909666014
1350.7785065918115,0.99983054,1.0016685175823636
1350.7798954530776,1.000158,1.0031305486807036
1350.7812843143447,0.99987924,1.0013629172076675
1350.782673175611,0.9997419,1.00343244016455
1350.7840620368193,0.99997807,1.0038057860561203
1350.7854508980854,0.9997981,1.0002949009517803
1350.7868397593516,1.000041,1.0035989860388979
1350.7882286206186,0.99999094,1.0018858527421195
1350.7896174818268,0.9999324,1.0028180669773918
1350.7910063430922,0.99970216,1.0026556119904066
1350.792395204301,0.99976194,1.0013820483552138
1350.7937840655682,0.9999019,1.0023246950451783
1350.795172926776,0.9996148,1.003329764344563
1350.7965617880425,0.99982154,1.0017766960296703
1350.7979506492507,0.99969316,1.0015592628109333
1350.7993395105168,0.9998784,1.0035774118350453
1350.8007283717257,0.99994755,1.00418857070544
1350.8021172329336,1.000091,1.0021828243244921
1350.8035060942002,1.0000256,1.0010404617045348
1350.8048949554088,1.0000514,1.002255041970996
1350.806283816617,0.999688,1.0036376327826486
1350.8076726778831,1.0000817,1.0031410413586739
1350.8090615390913,0.99966276,1.0017550002008229
1350.8104504002995,0.9999279,1.003976921929221
1350.811839261508,0.9999508,1.0033050716305485
1350.8132281227167,0.999973,1.003305394811384
1350.8146169839242,0.999586,1.0015067079380957
1350.8160058451324,1.0002266,1.0021548995385705
1350.817394706341,1.0001017,1.0013580492886396
1350.8187835675494,0.9999392,1.002085640095117
1350.8201724287574,0.9996885,1.0035642904444138
1350.8215612899653,0.99969757,1.0046027999820246
1350.8229501511735,0.99988025,1.0025817693919377
1350.824339012382,0.99995464,1.00186645261332
1350.8257278735323,0.9999506,1.001368754811775
1350.8271167347402,0.9997049,1.002178856777996
1350.828505595949,0.9995164,1.0007405408781351
1350.829894457157,1.0001178,1.0054368069243662
1350.831283318307,0.99978447,1.0009009634132378
1350.8326721795152,0.9996812,1.0048459468536906
1350.834061040723,0.99977225,1.0002955404604368
1350.8354499018737,1.0000076,1.0017603060469975
1350.8368387630826,1.0001029,1.0040889366519734
1350.8382276242316,0.9996986,1.0034317348744275
1350.8396164854398,0.99967873,1.003585701131011
1350.8410053465905,0.9998345,0.9992176788832725
1350.8423942077984,0.9997328,1.0057374657932427
1350.8437830689481,0.99982786,1.0040290458629875
1350.8451719300983,0.99951154,1.0012858748464015
1350.8465607913063,0.99969655,1.0015532390951911
1350.847949652457,1.000083,1.0024688477336887
1350.8493385136067,0.9996822,1.0026790466878128
1350.8507273747566,0.9998281,1.004204059920463
1350.8521162359652,1.0000256,1.0005731676885679
1350.8535050971152,1.0000058,1.0052206860731412
1350.8548939582656,1.0003866,1.001175846774247
1350.8562828194158,1.0002826,1.0005831394358364
1350.8576716805649,1.0000168,1.0031390014666641
1350.8590605417153,1.0000826,1.0022559253406051
1350.860449402866,1.0001181,1.0023769452010527
1350.8618382640152,0.99989325,1.004087966184555
1350.863227125165,1.0001435,1.000559589997663
1350.8646159863156,0.9999297,1.0045051736998798
1350.8660048474655,0.99961704,1.0004616759804064
1350.8673937086155,0.99986666,0.9996040590709814
1350.868782569707,0.9996194,1.0028259878678651
1350.8701714308568,0.99955034,1.00003069836431
1350.8715602920074,0.99962825,1.0014821936531704
1350.8729491530992,1.000049,1.0026041600553897
1350.8743380142482,0.9998542,1.004898276594919
1350.8757268753989,0.99966437,0.9999772817425457
1350.8771157364913,0.99979293,1.0029126709162262
1350.878504597642,1.0000916,1.0009185677545798
1350.8798934587335,0.999536,0.9997487059166952
1350.8812823198828,1.0000042,1.0024229453729014
1350.8826711809752,0.9997225,1.0033488421187227
1350.8840600421256,0.99985963,1.0027643081579622
1350.8854489032165,1.0001292,1.0016028530208083
1350.8868377643666,0.9998137,1.005496214944518
1350.8882266254589,0.99971783,1.0001587810364354
1350.8896154865506,0.9997585,1.0026134037931682
1350.8910043477003,0.99986786,1.0021594619597043
1350.892393208792,0.999766,1.002629379371444
1350.8937820698839,0.9998619,1.002782308400028
1350.895170930976,0.9995908,1.0017302051234873
1350.8965597920683,0.99999267,1.0019256852367884
1350.8979486531593,0.9999898,1.0046628137477538
1350.8993375143093,0.9998702,1.0021422161284015
1350.9007263754015,0.999759,1.0023885059419437
1350.902115236494,0.9997897,1.0028386135698297
1350.9035040975857,0.99972636,1.0028227464229702
1350.9048929586183,0.99999446,1.001669868487274
1350.9062818197108,0.9998068,1.003666833882855
1350.9076706808032,0.9996984,0.9990558727595404
1350.9090595418943,1.0002652,1.0049799868702474
1350.9104484029858,1.000203,1.000947418808756
1350.9118372640783,0.9997942,1.0022769996192278
1350.9132261251116,0.99980164,1.0021257557799375
1350.9146149862033,1.0000086,1.0022998428282233
1350.916003847295,0.9997407,1.000218155991151
1350.9173927083284,0.9999677,1.0046859898764102
1350.9187815694208,0.9996641,1.0014177199100882
1350.9201704305133,0.9998413,1.0035044929545975
1350.921559291546,0.9998815,1.0018186587531857
1350.9229481526377,0.99983525,1.0025470090261765
1350.924337013672,1.0000051,1.0023559854372444
1350.9271147357977,0.9998928,1.003458910961594
1350.9285035968305,1.0000178,1.002033710232535
1350.9298924579227,0.99983793,1.0037627664367696
1350.9312813189567,1.0000103,1.0000002499367675
1350.9326701799896,0.99986553,1.003694777209311
1350.9340590410811,0.99994236,1.0018079635030472
1350.9354479021154,0.9997938,1.003950754777225
1350.936836763149,0.9995604,1.0015826872791513
1350.938225624183,0.9996333,1.0033559713573779
1350.9396144852167,0.99993294,1.0004409730024335
1350.9410033462493,0.99995047,1.0028124106835705
1350.9423922072833,0.9998354,1.0015771626381036
1350.9437810683175,1.0000839,1.0021662410939145
1350.9451699293504,0.9999944,1.0035246474541737
1350.9465587903837,0.99947435,1.0004906592554383
1350.947947651418,1.0002445,1.002797272393585
1350.9493365124522,0.9998137,1.0032958908790783
1350.9507253734855,0.9996808,1.0016377396328346
1350.9521142345184,0.99988306,1.0012976097645963
1350.9535030954944,0.9999788,1.002737493461318
1350.9548919565286,0.9997934,1.0019982746323415
1350.956280817562,0.9997439,1.0006845335120134
1350.957669678537,1.0000134,1.0009636441634326
1350.9590585395708,0.99974006,1.0029124558321094
1350.9604474006042,1.0001659,1.0036624459734071
1350.9618362615802,0.9998563,1.001421380608075
1350.9632251226135,1.0001075,0.9992783017865188
1350.9646139835882,0.99986845,1.0031625476506492
1350.9660028446224,0.9996917,1.0006971602895471
1350.9673917055982,0.99981314,1.0061901996986444
1350.9687805666308,0.9994509,0.9991170132930515
1350.9701694276064,0.99982285,1.0011700691186236
1350.9715582885822,1.0000144,1.003565293095535
1350.9729471496162,0.9996133,1.0025042275043883
1350.9743360105917,0.99980295,1.0005433412370328
1350.9757248715662,0.99963146,1.0032542415190946
1350.977113732542,0.9996099,1.003173495155875
1350.978502593518,1.000085,0.9989000971683348
1350.979891454493,0.9997225,1.0009949383340395
1350.9812803155269,0.999715,0.9996332210456551
1350.982669176502,0.99963135,1.0042004269193971
1350.984058037477,1.0000674,1.0034519847809393
1350.9854468984531,0.9994929,0.998924953481139
1350.9868357594285,0.9997409,1.0015478605957986
1350.9882246203447,0.9997098,1.0026522650405911
1350.9910023422967,0.9998204,0.9997262747438533
1350.9923912032714,0.99999547,1.0038254008261895
1350.9937800642465,1.0000087,1.0013617944208053
1350.9951689252225,0.99966246,1.002398354961213
1350.9965577861403,1.000076,1.0023369564675835
1350.9979466471161,0.9997752,1.001977973473925
1350.9993355080906,0.99959016,1.0007958210221366
1351.000724369008,0.9997245,1.0032795504863472
1351.0021132299837,0.9998699,1.0025225206707704
1351.0035020909008,0.99990606,1.001379908702521
1351.004890951876,0.9999483,1.0023234712667966
1351.0062798127929,0.9998133,1.0023016312144455
1351.0076686737684,0.9999836,1.001912659323875
1351.009057534686,0.9995174,1.0023881119659876
1351.0104463956031,0.999336,0.9990073136375902
1351.0118352565778,0.9996268,1.0030093359362686
1351.0132241174954,0.99983776,1.0037626104552104
1351.014612978413,0.9997594,1.001455146210547
1351.0160018393876,1.0000712,1.000221452352638
1351.0173907003045,0.99984115,1.0016866523047583
1351.0187795612223,0.99989325,1.0039719680071428
1351.0201684221402,0.999806,1.0014908058612182
1351.021557283058,0.99992776,1.0028401551885162
1351.0229461439744,1.0000104,1.0011359073711823
1351.0243350048913,0.99963737,1.0002019376420264
1351.0257238658091,0.9996922,1.0003035424471578
1351.027112726726,0.99957514,1.0037761243125995
1351.0285015876432,0.999886,1.0018364085322715
1351.0298904485603,0.99984926,1.0014621773492012
1351.0312793094772,0.99951655,1.0028921614309414
1351.032668170395,0.9997367,1.0031026270697596
1351.0340570312537,0.99993306,0.9980237605421644
1351.0354458921702,0.99947625,1.0055324343321075
1351.036834753088,1.0000902,1.0000261957312528
1351.0382236139476,0.9998036,1.002585224851622
1351.0396124748645,0.9997795,1.001325201516436
1351.0410013357814,0.9996795,1.001999016894765
1351.0423901966406,0.999904,0.9998747578596958
1351.0437790575581,0.99949056,1.0051404630930083
1351.0451679184175,0.9996245,1.0007628355976457
1351.046556779334,0.999619,1.0002254614232178
1351.0479456401927,0.9996636,0.9998019338111603
1351.0493345010523,0.9999397,1.0052857061943088
1351.0507233619694,0.9995828,1.001157568911023
1351.0521122228283,0.9995509,1.001248594361065
1351.053501083687,0.99972945,1.0017449286209874
1351.0548899446042,1.0004464,1.002259281509524
1351.0562788054635,0.9994847,1.0025545514145917
1351.0576676663231,0.99973464,1.0024807127877864
1351.0590565271814,0.99996537,1.0020223417088736
1351.06044538804,0.99966776,0.9997950139921414
1351.0618342488997,0.999626,1.0041396305858143
1351.0632231097584,0.9996241,1.0007128880942522
1351.0646119706175,1.0001432,1.0028345790004511
1351.0660008314762,0.9999627,1.0004250338303802
1351.0673896923358,0.9999548,1.0012608991902237
1351.0687785531954,0.9995383,1.0046224869609395
1351.0701674140535,0.99985933,0.9991214049721932
1351.0715562749124,1.000012,1.0032233773082406
1351.072945135772,1.0001487,1.0007400240751878
1351.0743339965725,0.99961287,1.002439058663983
1351.0757228574312,1.0000572,1.0041963884972653
1351.07711171829,1.000043,1.0023396555049917
1351.0785005790908,0.99977905,0.9988973986145119
1351.0798894399504,0.999608,1.0018655632004927
1351.0812783008098,0.9995855,1.0037757247841383
1351.0826671616096,0.99978423,1.0030590045291023
1351.0840560224688,1.0002631,1.0009679317055102
1351.08544488327,0.9997011,1.00239305308625
1351.0868337440706,1.0001494,1.0023692058366613
1351.0882226049293,0.9995407,1.002001012569032
1351.0896114657298,0.9998252,1.0034513437481056
1351.0910003265894,0.9998598,1.000927798256415
1351.0937780481909,0.9997066,1.0010255292332473
1351.0951669089914,0.99953145,0.9992706465231507
1351.0965557697928,0.99982786,1.0026327887298898
1351.0979446306515,0.99960136,1.0021160552570947
1351.0993334914529,1.0000383,1.002772193450186
1351.1007223522536,0.9999995,1.0010991244411436
1351.1021112130534,0.9997961,1.0011834986708896
1351.1035000738548,0.999686,1.004313680774351
1351.1048889346562,0.9994858,0.9998641356271379
1351.1062777954562,0.999585,1.0033765265286092
1351.1076666562567,0.9996671,1.0019562263266457
1351.109055517,0.9998146,1.0006586798726664
1351.1104443778004,0.99991083,1.0022329964922676
1351.111833238601,0.99979526,1.0037581522236025
1351.1132220994018,0.9997397,0.9995325743507159
1351.114610960145,0.99959517,1.000368240237268
1351.1159998209462,0.999541,1.0034952250834623
1351.117388681747,1.0000976,0.9994174904902091
1351.1187775424892,0.99960005,1.0057534820136151
1351.1201664032897,0.9996024,0.9983295913526491
1351.1215552640324,0.9999775,1.0018288577516314
1351.1229441248336,0.9997231,1.0002482901783922
1351.124332985576,0.99986804,1.0027408213581332
1351.125721846376,0.9994136,1.0024622428946344
1351.127110707119,0.99999267,1.0032818089080742
1351.128499567862,0.99966997,1.0012873339708863
1351.129888428662,0.99952024,1.0026258509603032
1351.1312772894044,0.99977,1.0009438022474992
1351.1326661501475,0.9999714,1.0007918448928503
1351.13405501089,0.9996957,1.0033576486769242
1351.1354438716912,1.0002233,1.0027780189920383
1351.136832732434,0.99988216,1.002035382151605
1351.1382215931762,0.9999254,1.0026632056225422
1351.1396104539194,1.0000231,1.0016826752144918
1351.1409993146617,0.9998483,1.0017369116192527
1351.1423881754042,1.0000613,1.0037513624478593
1351.1437770361467,0.9995812,1.0020537333758233
1351.145165896889,0.9996947,1.0007127509357856
1351.1465547576322,0.9996196,1.0047064663781817
1351.1479436183163,0.9997698,1.002117153800764
1351.149332479058,0.999961,1.0005602748378073
1351.1507213398013,0.9999293,1.0038229589754428
1351.1521102005445,0.99956954,0.999883258140673
1351.1534990612279,0.9998523,1.0015787769627518
1351.1548879219704,0.9995848,1.0011824870151826
1351.1562767827136,0.9995105,1.0044641286579692
1351.1576656433976,0.9999915,1.0018174637861255
1351.1590545041408,0.9999875,0.9998721088317101
1351.160443364825,0.9995932,1.0033889870301114
1351.1618322255672,0.9998384,1.0014518829195074
1351.1632210862522,0.99978733,1.0027849154412853
1351.1646099469947,0.99962544,0.9998196640257415
1351.165998807679,0.99965835,1.0031174869408666
1351.167387668363,0.9998289,1.002228858588366
1351.1687765290474,0.9998996,1.0037127715062937
1351.1701653897903,0.99963415,0.998502627638538
1351.1715542504746,0.9999257,1.004541878108393
1351.172943111158,0.99986184,1.0007944616916014
1351.174331971843,0.9993142,1.0014701018935264
1351.175720832528,0.9999821,1.0014496571044529
1351.177109693212,1.0000389,1.0031635642117036
1351.1784985538966,0.9998897,1.0007155478830225
1351.1798874145807,0.9999028,1.001405631726214
1351.1812762752647,0.9996926,1.002388808894754
1351.1826651359497,0.9998385,1.0016385034038626
1351.184053996634,0.99972564,1.003717196662679
1351.1854428573174,0.9999118,1.0035040089943645
1351.1868317180024,0.9997965,1.0007515637027802
1351.1882205786292,0.9996218,1.001419122382741
1351.1896094393132,0.9999426,1.0040616195817131
1351.1909982999975,0.99996114,1.0017861735779958
1351.1937760213086,0.9997111,1.0035155531617619
1351.1951648819934,0.99985564,1.003172790745638
1351.1965537426186,0.9999699,1.0010897895917916
1351.197942603303,0.999716,1.0006619017568321
1351.1993314639296,0.99972016,1.0061586714155588
1351.2007203245557,0.9993555,0.997762865922293
1351.2021091852398,0.99968797,1.0030885567478054
1351.2034980458657,0.9994877,1.0014528614057732
1351.2048869065502,1.0001112,1.0030689700516495
1351.2062757671767,0.99979323,1.002809432399239
1351.2076646278028,0.9996519,1.0017251812472747
1351.2090534884283,0.99991935,1.0014007249536134
1351.2104423490548,0.99994344,1.0017937618814023
1351.2118312096813,0.9997872,1.0024153932000859
1351.2132200703663,1.0002685,1.002089656106641
1351.2146089309924,0.99988526,1.0027294227804342
1351.2159977916176,0.9998245,1.0028599647659104
1351.2173866522444,0.99970776,0.9984996357939074
1351.218775512813,0.99979013,1.0017291719175625
1351.2201643734384,0.9996057,1.0040689650656893
1351.2215532340642,0.9997454,1.0012950199011268
1351.222942094691,0.99973166,1.001513888940967
1351.2243309553169,0.9998227,1.0057853257533993
1351.225719815943,0.99973685,1.0004449313705066
1351.2271086765109,0.9997921,1.0013249480566273
1351.2284975371367,0.9995737,0.9984378027319736
1351.2298863977053,0.9997797,1.0036577919389258
1351.2312752583312,0.9998013,1.0043591619531902
1351.2326641189566,0.9991792,0.9989235242899832
1351.2340529795251,0.99945366,1.0004656627956159
1351.235441840152,0.999685,1.0030576963133364
1351.2368307007202,0.9995627,1.0011990658495176
1351.2382195612881,0.99956477,1.0022663417853646
1351.2396084219135,0.999565,1.0032903322171787
1351.2409972824819,1.0000814,1.0023691203859166
1351.2423861430502,0.9998389,1.0004790405756383
1351.2437750036756,0.9997715,1.0004985206468073
1351.2451638642433,1.0002387,1.001868500759309
1351.2465527248119,0.99983495,1.002196450038951
1351.2479415853797,0.9996905,1.0016310666788661
1351.2493304459476,0.9998229,1.0051667654902676
1351.2507193065153,1.0000248,1.0006288557297351
1351.2521081670832,0.9995843,1.0007706479812437
1351.2534970276515,0.9997308,1.0004900940820227
1351.25488588822,0.9992605,1.0026641854381082
1351.2562747487873,0.99981666,1.001704488631497
1351.257663609355,0.9998368,1.0036708123278004
1351.2590524699235,0.99974203,1.0027481964669391
1351.2618301910015,0.99965864,1.0020187065567387
1351.2632190515687,0.99943346,1.0010271152146186
1351.2646079121373,0.9998867,1.0023241368520193
1351.2659967726477,0.9997868,1.0010257008074361
1351.2673856332146,0.9997659,1.0048696238722163
1351.2687744937243,0.99981785,1.001375458605682
1351.2701633542927,0.99982,1.0016132324534526
1351.2715522148023,0.99973434,0.999958022703579
1351.272941075371,0.99994797,1.004656894727416
1351.2743299358804,0.9998224,0.9996165576053783
1351.2757187963894,0.9996548,1.0030703125102245
1351.277107656958,0.9998365,1.0005197290528305
1351.278496517468,0.9998384,1.001476565554026
1351.2798853779768,0.9996897,1.00170083642421
1351.2812742384867,0.9997383,1.0024350012048753
1351.282663099055,0.99976194,1.0011636469491083
1351.2840519595652,0.99973506,1.0029802237011405
1351.2854408200749,0.99976814,1.0033978617654618
1351.2868296805837,0.9999083,1.0026376628270448
1351.288218541094,0.9995623,1.0039151053653284
1351.2896074016044,0.999723,1.0024027054910736
1351.2909962621138,0.9997755,1.002096766153938
1351.2923851225655,0.9996887,1.0005513080859165
1351.293773983075,1.0001904,1.0050183191572117
1351.2951628435844,0.99982595,1.0013724611852703
1351.2965517040948,0.99941236,0.9996885055460926
1351.2979405646045,1.0000108,1.0018325885755683
1351.299329425055,1.0001416,1.00153055296516
1351.3007182855654,0.9998319,1.0028264153780613
1351.3021071460757,0.9997208,1.001867288373623
1351.3034960065265,1.0000976,1.0018577548694867
1351.304884867036,0.9994744,1.0030707940927386
1351.3062737274881,0.99978787,1.0020625954902778
1351.3076625879985,0.9996721,1.0016117882217555
1351.3090514484504,0.9998731,1.0012469186926924
1351.3118291694107,0.9996059,1.0049963567523452
1351.3132180298626,0.99960965,1.0015498864868755
1351.3146068903143,0.9997685,1.0035094999763319
1351.3159957507655,0.99973845,1.0029450970291058
1351.317384611275,0.999815,1.0011023013102556
1351.3187734717267,1.0000097,1.0021387485882562
1351.32155119263,0.9996907,1.0034124466138137
1351.3229400530806,0.9997538,0.9983764857835662
1351.3243289135326,1.0001488,1.0053698619629692
1351.3257177739847,0.9998208,0.9997190236574174
1351.3271066344362,0.99964654,1.0043911841286879
1351.3284954948294,0.9999612,0.9999781757539262
1351.3298843552807,0.99934536,1.0040548877187676
1351.3312732157328,0.99988055,1.0019028658116187
1351.3340509365776,0.9995487,1.0029454124022765
1351.3354397970288,0.9996482,0.999457438596528
1351.336828657481,0.99991834,1.005504904747929
1351.338217517874,0.9998396,0.9995074689820526
1351.3396063783255,0.99967766,1.0035904166628187
1351.3409952387187,0.9998946,1.002852947671536
1351.34238409917,0.99974316,1.000248087641703
1351.343772959564,0.99997824,1.0043574804459516
1351.345161820016,0.9995044,1.0019765734307144
1351.3465506804084,0.9997611,1.0029540354943305
1351.3479395408017,0.999909,1.0037765193640316
1351.3493284011956,0.999994,1.0011575381439395
1351.3507172616469,1.0001789,1.0025041617612487
1351.35210612204,0.9996484,1.002113384064181
1351.3534949824332,0.99987805,1.0030254392533124
1351.354883842827,0.9998073,1.0023724086549612
1351.3562727032208,0.99964505,1.0033043427587514
1351.3576615636134,0.9998359,0.9991416944109495
1351.3590504240065,0.9996793,0.9993704983530434
1351.3604392844004,0.99929065,1.0071198051306456
1351.3618281447937,0.9997297,1.0029851715060036
1351.363217005187,0.9993518,0.9948626828756222
1351.3646058655218,0.99971664,1.004155730999191
1351.365994725915,0.9995328,1.0022344752180088
1351.3673835863087,0.99931467,1.0046552006253873
1351.3687724467027,0.9995179,1.0009985756371094
1351.370161307037,0.99979115,1.0009212189074976
1351.37155016743,0.9997471,0.9999365203106296
1351.3729390277658,0.99989295,1.000599576544272
1351.3743278881589,1.0000517,1.003650919569881
1351.3757167484941,0.9997559,1.0010228491284616
1351.3771056088872,0.9998803,1.0012662071492502
1351.378494469223,0.99965084,1.001273838376529
1351.3798833296169,0.99955773,1.002429911902012
1351.381272189951,0.99977624,1.0008372334976978
1351.382661050286,0.99989665,1.005606585881267
1351.3840499106216,0.99971783,1.000362593747182
1351.3854387710148,0.9997791,1.0014628323012427
1351.3868276313506,0.9999836,1.003701715268998
1351.3882164916854,1.0000043,1.003517226584915
1351.3896053520198,0.9997025,0.9987610805589439
1351.392383072691,0.9992803,1.0035543409210947
1351.3937719330252,0.9994464,1.0013202338663678
1351.3951607933602,0.99988216,1.0034885127153075
1351.3965496536957,0.9996768,0.9988146312506536
1351.3979385139728,0.9995261,1.0014421492841656
1351.3993273743076,1.0000502,1.0032793008413723
1351.4007162346425,0.99964553,1.003849352234029
1351.4021050949782,0.9998195,1.0017716138880508
1351.4034939552557,0.99983823,1.0012342169198476
1351.4048828155906,0.9999088,1.0035631593434389
1351.4062716758676,0.9997757,1.003565388209227
1351.4076605362025,1.0000528,1.0020223994789699
1351.409049396479,0.9998963,1.0007512201096973
1351.4104382568148,0.9997581,1.0014801833117948
1351.4118271170914,0.99989027,1.0034594813828217
1351.4132159774258,0.99971724,1.0015879729448995
1351.4146048377033,0.99978524,0.9999958063948842
1351.4159936979809,0.9997807,1.0012586926590556
1351.417382558257,0.99995583,1.0033062043547805
1351.4187714185919,0.999725,1.005166805806371
1351.4201602788694,0.99988276,0.9991596890778409
1351.421549139146,0.99975693,1.0028946669050351
1351.4229379994235,0.99983203,1.002924183500552
1351.4243268597002,1.0000648,1.0026115422295097
1351.425715719977,0.9994652,1.0018064818337906
1351.4271045802543,0.9997135,1.0005396803637823
1351.4284934405314,0.99978924,1.0054670207273375
1351.429882300808,0.9999762,1.000760239682212
1351.4312711610846,0.9994947,1.0021407696537967
1351.4326600213035,0.99960977,0.9989192800334399
1351.4340488815808,0.9998983,1.0050479465048971
1351.4354377418576,0.99935114,1.0003852006832228
1351.4368266020754,0.99990314,1.0031714745709794
1351.4382154623527,1.0000312,1.0030306834920226
1351.4396043226302,0.99995816,1.0011943961913665
1351.4409931828488,0.9999023,1.0008766080781848
1351.4423820431257,0.9996752,1.0050010192390848
1351.443770903344,0.99983925,1.001322920272199
1351.4451597635627,0.99967784,1.0026229654323056
1351.44654862384,0.99988985,1.0027239936123526
1351.447937484059,0.99954367,0.9990289184077366
1351.4493263442773,0.9997056,1.001777438973952
1351.4507152045549,0.9998682,1.0037710740605295
1351.4521040647733,0.99959546,1.0008213552565108
1351.4534929249917,0.99976784,1.0006925056210647
1351.4548817852105,0.9998587,1.0042859478245503
1351.456270645429,0.9998473,1.0009712542248344
1351.4576595056483,0.9999564,1.003136711684775
1351.4590483658676,0.9996982,1.0014947285366758
1351.4604372260853,0.9995797,1.000735711791562
1351.461826086304,0.9998113,1.001220219543831
1351.4632149465233,0.99994695,1.0031464987860794
1351.4646038067417,0.99996096,1.003535114400786
1351.465992666902,0.999855,1.0002205052611877
1351.4673815271206,0.99980694,1.0017450254595208
1351.4687703873392,1.0000478,1.0017578915839875
1351.4701592475003,0.9998224,1.0051471204527236
1351.4715481077187,0.9995322,0.99812045274172
1351.4729369678785,0.99996203,1.0037359971020177
1351.4743258280978,0.99961185,1.0036831151697885
1351.4757146882587,0.9997049,1.0000431136085899
1351.4771035484778,1.0000327,1.003444073382115
1351.4784924086382,0.99962455,0.9964271335038206
1351.479881268856,0.9995995,1.003134958873772
1351.481270129017,0.999772,1.0041790828304467
1351.4826589891782,0.99984664,0.9975469391180389
1351.484047849338,0.99978787,1.0056218369152627
1351.4854367094981,0.9995057,1.0015854277461584
1351.4868255697174,1.0000771,1.0036856485020493
1351.4882144298776,0.9998976,1.000205148440624
1351.4896032900383,0.99966544,1.0032321601578948
1351.4909921501985,0.99975294,1.0018064682678138
1351.4923810103587,0.99954987,1.0009359654953593
1351.4937698705198,0.99987507,1.0050078455764122
1351.4951587306227,0.9998086,1.0018907597549682
1351.4965475907825,0.99972683,1.0030771737396262
1351.4979364509427,0.99959964,1.0007793091308743
1351.4993253111038,0.9998571,1.0013594254236942
1351.5007141712067,1.0001227,1.0034249966969109
1351.502103031367,0.999636,1.0008324773272497
1351.5034918915267,0.99952215,1.003056563771837
1351.5048807516296,1.0001005,1.0033750460608641
1351.5062696117905,0.99955064,1.001110060179755
1351.5076584718918,0.99965656,1.0031412725391582
1351.5090473320522,0.99986887,1.0018039267528633
1351.5104361921549,0.9995134,0.9982511436924804
1351.5118250522573,0.9999259,1.0033909207580112
1351.5132139124182,0.999726,1.002330060179473
1351.5146027725204,0.9994951,1.0018410790967396
1351.515991632622,0.9999088,1.002553679387528
1351.5173804927247,0.99956626,1.002948762178323
1351.5187693528273,0.9998863,0.9995068070530234
1351.520158212929,0.99976665,1.0062969691722696
1351.521547073031,0.9997925,0.9994471656779635
1351.5229359331338,0.9993304,1.0021334365913943
1351.5243247932367,0.99981016,1.003140305406557
1351.5257136533387,0.99966764,1.0031300058413588
1351.5271025134402,0.99992174,0.9987099208872892
1351.5284913735431,0.99945176,1.002214494016833
1351.529880233646,0.9996574,1.0044717724490506
1351.5312690936898,0.99962455,1.0010404637812098
1351.532657953792,1.0000999,1.0014523061989102
1351.5340468138943,0.99981046,1.0002711049556137
1351.535435673938,0.999805,1.0024160534923867
1351.536824534041,0.9997177,0.9996128652068493
1351.5382133940848,1.0000759,1.0049813826168688
1351.5396022541863,0.9996372,1.000348289125439
1351.540991114231,0.9996668,1.001812983849627
1351.542379974334,0.9997084,1.0025659481458868
1351.543768834377,0.9996034,1.001808431790123
1351.545157694421,0.99974823,0.9983485645303029
1351.5465465544657,0.9996669,1.0057711494713122
1351.5479354145684,0.9998501,1.002514171603588
1351.549324274613,1.0002096,0.9999211808600755
1351.5507131346562,0.99973494,0.9993749434405003
1351.5521019947,0.99977314,1.0047913771923687
1351.5534908547447,0.99929994,1.001950196701559
1351.5548797147887,1.0000057,1.000327494489367
1351.5562685748328,0.99973506,1.0043601932975927
1351.5576574348765,0.9998674,1.0017359061672602
1351.5590462949206,0.9994607,0.999457380236531
1351.5604351549068,0.9997411,1.0045837463024254
1351.5618240149508,1.0000072,0.9991073551926295
1351.563212874994,0.99981517,1.0034221971142343
1351.5646017349804,0.9994511,1.0006192759171753
1351.5659905950251,0.9992344,1.0020831594170783
1351.567379455069,0.9998359,1.004851222923538
1351.568768315055,1.000058,1.0015304342579772
1351.5701571750988,0.99981636,1.0033678476108185
1351.5715460350852,0.9996892,0.9989286007270395
1351.5729348950717,1.0000067,1.0060010672365305
1351.5743237551148,0.99955034,0.9986676964336552
1351.5757126151007,0.99989897,1.0054561389452414
1351.577101475087,0.99993074,0.9993584968200439
1351.5784903350727,0.999766,1.003163517513354
1351.5798791951165,0.9998494,1.0047024682651657
1351.5812680551023,0.99978656,1.0019835379080235
1351.5826569150881,0.99988174,1.0011559570926611
1351.5840457750746,0.99955904,1.001941631468301
1351.585434635061,0.9998936,1.004203816485742
1351.5868234950458,0.9998697,1.0020236636842323
1351.5882123550318,0.9996444,1.0028432003546246
1351.5909900749457,0.99988544,1.0005075659835987
1351.5923789349313,0.99999446,1.0038369629968664
1351.5937677949169,0.99995285,1.0046360277513149
1351.5951566548451,0.9997424,0.9993051250675198
1351.5965455148316,1.0001764,1.0018383871564698
1351.5979343748168,0.9998032,1.0032333387614178
1351.5993232347441,0.99961776,1.0034789433198341
1351.6007120947306,0.9994771,0.9986263178372808
1351.602100954658,1.0000077,1.0012672506667086
1351.6034898145863,1.0000348,1.0056128428606266
1351.604878674572,0.9994398,0.9978153095144026
1351.6062675344988,0.9998553,1.0039082326456814
1351.607656394427,0.9996532,1.0017335375832932
1351.6090452543554,0.9997556,1.0037667765025622
1351.6104341143405,0.9996019,0.9968404053799259
1351.6118229742679,0.9996996,1.0047111904245605
1351.6132118341961,0.999812,1.0005629591569205
1351.6146006941235,0.9999282,1.0025585590247543
1351.615989554051,0.9997488,1.0034861560521355
1351.6173784139787,0.9996561,1.0009220410038082
1351.6187672739068,0.9995184,1.0005331415899834
1351.6201561337766,0.9999863,0.9989521671475919
1351.6215449937044,0.99990916,1.0022049172913292
1351.6229338536318,0.9997324,1.0062463062321514
1351.6243227135592,0.9996554,0.9988139748879268
1351.6257115734288,0.99985874,0.9978779961017541
1351.6271004333569,0.99992883,1.006370695511052
1351.6284892932263,0.99971277,0.9997085786010174
1351.629878153153,0.9993421,1.0000967896228743
1351.6312670130228,0.9997689,0.9982374522851731
1351.632655872951,0.9996077,1.0045225631052084
1351.6340447328198,1.000069,0.9979601542317755
1351.6354335927472,0.99967325,0.9985371439615236
1351.6368224526173,0.9998252,1.003690452470057
1351.6382113124866,0.9999233,1.003331688838635
1351.6396001723565,0.9999091,1.003143296660043
1351.6409890322261,0.99961877,1.001240003628678
1351.6423778920953,0.9997183,1.0034480157641865
1351.6437667519654,0.9996791,1.0021044791447573
1351.6451556118345,0.9998675,1.0016790517257719
1351.646544471704,1.0001156,1.0042497814064462
1351.6507110513126,0.999892,1.0009790459613734
1351.6520999111817,0.999923,1.0035590164784902
1351.6534887709922,0.9996333,1.004378502651772
1351.6548776308623,0.9997061,1.0019576391069527
1351.6562664907324,0.99983406,1.0011687599673929
1351.6576553505433,0.9998259,1.0013230178115877
1351.6590442104125,0.999901,1.0036867488630312
1351.6604330702237,0.9998488,1.0035431998999704
1351.661821930093,0.9997556,1.0012413519049972
1351.663210789905,0.9997459,0.999052558577352
1351.664599649716,0.99987286,1.0034707586647242
1351.665988509585,1.0002152,1.0013658775170566
1351.667377369397,0.9999197,1.004407556654319
1351.6687662292081,1.0000598,1.0030632706003701
1351.6701550890198,0.9998252,1.0010891199297545
1351.6715439488312,0.9998228,1.0032415101173833
1351.6729328086997,1.0000579,1.0025907728573005
1351.6743216685113,0.9999021,1.0032322484417924
1351.675710528265,0.999812,1.0026419706202079
1351.6770993880755,0.99986637,1.0015465597961413
1351.6784882478864,0.999949,1.0033798483180907
1351.6798771076983,0.9999788,1.0030572398151645
1351.6812659675093,0.9999096,1.0026370633718844
1351.6826548273207,0.9997675,1.0003119017791589
1351.6840436870734,0.9996909,1.004136500319051
1351.6854325468844,0.99990547,1.0032578321258436
1351.686821406638,0.9993497,0.9998517397256717
1351.68821026645,0.9996524,1.0037956105285097
1351.6895991262027,1.0000044,1.0055815670003192
1351.6909879860139,0.99994147,1.0027784105434576
1351.6937657055787,0.99978423,1.0037730487977756
1351.6951545653314,0.9997,1.000734498351525
1351.6965434250837,0.99977833,1.0043188792921127
1351.6979322848374,1.0000343,1.0000653345014512
1351.6993211445908,1.0000795,1.0050802208918446
1351.7007100044011,0.99996305,1.0009152229611713
1351.702098864154,0.9996504,1.0018613172712472
1351.7034877239075,0.99962455,1.006085798003888
1351.7048765836607,1.0000271,0.9990733189584067
1351.706265443356,1.0000837,1.0039955947856496
1351.707654303109,0.99963886,1.0031505459996037
1351.7090431628612,0.9998921,1.0025778778232401
1351.7104320226147,0.9995541,1.0025246540832091
1351.711820882368,1.0000341,1.001916197319874
1351.713209742063,0.9999347,1.0044065164691636
1351.7145986018159,0.9997658,1.0011270167253583
1351.7159874615104,0.99989456,1.0025554061690802
1351.717376321264,0.99999416,1.0021404329413464
1351.7187651809586,0.9998071,1.0044432163054942
1351.720154040711,0.9998619,1.0033087462667052
1351.7215429004063,0.999862,1.0016409506502129
1351.72293176016,0.9999274,1.0022072031544282
1351.7243206198546,1.0000927,1.0042020948740003
1351.7257094795493,0.9998861,0.9995686051732573
1351.727098339244,1.0001663,1.0032661118161763
1351.7284871989386,1.0000402,1.0026951084879698
1351.729876058634,0.99991614,1.0002298731916504
1351.7312649183286,1.0001627,1.0032846259123471
1351.7326537780227,0.9999535,1.0020950966946187
1351.7340426377182,0.99993896,1.0039828748918378
1351.7354314974136,0.9997071,1.0030713946755396
1351.7368203571082,0.99989337,1.0033322531238442
1351.7382092168027,0.9997139,1.0010227800733777
1351.7395980764977,0.9993508,1.0035639556771307
1351.7409869361347,0.9997847,1.002628598193774
1351.74237579583,0.9999824,1.0001581293607333
1351.743764655524,0.9999513,1.0028013823806778
1351.7451535151604,0.99958533,1.00134815166954
1351.7465423748558,1.0000316,1.0038492769952567
1351.7479312344924,1.000008,1.0008207486773297
1351.749320094129,1.000267,1.0056618516252134
1351.7507089538235,0.9998691,1.0002815323746943
1351.75209781346,0.9997143,1.0019106587900524
1351.753486673097,0.99983275,1.003345787182008
1351.7548755327339,0.99982905,0.9998807869753409
1351.7562643924277,0.99988824,1.002013534525838
1351.759042111702,0.99976027,0.999847259530215
1351.7604309713392,0.999811,1.004523224613108
1351.7618198309756,0.99997723,1.0004344106033476
1351.7632086906115,0.99995244,1.0042393904183438
1351.7645975501905,0.99957126,1.002595380931246
1351.7659864098277,0.9999918,1.0020881232778849
1351.7673752694634,0.9999097,1.003114350430371
1351.7687641291,0.99981266,1.0002047757133805
1351.770152988679,0.9997984,1.0037909592901697
1351.7715418483153,1.0002556,1.0022733248136262
1351.7729307078935,1.0000062,1.0017701103425911
1351.77431956753,0.9999664,1.002023531411238
1351.7757084271084,0.9998084,1.0002999552381049
1351.7770972867456,0.9996748,0.9992510700115612
1351.7784861463244,0.9998319,1.0026054895311844
1351.7798750059019,0.9998536,1.0026402373855738
1351.7812638655387,1.0001252,1.0011704857254518
1351.7826527251175,0.99992055,1.001619763713886
1351.7840415846963,0.9995934,1.0035140465911079
1351.7854304442747,0.9997635,1.0023194189475526
1351.7882081634311,1.0000178,1.0034236399095353
1351.7909858825883,1.0001651,1.0144399533553667
1351.7923747421669,0.99965394,1.0094874455450904
1351.793763601745,0.9997021,1.005828259934268
1351.795152461265,0.9993854,1.003377433023166
1351.796541320844,0.99986666,1.0023502785990992
1351.7979301804223,1.0000893,1.003719545437905
1351.7993190399416,0.9999309,1.0011335678056033
1351.8007078995206,1.0001944,1.0047498700545772
1351.8020967590414,0.9997469,1.0004261336939164
1351.803485618619,0.9995547,1.0047374566126552
1351.804874478139,0.9997641,1.0026616142146716
1351.8062633376599,0.99985915,1.0035697422600658
1351.807652197238,0.9999062,1.0019331716976096
1351.8090410567588,0.99971396,1.0002557718090506
1351.8104299162787,0.99967915,1.001693460280791
1351.811818775799,0.9999902,1.000128183888929
1351.8132076353197,0.9998319,1.0041573267718868
1351.8145964948399,0.9997981,1.003715986705329
1351.8159853543598,0.99976957,1.0009980047202043
1351.8173742138797,0.9998855,1.002026783069895
1351.8187630734,0.9997327,1.0006747943566177
1351.8201519329207,1.0001211,1.0027175974584246
1351.8215407924408,0.99960375,1.0015759237988555
1351.822929651902,0.9998119,0.9980867731359258
1351.8243185114227,0.9996009,0.999314280447798
1351.8257073709433,0.9994057,1.0043106188733029
1351.8270962304055,0.9997305,1.0024698891529202
1351.8284850899254,1.0000932,1.0006384623678692
1351.829873949387,1.000028,1.0043500929940767
1351.8312628089072,0.9999032,1.0026863388260452
1351.8326516683696,0.99976784,1.0013037390714672
1351.8340405278318,0.9998446,1.0012956580107575
1351.8354293872935,0.9999428,1.0019611944513631
1351.8368182468143,0.9995526,1.004271513976257
1351.838207106276,0.9997808,0.9998138837772131
1351.839595965738,0.9998926,1.00592310018784
1351.8409848252,0.9998008,1.0016621658466032
1351.8423736846617,0.99984396,1.0000376681710421
1351.8437625441243,0.99988526,1.002841389300558
1351.845151403587,0.9999345,1.002618168190879
1351.846540263048,0.99987453,1.0013484275604976
1351.8479291224517,0.9997971,1.0040796861360333
1351.8493179819143,0.9992754,1.0023543895002438
1351.850706841376,0.99962145,1.0024941876512203
1351.8520957007795,0.99988854,1.0031551917090629
1351.8534845602417,0.9996324,1.0032376442930857
1351.8548734196452,0.9996028,1.000539979698781
1351.8562622791078,0.9999624,1.0034913309908138
1351.8576511385113,0.99989456,1.0004634173550098
1351.859039997973,0.9997387,1.0018170590403745
1351.8604288573774,0.9998033,1.0009691051577156
1351.8618177167812,0.9998901,1.0009035809075575
1351.8632065761853,0.99984986,1.0058215883689383
1351.8645954356475,0.99973303,0.9995392666831343
1351.8659842950503,0.99979794,1.0011387579419129
1351.8673731544545,1.0001103,1.004939606350811
1351.868762013859,0.99969256,0.9989753348128311
1351.870150873262,0.9997444,1.0039324296021872
1351.8715397326655,0.99977016,1.0029827377019784
1351.8729285920117,0.99968696,1.0031541328375282
1351.8743174514152,0.99987257,1.0032869999964367
1351.8757063108196,0.99987656,1.0011752243534904
1351.8770951702234,0.9997838,1.0053356727009763
1351.878484029568,0.9999488,1.0011617715267616
1351.8798728889724,0.99989796,1.0011223237726583
1351.8812617483186,1.0000418,1.006182602505593
1351.882650607722,0.9998324,1.0001562151670513
1351.8840394670676,1.0002071,1.0016584799673796
1351.8854283264714,1.0001754,1.0039302059885642
1351.8868171858176,0.999765,0.9979674992592626
1351.8882060451629,1.000034,1.0054199684591791
1351.8895949045077,0.99934447,1.00026780192136
1351.8909837639121,0.9996725,0.999576034741563
1351.892372623258,0.9997411,1.001859658825317
1351.8937614826036,0.9998189,1.0012069299459068
1351.895150341949,0.99997634,1.004450988395063
1351.8965392012944,1.000114,1.001680875632753
1351.8979280605818,0.99995637,1.0040267483948488
1351.8993169199277,0.9998479,1.0002541382324461
1351.9007057792733,0.9998784,1.004277927836622
1351.902094638618,1.0000966,1.002832909489476
1351.9034834979059,0.9999841,1.001096569754054
1351.9048723572519,0.9997069,1.0034222369558519
1351.9062612165976,0.9998851,0.9997656029093919
1351.9076500758847,1.0000306,1.0053054963627384
1351.90903893523,0.999951,1.0008324922492828
1351.910427794518,0.9997633,1.0008929182490505
1351.911816653806,0.9997772,1.002934647089668
1351.9132055131508,0.9998948,1.003702767953417
1351.914594372438,0.99967515,1.0025289965550266
1351.915983231726,0.9999702,1.0030118825089258
1351.917372091013,1.0000904,1.0026711901767824
1351.9187609503003,0.999675,1.0035114964289855
1351.9201498095877,1.0001284,1.0022090556530983
1351.9215386688747,1.0002396,1.0042283906156022
1351.9229275281627,0.9996403,1.0004826444082842
1351.9243163874498,0.9994847,1.0027467499290836
1351.9257052467365,1.0001175,1.003212970461755
1351.9270941059663,0.99994063,1.0028793570274896
1351.9284829652543,1.0000005,0.999716910214426
1351.929871824542,0.99964815,1.0037052236166533
1351.9312606837711,0.9999592,1.0013579216721884
1351.9326495430578,0.99995065,1.0033167609750275
1351.9340384022873,0.9999346,1.0034661198137276
1351.9354272615751,1.0000075,1.002558831550413
1351.9368161208035,0.9997079,0.9995439848613032
1351.9382049800327,0.9996706,1.0041831169096307
1351.9395938393204,0.999588,1.0001882911813937
1351.9409826985495,1.0000563,1.0025082572519326
1351.942371557779,0.9998274,0.9993992166238796
1351.9437604170084,0.9996794,1.008117892175011
1351.9451492762366,0.99984944,0.9990780305617964
1351.9465381354662,0.999984,1.0041259533905678
1351.947926994696,0.9999747,0.9996266778530656
1351.9493158539244,0.99999225,1.0031793690812736
1351.9507047131533,0.99984175,1.0043526824441504
1351.952093572383,1.0000067,0.9988814834480972
1351.9534824315547,0.99987495,1.0032772744669542
1351.9548712907836,0.999694,1.0009923273431796
1351.9562601499538,0.99952257,1.0010127686268955
1351.9576490091836,0.99973476,0.9988708935985311
1351.9590378683552,1.0000032,1.0040854952923595
1351.960426727584,0.9998083,1.0018752574223835
1351.9618155867547,1.0000699,1.0036007445630994
1351.963204445984,0.99978846,0.9995546353341259
1351.9645933051547,0.9997283,1.0028891209748503
1351.9659821643263,0.9998622,1.0016745211785418
1351.967371023497,0.9998337,1.0022536914963105
1351.9687598826672,0.99999505,1.000443868796098
1351.9701487418388,1.0000443,1.0059742383664025
1351.9715376010101,0.9997195,1.0000884041029394
1351.9729264601801,0.9999977,1.0030387675491077
1351.9743153193513,0.99964154,1.0014831862592857
1351.9757041785226,0.9992133,1.0007654276333842
1351.977093037694,0.99999154,1.0038401091189708
1351.9784818968074,0.99973905,0.9998198137590729
1351.9798707559776,0.9998475,0.9994158379124239
1351.9812596151482,0.99984694,1.0008458792643817
1351.9826484742616,0.9998156,1.0013175343756378
1351.9840373334323,0.9998078,1.0054001959047276
1351.9854261925452,0.99970406,0.9988397600964005
1351.9868150516577,0.99961174,1.0010705640549455
1351.9882039108284,1.0000997,1.0041886778280966
1351.9895927699417,0.9998022,0.9987919699215281
1351.9909816290544,0.9997559,0.999632284532114
1351.9923704881662,0.9998834,1.006551077482923
1351.9937593472796,0.9994542,1.0013196244841351
1351.995148206393,0.99983037,1.0026317939747191
1351.9965370655054,0.99996805,1.0031842752990199
1351.9979259246181,0.99979526,1.0021502644030675
1351.9993147837308,0.9997111,1.0018039080743428
1352.0007036428442,1.000028,1.0027278099674155
1352.0020925019573,0.99964255,1.0035105026253734
1352.003481361011,0.9999384,1.0036319236193176
1352.0048702201238,1.0000614,0.9964421576229391
1352.0062590791788,0.9998646,1.0030329333939045
1352.0076479382915,0.9996486,1.002297320449719
1352.0090367973467,0.99987715,1.0000948137447965
1352.0104256564591,0.9998501,1.0026608040090867
1352.0132033745679,0.99989426,1.0004944054872547
1352.014592233681,0.99983674,1.0058335756589596
1352.0159810927348,0.9998307,1.001153750574032
1352.0187588108442,1.0000049,1.0009042786542002
1352.020147669899,1.0000005,1.006334371694543
1352.0215365289532,0.99993545,0.9986556234723797
1352.0229253880075,0.99998635,1.003147892616678
1352.0243142470626,0.9998287,1.003885055027101
1352.0257031060596,1.0000755,1.0034612113506263
1352.0270919651139,0.9997782,1.0030854624130787
1352.0284808241684,0.9995341,0.998684195204142
1352.0298696831646,0.99980444,1.003021382902994
1352.031258542219,0.9997687,0.9991124880355331
1352.0326474012159,0.9998357,1.00195574622239
1352.03403626027,0.9999913,1.000814979892578
1352.0354251192657,0.9997429,1.0065146665250386
1352.0368139782627,1.0000933,1.002769021601316
1352.0382028373178,0.9997886,1.0028230437491183
1352.0395916963132,0.99977386,1.0002379730773732
1352.0409805553095,0.9998689,1.0018615966907551
1352.0423694143064,0.99982893,1.0057326817721663
1352.0437582733025,0.9996947,1.000812425976678
1352.0451471322995,0.999692,1.0022150080469756
1352.0465359912955,0.9999326,1.002197914582158
1352.0479248502918,1.0000589,1.003523718134334
1352.0493137092885,0.99977404,1.000671327540506
1352.0507025682268,0.9999614,1.0030232278154734
1352.0520914272229,0.9997563,1.0016152487743375
1352.053480286219,0.99984926,1.0041818333723582
1352.054869145157,0.999452,0.9992257864858912
1352.0562580041537,0.99991065,1.0047673532828654
1352.0576468630925,0.99978286,1.0035645741198587
1352.0590357220299,0.9995883,1.001060131347087
1352.060424581026,0.99976796,1.0021345746407477
1352.0618134399647,0.9999115,1.002422077606725
1352.0632022989028,0.9997982,1.0023792554804356
1352.0645911578408,0.9997086,1.0022154498009603
1352.0659800167787,0.99967647,1.0024270074450883
1352.0673688757165,1.0001072,1.0044342378116358
1352.0687577346553,0.9999531,1.0017509628740686
1352.0701465935933,0.9997986,1.0042986828566363
1352.0715354525314,0.99980605,0.9983941918634592
1352.0729243114702,0.9997191,1.0051783868640907
1352.074313170408,0.9997394,1.0016380508991078
1352.0757020292885,1.0000038,1.0047370914011235
1352.0770908882264,0.99963903,1.002354933148404
1352.0784797471056,0.9998961,1.0011036348075297
1352.0798686060443,1.0000994,1.0021120962544525
1352.0812574649246,0.99968404,1.0030552684915908
1352.0826463238618,0.9998351,1.001194410869566
1352.084035182742,1.000134,1.0060391601243686
1352.0854240416222,0.9998361,1.0019469314362643
1352.086812900502,0.9996211,1.0037957423435298
1352.08820175944,0.9997555,1.001136548542124
1352.0895906183198,1.0000077,1.0049299310927424
1352.0909794771997,1.0003098,1.0043873069543916
1352.0923683360802,1.0000868,1.0025587095574993
1352.0937571949605,0.9999502,1.0023949684465372
1352.0951460537813,0.9997423,1.002808460564348
1352.0965349126611,0.99984646,1.002612921536823
1352.0979237715414,0.999493,1.0033156410452764
1352.099312630422,1.0001788,1.0040178325865066
1352.1007014892436,0.99980813,1.0014735094969722
1352.1020903481226,0.9996173,1.0018339278274107
1352.103479206945,0.99994063,1.0029970821317336
1352.1048680658255,1.0002495,1.002762198573056
1352.106256924647,0.99992436,1.002121549703153
1352.1076457834686,0.9998639,1.0046531246758648
1352.1090346422902,0.99953514,1.002978585469357
1352.1104235011699,1.0000173,1.0016092239037528
1352.1118123599922,0.999769,1.0040071839353322
1352.1132012188136,0.9995428,0.9997939313952456
1352.1145900776346,0.9998963,1.004447927106816
1352.115978936457,0.99990296,1.0008600105394865
1352.1173677952793,0.99972016,1.0028107204109848
1352.1187566540418,0.9998731,0.9998807400600302
1352.1201455128635,0.99982476,1.0032014465691248
1352.1215343716858,0.99996555,1.0036732860564719
1352.12292323045,0.99967885,1.0017360319630002
1352.124312089272,1.000047,1.0014686177208063
1352.1257009480346,0.99985045,1.004547377775918
1352.1270898068562,0.9997981,1.0039107168743628
1352.1284786656202,0.99978137,1.0022167421566095
1352.129867524442,0.9996944,1.0034516069907513
1352.1312563832053,0.9997882,1.0034077284258531
1352.1326452419685,0.9992958,1.0017077745562704
1352.1340341007322,0.99976796,1.002694197203653
1352.135422959496,1.0000424,1.0006674800319981
1352.1368118182595,0.9998778,1.003929099812313
1352.138200677022,0.9999879,1.0030519604224957
1352.139589535786,0.9998764,1.0028132722841663
1352.14097839455,0.9999817,0.9999267098980225
1352.1437561120188,0.9999046,1.0030420576636943
1352.145144970782,0.99990857,1.001094671347055
1352.1465338295461,0.9998038,1.0045814587448012
1352.147922688252,0.99982035,1.0010180283241192
1352.1493115470146,0.99977016,1.0015939949877797
1352.1507004057198,0.9996325,1.0041373862562397
1352.1520892644257,0.9996001,1.0026351524519703
1352.153478123189,0.9997569,1.0011444025292637
1352.1548669818949,0.9996216,1.0042981125071146
1352.1562558406,0.9997683,1.0018789817625098
1352.1576446993045,0.9999349,1.0006777346751117
1352.1590335580104,0.99989074,1.0017211179074188
1352.1604224167163,0.9998243,1.0044604812241043
1352.1618112754206,0.9996243,1.001408971178001
1352.1632001341259,1.0000985,1.00420004381286
1352.1645889928316,0.99965894,0.9997576878143347
1352.1659778514786,0.99987864,1.0061213890425118
1352.1673667101836,0.9996922,0.9979141004054272
1352.1687555688889,0.9996336,1.0055305898103257
1352.1701444275363,1.0001397,1.0005574240897288
1352.1715332862423,1.0000743,1.002620511219361
1352.1729221448893,0.9996751,1.0001171355424825
1352.1743110035363,0.99959636,1.0039812637203145
1352.1756998622413,0.99953,1.0034341029876546
1352.1770887208884,0.999841,1.0035446085415447
1352.1784775795359,0.9994043,0.9957158231930568
1352.179866438183,0.99992764,1.0012083441150779
1352.1909773073016,0.99991053,1.0094991959640174
1352.1923661658905,0.9999349,1.0069572045972688
1352.1937550245375,0.99996054,1.004364187141652
1352.1951438831268,1.0000062,1.001948752711264
1352.1965327417156,1.000031,1.005687699259348
1352.1979216003624,0.99996674,1.0030126964708723
1352.1993104589512,1.0002275,1.0021697996168615
1352.20069931754,1.0000145,1.0024211971373889
1352.2020881761296,1.0000147,1.0035352585514987
1352.2034770347188,1.0000024,1.003138788084439
1352.2048658933068,0.9999029,1.0037694658939929
1352.2062547518956,0.99997556,1.002802138745019
1352.2076436104849,0.9999515,1.0033324909269146
1352.209032469074,1.0000972,1.0035800540491246
1352.2104213276043,0.9999504,1.0022124376342487
1352.211810186193,0.9998567,1.0031024535931747
1352.213199044782,1.0000281,1.0031462608016646
1352.214587903313,1.0000175,1.0023774917688935
1352.2159767619019,1.0000873,1.0023824998498978
1352.2173656204322,1.0001022,1.0029091777036665
1352.2187544789635,0.99978757,1.0034677892033592
1352.2201433375521,1.0000176,1.0037150200931277
1352.2215321960834,1.0000395,1.002889653854976
1352.222921054614,1.0000514,1.002967589620213
1352.2243099131438,1.0000192,1.0027127197530075
1352.225698771675,1.0001669,1.0044544666195896
1352.2270876302064,0.9999465,1.0016872412614735
1352.2284764887363,0.9999391,1.0029542169867838
1352.2298653472667,1.0001012,1.0023325387881883
1352.2312542057398,0.9999764,1.0032870086031387
1352.2326430642702,1.0000353,1.0034419502401508
1352.2340319228015,1.000043,1.0018184778666128
1352.2354207812737,1.0000132,1.0034124040143448
1352.2368096398036,1.0001204,1.001974232512296
1352.2381984982767,1.0001217,1.0020209407587086
1352.2395873567498,1.0000514,1.0048262618761263
1352.2409762152802,0.9999648,1.0028020394470878
1352.2423650737524,0.99991137,1.0026627258693563
1352.243753932225,1.0000567,1.0039483024474551
1352.2451427906979,1.0000203,1.0023308370820487
1352.2465316491703,1.0001279,1.00397692941374
1352.2479205076418,1.0000602,1.0039170970396458
1352.2493093661146,1.0001341,1.0032575112671742
1352.2506982245877,1.0000339,1.0031977178261204
1352.2520870830601,0.9997822,1.002096286313655
1352.2534759414743,0.9997372,1.0039375146480358
1352.2548647999465,0.9998606,1.0035845921572346
1352.256253658419,0.999866,1.0027711689508594
1352.2576425168336,0.99994445,1.0037855614219757
1352.2590313753062,1.000138,1.002930214938317
1352.2604202337195,1.0001364,1.0023687943452335
1352.2618090921342,1.0001382,1.0013584479094368
1352.2631979506073,0.9997561,1.0041486540537143
1352.2645868090221,0.99997324,1.0036999013912928
1352.2659756674361,0.9999339,1.0011787823746177
1352.2673645258496,1.000139,1.0041576149997553
1352.2687533842645,1.0001838,1.0025088691493935
1352.2701422426794,0.99984914,1.0025911024752576
1352.2715311010927,1.0000222,1.0036740802864281
1352.272919959507,0.9998737,1.0032719836572825
1352.2743088178636,0.9999577,1.0028963389634369
1352.2756976762776,0.9999508,1.003016975580658
1352.2770865346915,1.0000542,1.0025134769213486
1352.2784753930475,1.0002323,1.0033422309635514
1352.2798642514617,1.0000951,1.0029811963450876
1352.2812531098184,0.9998328,1.0039923544119602
1352.2826419681749,0.9997488,1.0048306716247228
1352.28403082653,0.99984694,1.000725050374245
1352.2854196849444,1.0001618,1.0042011155401165
1352.2868085433008,1.0000153,1.0035828935244466
1352.2881974016573,1.0001636,1.0035114833633525
1352.2895862600133,1.0001879,1.0038938565441968
1352.2909751183684,1.0002252,1.0014051079036586
1352.292363976725,0.9999239,1.004171968602995
1352.2937528350235,0.99977875,1.0026237848991628
1352.2951416933793,1.0001342,1.0022948593158192
1352.2965305517355,1.0000087,1.0046687746144898
1352.297919410033,0.999933,1.0025312749288546
1352.2993082683888,0.9999909,1.00400850650059
1352.3006971266873,0.99975175,1.0025044577875155
1352.3020859850433,0.99979895,1.0028170395926725
1352.3034748433402,0.99997455,1.0032778783802576
1352.3048637016386,0.9999988,1.0021739206169669
1352.3062525599953,1.0000298,1.0025884531993094
1352.3076414182924,1.0001566,1.004046670043287
1352.30903027659,0.9998456,1.003064704799339
1352.3104191348884,0.9997669,1.0023334714431518
1352.311807993187,1.0001199,1.0037057003218848
1352.3131968514851,1.0001003,1.0035104871971778
1352.3145857097238,0.99982697,1.0045783712626788
1352.3159745680218,1.0001436,1.00138964849221
1352.31736342632,1.0002289,1.0039320117765629
1352.3187522845597,1.0001762,1.0032154837902865
1352.3201411428572,1.0000498,1.0032812929669637
1352.3215300010966,1.0001501,1.0040688310618051
1352.3229188593946,0.99990517,1.0026732556500606
1352.3243077176346,0.99994004,1.0035628382269604
1352.3256965758746,0.99998903,1.0032533219276056
1352.3270854341717,0.9999062,1.0048864334336252
1352.3284742924113,0.9999652,1.0026367871093138
1352.3298631506514,0.99981475,1.0023517935622068
1352.3312520088912,0.9998583,1.0037563089710213
1352.3326408671305,0.99997556,1.002794622380478
1352.3340297253699,1.0000391,1.0039780970402559
1352.335418583552,0.9998181,1.0024476359805377
1352.3368074417922,0.9999545,1.0040860928533328
1352.338196300031,0.9999774,1.0016580570429021
1352.3395851582122,0.99997276,1.0040495405928231
1352.3409740164525,1.0000134,1.004272742776981
1352.3423628746336,0.99994296,1.0028654402879913
1352.343751732874,0.9998173,1.0038734475003446
1352.345140591055,0.99997777,1.0032086358645096
1352.3465294492357,0.99986315,1.0045294780560803
1352.3479183074178,1.0000306,1.001872885972128
1352.3493071655998,0.99993795,1.003918787004633
1352.3506960237803,1.000191,1.002719420056327
1352.3520848819617,1.00034,1.0016180806104344
1352.3534737401437,0.99992824,1.003546488531606
1352.3548625983249,1.0001521,1.0030005216485909
1352.356251456507,0.99998194,1.0038334009020076
1352.357640314688,0.9997926,1.0037880481931831
1352.3590291728112,0.9995799,0.9969153332150568
1352.360418030993,1.0000316,0.9996999547062245
1352.3618068891162,0.9999936,1.003268469363245
1352.3631957472976,0.99997514,1.0017941912275716
1352.3645846054205,1.0000776,1.0031098312429982
1352.3659734635437,0.9998809,1.0036227858366777
1352.3673623216673,0.9997551,1.0035911474455057
1352.368751179849,0.9999622,1.002887146909548
1352.3701400379712,1.0001173,1.005147763743038
1352.3715288960948,1.0000339,1.002031140164371
1352.3729177542186,0.99982536,1.0036114107640381
1352.3743066122836,0.99995315,1.0041672201399872
1352.3756954704068,0.99993324,1.0014374673789699
1352.3770843285297,0.99988246,1.0045124014123132
1352.3784731866526,1.0000265,1.002531750843412
1352.3798620447183,0.9997909,1.0028202539816766
1352.3812509028414,1.0000722,1.0036325960653072
1352.3826397609064,0.9998665,1.0028107781428437
1352.3840286190302,0.9999849,1.002442514303315
1352.385417477095,1.0000058,1.0036340607034282
1352.3868063351597,1.0000943,1.0016089007178222
1352.3881951932246,1.000348,1.0041690097555191
1352.3895840512896,0.9999,1.0022981202521755
1352.3909729093552,1.0001231,1.0016803360973663
1352.3923617674207,1.000125,1.0036806696851492
1352.3937506254847,1.0000527,1.00411859375142
1352.3951394835499,0.9998866,1.002450329769386
1352.3965283416153,0.9999614,1.0039492377670292
1352.397917199622,1.000054,1.0012257340234567
1352.3993060576868,0.9997807,1.0051291426931608
1352.4006949157517,1.0001236,1.0014741177002477
1352.4020837737585,0.99980426,1.0025200471394484
1352.4034726317657,0.99988776,1.0023720497029949
1352.404861489831,0.9999299,1.0060289183201228
1352.4062503478372,0.9999157,1.0010287559335764
1352.407639205844,0.99982554,1.0030076419440055
1352.409028063851,1.0002464,1.0036058956886096
1352.4104169218585,1.0000852,1.0037895328150097
1352.4118057798653,1.0000389,1.0017584101849952
1352.4131946378711,1.0001748,1.003957303703284
1352.4145834958786,0.999906,1.0014543207585282
1352.415972353886,1.0000942,1.0022406270652053
1352.4173612118925,1.0001476,1.0040984379141105
1352.418750069841,0.9999391,1.0062633216899657
1352.4201389278478,1.000033,0.9998556876557727
1352.4215277857961,1.0001459,1.0050450714799513
1352.4229166438035,1.0000374,1.0022438016554622
1352.4243055017519,1.0000426,1.0026984240123964
1352.4256943596997,1.0000137,1.0049778352798873
1352.427083217649,1.0000129,1.0031421941911194
1352.4284720756564,0.999998,1.00492590742037
1352.429860933604,0.99985564,1.0031947779923476
1352.4312497915525,0.9997697,1.004278729918212
1352.4326386495018,0.9999739,1.0036608899044472
1352.4340275073926,0.99994695,1.0030077125095112
1352.4354163653416,1.0000045,1.00368771815355
1352.4368052232894,1.0001605,1.003860741604364
1352.4381940811797,0.99989176,1.0030685115218705
1352.4395829391287,0.99972117,1.0022227163984607
1352.4409717970775,1.0000038,1.0034341667370612
1352.4423606549676,1.00011,1.00211691209501
1352.4437495128577,0.99999815,1.003399224700592
1352.4451383708063,0.99993074,1.0027257685882385
1352.446527228697,1.0000806,1.003819287307335
1352.447916086588,1.0000125,1.0027244451705302
1352.4493049444777,1.0000495,1.004883693533967
1352.4506938023678,1.0000271,1.0026374831307219
1352.4520826602588,1.0001904,1.0033284175206991
1352.4534715181492,1.0001274,1.002662636092527
1352.4548603759813,1.0002514,1.0043109289839391
1352.4562492338714,1.0000844,1.0030901077401366
1352.4576380917624,0.99998444,1.002183265672553
1352.4590269495952,0.99997723,1.0021079232180787
1352.4604158074847,1.0000283,1.0044342918313078
1352.4618046653168,1.0001897,1.0035484842622857
1352.4631935232078,1.0002208,1.001886972023584
1352.4645823810397,1.0000912,1.0036587032345974
1352.4659712388725,1.0000339,1.0036032782334299
1352.4673600967044,1.0000147,1.0031272324218552
1352.4687489545358,1.0000155,1.0021623584375712
1352.4701378123686,0.9998451,1.0038618573517009
1352.4715266702015,1.0001231,1.003484640623538
1352.4729155280327,1.0000074,1.0030567956416474
1352.4743043858648,1.0002236,1.0038288240743767
1352.4756932436392,0.999863,1.001238722224913
1352.4770821014713,1.0000962,1.0049566514143324
1352.478470959304,0.99996394,1.001737361185181
1352.4798598170778,1.000039,1.0032261730582326
1352.4812486748515,1.0000378,1.0024933401344132
1352.4826375326843,1.0000458,1.0026963595478708
1352.4840263904582,1.0000818,1.0042709812699953
1352.4854152482321,0.9999853,1.0010032445524513
1352.4868041060058,1.0000975,1.0048110919664122
1352.4881929637795,1.0000877,1.0021268850479053
1352.489581821554,1.0000987,1.0023939520237246
1352.490970679328,0.99994344,1.0019241998349022
1352.492359537101,1.0000355,1.003911077920346
1352.4937483948756,0.9999989,1.0025475767345724
1352.4951372526502,1.0000476,1.0035205379960912
1352.4965261103657,1.0000043,1.0031336869829266
1352.4979149681399,1.00006,1.0030227534877036
1352.4993038258553,1.000139,1.0031203806552837
1352.500692683629,1.0000175,1.000890240225539
1352.5020815413454,0.99992007,1.0026354735828302
1352.503470399061,1.0000904,1.0027102784414494
1352.5048592567769,1.0001829,1.0046853512509104
1352.506248114493,1.0000601,1.0019089062112208
1352.5076369722087,0.9999488,1.0018807379069523
1352.5090258299251,0.9998455,1.0048154909979652
1352.5104146876406,0.9998481,1.003680759988551
1352.5118035453556,1.0000806,1.0020986941809003
1352.513192403072,0.9998195,1.0036812192919522
1352.51458126073,1.0002816,1.0023813095190306
1352.5159701184448,1.000037,1.0030776912898152
1352.5173589761023,1.0000597,1.0024798339925685
1352.5187478338185,1.0000546,1.0036696180925886
1352.5201366914762,1.0000482,1.0030689710606553
1352.5215255491917,1.0000912,1.003065145375785
1352.522914406849,1.0000092,1.001965227764715
1352.5243032645067,0.9999376,1.0054357132926015
1352.5256921221646,1.000093,1.0022393807364476
1352.5270809798226,1.0000864,1.0009319323422063
1352.5284698374803,0.99998045,1.0035924458479235
1352.5298586951376,0.9999719,1.0016021105749908
1352.5312475527367,0.9999819,1.0043174491820837
1352.5326364103948,0.9999685,1.0043859197573946
1352.5340252680521,0.99975145,1.0009350046322294
1352.5354141256507,1.0000366,1.0052103536501045
1352.536802983309,1.0000787,1.0034166702744731
1352.538191840909,1.0002065,1.0036648218298305
1352.5395806985662,1.0000055,1.002459061437527
1352.5409695561655,0.9998247,1.0022904255346166
1352.5423584137648,1.0002403,1.0042429162449542
1352.5437472713638,0.999951,1.0027553546943517
1352.5451361289638,1.0000918,1.0040260020151062
1352.5465249865629,0.9999961,1.0038685621352543
1352.5479138441615,1.0000893,1.0032716749655126
1352.5493027017615,1.0000594,0.998355133608116
1352.5506915593032,1.0000557,1.0026988495937061
1352.5520804169023,1.0001103,1.0038336379629358
1352.5534692745014,1.0001495,1.0044192096688729
1352.5548581320427,1.000024,1.0017718616105826
1352.5562469896424,1.0000104,1.0025295285632476
1352.557635847184,1.0000938,1.0032300789189568
1352.5590247047244,1.0000812,1.0040235923506446
1352.5604135623234,1.0000303,1.0022352457074697
1352.5618024198652,0.9999162,1.003840001413351
1352.5631912774063,0.9999335,1.0031563003743622
1352.5645801349474,0.9998993,1.0029852999618505
1352.5659689924883,1.0000116,1.0031089315699209
1352.5673578499711,1.0001432,1.0020760583312531
1352.5687467075127,1.000011,1.0032509995927448
1352.5701355650544,0.9999322,1.0031609419496244
1352.5715244225948,1.0001335,1.0053765925810918
1352.5729132800775,1.0000035,1.0032365361252946
1352.5743021376193,1.000024,1.0012130395356134
1352.5756909951028,1.000096,1.0051578836644057
1352.5770798525855,1.000033,1.0022099008007732
1352.5784687100677,1.0000911,1.0052948393619716
1352.5798575676095,1.0000108,1.0015928687113567
1352.581246425093,1.0000805,1.0038393715102647
1352.5826352825757,1.0002841,1.0019012187184524
1352.5840241400583,1.0003033,1.0033548698247854
1352.5854129975412,1.0000851,1.0049482196462933
1352.5868018549659,0.9999928,1.0026873605294233
1352.5881907124494,0.99997276,0.9991603114831478
1352.589579569932,0.9999575,1.0043486370097314
1352.590968427356,0.99992985,1.002506646798314
1352.5923572848396,1.0001534,1.0030598930989405
1352.5937461422648,1.0000077,1.0037103708429675
1352.5951349997467,1.0000069,1.0055505063567696
1352.5965238571716,1.000192,1.0024292604479872
1352.5979127145968,1.000115,1.002745353703349
1352.599301572022,1.0002142,1.00276679294382
1352.6006904294472,0.99986565,1.0026029060182855
1352.6020792868712,1.0000389,1.0047619419164282
1352.6034681442957,1.0000949,1.0035885476667377
1352.604857001721,1.0000138,1.0036597237161526
1352.6062458591455,1.0001302,1.0049130307629428
1352.6076347165122,1.0001038,1.0029132772517346
1352.6090235739366,0.99998397,1.0028215696520402
1352.6104124313028,1.0000746,1.0039531895850407
1352.6118012887282,1.0000064,1.002416119636476
1352.6131901460953,0.9999991,1.0035593148970612
1352.6145790034611,1.0001961,1.0034406336586925
1352.6159678608856,1.000163,1.0024084051246045
1352.6173567182527,1.0000441,1.0031475772682068
1352.618745575619,0.99985415,1.0033808361919754
1352.6201344329854,1.0000275,1.004204361512208
1352.621523290352,1.0001255,1.0035801614149236
1352.622912147719,1.0000689,1.0020254777719382
1352.6243010050277,1.0002841,1.004673139948794
1352.6256898623933,0.9999575,1.0028160367940109
1352.62707871976,1.0000592,1.0046462414708228
1352.6284675770687,1.0001897,1.002652050152798
1352.6298564344352,0.99982154,1.0037830435392832
1352.6312452917439,1.0001098,1.0034079014468666
1352.6326341490521,0.9999627,1.004319735419925
1352.634023006418,1.0000777,1.0035502834468304
1352.6354118637266,1.000186,1.002993752903541
1352.6368007210353,1.0002018,1.0022221752902714
1352.638189578343,1.0000814,1.0045197034632698
1352.6395784356512,0.99996907,1.0035985823493219
1352.6409672929599,0.999978,1.00430495242541
1352.64235615021,0.99994713,1.0027646785313749
1352.6437450075186,1.0000429,1.0042249304506392
1352.6451338648271,0.9999965,1.0047731535232616
1352.646522722077,0.9998864,1.0042521344026036
1352.647911579386,0.9998456,1.004353721066835
1352.6493004366357,0.99989605,1.001465232516317
1352.6506892938858,0.9999771,1.0013902517834228
1352.652078151194,1.0001305,1.0057710833200582
1352.6534670084438,0.99994147,1.001588041547575
1352.6548558656946,1.0000298,1.0057527697069584
1352.6562447229453,0.99999696,1.0030101752758218
1352.6576335801944,0.9997474,1.0039421466378766
1352.6590224374445,0.9999849,1.0032740537373797
1352.6604112946952,0.99979424,1.0046844046695067
1352.6618001518868,0.99994296,1.0039216936816497
1352.6631890091367,1.0002029,1.002701279866418
1352.6645778663287,1.0000212,1.004660806039738
1352.6659667235785,1.0000691,1.0038034903352329
1352.667355580771,1.0001814,1.0023012127284636
1352.668744438021,0.9999973,1.0058583970246227
1352.6701332952125,1.0000186,1.0015534305866487
1352.671522152405,0.9999139,1.0058736321310242
1352.6729110095969,0.99996585,1.0037254227304806
1352.6742998667892,0.99993676,1.0028854176473365
1352.6756887239812,1.0001544,1.005331028103588
1352.6770775811722,1.0000445,1.0042795045831505
1352.6784664383645,1.000276,1.0026386849267597
1352.679855295557,0.99983305,1.0040568935749956
1352.68124415269,1.0000196,1.0032465981010394
1352.6826330098816,0.9999008,1.005375000732611
1352.6840218670159,0.9999737,1.0039680986389408
1352.6854107242075,1.0000286,1.0042024957674356
1352.6867995813418,1.0002614,1.0035125805620002
1352.6881884384754,0.99987787,1.0039785274088528
1352.6895772956082,0.9998871,1.0029465405080396
1352.692355009935,1.0000318,1.00168522534896
1352.6937438670684,1.0001765,1.0036957540336342
1352.695132724144,1.0001584,1.0031216426421823
1352.6965215812775,1.0002688,1.0051406595977508
1352.6979104384118,0.999856,1.0022174903867866
1352.699299295546,1.0000905,1.003798190231752
1352.7006881526206,1.0001271,1.0041793715820209
1352.7020770097542,0.9999351,1.0034317278451863
1352.7034658668301,1.0000066,1.0057249279487097
1352.7048547239638,0.99982935,1.0021540897338377
1352.706243581039,1.0000972,1.004860439206368
1352.7076324381144,0.99988925,1.0040672789407887
1352.7090212951898,0.9999343,1.0040868851708462
1352.710410152266,0.99995464,1.0049021772984223
1352.7117990093411,0.99994755,1.0026470480384302
1352.7131878664159,0.9998548,1.0034466934097654
1352.7145767234917,1.0001752,1.0031842404641944
1352.7159655805676,1.0000225,1.004047315247263
1352.717354437585,0.9998598,1.003459336132233
1352.7187432946603,0.9999353,1.0046701663886106
1352.7201321516773,0.99977064,1.0016616633786746
1352.7215210087534,1.0001266,1.0059527937473938
1352.7229098657713,1.0000917,1.0020028128802845
1352.7242987227878,1.0000303,1.0036169479509662
1352.725687579863,1.0001551,1.0026378357137646
1352.727076436881,1.0001007,1.0028912273332826
1352.728465293898,1.0000702,1.0050143631891546
1352.7298541509158,1.0002675,1.0023052866441644
1352.7312430079328,1.0001287,1.005097025196645
1352.7326318649493,1.0002323,1.0049686332226293
1352.734020721909,1.0000582,1.0019062142882869
1352.735409578927,1.0000223,1.003645850195739
1352.7367984359435,1.0000312,1.00253752873088
1352.7381872929022,1.0001771,1.0042131492287178
1352.7395761499201,0.999873,1.0035589860659846
1352.740965006879,0.99976814,1.0032688507437935
1352.7423538638377,1.000105,1.0035333501755812
1352.743742720797,0.99992555,1.0045186423291879
1352.7451315778146,0.99983203,1.002300117939127
1352.746520434774,1.0000626,1.0030976701759093
1352.7479092917333,0.99974304,1.0048094549005182
1352.749298148692,0.999931,1.0040734794842625
1352.7506870055927,0.9998814,1.0019037396307524
1352.752075862552,0.9997642,1.0056113944629443
1352.7534647195114,0.9999258,1.0037670806205654
1352.7548535764122,1.0000954,1.0043840823085413
1352.7562424333703,0.999816,1.003715098376386
1352.7576312902715,0.9998245,1.0040423859990744
1352.7590201472312,0.99969983,1.0042429782134665
1352.760409004132,0.9998405,1.0024237069611321
1352.7617978610328,0.9999936,1.0041514500551458
1352.7631867179334,0.99995077,1.0026380233832046
1352.7645755748924,0.9998361,1.004291292709805
1352.7659644317937,0.9998237,1.005242308060867
1352.7673532886363,0.9998431,1.0038362125372724
1352.768742145537,0.9998757,1.0029830722542088
1352.7701310024386,1.000146,1.006048732720587
1352.7715198593392,0.9999063,1.0021174738457328
1352.7729087161824,1.0000966,1.0051646830945247
1352.774297573083,1.0000504,1.0047230177156923
1352.775686429925,0.9997032,1.0052354279318092
1352.7770752868264,0.9999821,1.0018842042846456
1352.7784641436697,0.999862,1.0053844915914327
1352.7798530005114,0.9998558,1.0026494750431036
1352.7812418574122,0.999995,1.0052767357509391
1352.7826307142552,1.000033,1.0036960161537725
1352.7840195710978,1.0001395,1.0041034816110552
1352.7854084279402,1.0000881,1.003094680665853
1352.7867972847246,0.99985963,1.0048929343485344
1352.7881861415672,1.0001473,1.002195386473611
1352.7895749984104,1.0000356,1.0044881823189793
1352.7909638552535,1.0000901,1.00252774994273
1352.7923527120379,0.9999911,1.0070852603101963
1352.7937415688803,1.0000577,1.0032493294281668
1352.7951304256646,0.99993896,1.004699543476109
1352.7965192824495,1.0001377,1.0044607561094105
1352.797908139292,1.0000736,1.004071200412691
1352.7992969960756,0.9998227,1.003148847605524
1352.8006858528606,1.0001184,1.0029337262093736
1352.8020747096457,1.0001369,1.0035950892610548
1352.8034635664299,1.0001148,1.0048162826332085
1352.8048524232145,0.9998535,1.0006844456532564
1352.8062412799986,1.0000497,1.005403551469192
1352.8076301367246,1.000024,1.0027882443268668
1352.8090189935097,0.99976164,1.0039733432355444
1352.810407850294,1.0000933,1.0033103796523728
1352.8117967070193,0.9998536,1.0041698889356885
1352.8131855638044,0.9999266,1.0052442992236938
1352.8145744205312,1.0001792,1.0024146386303785
1352.815963277258,1.0000224,1.0026010185379455
1352.817352133984,0.99996,1.0065793053088545
1352.8187409907678,0.99979776,1.0035580897302439
1352.8201298474946,0.9999688,1.0052980430713345
1352.8215187042213,1.0000439,1.0026108480135925
1352.8229075609465,1.0000991,1.003666021026192
1352.8242964176147,1.0000402,1.004369515572057
1352.8256852743414,1.0000088,1.005305623936918
1352.8270741310675,1.0001236,1.0033863590171794
1352.828462987736,1.0001543,1.0048162291233869
1352.8298518444622,1.0000138,1.00315397954072
1352.8312407011294,1.0001625,1.0051332791651533
1352.832629557856,0.9999254,1.0039208784528302
1352.8340184145245,0.9999789,1.0041770159211418
1352.8354072711918,0.99993646,1.004782615952931
1352.836796127918,0.9999919,1.0045587633796798
1352.8381849845864,0.9998559,1.0015120775339115
1352.839573841255,0.99981046,1.0032476732432891
1352.840962697923,0.99983037,1.0047529844933443
1352.842351554532,1.000142,1.0038915314902572
1352.8437404112005,0.9999952,1.0029459331435464
1352.8451292678692,1.0000254,1.0047008630949175
1352.846518124537,0.9999893,1.0043760052828998
1352.8479069811467,0.99972904,1.002754673292254
1352.8492958378147,1.0000954,1.0047202363219914
1352.8506846944242,1.000068,1.0051633835496232
1352.8520735510347,1.0000237,1.0040534283565046
1352.8534624077024,0.99976325,1.0032043246572708
1352.8548512643115,1.0000999,1.003142573291075
1352.856240120922,1.0000591,1.003239071895496
1352.8576289775324,0.9999918,1.0048866214732364
1352.859017834142,1.0001447,1.0037971457872643
1352.8604066907515,1.000085,1.0041670539622725
1352.8617955473615,0.9999981,1.0020044873010165
1352.8631844039717,0.99996245,1.0041845340786133
1352.8645732605237,1.0001453,1.0040664422337477
1352.8659621171328,0.99996686,1.0050627194783432
1352.867350973684,0.9999676,1.0016807928725315
1352.8687398302945,1.0000161,1.0049762616609739
1352.870128686846,1.000205,1.0035612955127293
1352.8715175434563,0.9997123,1.0042724974674284
1352.872906400008,0.9999224,1.003581185587482
1352.8742952565588,1.0001347,1.002453663023453
1352.8756841131108,0.99991685,1.0038367640987367
1352.877072969663,0.9998876,1.00436173483857
1352.8784618262139,1.0000522,1.0032387614068627
1352.8798506827652,1.0000377,1.0038556470063766
1352.8812395393174,1.0000066,1.0038802776405853
1352.8826283958688,0.9999485,1.004456161732007
1352.8840172523624,0.99995536,1.00325213579418
1352.8854061089137,0.99994683,1.0036064485336709
1352.8867949654077,1.000148,1.0053552147231903
1352.88818382196,1.0000179,1.0015818395338303
1352.889572678453,1.000017,1.002232193655891
1352.8909615350044,0.99982554,1.0044561025587462
1352.892350391498,1.0000224,1.0043037357731899
1352.893739247991,0.99984795,1.0050280410541503
1352.8951281044851,0.9998483,1.0047121316763818
1352.8965169609783,0.999994,1.003779681669907
1352.897905817471,0.9998685,1.004437151802993
1352.899294673965,1.0000368,1.0038610627201838
1352.9006835304588,1.0000414,1.0035560902277798
1352.902072386894,0.99980754,1.0056003897243637
1352.903461243387,0.9999847,1.0042789297039132
1352.9048500998804,1.0000306,1.003882983182985
1352.9062389563155,1.0000659,1.0035907508483064
1352.9076278128096,0.9998324,1.0014386928755301
1352.9090166692445,0.9998961,1.0055286316340544
1352.9104055256794,0.99995464,1.0040185117407856
1352.9117943821734,0.9997996,1.0032498704603792
1352.9131832386083,1.000106,1.004249265077783
1352.9145720950442,1.000088,1.002553533503734
1352.9159609514793,0.9999847,1.004800917618009
1352.9173498079135,0.99996936,1.0048341403906973
1352.9187386643493,0.9999397,1.0021940033394865
1352.9201275207852,0.99992424,1.0049938031961199
1352.9215163771614,0.99987084,1.002663535807674
1352.9229052335963,1.0000618,1.0037936866421022
1352.9242940900322,0.9998272,1.0054082256268841
1352.9256829464089,0.99986684,1.0032232866203072
1352.9270718028447,1.0000602,1.004114031920333
1352.9284606592214,1.000045,1.0051665886307484
1352.9298495155977,0.99987996,1.002830417073751
1352.9312383720335,1.0000538,1.004192106817587
1352.932627228411,1.0001286,1.0036025108155162
1352.9340160847878,1.0001668,1.004200818361565
1352.9354049411647,1.0001596,1.0034781546268337
1352.9367937975417,0.99994344,1.005747434998938
1352.9381826539193,0.9997699,1.002289771558168
1352.939571510296,0.9999311,1.0039240534888105
1352.9409603666722,0.99976164,1.0037721450627652
1352.9423492229914,0.9999351,1.0031896429507556
1352.9437380793688,0.9999106,1.0059231466853789
1352.9451269356878,0.999923,1.0025215044613334
1352.9465157920645,0.99994177,1.0048566955534832
1352.947904648383,0.99983907,1.0043877005957018
1352.9492935047601,0.9999503,1.0014548118574125
1352.9506823610793,1.0000013,1.005311440590857
1352.952071217398,0.99983454,1.0038136350417335
1352.9534600737159,1.0000623,1.004995302248708
1352.9548489300932,0.9999258,1.0002754828800249
1352.9562377864127,1.000019,1.005012312090662
1352.957626642732,1.0000249,1.0031330257845745
1352.9590154989924,0.99992037,1.0057212342196251
1352.9604043553104,0.9999269,1.0020405970335533
1352.9617932116298,1.0003299,1.0039761723708525
1352.9631820679492,1.0001558,1.0036188501682377
1352.9645709242088,1.0002196,1.0045214616045
1352.9659597805276,1.0003325,1.004520324416684
1352.9673486367888,0.9999028,1.0032012660574232
1352.9687374931073,0.99984145,1.002667434883506
1352.9701263493685,0.99992305,1.005072998496446
1352.9715152056287,1.0000734,1.0038061698694423
1352.9729040619468,0.9998021,1.0024553533551102
1352.974292918208,0.99983656,1.0043624776932343
1352.9756817744692,0.9999853,1.0030145672340312
1352.9770706307288,1.0001123,1.0055284973027934
1352.9784594869893,1.0000606,1.003559922334253
1352.9798483432503,0.9998461,1.0038438438707737
1352.9812371995113,0.9999935,1.003327920773142
1352.9826260557143,0.9998264,1.0022623123325018
1352.984014911974,1.0002104,1.0049365870189526
1352.9854037682344,1.0000796,1.0012640536949715
1352.9867926244374,0.9998309,1.0049597417377067
1352.988181480698,1.0000204,1.0062405900905125
1352.9895703369002,0.99963534,0.9996450127202113
1352.9909591931605,1.0001237,1.0044055939242467
1352.9923480493628,1.000029,1.0054062726808308
1352.9937369055656,0.9999919,1.0028615612910583
1352.995125761768,0.9998953,1.0032600048386016
1352.9965146179693,1.0000312,1.0045456467027052
1352.9979034741723,1.000083,1.0045647990318674
1352.9992923303753,1.000025,1.001940786788672
1353.0006811865774,0.99998915,1.0034492582460834
1353.00207004278,0.9997067,1.0054739234993655
1353.003458898982,0.9999612,1.0048807874939505
1353.004847755185,0.99983054,1.0021288859977575
1353.0062366113298,1.0000985,1.0052049288136335
1353.0076254675312,1.0001737,1.0034339244957837
1353.0090143237335,1.000102,1.0043965729097757
1353.010403179878,0.9999958,1.0040929986051463
1353.0117920360804,0.9999102,1.0031338663633769
1353.0131808922251,1.0001277,1.0056638225703236
1353.014569748369,0.99964637,1.003231252268498
1353.0159586045124,1.0000017,1.0039235448251231
1353.0173474607154,1.0001019,1.003683068494966
1353.01873631686,0.99986595,1.0038338326361436
1353.0201251730032,1.0001359,1.0041872618796113
1353.0215140291475,0.99996114,1.0054318953732684
1353.022902885292,0.99987197,1.0016533280705362
1353.0242917414362,1.0001161,1.0041739426370275
1353.0256805975225,1.0000526,1.0056558650379694
1353.0270694536666,0.9999668,1.0020697889117516
1353.02845830981,0.99995,1.0032788206266405
1353.0298471658964,1.0000443,1.0062535554968377
1353.031236022041,0.9998538,1.0033327092083368
1353.032624878127,1.0001228,1.0041108988484555
1353.034013734271,1.000041,1.0056042522744684
1353.0354025903566,1.0000823,1.0015425331704406
1353.0367914465014,1.0000535,1.00407818033334
1353.038180302588,1.0000242,1.003636301134099
1353.0395691586732,1.0002424,1.0054367500685848
1353.0409580147589,1.0000781,1.004023605076674
1353.0423468708454,1.0000783,1.0041523634348328
1353.0437357269311,0.9997322,1.0039629654702604
1353.045124583017,1.0001743,1.0038403209640956
1353.046513439103,1.0001298,1.0027681538743785
1353.0479022951886,1.0002011,1.0062289455455167
1353.0492911512752,1.0001867,1.0013816747097455
1353.0506800073608,1.000147,1.005521802289218
1353.0520688633878,1.0000201,1.0037478066420897
1353.0534577194744,1.000153,1.00554522139209
1353.054846575561,0.9999705,1.0029452250213424
1353.0562354315891,1.0002707,1.0050554419366329
1353.0576242876168,0.9999853,1.0047393140715049
1353.059013143702,0.99987763,1.0039958961917357
1353.0604019997302,1.00002,1.0039976203480854
1353.0617908557583,0.9998372,1.004434389635971
1353.0631797118435,1.0002158,1.0053341020223612
1353.064568567871,0.9998322,1.0047850782533807
1353.0659574238994,0.99996936,1.0032904685975506
1353.067346279927,1.0002532,1.0031970867752609
1353.0687351359552,0.99992424,1.004718998160081
1353.070123991983,1.0001103,1.0055543970752778
1353.07151284801,1.0002768,1.0027580975539736
1353.072901704038,1.0002326,1.0047181778461063
1353.0742905600664,1.0000067,1.0047009488553675
1353.0756794160352,1.0002733,1.004064395109441
1353.0770682720627,1.0001148,1.002875719153961
1353.078457128091,1.000276,1.0045519059660357
1353.0798459840612,1.0001564,1.0033636074922012
1353.0826236960581,1.000069,1.0038816594740607
1353.0840125520276,1.0002356,1.0020979833257082
1353.085401408056,1.0001776,1.0032648950400194
1353.0867902640252,0.9999774,1.005460942941482
1353.0881791199945,0.99985063,1.0046707178206857
1353.0895679760224,1.0001211,1.0024203442430222
1353.0909568319917,0.99997926,1.0046498264653383
1353.0923456879618,1.0001456,1.0041217652732313
1353.093734543932,1.0002005,1.0048207516186696
1353.0951233999006,1.0000879,1.0047136398938075
1353.09651225587,1.0001134,1.004122404801562
1353.0992899678095,1.0001941,1.0059066666325303
1353.1006788237205,1.0000784,1.003396661377387
1353.10206767969,1.0001397,1.0049868444980528
1353.10345653566,0.9997152,1.0037407627005004
1353.1048453915719,1.000333,1.0024567071178725
1353.1062342475414,1.0001435,1.0060178908271404
1353.1076231034526,0.9999417,1.001567223035996
1353.1090119594219,1.000144,1.0066463428019088
1353.110400815333,0.9996976,1.0059678974257569
1353.111789671303,1.00032,1.0027383479901233
1353.1131785272144,0.99998915,1.005167568512108
1353.1145673831247,1.0001894,1.0033906485717932
1353.1159562390949,1.0001428,1.0036280992315867
1353.1173450950068,0.99975777,1.003655758503554
1353.1187339509174,0.99992746,1.005191250547509
1353.1201228068285,1.0000951,1.003837568445091
1353.1215116627404,0.9997673,1.0039859828748108
1353.1229005186515,0.9998224,1.0046940360556231
1353.1242893745634,0.9998501,1.0031978355251896
1353.1256782304745,1.0000665,1.0064481557109182
1353.127067086386,1.0000029,1.0034218474492742
1353.1284559422977,1.0000888,1.0036067760838459
1353.1298447981508,1.0001409,1.0051094886232128
1353.1312336540618,0.99988204,1.0047381983448922
1353.132622509973,1.0000896,1.0035917275322135
1353.1340113658262,1.000064,1.0027173814982007
1353.135400221738,0.99975604,1.0061130320559701
1353.1367890776498,1.0001944,1.0026203844700796
1353.138177933502,1.0002526,1.0026130161123759
1353.1395667894133,0.9999732,1.0048507286210449
1353.1409556452668,1.0001327,1.0027520133782435
1353.14234450112,1.0001436,1.005478086613848
1353.1437333570311,1.0002335,1.0031682664226793
1353.145122212884,1.0000374,1.0051923190871714
1353.1465110687373,0.9997438,1.003836420596901
1353.1478999245908,1.0002558,1.0045930300964412
1353.1492887805025,1.0001509,1.0034485605080554
1353.1506776363556,0.9999135,1.0054385681366993
1353.1520664922086,1.0000966,1.0041624126045585
1353.1534553480615,1.0001144,1.0065146202745756
1353.1548442039152,1.0001705,1.0038460640727453
1353.156233059768,1.0000172,1.0049877921018568
1353.1576219156204,1.0000385,1.0042567921895889
1353.159010771416,0.99995935,1.0030340328312122
1353.1603996272697,1.0001938,1.0050396630763119
1353.1617884831226,0.99988896,1.0062912543039253
1353.1631773389756,1.0002463,1.0035506122209135
1353.1645661947705,1.0000932,1.0056611416483798
1353.1659550506233,1.0002173,1.0046674676252065
1353.167343906477,1.0000046,1.0057640955527523
1353.1687327622717,1.0000747,1.0043755701956885
1353.170121618124,0.999766,1.0060104440427209
1353.1715104739196,1.000051,1.0047665952191924
1353.1728993297734,1.000039,1.0011022039900443
1353.1742881855687,1.0002005,1.0041440612045833
1353.1756770414217,1.0000491,1.0062880816185271
1353.1770658972157,1.000151,1.004136597523452
